date,ticker,y_true,y_pred,fold_id,fold_quarter
2023-07-03,XLB,-0.010948747060101294,-0.0003124296134576248,0,2023Q3
2023-07-03,XLC,0.013869807288169222,-0.0005522418015488107,0,2023Q3
2023-07-03,XLE,0.025735359365338106,0.003056057299738113,0,2023Q3
2023-07-03,XLF,0.01007655897202453,-0.002264649308159,0,2023Q3
2023-07-03,XLI,0.018275467081398156,0.001020002558664458,0,2023Q3
2023-07-03,XLK,-0.005418557677987823,0.0017549810193180646,0,2023Q3
2023-07-03,XLP,-0.013056598751360338,-0.0003795513753915211,0,2023Q3
2023-07-03,XLRE,0.012473090895888883,-0.0022874956093428757,0,2023Q3
2023-07-03,XLU,0.0028452369343040518,-7.802669683309241e-05,0,2023Q3
2023-07-03,XLV,-0.009081482670104668,-2.975831396685391e-05,0,2023Q3
2023-07-03,XLY,-0.0002033663427769561,-0.0005137399088183588,0,2023Q3
2023-07-05,XLB,0.01776022832813373,-0.0003124296134576248,0,2023Q3
2023-07-05,XLC,0.008827755884380561,-0.0005522418015488107,0,2023Q3
2023-07-05,XLE,0.03142160570588293,0.003056057299738113,0,2023Q3
2023-07-05,XLF,0.009144779946223869,-0.002264649308159,0,2023Q3
2023-07-05,XLI,0.012492824025744698,0.001020002558664458,0,2023Q3
2023-07-05,XLK,0.0025258860951580253,0.0017549810193180646,0,2023Q3
2023-07-05,XLP,-0.018582897810653032,-0.0003795513753915211,0,2023Q3
2023-07-05,XLRE,0.002645315006822635,-0.0022874956093428757,0,2023Q3
2023-07-05,XLU,-0.003522388068591953,-7.802669683309241e-05,0,2023Q3
2023-07-05,XLV,-0.020734754670288513,-2.975831396685391e-05,0,2023Q3
2023-07-05,XLY,-0.001170773240623868,-0.0005137399088183588,0,2023Q3
2023-07-06,XLB,0.017338572378789552,-0.0003124296134576248,0,2023Q3
2023-07-06,XLC,0.015932355093017714,-0.0005522418015488107,0,2023Q3
2023-07-06,XLE,0.03526487355052055,0.003056057299738113,0,2023Q3
2023-07-06,XLF,0.005508837519619725,-0.002264649308159,0,2023Q3
2023-07-06,XLI,0.0055120452646695295,0.001020002558664458,0,2023Q3
2023-07-06,XLK,0.0024302624380909688,0.0017549810193180646,0,2023Q3
2023-07-06,XLP,-0.027891576888077974,-0.0003795513753915211,0,2023Q3
2023-07-06,XLRE,-0.0009214029693329628,-0.0022874956093428757,0,2023Q3
2023-07-06,XLU,-0.0036924415578425407,-7.802669683309241e-05,0,2023Q3
2023-07-06,XLV,-0.028416878815991975,-2.975831396685391e-05,0,2023Q3
2023-07-06,XLY,0.00887299981271683,-0.0005137399088183588,0,2023Q3
2023-07-07,XLB,0.0003976052185314938,-0.0003124296134576248,0,2023Q3
2023-07-07,XLC,0.00781586583765903,-0.0005522418015488107,0,2023Q3
2023-07-07,XLE,-0.016297665614196433,0.003056057299738113,0,2023Q3
2023-07-07,XLF,-0.0048182885295933175,-0.002264649308159,0,2023Q3
2023-07-07,XLI,-0.0017739614862453124,0.001020002558664458,0,2023Q3
2023-07-07,XLK,0.0034519364677327857,0.0017549810193180646,0,2023Q3
2023-07-07,XLP,-0.013304456065972081,-0.0003795513753915211,0,2023Q3
2023-07-07,XLRE,0.0019950334899563327,-0.0022874956093428757,0,2023Q3
2023-07-07,XLU,-0.0021394204779130455,-7.802669683309241e-05,0,2023Q3
2023-07-07,XLV,-0.0035367609431715685,-2.975831396685391e-05,0,2023Q3
2023-07-07,XLY,0.00830150150961173,-0.0005137399088183588,0,2023Q3
2023-07-10,XLB,0.0006732049433602061,-0.0003124296134576248,0,2023Q3
2023-07-10,XLC,0.005859792285407561,-0.0005522418015488107,0,2023Q3
2023-07-10,XLE,-0.0270253996877714,0.003056057299738113,0,2023Q3
2023-07-10,XLF,-0.0005324748301356319,-0.002264649308159,0,2023Q3
2023-07-10,XLI,-0.01326645276612548,0.001020002558664458,0,2023Q3
2023-07-10,XLK,0.012902845302346755,0.0017549810193180646,0,2023Q3
2023-07-10,XLP,-0.016986474595094503,-0.0003795513753915211,0,2023Q3
2023-07-10,XLRE,-0.011188234061187519,-0.0022874956093428757,0,2023Q3
2023-07-10,XLU,-0.010530875239019188,-7.802669683309241e-05,0,2023Q3
2023-07-10,XLV,-0.017122325992516618,-2.975831396685391e-05,0,2023Q3
2023-07-10,XLY,0.008357827388849826,-0.0005137399088183588,0,2023Q3
2023-07-11,XLB,-0.002492338973840047,-0.0003124296134576248,0,2023Q3
2023-07-11,XLC,-0.005907932090545742,-0.0005522418015488107,0,2023Q3
2023-07-11,XLE,-0.039730435995324886,0.003056057299738113,0,2023Q3
2023-07-11,XLF,-0.002199213159869595,-0.002264649308159,0,2023Q3
2023-07-11,XLI,-0.020546473902100626,0.001020002558664458,0,2023Q3
2023-07-11,XLK,0.02132962189808829,0.0017549810193180646,0,2023Q3
2023-07-11,XLP,-0.02066450802083497,-0.0003795513753915211,0,2023Q3
2023-07-11,XLRE,-0.03198675109134119,-0.0022874956093428757,0,2023Q3
2023-07-11,XLU,-0.03182033705860754,-7.802669683309241e-05,0,2023Q3
2023-07-11,XLV,-0.010978383534384184,-2.975831396685391e-05,0,2023Q3
2023-07-11,XLY,0.002909478035586721,-0.0005137399088183588,0,2023Q3
2023-07-12,XLB,-0.015287211168537373,-0.0003124296134576248,0,2023Q3
2023-07-12,XLC,-0.009356172288411457,-0.0005522418015488107,0,2023Q3
2023-07-12,XLE,-0.03713359657518278,0.003056057299738113,0,2023Q3
2023-07-12,XLF,0.0015367060441280334,-0.002264649308159,0,2023Q3
2023-07-12,XLI,-0.013320339832832984,0.001020002558664458,0,2023Q3
2023-07-12,XLK,0.012927562124490644,0.0017549810193180646,0,2023Q3
2023-07-12,XLP,-0.006881548345731847,-0.0003795513753915211,0,2023Q3
2023-07-12,XLRE,-0.019803422613008825,-0.0022874956093428757,0,2023Q3
2023-07-12,XLU,-0.03015141467040028,-7.802669683309241e-05,0,2023Q3
2023-07-12,XLV,0.002394062009313469,-2.975831396685391e-05,0,2023Q3
2023-07-12,XLY,0.003253659009935017,-0.0005137399088183588,0,2023Q3
2023-07-13,XLB,-0.005947323618583078,-0.0003124296134576248,0,2023Q3
2023-07-13,XLC,-0.028987678709920917,-0.0005522418015488107,0,2023Q3
2023-07-13,XLE,-0.007023235001186956,0.003056057299738113,0,2023Q3
2023-07-13,XLF,0.020274167533545162,-0.002264649308159,0,2023Q3
2023-07-13,XLI,0.00463751588535688,0.001020002558664458,0,2023Q3
2023-07-13,XLK,-0.005998133399465755,0.0017549810193180646,0,2023Q3
2023-07-13,XLP,0.012272849324616697,-0.0003795513753915211,0,2023Q3
2023-07-13,XLRE,-0.01510866309290504,-0.0022874956093428757,0,2023Q3
2023-07-13,XLU,-0.0007616115886566188,-7.802669683309241e-05,0,2023Q3
2023-07-13,XLV,0.03370965162082684,-2.975831396685391e-05,0,2023Q3
2023-07-13,XLY,-0.02606062539650489,-0.0005137399088183588,0,2023Q3
2023-07-14,XLB,-0.0005695931222895467,-0.0003124296134576248,0,2023Q3
2023-07-14,XLC,-0.030133104172102687,-0.0005522418015488107,0,2023Q3
2023-07-14,XLE,0.02853601981709719,0.003056057299738113,0,2023Q3
2023-07-14,XLF,0.023034279015118342,-0.002264649308159,0,2023Q3
2023-07-14,XLI,0.0022000479183863497,0.001020002558664458,0,2023Q3
2023-07-14,XLK,-0.005659272335468479,0.0017549810193180646,0,2023Q3
2023-07-14,XLP,0.011719702879840144,-0.0003795513753915211,0,2023Q3
2023-07-14,XLRE,-0.011352941711120335,-0.0022874956093428757,0,2023Q3
2023-07-14,XLU,0.017628997553735815,-7.802669683309241e-05,0,2023Q3
2023-07-14,XLV,0.02801751341757064,-2.975831396685391e-05,0,2023Q3
2023-07-14,XLY,-0.02897935474613378,-0.0005137399088183588,0,2023Q3
2023-07-17,XLB,0.0005866019938527423,-0.0003124296134576248,0,2023Q3
2023-07-17,XLC,-0.025835657263816314,-0.0005522418015488107,0,2023Q3
2023-07-17,XLE,0.04630539497632857,0.003056057299738113,0,2023Q3
2023-07-17,XLF,0.02204406411290427,-0.002264649308159,0,2023Q3
2023-07-17,XLI,-0.0002981043347591861,0.001020002558664458,0,2023Q3
2023-07-17,XLK,-0.017551498125103704,0.0017549810193180646,0,2023Q3
2023-07-17,XLP,0.017662016949044235,-0.0003795513753915211,0,2023Q3
2023-07-17,XLRE,0.0058077755636176676,-0.0022874956093428757,0,2023Q3
2023-07-17,XLU,0.025840223350633407,-7.802669683309241e-05,0,2023Q3
2023-07-17,XLV,0.029465628056207116,-2.975831396685391e-05,0,2023Q3
2023-07-17,XLY,-0.027551826770142562,-0.0005137399088183588,0,2023Q3
2023-07-18,XLB,0.015464302156795284,-0.0003124296134576248,0,2023Q3
2023-07-18,XLC,-0.024720387302496594,-0.0005522418015488107,0,2023Q3
2023-07-18,XLE,0.04596298604619764,0.003056057299738113,0,2023Q3
2023-07-18,XLF,0.008686223567636153,-0.002264649308159,0,2023Q3
2023-07-18,XLI,-0.002478504458844011,0.001020002558664458,0,2023Q3
2023-07-18,XLK,-0.012737728572666418,0.0017549810193180646,0,2023Q3
2023-07-18,XLP,0.023200808076522472,-0.0003795513753915211,0,2023Q3
2023-07-18,XLRE,0.011406211739384053,-0.0022874956093428757,0,2023Q3
2023-07-18,XLU,0.040407829515940685,-7.802669683309241e-05,0,2023Q3
2023-07-18,XLV,0.026096185819567186,-2.975831396685391e-05,0,2023Q3
2023-07-18,XLY,-0.029120170328740147,-0.0005137399088183588,0,2023Q3
2023-07-19,XLB,0.019548810689384633,-0.0003124296134576248,0,2023Q3
2023-07-19,XLC,-0.010154080314991876,-0.0005522418015488107,0,2023Q3
2023-07-19,XLE,0.04230239270319358,0.003056057299738113,0,2023Q3
2023-07-19,XLF,0.012416930553942995,-0.002264649308159,0,2023Q3
2023-07-19,XLI,0.007075870611258583,0.001020002558664458,0,2023Q3
2023-07-19,XLK,-0.021536366643212346,0.0017549810193180646,0,2023Q3
2023-07-19,XLP,0.016179679182490858,-0.0003795513753915211,0,2023Q3
2023-07-19,XLRE,0.006061719257049791,-0.0022874956093428757,0,2023Q3
2023-07-19,XLU,0.031927676320012255,-7.802669683309241e-05,0,2023Q3
2023-07-19,XLV,0.0227588359587636,-2.975831396685391e-05,0,2023Q3
2023-07-19,XLY,-0.03068610493989199,-0.0005137399088183588,0,2023Q3
2023-07-20,XLB,0.010539653227620294,-0.0003124296134576248,0,2023Q3
2023-07-20,XLC,0.018341916449482243,-0.0005522418015488107,0,2023Q3
2023-07-20,XLE,0.02360835284186069,0.003056057299738113,0,2023Q3
2023-07-20,XLF,-0.007751706755897647,-0.002264649308159,0,2023Q3
2023-07-20,XLI,-0.006045793005446498,0.001020002558664458,0,2023Q3
2023-07-20,XLK,-0.004487633294099291,0.0017549810193180646,0,2023Q3
2023-07-20,XLP,-0.001348961617592792,-0.0003795513753915211,0,2023Q3
2023-07-20,XLRE,-0.011874742817882256,-0.0022874956093428757,0,2023Q3
2023-07-20,XLU,-0.004540274884792583,-7.802669683309241e-05,0,2023Q3
2023-07-20,XLV,-0.0013528274807578233,-2.975831396685391e-05,0,2023Q3
2023-07-20,XLY,-0.006886573895287129,-0.0005137399088183588,0,2023Q3
2023-07-21,XLB,0.00766670253491708,-0.0003124296134576248,0,2023Q3
2023-07-21,XLC,0.039090359114739126,-0.0005522418015488107,0,2023Q3
2023-07-21,XLE,0.00790416291982532,0.003056057299738113,0,2023Q3
2023-07-21,XLF,-0.012184196119851998,-0.002264649308159,0,2023Q3
2023-07-21,XLI,-0.004914317513176503,0.001020002558664458,0,2023Q3
2023-07-21,XLK,-0.0002060508841568165,0.0017549810193180646,0,2023Q3
2023-07-21,XLP,-0.004268086037097829,-0.0003795513753915211,0,2023Q3
2023-07-21,XLRE,-0.02887633357984587,-0.0022874956093428757,0,2023Q3
2023-07-21,XLU,-0.031224590343373104,-7.802669683309241e-05,0,2023Q3
2023-07-21,XLV,-0.01818953886524599,-2.975831396685391e-05,0,2023Q3
2023-07-21,XLY,-7.197686024640326e-05,-0.0005137399088183588,0,2023Q3
2023-07-24,XLB,0.012450712630874605,-0.0003124296134576248,0,2023Q3
2023-07-24,XLC,0.03944678467206342,-0.0005522418015488107,0,2023Q3
2023-07-24,XLE,0.013342782588080082,0.003056057299738113,0,2023Q3
2023-07-24,XLF,-0.015488276708275905,-0.002264649308159,0,2023Q3
2023-07-24,XLI,-0.0022573768085603074,0.001020002558664458,0,2023Q3
2023-07-24,XLK,0.0029212026576608263,0.0017549810193180646,0,2023Q3
2023-07-24,XLP,-0.010143206202361865,-0.0003795513753915211,0,2023Q3
2023-07-24,XLRE,-0.027919403504168883,-0.0022874956093428757,0,2023Q3
2023-07-24,XLU,-0.0256251552585941,-7.802669683309241e-05,0,2023Q3
2023-07-24,XLV,-0.021071580975029258,-2.975831396685391e-05,0,2023Q3
2023-07-24,XLY,0.0016253363596427928,-0.0005137399088183588,0,2023Q3
2023-07-25,XLB,-0.004388276873918517,-0.0003124296134576248,0,2023Q3
2023-07-25,XLC,0.0403633295750756,-0.0005522418015488107,0,2023Q3
2023-07-25,XLE,0.008865024888712547,0.003056057299738113,0,2023Q3
2023-07-25,XLF,-0.003414407954334564,-0.002264649308159,0,2023Q3
2023-07-25,XLI,0.007656307910380189,0.001020002558664458,0,2023Q3
2023-07-25,XLK,-0.0012188417095191362,0.0017549810193180646,0,2023Q3
2023-07-25,XLP,-0.009661635177333427,-0.0003795513753915211,0,2023Q3
2023-07-25,XLRE,-0.016761272347560974,-0.0022874956093428757,0,2023Q3
2023-07-25,XLU,-0.03371625459808569,-7.802669683309241e-05,0,2023Q3
2023-07-25,XLV,-0.02016693261291469,-2.975831396685391e-05,0,2023Q3
2023-07-25,XLY,-0.0018758182324674078,-0.0005137399088183588,0,2023Q3
2023-07-26,XLB,0.0006646272065329306,-0.0003124296134576248,0,2023Q3
2023-07-26,XLC,0.01913311292349762,-0.0005522418015488107,0,2023Q3
2023-07-26,XLE,0.009373045387240264,0.003056057299738113,0,2023Q3
2023-07-26,XLF,-0.003647185349473059,-0.002264649308159,0,2023Q3
2023-07-26,XLI,0.004204308557756553,0.001020002558664458,0,2023Q3
2023-07-26,XLK,0.001416753390303116,0.0017549810193180646,0,2023Q3
2023-07-26,XLP,0.006810279209966907,-0.0003795513753915211,0,2023Q3
2023-07-26,XLRE,-0.010342591917426702,-0.0022874956093428757,0,2023Q3
2023-07-26,XLU,-0.019621811346731688,-7.802669683309241e-05,0,2023Q3
2023-07-26,XLV,-0.004758766026924488,-2.975831396685391e-05,0,2023Q3
2023-07-26,XLY,-0.0054907055909638736,-0.0005137399088183588,0,2023Q3
2023-07-27,XLB,-0.002797954191081531,-0.0003124296134576248,0,2023Q3
2023-07-27,XLC,0.004509867241479837,-0.0005522418015488107,0,2023Q3
2023-07-27,XLE,0.022203642163941884,0.003056057299738113,0,2023Q3
2023-07-27,XLF,0.005789220700585296,-0.002264649308159,0,2023Q3
2023-07-27,XLI,0.002768705324791898,0.001020002558664458,0,2023Q3
2023-07-27,XLK,-0.0034971804705377085,0.0017549810193180646,0,2023Q3
2023-07-27,XLP,0.009128611498349204,-0.0003795513753915211,0,2023Q3
2023-07-27,XLRE,-0.006670365498045339,-0.0022874956093428757,0,2023Q3
2023-07-27,XLU,-0.028397282880801122,-7.802669683309241e-05,0,2023Q3
2023-07-27,XLV,-0.006177903539677176,-2.975831396685391e-05,0,2023Q3
2023-07-27,XLY,0.003416135189746816,-0.0005137399088183588,0,2023Q3
2023-07-28,XLB,0.0021897398771041354,-0.0003124296134576248,0,2023Q3
2023-07-28,XLC,-0.0028699551814825863,-0.0005522418015488107,0,2023Q3
2023-07-28,XLE,0.03459001092677416,0.003056057299738113,0,2023Q3
2023-07-28,XLF,0.013887775262030999,-0.002264649308159,0,2023Q3
2023-07-28,XLI,0.004697217725885383,0.001020002558664458,0,2023Q3
2023-07-28,XLK,-0.01597631963205981,0.0017549810193180646,0,2023Q3
2023-07-28,XLP,0.003072535147349731,-0.0003795513753915211,0,2023Q3
2023-07-28,XLRE,0.00048481753751761225,-0.0022874956093428757,0,2023Q3
2023-07-28,XLU,-0.023368815104642837,-7.802669683309241e-05,0,2023Q3
2023-07-28,XLV,0.0014887904998446277,-2.975831396685391e-05,0,2023Q3
2023-07-28,XLY,0.015122475529349089,-0.0005137399088183588,0,2023Q3
2023-07-31,XLB,-0.0031998158043821112,-0.0003124296134576248,0,2023Q3
2023-07-31,XLC,0.005871188707513353,-0.0005522418015488107,0,2023Q3
2023-07-31,XLE,0.010207261736279727,0.003056057299738113,0,2023Q3
2023-07-31,XLF,0.017446925493155296,-0.002264649308159,0,2023Q3
2023-07-31,XLI,0.007767725682105042,0.001020002558664458,0,2023Q3
2023-07-31,XLK,-0.022157045587792523,0.0017549810193180646,0,2023Q3
2023-07-31,XLP,0.008996959636111024,-0.0003795513753915211,0,2023Q3
2023-07-31,XLRE,-0.0015545558453664565,-0.0022874956093428757,0,2023Q3
2023-07-31,XLU,-0.030605662322819693,-7.802669683309241e-05,0,2023Q3
2023-07-31,XLV,0.01382565122685031,-2.975831396685391e-05,0,2023Q3
2023-07-31,XLY,0.012990643913022515,-0.0005137399088183588,0,2023Q3
2023-08-01,XLB,-0.007790701690875701,-0.0003124296134576248,0,2023Q3
2023-08-01,XLC,0.0058713382220813015,-0.0005522418015488107,0,2023Q3
2023-08-01,XLE,0.02129823377985607,0.003056057299738113,0,2023Q3
2023-08-01,XLF,0.009857789938915507,-0.002264649308159,0,2023Q3
2023-08-01,XLI,0.0017646289716024555,0.001020002558664458,0,2023Q3
2023-08-01,XLK,-0.029693554709744774,0.0017549810193180646,0,2023Q3
2023-08-01,XLP,0.00870456896372851,-0.0003795513753915211,0,2023Q3
2023-08-01,XLRE,-0.003265441211897757,-0.0022874956093428757,0,2023Q3
2023-08-01,XLU,-0.012801919859267596,-7.802669683309241e-05,0,2023Q3
2023-08-01,XLV,0.028249028485459182,-2.975831396685391e-05,0,2023Q3
2023-08-01,XLY,0.017865407336708494,-0.0005137399088183588,0,2023Q3
2023-08-02,XLB,-0.006762121275495914,-0.0003124296134576248,0,2023Q3
2023-08-02,XLC,0.006763603438790233,-0.0005522418015488107,0,2023Q3
2023-08-02,XLE,0.040220455960497836,0.003056057299738113,0,2023Q3
2023-08-02,XLF,0.003735660746314373,-0.002264649308159,0,2023Q3
2023-08-02,XLI,0.004438068602529488,0.001020002558664458,0,2023Q3
2023-08-02,XLK,-0.025338065205722793,0.0017549810193180646,0,2023Q3
2023-08-02,XLP,-0.0005855734609702123,-0.0003795513753915211,0,2023Q3
2023-08-02,XLRE,-0.003968107843426716,-0.0022874956093428757,0,2023Q3
2023-08-02,XLU,-0.017892119215874303,-7.802669683309241e-05,0,2023Q3
2023-08-02,XLV,0.020064504620952106,-2.975831396685391e-05,0,2023Q3
2023-08-02,XLY,0.016844162699037102,-0.0005137399088183588,0,2023Q3
2023-08-03,XLB,-0.0031425484196258013,-0.0003124296134576248,0,2023Q3
2023-08-03,XLC,0.009502358674493783,-0.0005522418015488107,0,2023Q3
2023-08-03,XLE,0.026574021635700218,0.003056057299738113,0,2023Q3
2023-08-03,XLF,0.0008218045922403494,-0.002264649308159,0,2023Q3
2023-08-03,XLI,0.004783218759853214,0.001020002558664458,0,2023Q3
2023-08-03,XLK,-0.024477132775111654,0.0017549810193180646,0,2023Q3
2023-08-03,XLP,-0.0030211329316456315,-0.0003795513753915211,0,2023Q3
2023-08-03,XLRE,0.003322810481263372,-0.0022874956093428757,0,2023Q3
2023-08-03,XLU,-0.0015041898276647592,-7.802669683309241e-05,0,2023Q3
2023-08-03,XLV,0.02127919931708311,-2.975831396685391e-05,0,2023Q3
2023-08-03,XLY,0.013683891137748816,-0.0005137399088183588,0,2023Q3
2023-08-04,XLB,-0.007574932213886276,-0.0003124296134576248,0,2023Q3
2023-08-04,XLC,0.0030433423528815062,-0.0005522418015488107,0,2023Q3
2023-08-04,XLE,0.03688058127001925,0.003056057299738113,0,2023Q3
2023-08-04,XLF,0.002882632695926368,-0.002264649308159,0,2023Q3
2023-08-04,XLI,0.008601355510351683,0.001020002558664458,0,2023Q3
2023-08-04,XLK,-0.022292810933065565,0.0017549810193180646,0,2023Q3
2023-08-04,XLP,0.0046055589153521925,-0.0003795513753915211,0,2023Q3
2023-08-04,XLRE,0.011228499059909636,-0.0022874956093428757,0,2023Q3
2023-08-04,XLU,0.011660098059163015,-7.802669683309241e-05,0,2023Q3
2023-08-04,XLV,0.027294067018625467,-2.975831396685391e-05,0,2023Q3
2023-08-04,XLY,-0.008071262071657426,-0.0005137399088183588,0,2023Q3
2023-08-07,XLB,-0.00873441473379677,-0.0003124296134576248,0,2023Q3
2023-08-07,XLC,-0.0018637912530088396,-0.0005522418015488107,0,2023Q3
2023-08-07,XLE,0.03449770389853657,0.003056057299738113,0,2023Q3
2023-08-07,XLF,-0.009768047075004116,-0.002264649308159,0,2023Q3
2023-08-07,XLI,-7.233878749701717e-05,0.001020002558664458,0,2023Q3
2023-08-07,XLK,-0.006349711233464839,0.0017549810193180646,0,2023Q3
2023-08-07,XLP,-0.005259758670662751,-0.0003795513753915211,0,2023Q3
2023-08-07,XLRE,-0.0035547122968843103,-0.0022874956093428757,0,2023Q3
2023-08-07,XLU,0.007019066835946219,-7.802669683309241e-05,0,2023Q3
2023-08-07,XLV,0.021821838188441856,-2.975831396685391e-05,0,2023Q3
2023-08-07,XLY,-0.011945246939262355,-0.0005137399088183588,0,2023Q3
2023-08-08,XLB,-0.007126533614774333,-0.0003124296134576248,0,2023Q3
2023-08-08,XLC,-0.0006300528977312148,-0.0005522418015488107,0,2023Q3
2023-08-08,XLE,0.01545986803442001,0.003056057299738113,0,2023Q3
2023-08-08,XLF,-0.01174196027861496,-0.002264649308159,0,2023Q3
2023-08-08,XLI,-0.0009691928185955323,0.001020002558664458,0,2023Q3
2023-08-08,XLK,-0.0012087658034491966,0.0017549810193180646,0,2023Q3
2023-08-08,XLP,-0.0015292986108211837,-0.0003795513753915211,0,2023Q3
2023-08-08,XLRE,-0.001399335503574184,-0.0022874956093428757,0,2023Q3
2023-08-08,XLU,-0.006543246555373083,-7.802669683309241e-05,0,2023Q3
2023-08-08,XLV,0.017652449585805252,-2.975831396685391e-05,0,2023Q3
2023-08-08,XLY,-0.010264949766593867,-0.0005137399088183588,0,2023Q3
2023-08-09,XLB,-0.009094067934400374,-0.0003124296134576248,0,2023Q3
2023-08-09,XLC,-0.001171503285797848,-0.0005522418015488107,0,2023Q3
2023-08-09,XLE,-0.004926305375475004,0.003056057299738113,0,2023Q3
2023-08-09,XLF,-0.005247388782241513,-0.002264649308159,0,2023Q3
2023-08-09,XLI,-0.005281848573118975,0.001020002558664458,0,2023Q3
2023-08-09,XLK,0.002822152912970055,0.0017549810193180646,0,2023Q3
2023-08-09,XLP,-0.004600930177199647,-0.0003795513753915211,0,2023Q3
2023-08-09,XLRE,-0.015138918848958127,-0.0022874956093428757,0,2023Q3
2023-08-09,XLU,-0.0036786700012519935,-7.802669683309241e-05,0,2023Q3
2023-08-09,XLV,0.010964869150768441,-2.975831396685391e-05,0,2023Q3
2023-08-09,XLY,-0.01013171962049797,-0.0005137399088183588,0,2023Q3
2023-08-10,XLB,-0.003863150051133135,-0.0003124296134576248,0,2023Q3
2023-08-10,XLC,-0.007933850361528827,-0.0005522418015488107,0,2023Q3
2023-08-10,XLE,0.014797262048273807,0.003056057299738113,0,2023Q3
2023-08-10,XLF,-0.003103327752346341,-0.002264649308159,0,2023Q3
2023-08-10,XLI,-0.002986897783942788,0.001020002558664458,0,2023Q3
2023-08-10,XLK,0.0011741932517906895,0.0017549810193180646,0,2023Q3
2023-08-10,XLP,-0.00426973916125406,-0.0003795513753915211,0,2023Q3
2023-08-10,XLRE,-0.011384339160909418,-0.0022874956093428757,0,2023Q3
2023-08-10,XLU,0.0050680987509710285,-7.802669683309241e-05,0,2023Q3
2023-08-10,XLV,0.01156125172607847,-2.975831396685391e-05,0,2023Q3
2023-08-10,XLY,-0.02111551150100166,-0.0005137399088183588,0,2023Q3
2023-08-11,XLB,-0.00231635500359062,-0.0003124296134576248,0,2023Q3
2023-08-11,XLC,-0.010159491693441991,-0.0005522418015488107,0,2023Q3
2023-08-11,XLE,0.008407224602376084,0.003056057299738113,0,2023Q3
2023-08-11,XLF,-0.006386863776336793,-0.002264649308159,0,2023Q3
2023-08-11,XLI,-0.0038046788901525685,0.001020002558664458,0,2023Q3
2023-08-11,XLK,0.008908080689727038,0.0017549810193180646,0,2023Q3
2023-08-11,XLP,-0.0032649839716187845,-0.0003795513753915211,0,2023Q3
2023-08-11,XLRE,-0.011562335346704145,-0.0022874956093428757,0,2023Q3
2023-08-11,XLU,0.0038057737104227884,-7.802669683309241e-05,0,2023Q3
2023-08-11,XLV,0.004758239255234442,-2.975831396685391e-05,0,2023Q3
2023-08-11,XLY,-0.021066118523526245,-0.0005137399088183588,0,2023Q3
2023-08-14,XLB,-0.005278128466593479,-0.0003124296134576248,0,2023Q3
2023-08-14,XLC,-0.011193592324892365,-0.0005522418015488107,0,2023Q3
2023-08-14,XLE,0.005384313550932496,0.003056057299738113,0,2023Q3
2023-08-14,XLF,-0.006540820721700369,-0.002264649308159,0,2023Q3
2023-08-14,XLI,-0.006317097616777678,0.001020002558664458,0,2023Q3
2023-08-14,XLK,0.011019542280456096,0.0017549810193180646,0,2023Q3
2023-08-14,XLP,-0.005956253669685108,-0.0003795513753915211,0,2023Q3
2023-08-14,XLRE,-0.01565343526495644,-0.0022874956093428757,0,2023Q3
2023-08-14,XLU,0.0044290331321339416,-7.802669683309241e-05,0,2023Q3
2023-08-14,XLV,0.0018609169682566318,-2.975831396685391e-05,0,2023Q3
2023-08-14,XLY,-0.013969796002441637,-0.0005137399088183588,0,2023Q3
2023-08-15,XLB,0.001137747512267473,-0.0003124296134576248,0,2023Q3
2023-08-15,XLC,-0.011383824027655698,-0.0005522418015488107,0,2023Q3
2023-08-15,XLE,0.009675737709888832,0.003056057299738113,0,2023Q3
2023-08-15,XLF,-0.006543987420616348,-0.002264649308159,0,2023Q3
2023-08-15,XLI,-0.0049196623494559555,0.001020002558664458,0,2023Q3
2023-08-15,XLK,0.010881120182009485,0.0017549810193180646,0,2023Q3
2023-08-15,XLP,-0.009805513375997221,-0.0003795513753915211,0,2023Q3
2023-08-15,XLRE,-0.011574123528826918,-0.0022874956093428757,0,2023Q3
2023-08-15,XLU,0.01466942635995061,-7.802669683309241e-05,0,2023Q3
2023-08-15,XLV,-0.006851779780561507,-2.975831396685391e-05,0,2023Q3
2023-08-15,XLY,-0.00805650107009137,-0.0005137399088183588,0,2023Q3
2023-08-16,XLB,-0.008945422236599776,-0.0003124296134576248,0,2023Q3
2023-08-16,XLC,-0.0019715400323896404,-0.0005522418015488107,0,2023Q3
2023-08-16,XLE,-0.00253248839750575,0.003056057299738113,0,2023Q3
2023-08-16,XLF,-0.013858395318971595,-0.002264649308159,0,2023Q3
2023-08-16,XLI,-0.007617343955713007,0.001020002558664458,0,2023Q3
2023-08-16,XLK,0.0203124783966091,0.0017549810193180646,0,2023Q3
2023-08-16,XLP,-0.01941790579194025,-0.0003795513753915211,0,2023Q3
2023-08-16,XLRE,-0.003310414291360697,-0.0022874956093428757,0,2023Q3
2023-08-16,XLU,-0.004235340907245089,-7.802669683309241e-05,0,2023Q3
2023-08-16,XLV,-0.014771426613328975,-2.975831396685391e-05,0,2023Q3
2023-08-16,XLY,-0.006203377249016873,-0.0005137399088183588,0,2023Q3
2023-08-17,XLB,-0.004838863935825111,-0.0003124296134576248,0,2023Q3
2023-08-17,XLC,-0.0035142695035670357,-0.0005522418015488107,0,2023Q3
2023-08-17,XLE,-0.014907185675142376,0.003056057299738113,0,2023Q3
2023-08-17,XLF,-0.006082498913601131,-0.002264649308159,0,2023Q3
2023-08-17,XLI,-0.0050530894827091055,0.001020002558664458,0,2023Q3
2023-08-17,XLK,0.01258870454545824,0.0017549810193180646,0,2023Q3
2023-08-17,XLP,-0.01140959633158034,-0.0003795513753915211,0,2023Q3
2023-08-17,XLRE,0.00582897962257789,-0.0022874956093428757,0,2023Q3
2023-08-17,XLU,-0.001533560126143363,-7.802669683309241e-05,0,2023Q3
2023-08-17,XLV,-0.009166661498041462,-2.975831396685391e-05,0,2023Q3
2023-08-17,XLY,-0.002540661745931705,-0.0005137399088183588,0,2023Q3
2023-08-18,XLB,-0.008320748409365253,-0.0003124296134576248,0,2023Q3
2023-08-18,XLC,-0.003031062348298752,-0.0005522418015488107,0,2023Q3
2023-08-18,XLE,-0.02168679084130476,0.003056057299738113,0,2023Q3
2023-08-18,XLF,-0.0076553083243495745,-0.002264649308159,0,2023Q3
2023-08-18,XLI,-0.005125803902896742,0.001020002558664458,0,2023Q3
2023-08-18,XLK,0.014783184621520729,0.0017549810193180646,0,2023Q3
2023-08-18,XLP,-0.016166525952970634,-0.0003795513753915211,0,2023Q3
2023-08-18,XLRE,-0.0007652940269742281,-0.0022874956093428757,0,2023Q3
2023-08-18,XLU,-0.005744527418790613,-7.802669683309241e-05,0,2023Q3
2023-08-18,XLV,-0.008848273538798468,-2.975831396685391e-05,0,2023Q3
2023-08-18,XLY,0.0043459868010475855,-0.0005137399088183588,0,2023Q3
2023-08-21,XLB,-0.0009808412857692517,-0.0003124296134576248,0,2023Q3
2023-08-21,XLC,0.0021347171347314564,-0.0005522418015488107,0,2023Q3
2023-08-21,XLE,-0.008577605011689471,0.003056057299738113,0,2023Q3
2023-08-21,XLF,-0.0007131015803718554,-0.002264649308159,0,2023Q3
2023-08-21,XLI,0.004467033309278889,0.001020002558664458,0,2023Q3
2023-08-21,XLK,0.003993598619818961,0.0017549810193180646,0,2023Q3
2023-08-21,XLP,-0.004751176248598776,-0.0003795513753915211,0,2023Q3
2023-08-21,XLRE,0.01618438095980501,-0.0022874956093428757,0,2023Q3
2023-08-21,XLU,0.0006162935378442036,-7.802669683309241e-05,0,2023Q3
2023-08-21,XLV,-0.0074103483687073535,-2.975831396685391e-05,0,2023Q3
2023-08-21,XLY,-0.0029828479313014356,-0.0005137399088183588,0,2023Q3
2023-08-22,XLB,-0.0007381367891050594,-0.0003124296134576248,0,2023Q3
2023-08-22,XLC,0.007223213997911149,-0.0005522418015488107,0,2023Q3
2023-08-22,XLE,-0.015421860193656656,0.003056057299738113,0,2023Q3
2023-08-22,XLF,0.0007490732049462157,-0.002264649308159,0,2023Q3
2023-08-22,XLI,-0.0027403209900516146,0.001020002558664458,0,2023Q3
2023-08-22,XLK,0.008101728884444492,0.0017549810193180646,0,2023Q3
2023-08-22,XLP,-0.01278783715299725,-0.0003795513753915211,0,2023Q3
2023-08-22,XLRE,0.00738064959464646,-0.0022874956093428757,0,2023Q3
2023-08-22,XLU,-0.01580326610327165,-7.802669683309241e-05,0,2023Q3
2023-08-22,XLV,-0.01221546777863125,-2.975831396685391e-05,0,2023Q3
2023-08-22,XLY,0.003274848051552093,-0.0005137399088183588,0,2023Q3
2023-08-23,XLB,0.007080382823899445,-0.0003124296134576248,0,2023Q3
2023-08-23,XLC,-0.0019438454712730202,-0.0005522418015488107,0,2023Q3
2023-08-23,XLE,-0.000725546889265738,0.003056057299738113,0,2023Q3
2023-08-23,XLF,-0.0015174788610112788,-0.002264649308159,0,2023Q3
2023-08-23,XLI,-0.0014625346005177065,0.001020002558664458,0,2023Q3
2023-08-23,XLK,0.004567377445318321,0.0017549810193180646,0,2023Q3
2023-08-23,XLP,-0.010712048739742297,-0.0003795513753915211,0,2023Q3
2023-08-23,XLRE,0.003072013127561446,-0.0022874956093428757,0,2023Q3
2023-08-23,XLU,-0.01722517056944306,-7.802669683309241e-05,0,2023Q3
2023-08-23,XLV,-0.008880587694889863,-2.975831396685391e-05,0,2023Q3
2023-08-23,XLY,0.006612878981246739,-0.0005137399088183588,0,2023Q3
2023-08-24,XLB,-0.0018861281701259003,-0.0003124296134576248,0,2023Q3
2023-08-24,XLC,0.0062453795410923885,-0.0005522418015488107,0,2023Q3
2023-08-24,XLE,-0.005794261152791913,0.003056057299738113,0,2023Q3
2023-08-24,XLF,-0.014550910989532762,-0.002264649308159,0,2023Q3
2023-08-24,XLI,-0.006388414813879972,0.001020002558664458,0,2023Q3
2023-08-24,XLK,0.02098463541537865,0.0017549810193180646,0,2023Q3
2023-08-24,XLP,-0.020533746742369408,-0.0003795513753915211,0,2023Q3
2023-08-24,XLRE,-0.012376758407706356,-0.0022874956093428757,0,2023Q3
2023-08-24,XLU,-0.03381737979670496,-7.802669683309241e-05,0,2023Q3
2023-08-24,XLV,-0.02499471688632182,-2.975831396685391e-05,0,2023Q3
2023-08-24,XLY,0.017520978360260564,-0.0005137399088183588,0,2023Q3
2023-08-25,XLB,0.011874498868847283,-0.0003124296134576248,0,2023Q3
2023-08-25,XLC,0.0008060006149228638,-0.0005522418015488107,0,2023Q3
2023-08-25,XLE,0.010461270721052518,0.003056057299738113,0,2023Q3
2023-08-25,XLF,-0.004907446315962405,-0.002264649308159,0,2023Q3
2023-08-25,XLI,-0.004289048685457653,0.001020002558664458,0,2023Q3
2023-08-25,XLK,0.018893969857496806,0.0017549810193180646,0,2023Q3
2023-08-25,XLP,-0.029368074021415946,-0.0003795513753915211,0,2023Q3
2023-08-25,XLRE,-0.010412575517603662,-0.0022874956093428757,0,2023Q3
2023-08-25,XLU,-0.041060437481930556,-7.802669683309241e-05,0,2023Q3
2023-08-25,XLV,-0.024302428358393025,-2.975831396685391e-05,0,2023Q3
2023-08-25,XLY,0.004924594295006024,-0.0005137399088183588,0,2023Q3
2023-08-28,XLB,-0.003823329341906545,-0.0003124296134576248,0,2023Q3
2023-08-28,XLC,-0.0008850906677013715,-0.0005522418015488107,0,2023Q3
2023-08-28,XLE,0.019839469202247884,0.003056057299738113,0,2023Q3
2023-08-28,XLF,-0.009954368366818178,-0.002264649308159,0,2023Q3
2023-08-28,XLI,-0.01873192126957368,0.001020002558664458,0,2023Q3
2023-08-28,XLK,0.024990611885091996,0.0017549810193180646,0,2023Q3
2023-08-28,XLP,-0.03154268492017742,-0.0003795513753915211,0,2023Q3
2023-08-28,XLRE,-0.017629480401379904,-0.0022874956093428757,0,2023Q3
2023-08-28,XLU,-0.045129023911028354,-7.802669683309241e-05,0,2023Q3
2023-08-28,XLV,-0.02607728715102753,-2.975831396685391e-05,0,2023Q3
2023-08-28,XLY,0.01240300241909087,-0.0005137399088183588,0,2023Q3
2023-08-29,XLB,-0.0013103825553730797,-0.0003124296134576248,0,2023Q3
2023-08-29,XLC,-0.004836562124638233,-0.0005522418015488107,0,2023Q3
2023-08-29,XLE,0.03866498168971433,0.003056057299738113,0,2023Q3
2023-08-29,XLF,0.0016165867791327893,-0.002264649308159,0,2023Q3
2023-08-29,XLI,-0.009346529981407947,0.001020002558664458,0,2023Q3
2023-08-29,XLK,0.01496053728727842,0.0017549810193180646,0,2023Q3
2023-08-29,XLP,-0.014958351878352705,-0.0003795513753915211,0,2023Q3
2023-08-29,XLRE,-0.009600842275512611,-0.0022874956093428757,0,2023Q3
2023-08-29,XLU,-0.025399327727239296,-7.802669683309241e-05,0,2023Q3
2023-08-29,XLV,-0.01902515687154005,-2.975831396685391e-05,0,2023Q3
2023-08-29,XLY,-0.0003591399529538908,-0.0005137399088183588,0,2023Q3
2023-08-30,XLB,-0.0009323848519494637,-0.0003124296134576248,0,2023Q3
2023-08-30,XLC,0.0003564306087320279,-0.0005522418015488107,0,2023Q3
2023-08-30,XLE,0.03965418242536767,0.003056057299738113,0,2023Q3
2023-08-30,XLF,0.005544643478353817,-0.002264649308159,0,2023Q3
2023-08-30,XLI,-0.009888491791434917,0.001020002558664458,0,2023Q3
2023-08-30,XLK,4.345197898858455e-05,0.0017549810193180646,0,2023Q3
2023-08-30,XLP,-0.007126669854289669,-0.0003795513753915211,0,2023Q3
2023-08-30,XLRE,0.00212699212230838,-0.0022874956093428757,0,2023Q3
2023-08-30,XLU,-0.001128615400631805,-7.802669683309241e-05,0,2023Q3
2023-08-30,XLV,-0.006813506355862753,-2.975831396685391e-05,0,2023Q3
2023-08-30,XLY,0.005255366190041744,-0.0005137399088183588,0,2023Q3
2023-08-31,XLB,-0.0024249661022217595,-0.0003124296134576248,0,2023Q3
2023-08-31,XLC,-0.0006436780448548785,-0.0005522418015488107,0,2023Q3
2023-08-31,XLE,0.045925171610165294,0.003056057299738113,0,2023Q3
2023-08-31,XLF,0.008398057409035986,-0.002264649308159,0,2023Q3
2023-08-31,XLI,-0.013297922491136593,0.001020002558664458,0,2023Q3
2023-08-31,XLK,-0.005613389290081261,0.0017549810193180646,0,2023Q3
2023-08-31,XLP,-0.0038434525269667175,-0.0003795513753915211,0,2023Q3
2023-08-31,XLRE,-7.997861318864707e-05,-0.0022874956093428757,0,2023Q3
2023-08-31,XLU,0.014219273757006046,-7.802669683309241e-05,0,2023Q3
2023-08-31,XLV,0.0020920061615449237,-2.975831396685391e-05,0,2023Q3
2023-08-31,XLY,-0.0007564681124581085,-0.0005137399088183588,0,2023Q3
2023-09-01,XLB,-0.013850816279581513,-0.0003124296134576248,0,2023Q3
2023-09-01,XLC,0.01903855243010477,-0.0005522418015488107,0,2023Q3
2023-09-01,XLE,0.007174879440967952,0.003056057299738113,0,2023Q3
2023-09-01,XLF,-0.000557323153465128,-0.002264649308159,0,2023Q3
2023-09-01,XLI,-0.022787464489330778,0.001020002558664458,0,2023Q3
2023-09-01,XLK,-0.008172346308119582,0.0017549810193180646,0,2023Q3
2023-09-01,XLP,0.008567977951022043,-0.0003795513753915211,0,2023Q3
2023-09-01,XLRE,-0.003656900101413507,-0.0022874956093428757,0,2023Q3
2023-09-01,XLU,0.018844221710053177,-7.802669683309241e-05,0,2023Q3
2023-09-01,XLV,0.0015808029756247954,-2.975831396685391e-05,0,2023Q3
2023-09-01,XLY,0.027408363311348105,-0.0005137399088183588,0,2023Q3
2023-09-05,XLB,0.0034663596783534034,-0.0003124296134576248,0,2023Q3
2023-09-05,XLC,0.009768350061784004,-0.0005522418015488107,0,2023Q3
2023-09-05,XLE,0.026528454858722128,0.003056057299738113,0,2023Q3
2023-09-05,XLF,0.017426636078368363,-0.002264649308159,0,2023Q3
2023-09-05,XLI,-0.008564381711442914,0.001020002558664458,0,2023Q3
2023-09-05,XLK,-0.028336446904669077,0.0017549810193180646,0,2023Q3
2023-09-05,XLP,0.009751218911701276,-0.0003795513753915211,0,2023Q3
2023-09-05,XLRE,0.007507440661211451,-0.0022874956093428757,0,2023Q3
2023-09-05,XLU,0.037065828196252815,-7.802669683309241e-05,0,2023Q3
2023-09-05,XLV,0.01184901032542296,-2.975831396685391e-05,0,2023Q3
2023-09-05,XLY,0.01860142313160007,-0.0005137399088183588,0,2023Q3
2023-09-06,XLB,-0.008080772193876817,-0.0003124296134576248,0,2023Q3
2023-09-06,XLC,0.008321388231050664,-0.0005522418015488107,0,2023Q3
2023-09-06,XLE,0.010526953695725316,0.003056057299738113,0,2023Q3
2023-09-06,XLF,0.010130982145907685,-0.002264649308159,0,2023Q3
2023-09-06,XLI,-0.018770267920021788,0.001020002558664458,0,2023Q3
2023-09-06,XLK,-0.023455116255005515,0.0017549810193180646,0,2023Q3
2023-09-06,XLP,0.00606902133702647,-0.0003795513753915211,0,2023Q3
2023-09-06,XLRE,-0.008582069936947434,-0.0022874956093428757,0,2023Q3
2023-09-06,XLU,0.03914304363127874,-7.802669683309241e-05,0,2023Q3
2023-09-06,XLV,0.009618598684942858,-2.975831396685391e-05,0,2023Q3
2023-09-06,XLY,0.027873985121855904,-0.0005137399088183588,0,2023Q3
2023-09-07,XLB,-0.001250612670563589,-0.0003124296134576248,0,2023Q3
2023-09-07,XLC,0.01247899114107498,-0.0005522418015488107,0,2023Q3
2023-09-07,XLE,0.01163486196437069,0.003056057299738113,0,2023Q3
2023-09-07,XLF,0.010400831327303406,-0.002264649308159,0,2023Q3
2023-09-07,XLI,-0.017567056675327763,0.001020002558664458,0,2023Q3
2023-09-07,XLK,-0.013662077661968475,0.0017549810193180646,0,2023Q3
2023-09-07,XLP,0.002136913702610155,-0.0003795513753915211,0,2023Q3
2023-09-07,XLRE,-0.010487120003810357,-0.0022874956093428757,0,2023Q3
2023-09-07,XLU,0.02896778611918016,-7.802669683309241e-05,0,2023Q3
2023-09-07,XLV,-0.003450865170039341,-2.975831396685391e-05,0,2023Q3
2023-09-07,XLY,0.023347135738638558,-0.0005137399088183588,0,2023Q3
2023-09-08,XLB,0.0037255770131634502,-0.0003124296134576248,0,2023Q3
2023-09-08,XLC,0.013039680532251907,-0.0005522418015488107,0,2023Q3
2023-09-08,XLE,0.00439127506979009,0.003056057299738113,0,2023Q3
2023-09-08,XLF,0.020277716555672898,-0.002264649308159,0,2023Q3
2023-09-08,XLI,-0.0011383931997885899,0.001020002558664458,0,2023Q3
2023-09-08,XLK,-0.017687055390657402,0.0017549810193180646,0,2023Q3
2023-09-08,XLP,0.00970727200008592,-0.0003795513753915211,0,2023Q3
2023-09-08,XLRE,0.009468093494464203,-0.0022874956093428757,0,2023Q3
2023-09-08,XLU,0.03268273825774659,-7.802669683309241e-05,0,2023Q3
2023-09-08,XLV,0.005810222541775989,-2.975831396685391e-05,0,2023Q3
2023-09-08,XLY,0.022840636326755703,-0.0005137399088183588,0,2023Q3
2023-09-11,XLB,-0.003494107348996134,-0.0003124296134576248,0,2023Q3
2023-09-11,XLC,0.0022149560548846425,-0.0005522418015488107,0,2023Q3
2023-09-11,XLE,0.024728757731447226,0.003056057299738113,0,2023Q3
2023-09-11,XLF,0.019744069774868533,-0.002264649308159,0,2023Q3
2023-09-11,XLI,0.0015677425262741185,0.001020002558664458,0,2023Q3
2023-09-11,XLK,-0.014238913430111078,0.0017549810193180646,0,2023Q3
2023-09-11,XLP,-3.7265773850103656e-05,-0.0003795513753915211,0,2023Q3
2023-09-11,XLRE,-0.0018064526966002914,-0.0022874956093428757,0,2023Q3
2023-09-11,XLU,0.02540765326330008,-7.802669683309241e-05,0,2023Q3
2023-09-11,XLV,-0.0006830174271942324,-2.975831396685391e-05,0,2023Q3
2023-09-11,XLY,-0.010430239059717628,-0.0005137399088183588,0,2023Q3
2023-09-12,XLB,-0.005456702392101942,-0.0003124296134576248,0,2023Q3
2023-09-12,XLC,0.010030606967481814,-0.0005522418015488107,0,2023Q3
2023-09-12,XLE,-0.011251726873507839,0.003056057299738113,0,2023Q3
2023-09-12,XLF,0.008507495036112811,-0.002264649308159,0,2023Q3
2023-09-12,XLI,-0.0024290096633485803,0.001020002558664458,0,2023Q3
2023-09-12,XLK,-0.00015114555352824244,0.0017549810193180646,0,2023Q3
2023-09-12,XLP,0.0027519145268563028,-0.0003795513753915211,0,2023Q3
2023-09-12,XLRE,-0.01038574968538164,-0.0022874956093428757,0,2023Q3
2023-09-12,XLU,0.015225961511036834,-7.802669683309241e-05,0,2023Q3
2023-09-12,XLV,-0.001982924410483089,-2.975831396685391e-05,0,2023Q3
2023-09-12,XLY,-0.009824703827241543,-0.0005137399088183588,0,2023Q3
2023-09-13,XLB,0.00019799550074095507,-0.0003124296134576248,0,2023Q3
2023-09-13,XLC,0.003399147630326893,-0.0005522418015488107,0,2023Q3
2023-09-13,XLE,-0.0027471934069376314,0.003056057299738113,0,2023Q3
2023-09-13,XLF,0.011860234848251827,-0.002264649308159,0,2023Q3
2023-09-13,XLI,0.01054966235470578,0.001020002558664458,0,2023Q3
2023-09-13,XLK,-0.0079344546797806,0.0017549810193180646,0,2023Q3
2023-09-13,XLP,0.010951502779597111,-0.0003795513753915211,0,2023Q3
2023-09-13,XLRE,0.011835676077563528,-0.0022874956093428757,0,2023Q3
2023-09-13,XLU,0.014514197414374208,-7.802669683309241e-05,0,2023Q3
2023-09-13,XLV,0.008214351845274193,-2.975831396685391e-05,0,2023Q3
2023-09-13,XLY,-0.016982688537412027,-0.0005137399088183588,0,2023Q3
2023-09-14,XLB,-0.008465095821738267,-0.0003124296134576248,0,2023Q3
2023-09-14,XLC,0.002367400308211698,-0.0005522418015488107,0,2023Q3
2023-09-14,XLE,-0.002865288460462745,0.003056057299738113,0,2023Q3
2023-09-14,XLF,0.010987896343878978,-0.002264649308159,0,2023Q3
2023-09-14,XLI,0.00926512101768473,0.001020002558664458,0,2023Q3
2023-09-14,XLK,-0.00520408119110527,0.0017549810193180646,0,2023Q3
2023-09-14,XLP,0.012803207002341721,-0.0003795513753915211,0,2023Q3
2023-09-14,XLRE,-0.01528404499074254,-0.0022874956093428757,0,2023Q3
2023-09-14,XLU,0.014369634824696664,-7.802669683309241e-05,0,2023Q3
2023-09-14,XLV,0.020957042698340644,-2.975831396685391e-05,0,2023Q3
2023-09-14,XLY,-0.027966252698722105,-0.0005137399088183588,0,2023Q3
2023-09-15,XLB,-0.011668159127033118,-0.0003124296134576248,0,2023Q3
2023-09-15,XLC,0.0012122581410920485,-0.0005522418015488107,0,2023Q3
2023-09-15,XLE,-0.00013652584516621324,0.003056057299738113,0,2023Q3
2023-09-15,XLF,-0.004383620658756526,-0.002264649308159,0,2023Q3
2023-09-15,XLI,-0.0013633179640351045,0.001020002558664458,0,2023Q3
2023-09-15,XLK,0.002624333224326425,0.0017549810193180646,0,2023Q3
2023-09-15,XLP,0.0026987421132921297,-0.0003795513753915211,0,2023Q3
2023-09-15,XLRE,-0.03113437376335948,-0.0022874956093428757,0,2023Q3
2023-09-15,XLU,0.0038000416206364074,-7.802669683309241e-05,0,2023Q3
2023-09-15,XLV,0.01377577835835797,-2.975831396685391e-05,0,2023Q3
2023-09-15,XLY,-0.03400860747864187,-0.0005137399088183588,0,2023Q3
2023-09-18,XLB,0.0011231210360680421,-0.0003124296134576248,0,2023Q3
2023-09-18,XLC,0.0018063049343381987,-0.0005522418015488107,0,2023Q3
2023-09-18,XLE,0.007458027926175892,0.003056057299738113,0,2023Q3
2023-09-18,XLF,-0.0039261485066552915,-0.002264649308159,0,2023Q3
2023-09-18,XLI,0.002867784348451141,0.001020002558664458,0,2023Q3
2023-09-18,XLK,-0.0003436541039844032,0.0017549810193180646,0,2023Q3
2023-09-18,XLP,0.0026330697886739474,-0.0003795513753915211,0,2023Q3
2023-09-18,XLRE,-0.02046100847963106,-0.0022874956093428757,0,2023Q3
2023-09-18,XLU,0.007520920894436678,-7.802669683309241e-05,0,2023Q3
2023-09-18,XLV,0.02120869128661551,-2.975831396685391e-05,0,2023Q3
2023-09-18,XLY,-0.01969850022539854,-0.0005137399088183588,0,2023Q3
2023-09-19,XLB,0.00019605710394932085,-0.0003124296134576248,0,2023Q3
2023-09-19,XLC,0.002576948221930664,-0.0005522418015488107,0,2023Q3
2023-09-19,XLE,0.02333092537463055,0.003056057299738113,0,2023Q3
2023-09-19,XLF,-0.0034468554709531363,-0.002264649308159,0,2023Q3
2023-09-19,XLI,0.0043467921332783765,0.001020002558664458,0,2023Q3
2023-09-19,XLK,-0.005053976510934088,0.0017549810193180646,0,2023Q3
2023-09-19,XLP,0.009992878038828978,-0.0003795513753915211,0,2023Q3
2023-09-19,XLRE,-0.020055829698125582,-0.0022874956093428757,0,2023Q3
2023-09-19,XLU,-0.004314664830485038,-7.802669683309241e-05,0,2023Q3
2023-09-19,XLV,0.0242578757321944,-2.975831396685391e-05,0,2023Q3
2023-09-19,XLY,-0.020051335155019556,-0.0005137399088183588,0,2023Q3
2023-09-20,XLB,0.0009731496289328012,-0.0003124296134576248,0,2023Q3
2023-09-20,XLC,0.00915935813851576,-0.0005522418015488107,0,2023Q3
2023-09-20,XLE,0.04806075980625546,0.003056057299738113,0,2023Q3
2023-09-20,XLF,-0.007540036371679881,-0.002264649308159,0,2023Q3
2023-09-20,XLI,0.006071382002418302,0.001020002558664458,0,2023Q3
2023-09-20,XLK,0.0024118365201268865,0.0017549810193180646,0,2023Q3
2023-09-20,XLP,-0.008251734619415196,-0.0003795513753915211,0,2023Q3
2023-09-20,XLRE,-0.03951728121681819,-0.0022874956093428757,0,2023Q3
2023-09-20,XLU,-0.03293934515104335,-7.802669683309241e-05,0,2023Q3
2023-09-20,XLV,0.009929076143801896,-2.975831396685391e-05,0,2023Q3
2023-09-20,XLY,-0.023544939152018718,-0.0005137399088183588,0,2023Q3
2023-09-21,XLB,0.009584716374245628,-0.0003124296134576248,0,2023Q3
2023-09-21,XLC,0.01030588071415306,-0.0005522418015488107,0,2023Q3
2023-09-21,XLE,0.04130970944747536,0.003056057299738113,0,2023Q3
2023-09-21,XLF,-0.006318785435584173,-0.002264649308159,0,2023Q3
2023-09-21,XLI,0.004499006274647166,0.001020002558664458,0,2023Q3
2023-09-21,XLK,0.0024471343038577897,0.0017549810193180646,0,2023Q3
2023-09-21,XLP,-0.014759452608819945,-0.0003795513753915211,0,2023Q3
2023-09-21,XLRE,-0.018052631706174327,-0.0022874956093428757,0,2023Q3
2023-09-21,XLU,-0.06557544247140668,-7.802669683309241e-05,0,2023Q3
2023-09-21,XLV,0.001285637719794952,-2.975831396685391e-05,0,2023Q3
2023-09-21,XLY,-0.008113591967672806,-0.0005137399088183588,0,2023Q3
2023-09-22,XLB,0.009127334858266334,-0.0003124296134576248,0,2023Q3
2023-09-22,XLC,0.006068574798208326,-0.0005522418015488107,0,2023Q3
2023-09-22,XLE,0.018923248397090253,0.003056057299738113,0,2023Q3
2023-09-22,XLF,-0.007726800472326656,-0.002264649308159,0,2023Q3
2023-09-22,XLI,0.0028026370347982166,0.001020002558664458,0,2023Q3
2023-09-22,XLK,0.003911007172235914,0.0017549810193180646,0,2023Q3
2023-09-22,XLP,-0.012131538233880246,-0.0003795513753915211,0,2023Q3
2023-09-22,XLRE,-0.007632869964402489,-0.0022874956093428757,0,2023Q3
2023-09-22,XLU,-0.062058702391897036,-7.802669683309241e-05,0,2023Q3
2023-09-22,XLV,-0.004003115862334483,-2.975831396685391e-05,0,2023Q3
2023-09-22,XLY,0.007141231705021456,-0.0005137399088183588,0,2023Q3
2023-09-25,XLB,-0.007353720343612036,-0.0003124296134576248,0,2023Q3
2023-09-25,XLC,0.015639441538897403,-0.0005522418015488107,0,2023Q3
2023-09-25,XLE,-0.008964401314949133,0.003056057299738113,0,2023Q3
2023-09-25,XLF,-0.013809821087345298,-0.002264649308159,0,2023Q3
2023-09-25,XLI,-0.007287748148460671,0.001020002558664458,0,2023Q3
2023-09-25,XLK,0.015929936625919128,0.0017549810193180646,0,2023Q3
2023-09-25,XLP,-0.01079487923995237,-0.0003795513753915211,0,2023Q3
2023-09-25,XLRE,-0.01933290598305759,-0.0022874956093428757,0,2023Q3
2023-09-25,XLU,-0.09953489293235518,-7.802669683309241e-05,0,2023Q3
2023-09-25,XLV,-0.006193206871109025,-2.975831396685391e-05,0,2023Q3
2023-09-25,XLY,0.006380358230901106,-0.0005137399088183588,0,2023Q3
2023-09-26,XLB,0.003008391736715521,-0.0003124296134576248,0,2023Q3
2023-09-26,XLC,0.011917994892629902,-0.0005522418015488107,0,2023Q3
2023-09-26,XLE,-0.005275421942088521,0.003056057299738113,0,2023Q3
2023-09-26,XLF,-0.017562666631456003,-0.002264649308159,0,2023Q3
2023-09-26,XLI,-0.0003496106831424317,0.001020002558664458,0,2023Q3
2023-09-26,XLK,0.015691584454318286,0.0017549810193180646,0,2023Q3
2023-09-26,XLP,-0.011838229043072745,-0.0003795513753915211,0,2023Q3
2023-09-26,XLRE,-0.021195176504910762,-0.0022874956093428757,0,2023Q3
2023-09-26,XLU,-0.06283491151375664,-7.802669683309241e-05,0,2023Q3
2023-09-26,XLV,-0.007884350716720556,-2.975831396685391e-05,0,2023Q3
2023-09-26,XLY,-0.0011238211370311335,-0.0005137399088183588,0,2023Q3
2023-09-27,XLB,0.00801586805731025,-0.0003124296134576248,0,2023Q3
2023-09-27,XLC,0.012002178286299015,-0.0005522418015488107,0,2023Q3
2023-09-27,XLE,-0.06618945259431519,0.003056057299738113,0,2023Q3
2023-09-27,XLF,-0.015690540719742407,-0.002264649308159,0,2023Q3
2023-09-27,XLI,-0.011320189636798705,0.001020002558664458,0,2023Q3
2023-09-27,XLK,0.01984494680956106,0.0017549810193180646,0,2023Q3
2023-09-27,XLP,-0.002696774453265993,-0.0003795513753915211,0,2023Q3
2023-09-27,XLRE,-0.008939853080065618,-0.0022874956093428757,0,2023Q3
2023-09-27,XLU,-0.052450094778607625,-7.802669683309241e-05,0,2023Q3
2023-09-27,XLV,-0.005567836186553654,-2.975831396685391e-05,0,2023Q3
2023-09-27,XLY,0.015449948938241032,-0.0005137399088183588,0,2023Q3
2023-09-28,XLB,-0.008666662775333789,-0.0003124296134576248,0,2023Q3
2023-09-28,XLC,0.005741453305606936,-0.0005522418015488107,0,2023Q3
2023-09-28,XLE,-0.0668248363245324,0.003056057299738113,0,2023Q3
2023-09-28,XLF,-0.0121242506089978,-0.002264649308159,0,2023Q3
2023-09-28,XLI,-0.015147916651097049,0.001020002558664458,0,2023Q3
2023-09-28,XLK,0.020154217490000237,0.0017549810193180646,0,2023Q3
2023-09-28,XLP,-0.01916546171600586,-0.0003795513753915211,0,2023Q3
2023-09-28,XLRE,-0.005935516385677686,-0.0022874956093428757,0,2023Q3
2023-09-28,XLU,-0.031074424154423852,-7.802669683309241e-05,0,2023Q3
2023-09-28,XLV,0.0012096795432904317,-2.975831396685391e-05,0,2023Q3
2023-09-28,XLY,0.005384373096607109,-0.0005137399088183588,0,2023Q3
2023-09-29,XLB,-0.011948155956924222,-0.0003124296134576248,0,2023Q3
2023-09-29,XLC,0.01561723618234101,-0.0005522418015488107,0,2023Q3
2023-09-29,XLE,-0.05637331438173987,0.003056057299738113,0,2023Q3
2023-09-29,XLF,-0.008738142997816722,-0.002264649308159,0,2023Q3
2023-09-29,XLI,-0.010737265983936428,0.001020002558664458,0,2023Q3
2023-09-29,XLK,0.0213507676843514,0.0017549810193180646,0,2023Q3
2023-09-29,XLP,-0.03591906969266878,-0.0003795513753915211,0,2023Q3
2023-09-29,XLRE,-0.019788119995466147,-0.0022874956093428757,0,2023Q3
2023-09-29,XLU,-0.033327338694094766,-7.802669683309241e-05,0,2023Q3
2023-09-29,XLV,0.005045904973642212,-2.975831396685391e-05,0,2023Q3
2023-09-29,XLY,-0.007117361061970029,-0.0005137399088183588,0,2023Q3
2023-10-02,XLB,0.0012714005221992064,-0.0004037903874243449,1,2023Q4
2023-10-02,XLC,0.012750196359311072,0.00010800166488827912,1,2023Q4
2023-10-02,XLE,-0.015678125480504734,0.003944510976285363,1,2023Q4
2023-10-02,XLF,-0.004454005538647499,-0.0018356570530352959,1,2023Q4
2023-10-02,XLI,0.008879581795468328,0.0005013633969453515,1,2023Q4
2023-10-02,XLK,0.0051696435295378595,0.0014536968831006976,1,2023Q4
2023-10-02,XLP,-0.03052822905914354,-0.0010044694746543258,1,2023Q4
2023-10-02,XLRE,0.003110094753079995,-0.0030849048144935914,1,2023Q4
2023-10-02,XLU,0.02614836098145168,-0.0013886399567822631,1,2023Q4
2023-10-02,XLV,0.0026819417639620813,0.0002184305145347114,1,2023Q4
2023-10-02,XLY,-0.008043877330908833,-0.0007589572966973607,1,2023Q4
2023-10-03,XLB,-0.01152389369793827,-0.0004037903874243449,1,2023Q4
2023-10-03,XLC,0.018306199395237588,0.00010800166488827912,1,2023Q4
2023-10-03,XLE,-0.04589589672744032,0.003944510976285363,1,2023Q4
2023-10-03,XLF,-0.004664212960859171,-0.0018356570530352959,1,2023Q4
2023-10-03,XLI,0.004282428020994544,0.0005013633969453515,1,2023Q4
2023-10-03,XLK,0.014422334225316247,0.0014536968831006976,1,2023Q4
2023-10-03,XLP,-0.048203713062051845,-0.0010044694746543258,1,2023Q4
2023-10-03,XLRE,0.025048660833578262,-0.0030849048144935914,1,2023Q4
2023-10-03,XLU,0.0129144653098483,-0.0013886399567822631,1,2023Q4
2023-10-03,XLV,-0.010767129389744445,0.0002184305145347114,1,2023Q4
2023-10-03,XLY,0.0027858872240711374,-0.0007589572966973607,1,2023Q4
2023-10-04,XLB,-0.024773530174425407,-0.0004037903874243449,1,2023Q4
2023-10-04,XLC,0.009814326609486335,0.00010800166488827912,1,2023Q4
2023-10-04,XLE,0.001080627149635971,0.003944510976285363,1,2023Q4
2023-10-04,XLF,-0.004940742102493623,-0.0018356570530352959,1,2023Q4
2023-10-04,XLI,0.005303924936475468,0.0005013633969453515,1,2023Q4
2023-10-04,XLK,0.016220921891197726,0.0014536968831006976,1,2023Q4
2023-10-04,XLP,-0.05292321038479275,-0.0010044694746543258,1,2023Q4
2023-10-04,XLRE,0.013756860902294443,-0.0030849048144935914,1,2023Q4
2023-10-04,XLU,0.011564588056496738,-0.0013886399567822631,1,2023Q4
2023-10-04,XLV,-0.010096207447910288,0.0002184305145347114,1,2023Q4
2023-10-04,XLY,-0.014642798339914664,-0.0007589572966973607,1,2023Q4
2023-10-05,XLB,-0.011571531063787388,-0.0004037903874243449,1,2023Q4
2023-10-05,XLC,0.0043623709870865834,0.00010800166488827912,1,2023Q4
2023-10-05,XLE,0.034789054256854746,0.003944510976285363,1,2023Q4
2023-10-05,XLF,-0.0027537244851729703,-0.0018356570530352959,1,2023Q4
2023-10-05,XLI,0.006945940163193942,0.0005013633969453515,1,2023Q4
2023-10-05,XLK,0.004705433567456785,0.0014536968831006976,1,2023Q4
2023-10-05,XLP,-0.020069940488740112,-0.0010044694746543258,1,2023Q4
2023-10-05,XLRE,0.010731070707668877,-0.0030849048144935914,1,2023Q4
2023-10-05,XLU,0.03399716855447088,-0.0013886399567822631,1,2023Q4
2023-10-05,XLV,-0.004598180355744441,0.0002184305145347114,1,2023Q4
2023-10-05,XLY,-0.01975038072253421,-0.0007589572966973607,1,2023Q4
2023-10-06,XLB,-0.009875383049020359,-0.0004037903874243449,1,2023Q4
2023-10-06,XLC,0.003399889606734874,0.00010800166488827912,1,2023Q4
2023-10-06,XLE,0.03689132834687636,0.003944510976285363,1,2023Q4
2023-10-06,XLF,0.0006060314987563764,-0.0018356570530352959,1,2023Q4
2023-10-06,XLI,0.005208870276387723,0.0005013633969453515,1,2023Q4
2023-10-06,XLK,-0.0030649366759185614,0.0014536968831006976,1,2023Q4
2023-10-06,XLP,-0.0028330822598414684,-0.0010044694746543258,1,2023Q4
2023-10-06,XLRE,0.018538569658158366,-0.0030849048144935914,1,2023Q4
2023-10-06,XLU,0.03133041480547982,-0.0013886399567822631,1,2023Q4
2023-10-06,XLV,-0.0062100767052504224,0.0002184305145347114,1,2023Q4
2023-10-06,XLY,-0.009342043282122292,-0.0007589572966973607,1,2023Q4
2023-10-10,XLB,-0.00023813566733532632,-0.0004037903874243449,1,2023Q4
2023-10-10,XLC,0.0020336761026444883,0.00010800166488827912,1,2023Q4
2023-10-10,XLE,0.023989815403804737,0.003944510976285363,1,2023Q4
2023-10-10,XLF,0.009206712120138016,-0.0018356570530352959,1,2023Q4
2023-10-10,XLI,-0.001755094510730748,0.0005013633969453515,1,2023Q4
2023-10-10,XLK,-0.0027563581245975133,0.0014536968831006976,1,2023Q4
2023-10-10,XLP,0.002082899388848647,-0.0010044694746543258,1,2023Q4
2023-10-10,XLRE,0.008024345697443369,-0.0030849048144935914,1,2023Q4
2023-10-10,XLU,0.016044705206211596,-0.0013886399567822631,1,2023Q4
2023-10-10,XLV,-0.0040925040933291745,0.0002184305145347114,1,2023Q4
2023-10-10,XLY,-0.0072203461673855385,-0.0007589572966973607,1,2023Q4
2023-10-11,XLB,-0.01115136399874328,-0.0004037903874243449,1,2023Q4
2023-10-11,XLC,-0.006829849651631914,0.00010800166488827912,1,2023Q4
2023-10-11,XLE,0.0642547399631086,0.003944510976285363,1,2023Q4
2023-10-11,XLF,0.007706632107488676,-0.0018356570530352959,1,2023Q4
2023-10-11,XLI,-0.014374894696676743,0.0005013633969453515,1,2023Q4
2023-10-11,XLK,-0.004718725538986446,0.0014536968831006976,1,2023Q4
2023-10-11,XLP,0.03013492505586135,-0.0010044694746543258,1,2023Q4
2023-10-11,XLRE,-0.01644753614018879,-0.0030849048144935914,1,2023Q4
2023-10-11,XLU,0.008462852385529573,-0.0013886399567822631,1,2023Q4
2023-10-11,XLV,0.009022640769824175,0.0002184305145347114,1,2023Q4
2023-10-11,XLY,-0.016648796847969827,-0.0007589572966973607,1,2023Q4
2023-10-12,XLB,-0.00527072192586564,-0.0004037903874243449,1,2023Q4
2023-10-12,XLC,0.0064995571772864524,0.00010800166488827912,1,2023Q4
2023-10-12,XLE,0.06389997330396624,0.003944510976285363,1,2023Q4
2023-10-12,XLF,0.003395040587434117,-0.0018356570530352959,1,2023Q4
2023-10-12,XLI,-0.011868767112655942,0.0005013633969453515,1,2023Q4
2023-10-12,XLK,-0.008579297174343248,0.0014536968831006976,1,2023Q4
2023-10-12,XLP,0.03645459026429454,-0.0010044694746543258,1,2023Q4
2023-10-12,XLRE,-0.024958229338836957,-0.0030849048144935914,1,2023Q4
2023-10-12,XLU,0.016672047225937403,-0.0013886399567822631,1,2023Q4
2023-10-12,XLV,0.010411419617342599,0.0002184305145347114,1,2023Q4
2023-10-12,XLY,-0.028326093346766168,-0.0007589572966973607,1,2023Q4
2023-10-13,XLB,-0.00624570842161265,-0.0004037903874243449,1,2023Q4
2023-10-13,XLC,0.015693007478566945,0.00010800166488827912,1,2023Q4
2023-10-13,XLE,0.03137190836017867,0.003944510976285363,1,2023Q4
2023-10-13,XLF,-0.006519131214229534,-0.0018356570530352959,1,2023Q4
2023-10-13,XLI,-0.006082034842173845,0.0005013633969453515,1,2023Q4
2023-10-13,XLK,-0.003918975144867609,0.0014536968831006976,1,2023Q4
2023-10-13,XLP,0.030929323276968512,-0.0010044694746543258,1,2023Q4
2023-10-13,XLRE,-0.022408293859172645,-0.0030849048144935914,1,2023Q4
2023-10-13,XLU,0.0024768689949762335,-0.0013886399567822631,1,2023Q4
2023-10-13,XLV,0.007532691546191073,0.0002184305145347114,1,2023Q4
2023-10-13,XLY,-0.021901408917822773,-0.0007589572966973607,1,2023Q4
2023-10-16,XLB,-0.014524435129523838,-0.0004037903874243449,1,2023Q4
2023-10-16,XLC,0.016948568598746827,0.00010800166488827912,1,2023Q4
2023-10-16,XLE,0.020318758717479568,0.003944510976285363,1,2023Q4
2023-10-16,XLF,-0.010753242504678795,-0.0018356570530352959,1,2023Q4
2023-10-16,XLI,-0.00890611223876081,0.0005013633969453515,1,2023Q4
2023-10-16,XLK,-0.00021646965258403927,0.0014536968831006976,1,2023Q4
2023-10-16,XLP,0.030544713436703952,-0.0010044694746543258,1,2023Q4
2023-10-16,XLRE,-0.02826472080851128,-0.0030849048144935914,1,2023Q4
2023-10-16,XLU,-0.0038286720972200428,-0.0013886399567822631,1,2023Q4
2023-10-16,XLV,0.005922021641795228,0.0002184305145347114,1,2023Q4
2023-10-16,XLY,-0.024130667742662926,-0.0007589572966973607,1,2023Q4
2023-10-17,XLB,-0.019960782745311767,-0.0004037903874243449,1,2023Q4
2023-10-17,XLC,0.01774205254337735,0.00010800166488827912,1,2023Q4
2023-10-17,XLE,-0.010868410870707668,0.003944510976285363,1,2023Q4
2023-10-17,XLF,-0.01606785806456046,-0.0018356570530352959,1,2023Q4
2023-10-17,XLI,-0.012010435556828014,0.0005013633969453515,1,2023Q4
2023-10-17,XLK,0.0036315177631156548,0.0014536968831006976,1,2023Q4
2023-10-17,XLP,0.02738337467607299,-0.0010044694746543258,1,2023Q4
2023-10-17,XLRE,-0.018816558477355194,-0.0030849048144935914,1,2023Q4
2023-10-17,XLU,0.016198554478806804,-0.0013886399567822631,1,2023Q4
2023-10-17,XLV,0.0029179980723481602,0.0002184305145347114,1,2023Q4
2023-10-17,XLY,-0.02364661933500889,-0.0007589572966973607,1,2023Q4
2023-10-18,XLB,-0.005064212344044083,-0.0004037903874243449,1,2023Q4
2023-10-18,XLC,-0.0074717820410546976,0.00010800166488827912,1,2023Q4
2023-10-18,XLE,-0.020268030890444155,0.003944510976285363,1,2023Q4
2023-10-18,XLF,-0.0019545267902385532,-0.0018356570530352959,1,2023Q4
2023-10-18,XLI,0.00012091230629285299,0.0005013633969453515,1,2023Q4
2023-10-18,XLK,0.0031336658623719593,0.0014536968831006976,1,2023Q4
2023-10-18,XLP,0.028104543141545424,-0.0010044694746543258,1,2023Q4
2023-10-18,XLRE,-0.01679473332145298,-0.0030849048144935914,1,2023Q4
2023-10-18,XLU,0.03145348923843616,-0.0013886399567822631,1,2023Q4
2023-10-18,XLV,0.003705501992798621,0.0002184305145347114,1,2023Q4
2023-10-18,XLY,-0.0194594324248063,-0.0007589572966973607,1,2023Q4
2023-10-19,XLB,0.01628060881210025,-0.0004037903874243449,1,2023Q4
2023-10-19,XLC,-0.024346733436835577,0.00010800166488827912,1,2023Q4
2023-10-19,XLE,-0.022897318401235434,0.003944510976285363,1,2023Q4
2023-10-19,XLF,0.012060008056360871,-0.0018356570530352959,1,2023Q4
2023-10-19,XLI,0.008183517065854629,0.0005013633969453515,1,2023Q4
2023-10-19,XLK,-0.006848632462746473,0.0014536968831006976,1,2023Q4
2023-10-19,XLP,0.032105057691113825,-0.0010044694746543258,1,2023Q4
2023-10-19,XLRE,0.031030471156601958,-0.0030849048144935914,1,2023Q4
2023-10-19,XLU,0.05335421601577539,-0.0013886399567822631,1,2023Q4
2023-10-19,XLV,0.006804574195441115,0.0002184305145347114,1,2023Q4
2023-10-19,XLY,-0.006651110676193284,-0.0007589572966973607,1,2023Q4
2023-10-20,XLB,0.020305034678983258,-0.0004037903874243449,1,2023Q4
2023-10-20,XLC,-0.026610330518874292,0.00010800166488827912,1,2023Q4
2023-10-20,XLE,-0.03742225102273333,0.003944510976285363,1,2023Q4
2023-10-20,XLF,0.001661183582334469,-0.0018356570530352959,1,2023Q4
2023-10-20,XLI,0.002055439341992704,0.0005013633969453515,1,2023Q4
2023-10-20,XLK,0.00775169389628827,0.0014536968831006976,1,2023Q4
2023-10-20,XLP,0.01469593646009515,-0.0010044694746543258,1,2023Q4
2023-10-20,XLRE,0.012739368590157785,-0.0030849048144935914,1,2023Q4
2023-10-20,XLU,0.03701583522428875,-0.0013886399567822631,1,2023Q4
2023-10-20,XLV,-0.013466381815484652,0.0002184305145347114,1,2023Q4
2023-10-20,XLY,0.011109085051864809,-0.0007589572966973607,1,2023Q4
2023-10-23,XLB,0.02850438967060487,-0.0004037903874243449,1,2023Q4
2023-10-23,XLC,-0.02550433255818485,0.00010800166488827912,1,2023Q4
2023-10-23,XLE,-0.03222375386374343,0.003944510976285363,1,2023Q4
2023-10-23,XLF,0.011895052442562837,-0.0018356570530352959,1,2023Q4
2023-10-23,XLI,0.005475060585885427,0.0005013633969453515,1,2023Q4
2023-10-23,XLK,0.003783856287076337,0.0014536968831006976,1,2023Q4
2023-10-23,XLP,0.0187317928357712,-0.0010044694746543258,1,2023Q4
2023-10-23,XLRE,0.010966599255005316,-0.0030849048144935914,1,2023Q4
2023-10-23,XLU,0.04008446415615341,-0.0013886399567822631,1,2023Q4
2023-10-23,XLV,-0.01537014282696414,0.0002184305145347114,1,2023Q4
2023-10-23,XLY,0.0055905856288406275,-0.0007589572966973607,1,2023Q4
2023-10-24,XLB,0.022374465508738672,-0.0004037903874243449,1,2023Q4
2023-10-24,XLC,-0.03063476779373764,0.00010800166488827912,1,2023Q4
2023-10-24,XLE,-0.01413823602007791,0.003944510976285363,1,2023Q4
2023-10-24,XLF,0.017162916358575253,-0.0018356570530352959,1,2023Q4
2023-10-24,XLI,0.0065538974131280625,0.0005013633969453515,1,2023Q4
2023-10-24,XLK,0.005253950308952593,0.0014536968831006976,1,2023Q4
2023-10-24,XLP,0.015033119192602862,-0.0010044694746543258,1,2023Q4
2023-10-24,XLRE,0.01950878667533018,-0.0030849048144935914,1,2023Q4
2023-10-24,XLU,0.024169873147728782,-0.0013886399567822631,1,2023Q4
2023-10-24,XLV,-0.011545704820291158,0.0002184305145347114,1,2023Q4
2023-10-24,XLY,0.0037618245504683623,-0.0007589572966973607,1,2023Q4
2023-10-25,XLB,0.009787193132830607,-0.0004037903874243449,1,2023Q4
2023-10-25,XLC,0.002283804711271431,0.00010800166488827912,1,2023Q4
2023-10-25,XLE,-0.039701151786842304,0.003944510976285363,1,2023Q4
2023-10-25,XLF,0.002403689225570549,-0.0018356570530352959,1,2023Q4
2023-10-25,XLI,-0.002310719328447064,0.0005013633969453515,1,2023Q4
2023-10-25,XLK,0.011459207551572259,0.0014536968831006976,1,2023Q4
2023-10-25,XLP,-0.014445885761338095,-0.0010044694746543258,1,2023Q4
2023-10-25,XLRE,0.021312736848766,-0.0030849048144935914,1,2023Q4
2023-10-25,XLU,0.004948128333560398,-0.0013886399567822631,1,2023Q4
2023-10-25,XLV,-0.02575477336872023,0.0002184305145347114,1,2023Q4
2023-10-25,XLY,0.01163321271372264,-0.0007589572966973607,1,2023Q4
2023-10-26,XLB,-0.009597559551209445,-0.0004037903874243449,1,2023Q4
2023-10-26,XLC,0.006712706888340136,0.00010800166488827912,1,2023Q4
2023-10-26,XLE,-0.034337313317553964,0.003944510976285363,1,2023Q4
2023-10-26,XLF,-0.0032409471895153974,-0.0018356570530352959,1,2023Q4
2023-10-26,XLI,-0.009093855514476834,0.0005013633969453515,1,2023Q4
2023-10-26,XLK,0.017162099403395414,0.0014536968831006976,1,2023Q4
2023-10-26,XLP,-0.026806770896456777,-0.0010044694746543258,1,2023Q4
2023-10-26,XLRE,-0.0006353886836996114,-0.0030849048144935914,1,2023Q4
2023-10-26,XLU,-0.016742843955817488,-0.0013886399567822631,1,2023Q4
2023-10-26,XLV,-0.03200534452996595,0.0002184305145347114,1,2023Q4
2023-10-26,XLY,0.023139009523249543,-0.0007589572966973607,1,2023Q4
2023-10-27,XLB,-0.007229854804667202,-0.0004037903874243449,1,2023Q4
2023-10-27,XLC,0.012387154093640884,0.00010800166488827912,1,2023Q4
2023-10-27,XLE,-0.034240922169518795,0.003944510976285363,1,2023Q4
2023-10-27,XLF,0.01562183964770214,-0.0018356570530352959,1,2023Q4
2023-10-27,XLI,-0.004959241103676515,0.0005013633969453515,1,2023Q4
2023-10-27,XLK,0.007573724940319826,0.0014536968831006976,1,2023Q4
2023-10-27,XLP,-0.02587164082763116,-0.0010044694746543258,1,2023Q4
2023-10-27,XLRE,0.026852836077353004,-0.0030849048144935914,1,2023Q4
2023-10-27,XLU,-0.005169272274307968,-0.0013886399567822631,1,2023Q4
2023-10-27,XLV,-0.02378803234774929,0.0002184305145347114,1,2023Q4
2023-10-27,XLY,0.01259688888403021,-0.0007589572966973607,1,2023Q4
2023-10-30,XLB,-0.012971419892266134,-0.0004037903874243449,1,2023Q4
2023-10-30,XLC,-0.001929193141927854,0.00010800166488827912,1,2023Q4
2023-10-30,XLE,-0.03906100618739128,0.003944510976285363,1,2023Q4
2023-10-30,XLF,0.003806221405446175,-0.0018356570530352959,1,2023Q4
2023-10-30,XLI,-0.01057308652538902,0.0005013633969453515,1,2023Q4
2023-10-30,XLK,0.013286851738863126,0.0014536968831006976,1,2023Q4
2023-10-30,XLP,-0.030027205205082286,-0.0010044694746543258,1,2023Q4
2023-10-30,XLRE,0.018815302254121757,-0.0030849048144935914,1,2023Q4
2023-10-30,XLU,-0.005783021733024585,-0.0013886399567822631,1,2023Q4
2023-10-30,XLV,-0.012590122475119037,0.0002184305145347114,1,2023Q4
2023-10-30,XLY,0.014300631687606424,-0.0007589572966973607,1,2023Q4
2023-10-31,XLB,-0.034006220767842654,-0.0004037903874243449,1,2023Q4
2023-10-31,XLC,0.00187536318757342,0.00010800166488827912,1,2023Q4
2023-10-31,XLE,-0.06110365223508896,0.003944510976285363,1,2023Q4
2023-10-31,XLF,-0.005541200471264496,-0.0018356570530352959,1,2023Q4
2023-10-31,XLI,-0.017133665475831616,0.0005013633969453515,1,2023Q4
2023-10-31,XLK,0.020879544472609313,0.0014536968831006976,1,2023Q4
2023-10-31,XLP,-0.027545803855604678,-0.0010044694746543258,1,2023Q4
2023-10-31,XLRE,-0.007324947516402558,-0.0030849048144935914,1,2023Q4
2023-10-31,XLU,-0.018652152172483172,-0.0013886399567822631,1,2023Q4
2023-10-31,XLV,-0.01419460246898474,0.0002184305145347114,1,2023Q4
2023-10-31,XLY,0.021682244841940257,-0.0007589572966973607,1,2023Q4
2023-11-01,XLB,-0.021116055358799013,-0.0004037903874243449,1,2023Q4
2023-11-01,XLC,-0.007871078433396406,0.00010800166488827912,1,2023Q4
2023-11-01,XLE,-0.06087551380324152,0.003944510976285363,1,2023Q4
2023-11-01,XLF,-0.0007460608014380199,-0.0018356570530352959,1,2023Q4
2023-11-01,XLI,-0.00786766810566486,0.0005013633969453515,1,2023Q4
2023-11-01,XLK,0.016862272311817694,0.0014536968831006976,1,2023Q4
2023-11-01,XLP,-0.020210576798686875,-0.0010044694746543258,1,2023Q4
2023-11-01,XLRE,0.003653055886864598,-0.0030849048144935914,1,2023Q4
2023-11-01,XLU,-0.027396728831647232,-0.0013886399567822631,1,2023Q4
2023-11-01,XLV,-0.007516266787755743,0.0002184305145347114,1,2023Q4
2023-11-01,XLY,0.016136457425512285,-0.0007589572966973607,1,2023Q4
2023-11-02,XLB,-0.021459809012334907,-0.0004037903874243449,1,2023Q4
2023-11-02,XLC,0.005774403440080622,0.00010800166488827912,1,2023Q4
2023-11-02,XLE,-0.06493909794118691,0.003944510976285363,1,2023Q4
2023-11-02,XLF,-0.0014512929896144389,-0.0018356570530352959,1,2023Q4
2023-11-02,XLI,-0.0033769430100420994,0.0005013633969453515,1,2023Q4
2023-11-02,XLK,0.021906961069825925,0.0014536968831006976,1,2023Q4
2023-11-02,XLP,-0.009917009195433923,-0.0010044694746543258,1,2023Q4
2023-11-02,XLRE,-0.015604963713195641,-0.0030849048144935914,1,2023Q4
2023-11-02,XLU,-0.03154039712000789,-0.0013886399567822631,1,2023Q4
2023-11-02,XLV,-0.017088629317900117,0.0002184305145347114,1,2023Q4
2023-11-02,XLY,-0.0023400266352904264,-0.0007589572966973607,1,2023Q4
2023-11-03,XLB,-0.03176841218518567,-0.0004037903874243449,1,2023Q4
2023-11-03,XLC,-0.00014939224091459202,0.00010800166488827912,1,2023Q4
2023-11-03,XLE,-0.0513438662158161,0.003944510976285363,1,2023Q4
2023-11-03,XLF,-0.009770469801601456,-0.0018356570530352959,1,2023Q4
2023-11-03,XLI,-0.004268507125088528,0.0005013633969453515,1,2023Q4
2023-11-03,XLK,0.03156041915549346,0.0014536968831006976,1,2023Q4
2023-11-03,XLP,-0.010564355371330603,-0.0010044694746543258,1,2023Q4
2023-11-03,XLRE,-0.03412587889480223,-0.0030849048144935914,1,2023Q4
2023-11-03,XLU,-0.038513824847861144,-0.0013886399567822631,1,2023Q4
2023-11-03,XLV,-0.022566393173415467,0.0002184305145347114,1,2023Q4
2023-11-03,XLY,-0.006254027526662487,-0.0007589572966973607,1,2023Q4
2023-11-06,XLB,-0.024996811883191694,-0.0004037903874243449,1,2023Q4
2023-11-06,XLC,0.003622282682506528,0.00010800166488827912,1,2023Q4
2023-11-06,XLE,-0.03004839786180702,0.003944510976285363,1,2023Q4
2023-11-06,XLF,-0.004984026483996207,-0.0018356570530352959,1,2023Q4
2023-11-06,XLI,0.002599612307722321,0.0005013633969453515,1,2023Q4
2023-11-06,XLK,0.021946412309140184,0.0014536968831006976,1,2023Q4
2023-11-06,XLP,-0.0056813344578328095,-0.0010044694746543258,1,2023Q4
2023-11-06,XLRE,-0.025633093684390262,-0.0030849048144935914,1,2023Q4
2023-11-06,XLU,-0.04436410093819776,-0.0013886399567822631,1,2023Q4
2023-11-06,XLV,-0.02015223995181492,0.0002184305145347114,1,2023Q4
2023-11-06,XLY,8.172875884771003e-05,-0.0007589572966973607,1,2023Q4
2023-11-07,XLB,0.007462688477758217,-0.0004037903874243449,1,2023Q4
2023-11-07,XLC,-0.0020582824747144013,0.00010800166488827912,1,2023Q4
2023-11-07,XLE,-0.015550767076445204,0.003944510976285363,1,2023Q4
2023-11-07,XLF,-0.0011368551881936195,-0.0018356570530352959,1,2023Q4
2023-11-07,XLI,0.008806602921845208,0.0005013633969453515,1,2023Q4
2023-11-07,XLK,0.014531319070175686,0.0014536968831006976,1,2023Q4
2023-11-07,XLP,-0.014548262890413,-0.0010044694746543258,1,2023Q4
2023-11-07,XLRE,0.01958628025176057,-0.0030849048144935914,1,2023Q4
2023-11-07,XLU,-0.015088246984876541,-0.0013886399567822631,1,2023Q4
2023-11-07,XLV,-0.03082430034661854,0.0002184305145347114,1,2023Q4
2023-11-07,XLY,0.005913674183072759,-0.0007589572966973607,1,2023Q4
2023-11-08,XLB,0.007360708786763537,-0.0004037903874243449,1,2023Q4
2023-11-08,XLC,0.006428452822725639,0.00010800166488827912,1,2023Q4
2023-11-08,XLE,-0.006071177487697144,0.003944510976285363,1,2023Q4
2023-11-08,XLF,0.0018663573380552911,-0.0018356570530352959,1,2023Q4
2023-11-08,XLI,0.007205532058337516,0.0005013633969453515,1,2023Q4
2023-11-08,XLK,0.00855247155105121,0.0014536968831006976,1,2023Q4
2023-11-08,XLP,-0.003849429791344283,-0.0010044694746543258,1,2023Q4
2023-11-08,XLRE,0.014421197918373707,-0.0030849048144935914,1,2023Q4
2023-11-08,XLU,-0.012144778219132846,-0.0013886399567822631,1,2023Q4
2023-11-08,XLV,-0.030066121890983122,0.0002184305145347114,1,2023Q4
2023-11-08,XLY,0.008474292676365236,-0.0007589572966973607,1,2023Q4
2023-11-09,XLB,0.01008926169618185,-0.0004037903874243449,1,2023Q4
2023-11-09,XLC,0.001983706610649838,0.00010800166488827912,1,2023Q4
2023-11-09,XLE,-0.03232435921076915,0.003944510976285363,1,2023Q4
2023-11-09,XLF,0.000992344961884939,-0.0018356570530352959,1,2023Q4
2023-11-09,XLI,0.00030597019866807074,0.0005013633969453515,1,2023Q4
2023-11-09,XLK,0.009263107338115084,0.0014536968831006976,1,2023Q4
2023-11-09,XLP,-0.02171582055316512,-0.0010044694746543258,1,2023Q4
2023-11-09,XLRE,0.021027328795432343,-0.0030849048144935914,1,2023Q4
2023-11-09,XLU,-0.002445571331981311,-0.0013886399567822631,1,2023Q4
2023-11-09,XLV,-0.013957999630260343,0.0002184305145347114,1,2023Q4
2023-11-09,XLY,0.00801348636517174,-0.0007589572966973607,1,2023Q4
2023-11-10,XLB,0.014512006563618174,-0.0004037903874243449,1,2023Q4
2023-11-10,XLC,0.00026356571987884436,0.00010800166488827912,1,2023Q4
2023-11-10,XLE,-0.0077584508410089015,0.003944510976285363,1,2023Q4
2023-11-10,XLF,0.00933447598126591,-0.0018356570530352959,1,2023Q4
2023-11-10,XLI,0.006734770246882293,0.0005013633969453515,1,2023Q4
2023-11-10,XLK,-0.004833387888230289,0.0014536968831006976,1,2023Q4
2023-11-10,XLP,-0.015418717780575353,-0.0010044694746543258,1,2023Q4
2023-11-10,XLRE,0.022839255622635557,-0.0030849048144935914,1,2023Q4
2023-11-10,XLU,0.009554818563870526,-0.0013886399567822631,1,2023Q4
2023-11-10,XLV,-0.00742364838172338,0.0002184305145347114,1,2023Q4
2023-11-10,XLY,0.012459483974945451,-0.0007589572966973607,1,2023Q4
2023-11-13,XLB,0.008942678547679161,-0.0004037903874243449,1,2023Q4
2023-11-13,XLC,0.005214515628843008,0.00010800166488827912,1,2023Q4
2023-11-13,XLE,-0.02244079444771474,0.003944510976285363,1,2023Q4
2023-11-13,XLF,0.006134580477766383,-0.0018356570530352959,1,2023Q4
2023-11-13,XLI,9.030988301539367e-05,0.0005013633969453515,1,2023Q4
2023-11-13,XLK,0.007146744282259032,0.0014536968831006976,1,2023Q4
2023-11-13,XLP,-0.028205158668868746,-0.0010044694746543258,1,2023Q4
2023-11-13,XLRE,0.031086383052799205,-0.0030849048144935914,1,2023Q4
2023-11-13,XLU,0.009982838405197425,-0.0013886399567822631,1,2023Q4
2023-11-13,XLV,-0.01597921835113092,0.0002184305145347114,1,2023Q4
2023-11-13,XLY,0.00449775492559934,-0.0007589572966973607,1,2023Q4
2023-11-14,XLB,0.004845464518975495,-0.0004037903874243449,1,2023Q4
2023-11-14,XLC,0.007022122469412029,0.00010800166488827912,1,2023Q4
2023-11-14,XLE,-0.011769165070732224,0.003944510976285363,1,2023Q4
2023-11-14,XLF,0.00814342700510351,-0.0018356570530352959,1,2023Q4
2023-11-14,XLI,0.0008663205726462397,0.0005013633969453515,1,2023Q4
2023-11-14,XLK,0.00037475695647559704,0.0014536968831006976,1,2023Q4
2023-11-14,XLP,-0.013551410223585192,-0.0010044694746543258,1,2023Q4
2023-11-14,XLRE,-0.006500302882874065,-0.0030849048144935914,1,2023Q4
2023-11-14,XLU,-0.006083883347464791,-0.0013886399567822631,1,2023Q4
2023-11-14,XLV,0.005133613282213512,0.0002184305145347114,1,2023Q4
2023-11-14,XLY,-0.009998075207085177,-0.0007589572966973607,1,2023Q4
2023-11-15,XLB,-0.0007333986213262644,-0.0004037903874243449,1,2023Q4
2023-11-15,XLC,0.0086208039595983,0.00010800166488827912,1,2023Q4
2023-11-15,XLE,-0.012111517809564876,0.003944510976285363,1,2023Q4
2023-11-15,XLF,0.004844404520399914,-0.0018356570530352959,1,2023Q4
2023-11-15,XLI,-0.0008190684909801238,0.0005013633969453515,1,2023Q4
2023-11-15,XLK,0.001840804758687531,0.0014536968831006976,1,2023Q4
2023-11-15,XLP,-0.016133450437872954,-0.0010044694746543258,1,2023Q4
2023-11-15,XLRE,-0.00743313451055716,-0.0030849048144935914,1,2023Q4
2023-11-15,XLU,0.00010093671401212312,-0.0013886399567822631,1,2023Q4
2023-11-15,XLV,0.00742779596830756,0.0002184305145347114,1,2023Q4
2023-11-15,XLY,-0.00990789807542547,-0.0007589572966973607,1,2023Q4
2023-11-16,XLB,0.00122036699298822,-0.0004037903874243449,1,2023Q4
2023-11-16,XLC,0.0012961665356834295,0.00010800166488827912,1,2023Q4
2023-11-16,XLE,0.012608889995103567,0.003944510976285363,1,2023Q4
2023-11-16,XLF,0.004530073693345571,-0.0018356570530352959,1,2023Q4
2023-11-16,XLI,0.002080045647295803,0.0005013633969453515,1,2023Q4
2023-11-16,XLK,-0.0045462042441619666,0.0014536968831006976,1,2023Q4
2023-11-16,XLP,0.0006678040581435951,-0.0010044694746543258,1,2023Q4
2023-11-16,XLRE,-0.002652191289831851,-0.0030849048144935914,1,2023Q4
2023-11-16,XLU,-0.002085122294008368,-0.0013886399567822631,1,2023Q4
2023-11-16,XLV,0.009126607391164665,0.0002184305145347114,1,2023Q4
2023-11-16,XLY,0.002049936347322756,-0.0007589572966973607,1,2023Q4
2023-11-17,XLB,0.0011578361305621954,-0.0004037903874243449,1,2023Q4
2023-11-17,XLC,-0.0017634803930608456,0.00010800166488827912,1,2023Q4
2023-11-17,XLE,-0.00889409584309342,0.003944510976285363,1,2023Q4
2023-11-17,XLF,-0.0010448127628985837,-0.0018356570530352959,1,2023Q4
2023-11-17,XLI,-0.006954685632962976,0.0005013633969453515,1,2023Q4
2023-11-17,XLK,0.0005671055574061334,0.0014536968831006976,1,2023Q4
2023-11-17,XLP,0.00217557337844565,-0.0010044694746543258,1,2023Q4
2023-11-17,XLRE,0.005158824039073195,-0.0030849048144935914,1,2023Q4
2023-11-17,XLU,-0.00015865905106560163,-0.0013886399567822631,1,2023Q4
2023-11-17,XLV,0.00787674849528841,0.0002184305145347114,1,2023Q4
2023-11-17,XLY,1.1091639122495778e-05,-0.0007589572966973607,1,2023Q4
2023-11-20,XLB,0.008100997138925647,-0.0004037903874243449,1,2023Q4
2023-11-20,XLC,-0.0038740230642997364,0.00010800166488827912,1,2023Q4
2023-11-20,XLE,-0.003361496233642458,0.003944510976285363,1,2023Q4
2023-11-20,XLF,0.001370023959684108,-0.0018356570530352959,1,2023Q4
2023-11-20,XLI,-0.005628612650364406,0.0005013633969453515,1,2023Q4
2023-11-20,XLK,-0.005249528572371487,0.0014536968831006976,1,2023Q4
2023-11-20,XLP,0.014222078354607648,-0.0010044694746543258,1,2023Q4
2023-11-20,XLRE,0.009559556504933342,-0.0030849048144935914,1,2023Q4
2023-11-20,XLU,0.012856796773687895,-0.0013886399567822631,1,2023Q4
2023-11-20,XLV,0.0032526564790105184,0.0002184305145347114,1,2023Q4
2023-11-20,XLY,0.007334597555836542,-0.0007589572966973607,1,2023Q4
2023-11-21,XLB,0.007945587687733457,-0.0004037903874243449,1,2023Q4
2023-11-21,XLC,-0.00918682495980927,0.00010800166488827912,1,2023Q4
2023-11-21,XLE,-0.010046817699939203,0.003944510976285363,1,2023Q4
2023-11-21,XLF,0.007576013203381526,-0.0018356570530352959,1,2023Q4
2023-11-21,XLI,-0.002578402119635337,0.0005013633969453515,1,2023Q4
2023-11-21,XLK,0.0021537888972340546,0.0014536968831006976,1,2023Q4
2023-11-21,XLP,0.001494530191559429,-0.0010044694746543258,1,2023Q4
2023-11-21,XLRE,0.020886233052173298,-0.0030849048144935914,1,2023Q4
2023-11-21,XLU,0.0012217538076313428,-0.0013886399567822631,1,2023Q4
2023-11-21,XLV,-0.003957759042476416,0.0002184305145347114,1,2023Q4
2023-11-21,XLY,0.00569680483213908,-0.0007589572966973607,1,2023Q4
2023-11-22,XLB,0.017271734806324268,-0.0004037903874243449,1,2023Q4
2023-11-22,XLC,-0.023117103384516002,0.00010800166488827912,1,2023Q4
2023-11-22,XLE,-0.0030328337215945744,0.003944510976285363,1,2023Q4
2023-11-22,XLF,0.0148293721190631,-0.0018356570530352959,1,2023Q4
2023-11-22,XLI,0.0061112085106829195,0.0005013633969453515,1,2023Q4
2023-11-22,XLK,-0.0009221014598639332,0.0014536968831006976,1,2023Q4
2023-11-22,XLP,0.0042373017024965876,-0.0010044694746543258,1,2023Q4
2023-11-22,XLRE,0.02598872515071049,-0.0030849048144935914,1,2023Q4
2023-11-22,XLU,0.000645400725870493,-0.0013886399567822631,1,2023Q4
2023-11-22,XLV,0.003714080331920666,0.0002184305145347114,1,2023Q4
2023-11-22,XLY,0.0011318497624606128,-0.0007589572966973607,1,2023Q4
2023-11-24,XLB,0.019143992668422705,-0.0004037903874243449,1,2023Q4
2023-11-24,XLC,-0.023143214169776827,0.00010800166488827912,1,2023Q4
2023-11-24,XLE,-0.00728644917822141,0.003944510976285363,1,2023Q4
2023-11-24,XLF,0.013982854036070691,-0.0018356570530352959,1,2023Q4
2023-11-24,XLI,0.01422297252500293,0.0005013633969453515,1,2023Q4
2023-11-24,XLK,-0.002001587077505862,0.0014536968831006976,1,2023Q4
2023-11-24,XLP,-0.000676780251641862,-0.0010044694746543258,1,2023Q4
2023-11-24,XLRE,0.038184691605767096,-0.0030849048144935914,1,2023Q4
2023-11-24,XLU,0.005053120832020586,-0.0013886399567822631,1,2023Q4
2023-11-24,XLV,-0.0030079314125175394,0.0002184305145347114,1,2023Q4
2023-11-24,XLY,0.008593940193373228,-0.0007589572966973607,1,2023Q4
2023-11-27,XLB,0.011923278541841054,-0.0004037903874243449,1,2023Q4
2023-11-27,XLC,-0.023438990642899782,0.00010800166488827912,1,2023Q4
2023-11-27,XLE,-0.004862700228832839,0.003944510976285363,1,2023Q4
2023-11-27,XLF,0.019811151160844087,-0.0018356570530352959,1,2023Q4
2023-11-27,XLI,0.025211065611908667,0.0005013633969453515,1,2023Q4
2023-11-27,XLK,-0.010719533200633347,0.0014536968831006976,1,2023Q4
2023-11-27,XLP,0.0069589775948391,-0.0010044694746543258,1,2023Q4
2023-11-27,XLRE,0.0436969705530601,-0.0030849048144935914,1,2023Q4
2023-11-27,XLU,0.0029410901836532943,-0.0013886399567822631,1,2023Q4
2023-11-27,XLV,0.00872029416914133,0.0002184305145347114,1,2023Q4
2023-11-27,XLY,0.006590625983261544,-0.0007589572966973607,1,2023Q4
2023-11-28,XLB,-0.0028086130732318804,-0.0004037903874243449,1,2023Q4
2023-11-28,XLC,-0.029134184846291378,0.00010800166488827912,1,2023Q4
2023-11-28,XLE,-0.02139091805001614,0.003944510976285363,1,2023Q4
2023-11-28,XLF,0.016187261605050907,-0.0018356570530352959,1,2023Q4
2023-11-28,XLI,0.0205020129612683,0.0005013633969453515,1,2023Q4
2023-11-28,XLK,-0.005457091987594032,0.0014536968831006976,1,2023Q4
2023-11-28,XLP,-0.004379812614158651,-0.0010044694746543258,1,2023Q4
2023-11-28,XLRE,0.0348011383188378,-0.0030849048144935914,1,2023Q4
2023-11-28,XLU,-0.006210980151211243,-0.0013886399567822631,1,2023Q4
2023-11-28,XLV,0.013839133345889154,0.0002184305145347114,1,2023Q4
2023-11-28,XLY,0.0037636111230594516,-0.0007589572966973607,1,2023Q4
2023-11-29,XLB,-0.006702502166261004,-0.0004037903874243449,1,2023Q4
2023-11-29,XLC,-0.021276091647650763,0.00010800166488827912,1,2023Q4
2023-11-29,XLE,-0.025443021463720572,0.003944510976285363,1,2023Q4
2023-11-29,XLF,0.0072756806561637966,-0.0018356570530352959,1,2023Q4
2023-11-29,XLI,0.024507141952034184,0.0005013633969453515,1,2023Q4
2023-11-29,XLK,-0.011309454471765235,0.0014536968831006976,1,2023Q4
2023-11-29,XLP,0.0045299668076064226,-0.0010044694746543258,1,2023Q4
2023-11-29,XLRE,0.026748303013650165,-0.0030849048144935914,1,2023Q4
2023-11-29,XLU,0.01855306813675206,-0.0013886399567822631,1,2023Q4
2023-11-29,XLV,0.01763735098659769,0.0002184305145347114,1,2023Q4
2023-11-29,XLY,0.01132547224679148,-0.0007589572966973607,1,2023Q4
2023-11-30,XLB,-0.013474511434193204,-0.0004037903874243449,1,2023Q4
2023-11-30,XLC,0.0014368262967956458,0.00010800166488827912,1,2023Q4
2023-11-30,XLE,-0.04219833775759363,0.003944510976285363,1,2023Q4
2023-11-30,XLF,-0.0028954345379488267,-0.0018356570530352959,1,2023Q4
2023-11-30,XLI,0.010656403238634926,0.0005013633969453515,1,2023Q4
2023-11-30,XLK,-0.004441699426073864,0.0014536968831006976,1,2023Q4
2023-11-30,XLP,-0.00485877737709306,-0.0010044694746543258,1,2023Q4
2023-11-30,XLRE,0.016135403653015024,-0.0030849048144935914,1,2023Q4
2023-11-30,XLU,0.008259320455651142,-0.0013886399567822631,1,2023Q4
2023-11-30,XLV,0.00010276509128548383,0.0002184305145347114,1,2023Q4
2023-11-30,XLY,0.01743839820108173,-0.0007589572966973607,1,2023Q4
2023-12-01,XLB,-0.019432584840034517,-0.0004037903874243449,1,2023Q4
2023-12-01,XLC,0.005757347850011474,0.00010800166488827912,1,2023Q4
2023-12-01,XLE,-0.03521180020373671,0.003944510976285363,1,2023Q4
2023-12-01,XLF,-0.00350188101674076,-0.0018356570530352959,1,2023Q4
2023-12-01,XLI,-0.00037281761378538114,0.0005013633969453515,1,2023Q4
2023-12-01,XLK,0.003423600469944832,0.0014536968831006976,1,2023Q4
2023-12-01,XLP,-0.014235315625801492,-0.0010044694746543258,1,2023Q4
2023-12-01,XLRE,-0.005289967428236841,-0.0030849048144935914,1,2023Q4
2023-12-01,XLU,-0.004284863557910024,-0.0013886399567822631,1,2023Q4
2023-12-01,XLV,-0.000575465723010149,0.0002184305145347114,1,2023Q4
2023-12-01,XLY,0.009878249468642686,-0.0007589572966973607,1,2023Q4
2023-12-04,XLB,-0.010027193521794375,-0.0004037903874243449,1,2023Q4
2023-12-04,XLC,-0.0010576377201991782,0.00010800166488827912,1,2023Q4
2023-12-04,XLE,-0.038782370398579236,0.003944510976285363,1,2023Q4
2023-12-04,XLF,-0.005516123834474751,-0.0018356570530352959,1,2023Q4
2023-12-04,XLI,-0.0016897121101335788,0.0005013633969453515,1,2023Q4
2023-12-04,XLK,0.015505816175474418,0.0014536968831006976,1,2023Q4
2023-12-04,XLP,-0.015265156357171739,-0.0010044694746543258,1,2023Q4
2023-12-04,XLRE,-0.016576465704195242,-0.0030849048144935914,1,2023Q4
2023-12-04,XLU,-0.0030717445509280683,-0.0013886399567822631,1,2023Q4
2023-12-04,XLV,-0.005094041117158943,0.0002184305145347114,1,2023Q4
2023-12-04,XLY,0.007228360687213664,-0.0007589572966973607,1,2023Q4
2023-12-05,XLB,0.004989629030627718,-0.0004037903874243449,1,2023Q4
2023-12-05,XLC,0.0030255435878372428,0.00010800166488827912,1,2023Q4
2023-12-05,XLE,-0.03987734909046947,0.003944510976285363,1,2023Q4
2023-12-05,XLF,0.0019330761259523932,-0.0018356570530352959,1,2023Q4
2023-12-05,XLI,0.006343589102395963,0.0005013633969453515,1,2023Q4
2023-12-05,XLK,0.01133695995585704,0.0014536968831006976,1,2023Q4
2023-12-05,XLP,-0.008905891793610454,-0.0010044694746543258,1,2023Q4
2023-12-05,XLRE,-0.01747672773399489,-0.0030849048144935914,1,2023Q4
2023-12-05,XLU,-0.004807102075286895,-0.0013886399567822631,1,2023Q4
2023-12-05,XLV,-0.0042962733620293125,0.0002184305145347114,1,2023Q4
2023-12-05,XLY,0.0037804058302599586,-0.0007589572966973607,1,2023Q4
2023-12-06,XLB,0.0014021502225889382,-0.0004037903874243449,1,2023Q4
2023-12-06,XLC,-0.0028841127200447403,0.00010800166488827912,1,2023Q4
2023-12-06,XLE,-0.029484084244747688,0.003944510976285363,1,2023Q4
2023-12-06,XLF,0.005365971594647467,-0.0018356570530352959,1,2023Q4
2023-12-06,XLI,-0.005031862336575932,0.0005013633969453515,1,2023Q4
2023-12-06,XLK,0.01105168571524695,0.0014536968831006976,1,2023Q4
2023-12-06,XLP,-0.006162161161212154,-0.0010044694746543258,1,2023Q4
2023-12-06,XLRE,0.004143939130595964,-0.0030849048144935914,1,2023Q4
2023-12-06,XLU,0.0013550400190378564,-0.0013886399567822631,1,2023Q4
2023-12-06,XLV,-0.004613935850034112,0.0002184305145347114,1,2023Q4
2023-12-06,XLY,-0.0025630054786782708,-0.0007589572966973607,1,2023Q4
2023-12-07,XLB,0.01598926253124544,-0.0004037903874243449,1,2023Q4
2023-12-07,XLC,-0.015104308594278137,0.00010800166488827912,1,2023Q4
2023-12-07,XLE,0.01172247973050311,0.003944510976285363,1,2023Q4
2023-12-07,XLF,0.015281132254907792,-0.0018356570530352959,1,2023Q4
2023-12-07,XLI,0.011816920384369656,0.0005013633969453515,1,2023Q4
2023-12-07,XLK,0.0005091357508768546,0.0014536968831006976,1,2023Q4
2023-12-07,XLP,-0.02100707866004159,-0.0010044694746543258,1,2023Q4
2023-12-07,XLRE,0.036015179961239596,-0.0030849048144935914,1,2023Q4
2023-12-07,XLU,-0.005359500326056699,-0.0013886399567822631,1,2023Q4
2023-12-07,XLV,-0.0038302928671036796,0.0002184305145347114,1,2023Q4
2023-12-07,XLY,0.007282753931664665,-0.0007589572966973607,1,2023Q4
2023-12-08,XLB,0.019706753515378983,-0.0004037903874243449,1,2023Q4
2023-12-08,XLC,-0.012177452334054095,0.00010800166488827912,1,2023Q4
2023-12-08,XLE,0.005334094070420736,0.003944510976285363,1,2023Q4
2023-12-08,XLF,0.013927752323235731,-0.0018356570530352959,1,2023Q4
2023-12-08,XLI,0.017422179975379537,0.0005013633969453515,1,2023Q4
2023-12-08,XLK,0.0071617639724794735,0.0014536968831006976,1,2023Q4
2023-12-08,XLP,-0.0037216707513263447,-0.0010044694746543258,1,2023Q4
2023-12-08,XLRE,0.03556977062857847,-0.0030849048144935914,1,2023Q4
2023-12-08,XLU,-0.011007785744299836,-0.0013886399567822631,1,2023Q4
2023-12-08,XLV,-0.004014259028677358,0.0002184305145347114,1,2023Q4
2023-12-08,XLY,0.014920312326267116,-0.0007589572966973607,1,2023Q4
2023-12-11,XLB,0.005061235553383003,-0.0004037903874243449,1,2023Q4
2023-12-11,XLC,0.0038481868633810645,0.00010800166488827912,1,2023Q4
2023-12-11,XLE,0.0008683461844087859,0.003944510976285363,1,2023Q4
2023-12-11,XLF,0.004257498204719434,-0.0018356570530352959,1,2023Q4
2023-12-11,XLI,0.000215982636381451,0.0005013633969453515,1,2023Q4
2023-12-11,XLK,-0.0026951940301727095,0.0014536968831006976,1,2023Q4
2023-12-11,XLP,-0.012277531196493996,-0.0010044694746543258,1,2023Q4
2023-12-11,XLRE,0.016262644362769585,-0.0030849048144935914,1,2023Q4
2023-12-11,XLU,-0.030846950043599386,-0.0013886399567822631,1,2023Q4
2023-12-11,XLV,-0.01528355919383606,0.0002184305145347114,1,2023Q4
2023-12-11,XLY,0.014965609629025822,-0.0007589572966973607,1,2023Q4
2023-12-12,XLB,0.006982547020680796,-0.0004037903874243449,1,2023Q4
2023-12-12,XLC,0.008468858578163374,0.00010800166488827912,1,2023Q4
2023-12-12,XLE,0.025996366716447783,0.003944510976285363,1,2023Q4
2023-12-12,XLF,0.003080779303926473,-0.0018356570530352959,1,2023Q4
2023-12-12,XLI,0.0019263089851324633,0.0005013633969453515,1,2023Q4
2023-12-12,XLK,-0.007102733464388944,0.0014536968831006976,1,2023Q4
2023-12-12,XLP,-0.015114525872745421,-0.0010044694746543258,1,2023Q4
2023-12-12,XLRE,0.022097783393695725,-0.0030849048144935914,1,2023Q4
2023-12-12,XLU,-0.022669569352647745,-0.0013886399567822631,1,2023Q4
2023-12-12,XLV,-0.014378175807810756,0.0002184305145347114,1,2023Q4
2023-12-12,XLY,0.018307428161441708,-0.0007589572966973607,1,2023Q4
2023-12-13,XLB,0.00690374981023234,-0.0004037903874243449,1,2023Q4
2023-12-13,XLC,0.0188672546366232,0.00010800166488827912,1,2023Q4
2023-12-13,XLE,0.029903610996052543,0.003944510976285363,1,2023Q4
2023-12-13,XLF,-0.0033036234616572457,-0.0018356570530352959,1,2023Q4
2023-12-13,XLI,0.002165349840918429,0.0005013633969453515,1,2023Q4
2023-12-13,XLK,-0.0032930794052152823,0.0014536968831006976,1,2023Q4
2023-12-13,XLP,-0.02442306307259723,-0.0010044694746543258,1,2023Q4
2023-12-13,XLRE,0.0006999789617914143,-0.0030849048144935914,1,2023Q4
2023-12-13,XLU,-0.05072728198392862,-0.0013886399567822631,1,2023Q4
2023-12-13,XLV,-0.01906789309418999,0.0002184305145347114,1,2023Q4
2023-12-13,XLY,0.013997590123033254,-0.0007589572966973607,1,2023Q4
2023-12-14,XLB,-0.005209344853931319,-0.0004037903874243449,1,2023Q4
2023-12-14,XLC,0.018201087912582015,0.00010800166488827912,1,2023Q4
2023-12-14,XLE,-0.001697821636322261,0.003944510976285363,1,2023Q4
2023-12-14,XLF,-0.009713097742360066,-0.0018356570530352959,1,2023Q4
2023-12-14,XLI,-0.006586866571722472,0.0005013633969453515,1,2023Q4
2023-12-14,XLK,0.004095469699425536,0.0014536968831006976,1,2023Q4
2023-12-14,XLP,-0.009322585822032048,-0.0010044694746543258,1,2023Q4
2023-12-14,XLRE,-0.024183493104786513,-0.0030849048144935914,1,2023Q4
2023-12-14,XLU,-0.04278287798258329,-0.0013886399567822631,1,2023Q4
2023-12-14,XLV,-0.008556652739553305,0.0002184305145347114,1,2023Q4
2023-12-14,XLY,0.00955359935335287,-0.0007589572966973607,1,2023Q4
2023-12-15,XLB,-0.004155884750944638,-0.0004037903874243449,1,2023Q4
2023-12-15,XLC,0.013183448873290704,0.00010800166488827912,1,2023Q4
2023-12-15,XLE,-0.0011381814094590936,0.003944510976285363,1,2023Q4
2023-12-15,XLF,-0.009472348445336953,-0.0018356570530352959,1,2023Q4
2023-12-15,XLI,-0.008231331762549754,0.0005013633969453515,1,2023Q4
2023-12-15,XLK,-0.007378841396798341,0.0014536968831006976,1,2023Q4
2023-12-15,XLP,-0.00948535198485534,-0.0010044694746543258,1,2023Q4
2023-12-15,XLRE,-0.01595461082820182,-0.0030849048144935914,1,2023Q4
2023-12-15,XLU,-0.030308253160545084,-0.0013886399567822631,1,2023Q4
2023-12-15,XLV,-0.0027943544179451774,0.0002184305145347114,1,2023Q4
2023-12-15,XLY,-0.007697998473980672,-0.0007589572966973607,1,2023Q4
2023-12-18,XLB,0.007431320647692585,-0.0004037903874243449,1,2023Q4
2023-12-18,XLC,0.008516335411820286,0.00010800166488827912,1,2023Q4
2023-12-18,XLE,0.010378232811981247,0.003944510976285363,1,2023Q4
2023-12-18,XLF,-0.002433737553019899,-0.0018356570530352959,1,2023Q4
2023-12-18,XLI,0.00581499389588136,0.0005013633969453515,1,2023Q4
2023-12-18,XLK,-0.0025847002230967586,0.0014536968831006976,1,2023Q4
2023-12-18,XLP,-0.006677284919579307,-0.0010044694746543258,1,2023Q4
2023-12-18,XLRE,0.006137528150917282,-0.0030849048144935914,1,2023Q4
2023-12-18,XLU,-0.011434619586614514,-0.0013886399567822631,1,2023Q4
2023-12-18,XLV,0.003714330938851429,0.0002184305145347114,1,2023Q4
2023-12-18,XLY,-0.006463772414913249,-0.0007589572966973607,1,2023Q4
2023-12-19,XLB,0.004905063526566611,-0.0004037903874243449,1,2023Q4
2023-12-19,XLC,0.002694205985566356,0.00010800166488827912,1,2023Q4
2023-12-19,XLE,-0.0018735887647871596,0.003944510976285363,1,2023Q4
2023-12-19,XLF,-0.0024522948732861316,-0.0018356570530352959,1,2023Q4
2023-12-19,XLI,0.003810650121958803,0.0005013633969453515,1,2023Q4
2023-12-19,XLK,-0.002166885863654766,0.0014536968831006976,1,2023Q4
2023-12-19,XLP,0.0002550292142344812,-0.0010044694746543258,1,2023Q4
2023-12-19,XLRE,0.009316443073219771,-0.0030849048144935914,1,2023Q4
2023-12-19,XLU,-0.013424192254713363,-0.0013886399567822631,1,2023Q4
2023-12-19,XLV,0.005467284845601439,0.0002184305145347114,1,2023Q4
2023-12-19,XLY,-0.0065487805440374025,-0.0007589572966973607,1,2023Q4
2023-12-20,XLB,0.0021920016757366323,-0.0004037903874243449,1,2023Q4
2023-12-20,XLC,-0.0011715489509120935,0.00010800166488827912,1,2023Q4
2023-12-20,XLE,-0.02238670520266317,0.003944510976285363,1,2023Q4
2023-12-20,XLF,0.004219403275483202,-0.0018356570530352959,1,2023Q4
2023-12-20,XLI,0.0061357309455798426,0.0005013633969453515,1,2023Q4
2023-12-20,XLK,-7.694769667310197e-05,0.0014536968831006976,1,2023Q4
2023-12-20,XLP,0.006074684971198119,-0.0010044694746543258,1,2023Q4
2023-12-20,XLRE,0.014107272796380244,-0.0030849048144935914,1,2023Q4
2023-12-20,XLU,-0.00018580450051097763,-0.0013886399567822631,1,2023Q4
2023-12-20,XLV,0.008441843149245454,0.0002184305145347114,1,2023Q4
2023-12-20,XLY,-0.007783840844549195,-0.0007589572966973607,1,2023Q4
2023-12-21,XLB,3.389485815130655e-06,-0.0004037903874243449,1,2023Q4
2023-12-21,XLC,-0.004695026111646294,0.00010800166488827912,1,2023Q4
2023-12-21,XLE,-0.016025426128032816,0.003944510976285363,1,2023Q4
2023-12-21,XLF,0.0036035947034436244,-0.0018356570530352959,1,2023Q4
2023-12-21,XLI,0.006913024454328731,0.0005013633969453515,1,2023Q4
2023-12-21,XLK,-0.001976112642898764,0.0014536968831006976,1,2023Q4
2023-12-21,XLP,0.013578697386648741,-0.0010044694746543258,1,2023Q4
2023-12-21,XLRE,0.006861646131496535,-0.0030849048144935914,1,2023Q4
2023-12-21,XLU,0.00921975497477101,-0.0013886399567822631,1,2023Q4
2023-12-21,XLV,0.009588315474872156,0.0002184305145347114,1,2023Q4
2023-12-21,XLY,-0.016582807495785,-0.0007589572966973607,1,2023Q4
2023-12-22,XLB,-0.00034200743677792467,-0.0004037903874243449,1,2023Q4
2023-12-22,XLC,-0.0028467311753017643,0.00010800166488827912,1,2023Q4
2023-12-22,XLE,-0.000712930336723816,0.003944510976285363,1,2023Q4
2023-12-22,XLF,0.013359255021360927,-0.0018356570530352959,1,2023Q4
2023-12-22,XLI,-0.0004521590198959258,0.0005013633969453515,1,2023Q4
2023-12-22,XLK,-0.02189290199062044,0.0014536968831006976,1,2023Q4
2023-12-22,XLP,0.024857683136331077,-0.0010044694746543258,1,2023Q4
2023-12-22,XLRE,0.019730191353655502,-0.0030849048144935914,1,2023Q4
2023-12-22,XLU,0.02814128594833376,-0.0013886399567822631,1,2023Q4
2023-12-22,XLV,0.029958989854035223,0.0002184305145347114,1,2023Q4
2023-12-22,XLY,-0.01087068425808313,-0.0007589572966973607,1,2023Q4
2023-12-26,XLB,-0.003368328285161981,-0.0004037903874243449,1,2023Q4
2023-12-26,XLC,0.0019378036051985736,0.00010800166488827912,1,2023Q4
2023-12-26,XLE,0.01920594190121583,0.003944510976285363,1,2023Q4
2023-12-26,XLF,0.013088680405527575,-0.0018356570530352959,1,2023Q4
2023-12-26,XLI,-0.009890805367172795,0.0005013633969453515,1,2023Q4
2023-12-26,XLK,-0.023534591979682884,0.0014536968831006976,1,2023Q4
2023-12-26,XLP,0.02490894657046483,-0.0010044694746543258,1,2023Q4
2023-12-26,XLRE,0.0006792409534744914,-0.0030849048144935914,1,2023Q4
2023-12-26,XLU,0.03807316304005015,-0.0013886399567822631,1,2023Q4
2023-12-26,XLV,0.03829171612292526,0.0002184305145347114,1,2023Q4
2023-12-26,XLY,-0.022583844547716336,-0.0007589572966973607,1,2023Q4
2023-12-27,XLB,-0.003945157926046883,-0.0004037903874243449,1,2023Q4
2023-12-27,XLC,0.003457794223368227,0.00010800166488827912,1,2023Q4
2023-12-27,XLE,0.010932173125450584,0.003944510976285363,1,2023Q4
2023-12-27,XLF,0.018838229263665407,-0.0018356570530352959,1,2023Q4
2023-12-27,XLI,-0.005169874572444,0.0005013633969453515,1,2023Q4
2023-12-27,XLK,-0.02558954923200485,0.0014536968831006976,1,2023Q4
2023-12-27,XLP,0.023823725762268322,-0.0010044694746543258,1,2023Q4
2023-12-27,XLRE,-0.002493351309097669,-0.0030849048144935914,1,2023Q4
2023-12-27,XLU,0.040494526235158035,-0.0013886399567822631,1,2023Q4
2023-12-27,XLV,0.044022295023408486,0.0002184305145347114,1,2023Q4
2023-12-27,XLY,-0.02768296641923751,-0.0007589572966973607,1,2023Q4
2023-12-28,XLB,0.00046570267491319317,-0.0004037903874243449,1,2023Q4
2023-12-28,XLC,0.0038970168173204645,0.00010800166488827912,1,2023Q4
2023-12-28,XLE,0.02613303343115092,0.003944510976285363,1,2023Q4
2023-12-28,XLF,0.019193034852145185,-0.0018356570530352959,1,2023Q4
2023-12-28,XLI,-0.005259532168086722,0.0005013633969453515,1,2023Q4
2023-12-28,XLK,-0.027958543037532646,0.0014536968831006976,1,2023Q4
2023-12-28,XLP,0.020206270650468428,-0.0010044694746543258,1,2023Q4
2023-12-28,XLRE,-0.01147884239802821,-0.0030849048144935914,1,2023Q4
2023-12-28,XLU,0.0360605300185981,-0.0013886399567822631,1,2023Q4
2023-12-28,XLV,0.03953686698918246,0.0002184305145347114,1,2023Q4
2023-12-28,XLY,-0.022175887449601084,-0.0007589572966973607,1,2023Q4
2023-12-29,XLB,-0.008326205300901002,-0.0004037903874243449,1,2023Q4
2023-12-29,XLC,0.008375127228742896,0.00010800166488827912,1,2023Q4
2023-12-29,XLE,-0.00017608536236946026,0.003944510976285363,1,2023Q4
2023-12-29,XLF,0.01186610239140684,-0.0018356570530352959,1,2023Q4
2023-12-29,XLI,-0.014560277862180282,0.0005013633969453515,1,2023Q4
2023-12-29,XLK,-0.01793682822531384,0.0014536968831006976,1,2023Q4
2023-12-29,XLP,0.008574145139552458,-0.0010044694746543258,1,2023Q4
2023-12-29,XLRE,-0.004247625952248146,-0.0030849048144935914,1,2023Q4
2023-12-29,XLU,0.027863570903187362,-0.0013886399567822631,1,2023Q4
2023-12-29,XLV,0.03060360211838975,0.0002184305145347114,1,2023Q4
2023-12-29,XLY,-0.016681955275890226,-0.0007589572966973607,1,2023Q4
2024-01-02,XLB,-0.022042563942712756,-0.0004937990454781914,2,2024Q1
2024-01-02,XLC,0.007916682681062381,1.806369733572157e-05,2,2024Q1
2024-01-02,XLE,-0.03068825830267541,0.002132101410840972,2,2024Q1
2024-01-02,XLF,-0.0028671789692806815,-0.001144344406344163,2,2024Q1
2024-01-02,XLI,-0.011730317266194334,0.0005579223476866299,2,2024Q1
2024-01-02,XLK,0.0059337164132868825,0.0014756648435103141,2,2024Q1
2024-01-02,XLP,-0.0041125077139637645,-0.001239620959043348,2,2024Q1
2024-01-02,XLRE,-0.02436836379595342,-0.0018257692599297555,2,2024Q1
2024-01-02,XLU,0.0008217760528124174,-0.0008861082020945967,2,2024Q1
2024-01-02,XLV,0.00856640784413698,-3.1808264991504526e-05,2,2024Q1
2024-01-02,XLY,-0.015246999886151968,-0.0007649507170699894,2,2024Q1
2024-01-03,XLB,-0.026637329804886756,-0.0004937990454781914,2,2024Q1
2024-01-03,XLC,0.0071820134199338526,1.806369733572157e-05,2,2024Q1
2024-01-03,XLE,-0.06964007564929331,0.002132101410840972,2,2024Q1
2024-01-03,XLF,-0.006692107002880476,-0.001144344406344163,2,2024Q1
2024-01-03,XLI,-0.00559941471056602,0.0005579223476866299,2,2024Q1
2024-01-03,XLK,0.01102202946731956,0.0014756648435103141,2,2024Q1
2024-01-03,XLP,-0.012285115592464368,-0.001239620959043348,2,2024Q1
2024-01-03,XLRE,-0.013027587915571903,-0.0018257692599297555,2,2024Q1
2024-01-03,XLU,-0.01703977403666168,-0.0008861082020945967,2,2024Q1
2024-01-03,XLV,0.000892032913900831,-3.1808264991504526e-05,2,2024Q1
2024-01-03,XLY,-0.0007884474778434569,-0.0007649507170699894,2,2024Q1
2024-01-04,XLB,-0.029267685917510833,-0.0004937990454781914,2,2024Q1
2024-01-04,XLC,0.0044258709820084174,1.806369733572157e-05,2,2024Q1
2024-01-04,XLE,-0.05309416543889167,0.002132101410840972,2,2024Q1
2024-01-04,XLF,-0.01728197814032506,-0.001144344406344163,2,2024Q1
2024-01-04,XLI,-0.012042728440234018,0.0005579223476866299,2,2024Q1
2024-01-04,XLK,0.021041552797055996,0.0014756648435103141,2,2024Q1
2024-01-04,XLP,-0.013867734562222456,-0.001239620959043348,2,2024Q1
2024-01-04,XLRE,-0.022712210336250815,-0.0018257692599297555,2,2024Q1
2024-01-04,XLU,-0.040097713453811856,-0.0008861082020945967,2,2024Q1
2024-01-04,XLV,-0.007703797527124134,-3.1808264991504526e-05,2,2024Q1
2024-01-04,XLY,0.0022318038105533233,-0.0007649507170699894,2,2024Q1
2024-01-05,XLB,-0.029273674406400385,-0.0004937990454781914,2,2024Q1
2024-01-05,XLC,0.005848534594817156,1.806369733572157e-05,2,2024Q1
2024-01-05,XLE,-0.04233947673673455,0.002132101410840972,2,2024Q1
2024-01-05,XLF,-0.022694658848119165,-0.001144344406344163,2,2024Q1
2024-01-05,XLI,-0.012618663048778567,0.0005579223476866299,2,2024Q1
2024-01-05,XLK,0.02538052390772827,0.0014756648435103141,2,2024Q1
2024-01-05,XLP,-0.0077504504002492425,-0.001239620959043348,2,2024Q1
2024-01-05,XLRE,-0.012358206689859763,-0.0018257692599297555,2,2024Q1
2024-01-05,XLU,-0.0374721174561079,-0.0008861082020945967,2,2024Q1
2024-01-05,XLV,-0.008657894170238656,-3.1808264991504526e-05,2,2024Q1
2024-01-05,XLY,-0.010958433122431499,-0.0007649507170699894,2,2024Q1
2024-01-08,XLB,-0.026787412105191755,-0.0004937990454781914,2,2024Q1
2024-01-08,XLC,0.002448472046443717,1.806369733572157e-05,2,2024Q1
2024-01-08,XLE,-0.03641814197052573,0.002132101410840972,2,2024Q1
2024-01-08,XLF,-0.017805088104561384,-0.001144344406344163,2,2024Q1
2024-01-08,XLI,-0.011216007112829551,0.0005579223476866299,2,2024Q1
2024-01-08,XLK,0.020391887541667986,0.0014756648435103141,2,2024Q1
2024-01-08,XLP,-0.0026252920486434794,-0.001239620959043348,2,2024Q1
2024-01-08,XLRE,-0.014001875226349214,-0.0018257692599297555,2,2024Q1
2024-01-08,XLU,-0.03715686083827674,-0.0008861082020945967,2,2024Q1
2024-01-08,XLV,-0.005469102212862231,-3.1808264991504526e-05,2,2024Q1
2024-01-08,XLY,-0.010948227366485486,-0.0007649507170699894,2,2024Q1
2024-01-09,XLB,-0.01862011729208224,-0.0004937990454781914,2,2024Q1
2024-01-09,XLC,0.0023965070468219274,1.806369733572157e-05,2,2024Q1
2024-01-09,XLE,-0.024813734266831644,0.002132101410840972,2,2024Q1
2024-01-09,XLF,-0.009359951970404068,-0.001144344406344163,2,2024Q1
2024-01-09,XLI,-0.01077583546718286,0.0005579223476866299,2,2024Q1
2024-01-09,XLK,0.017796667883693273,0.0014756648435103141,2,2024Q1
2024-01-09,XLP,-0.0018695242521721278,-0.001239620959043348,2,2024Q1
2024-01-09,XLRE,-0.021170636743639393,-0.0018257692599297555,2,2024Q1
2024-01-09,XLU,-0.03930021886388191,-0.0008861082020945967,2,2024Q1
2024-01-09,XLV,-0.0032719559836501544,-3.1808264991504526e-05,2,2024Q1
2024-01-09,XLY,-0.011909713607514694,-0.0007649507170699894,2,2024Q1
2024-01-10,XLB,-0.017432640412632705,-0.0004937990454781914,2,2024Q1
2024-01-10,XLC,0.0020467367424655825,1.806369733572157e-05,2,2024Q1
2024-01-10,XLE,-0.01996347572481183,0.002132101410840972,2,2024Q1
2024-01-10,XLF,-0.012548168202009657,-0.001144344406344163,2,2024Q1
2024-01-10,XLI,-0.005726045110083788,0.0005579223476866299,2,2024Q1
2024-01-10,XLK,0.02642540686617567,0.0014756648435103141,2,2024Q1
2024-01-10,XLP,-0.004262042062909477,-0.001239620959043348,2,2024Q1
2024-01-10,XLRE,-0.0321681859350762,-0.0018257692599297555,2,2024Q1
2024-01-10,XLU,-0.052599002906911996,-0.0008861082020945967,2,2024Q1
2024-01-10,XLV,-0.011132109514512822,-3.1808264991504526e-05,2,2024Q1
2024-01-10,XLY,-0.0173790625967869,-0.0007649507170699894,2,2024Q1
2024-01-11,XLB,-0.026437707599692217,-0.0004937990454781914,2,2024Q1
2024-01-11,XLC,0.006024567202253861,1.806369733572157e-05,2,2024Q1
2024-01-11,XLE,-0.03221088657902349,0.002132101410840972,2,2024Q1
2024-01-11,XLF,-0.005861680085512244,-0.001144344406344163,2,2024Q1
2024-01-11,XLI,-0.009820449089975813,0.0005579223476866299,2,2024Q1
2024-01-11,XLK,0.03185583539252357,0.0014756648435103141,2,2024Q1
2024-01-11,XLP,-0.019929219536176324,-0.001239620959043348,2,2024Q1
2024-01-11,XLRE,-0.02652519204231729,-0.0018257692599297555,2,2024Q1
2024-01-11,XLU,-0.04421226290717395,-0.0008861082020945967,2,2024Q1
2024-01-11,XLV,-0.022772952518988143,-3.1808264991504526e-05,2,2024Q1
2024-01-11,XLY,-0.019522015838006612,-0.0007649507170699894,2,2024Q1
2024-01-12,XLB,-0.02594595895024454,-0.0004937990454781914,2,2024Q1
2024-01-12,XLC,0.0016491107025464746,1.806369733572157e-05,2,2024Q1
2024-01-12,XLE,-0.04093195968129659,0.002132101410840972,2,2024Q1
2024-01-12,XLF,-0.0006385701456348425,-0.001144344406344163,2,2024Q1
2024-01-12,XLI,-0.0034094287438581894,0.0005579223476866299,2,2024Q1
2024-01-12,XLK,0.031625731569419946,0.0014756648435103141,2,2024Q1
2024-01-12,XLP,-0.029312290042758926,-0.001239620959043348,2,2024Q1
2024-01-12,XLRE,-0.03089435744424962,-0.0018257692599297555,2,2024Q1
2024-01-12,XLU,-0.056053315915180923,-0.0008861082020945967,2,2024Q1
2024-01-12,XLV,-0.017404791051571,-3.1808264991504526e-05,2,2024Q1
2024-01-12,XLY,-0.013282648265819041,-0.0007649507170699894,2,2024Q1
2024-01-16,XLB,-0.017877674003304866,-0.0004937990454781914,2,2024Q1
2024-01-16,XLC,0.010839850189323874,1.806369733572157e-05,2,2024Q1
2024-01-16,XLE,-0.02177564707623214,0.002132101410840972,2,2024Q1
2024-01-16,XLF,0.001319829152845342,-0.001144344406344163,2,2024Q1
2024-01-16,XLI,-0.0006344211581832404,0.0005579223476866299,2,2024Q1
2024-01-16,XLK,0.026517973586669408,0.0014756648435103141,2,2024Q1
2024-01-16,XLP,-0.019803372011903297,-0.001239620959043348,2,2024Q1
2024-01-16,XLRE,-0.0369388787387388,-0.0018257692599297555,2,2024Q1
2024-01-16,XLU,-0.050446904183219066,-0.0008861082020945967,2,2024Q1
2024-01-16,XLV,-0.018832170275337345,-3.1808264991504526e-05,2,2024Q1
2024-01-16,XLY,-0.021253648254997204,-0.0007649507170699894,2,2024Q1
2024-01-17,XLB,-0.031034301240986162,-0.0004937990454781914,2,2024Q1
2024-01-17,XLC,0.016819974909686897,1.806369733572157e-05,2,2024Q1
2024-01-17,XLE,-0.0058731274012362444,0.002132101410840972,2,2024Q1
2024-01-17,XLF,0.0004355977639514119,-0.001144344406344163,2,2024Q1
2024-01-17,XLI,-0.0068717322446911755,0.0005579223476866299,2,2024Q1
2024-01-17,XLK,0.03212618263764844,0.0014756648435103141,2,2024Q1
2024-01-17,XLP,-0.038241687419775516,-0.001239620959043348,2,2024Q1
2024-01-17,XLRE,-0.03914206835844025,-0.0018257692599297555,2,2024Q1
2024-01-17,XLU,-0.05641509556167956,-0.0008861082020945967,2,2024Q1
2024-01-17,XLV,-0.032830452182174286,-3.1808264991504526e-05,2,2024Q1
2024-01-17,XLY,-0.023092513527959158,-0.0007649507170699894,2,2024Q1
2024-01-18,XLB,-0.020201724399588672,-0.0004937990454781914,2,2024Q1
2024-01-18,XLC,0.02454189999983747,1.806369733572157e-05,2,2024Q1
2024-01-18,XLE,0.022333605021908287,0.002132101410840972,2,2024Q1
2024-01-18,XLF,0.00739119877952521,-0.001144344406344163,2,2024Q1
2024-01-18,XLI,-0.007301473162854011,0.0005579223476866299,2,2024Q1
2024-01-18,XLK,0.018917285939747508,0.0014756648435103141,2,2024Q1
2024-01-18,XLP,-0.023941988095355526,-0.001239620959043348,2,2024Q1
2024-01-18,XLRE,-0.01560932209643262,-0.0018257692599297555,2,2024Q1
2024-01-18,XLU,-0.024710086409038712,-0.0008861082020945967,2,2024Q1
2024-01-18,XLV,-0.030675933851812887,-3.1808264991504526e-05,2,2024Q1
2024-01-18,XLY,-0.03761213898570703,-0.0007649507170699894,2,2024Q1
2024-01-19,XLB,-0.006917657820133538,-0.0004937990454781914,2,2024Q1
2024-01-19,XLC,0.02776358788936384,1.806369733572157e-05,2,2024Q1
2024-01-19,XLE,0.04056911368546734,0.002132101410840972,2,2024Q1
2024-01-19,XLF,0.008659594758823275,-0.001144344406344163,2,2024Q1
2024-01-19,XLI,-0.0016077566855365877,0.0005579223476866299,2,2024Q1
2024-01-19,XLK,-0.0024294504201618494,0.0014756648435103141,2,2024Q1
2024-01-19,XLP,-0.0022727758211906757,-0.001239620959043348,2,2024Q1
2024-01-19,XLRE,-0.01574909771221178,-0.0018257692599297555,2,2024Q1
2024-01-19,XLU,-0.006551012687511681,-0.0008861082020945967,2,2024Q1
2024-01-19,XLV,-0.011685138943227869,-3.1808264991504526e-05,2,2024Q1
2024-01-19,XLY,-0.02867713531369842,-0.0007649507170699894,2,2024Q1
2024-01-22,XLB,-0.01071887628935353,-0.0004937990454781914,2,2024Q1
2024-01-22,XLC,0.028503175018423255,1.806369733572157e-05,2,2024Q1
2024-01-22,XLE,0.029307382680377803,0.002132101410840972,2,2024Q1
2024-01-22,XLF,0.0006180865851499462,-0.001144344406344163,2,2024Q1
2024-01-22,XLI,-0.008674523479738294,0.0005579223476866299,2,2024Q1
2024-01-22,XLK,-0.0034919938499524683,0.0014756648435103141,2,2024Q1
2024-01-22,XLP,0.002653045946347188,-0.001239620959043348,2,2024Q1
2024-01-22,XLRE,-0.0190046240434939,-0.0018257692599297555,2,2024Q1
2024-01-22,XLU,-0.0008465778501292043,-0.0008861082020945967,2,2024Q1
2024-01-22,XLV,-0.014890334186658638,-3.1808264991504526e-05,2,2024Q1
2024-01-22,XLY,-0.015773384342195218,-0.0007649507170699894,2,2024Q1
2024-01-23,XLB,-0.005668390121927436,-0.0004937990454781914,2,2024Q1
2024-01-23,XLC,0.015033045302733417,1.806369733572157e-05,2,2024Q1
2024-01-23,XLE,0.041630880686226446,0.002132101410840972,2,2024Q1
2024-01-23,XLF,0.015595906614509047,-0.001144344406344163,2,2024Q1
2024-01-23,XLI,-0.0037816295296706492,0.0005579223476866299,2,2024Q1
2024-01-23,XLK,-0.012139343923317503,0.0014756648435103141,2,2024Q1
2024-01-23,XLP,0.0010843916711942292,-0.001239620959043348,2,2024Q1
2024-01-23,XLRE,-0.01916013794517235,-0.0018257692599297555,2,2024Q1
2024-01-23,XLU,0.0007256447846923919,-0.0008861082020945967,2,2024Q1
2024-01-23,XLV,-0.008149946781337514,-3.1808264991504526e-05,2,2024Q1
2024-01-23,XLY,-0.010191329199454868,-0.0007649507170699894,2,2024Q1
2024-01-24,XLB,0.012399719964381939,-0.0004937990454781914,2,2024Q1
2024-01-24,XLC,0.0011023240983678573,1.806369733572157e-05,2,2024Q1
2024-01-24,XLE,0.024977921878134746,0.002132101410840972,2,2024Q1
2024-01-24,XLF,0.016653354225500294,-0.001144344406344163,2,2024Q1
2024-01-24,XLI,0.008370246422375827,0.0005579223476866299,2,2024Q1
2024-01-24,XLK,-0.022233574518526034,0.0014756648435103141,2,2024Q1
2024-01-24,XLP,0.02374911321727713,-0.001239620959043348,2,2024Q1
2024-01-24,XLRE,0.004908907603725754,-0.0018257692599297555,2,2024Q1
2024-01-24,XLU,0.030191950237138387,-0.0008861082020945967,2,2024Q1
2024-01-24,XLV,0.01735654909198958,-3.1808264991504526e-05,2,2024Q1
2024-01-24,XLY,-0.007080403014550374,-0.0007649507170699894,2,2024Q1
2024-01-25,XLB,0.010939172837496791,-0.0004937990454781914,2,2024Q1
2024-01-25,XLC,-0.012341859572114977,1.806369733572157e-05,2,2024Q1
2024-01-25,XLE,-0.0051476028579041655,0.002132101410840972,2,2024Q1
2024-01-25,XLF,0.005652463577100919,-0.001144344406344163,2,2024Q1
2024-01-25,XLI,0.008165056885661048,0.0005579223476866299,2,2024Q1
2024-01-25,XLK,-0.021652660628819986,0.0014756648435103141,2,2024Q1
2024-01-25,XLP,0.027071339103290404,-0.001239620959043348,2,2024Q1
2024-01-25,XLRE,0.0012239204168063011,-0.0018257692599297555,2,2024Q1
2024-01-25,XLU,0.023655367334391553,-0.0008861082020945967,2,2024Q1
2024-01-25,XLV,0.0244656913191581,-3.1808264991504526e-05,2,2024Q1
2024-01-25,XLY,0.01697065788924834,-0.0007649507170699894,2,2024Q1
2024-01-26,XLB,-0.007209075111228147,-0.0004937990454781914,2,2024Q1
2024-01-26,XLC,0.012280526436304395,1.806369733572157e-05,2,2024Q1
2024-01-26,XLE,-0.022903214514167103,0.002132101410840972,2,2024Q1
2024-01-26,XLF,-0.005700363085573867,-0.001144344406344163,2,2024Q1
2024-01-26,XLI,0.004715895142084259,0.0005579223476866299,2,2024Q1
2024-01-26,XLK,-0.011809777635814145,0.0014756648435103141,2,2024Q1
2024-01-26,XLP,0.006964833406454929,-0.001239620959043348,2,2024Q1
2024-01-26,XLRE,-0.018915065447740353,-0.0018257692599297555,2,2024Q1
2024-01-26,XLU,-0.009664110141760274,-0.0008861082020945967,2,2024Q1
2024-01-26,XLV,0.005291882472046927,-3.1808264991504526e-05,2,2024Q1
2024-01-26,XLY,0.018613291247708608,-0.0007649507170699894,2,2024Q1
2024-01-29,XLB,-0.02600153626849655,-0.0004937990454781914,2,2024Q1
2024-01-29,XLC,0.001096793315254585,1.806369733572157e-05,2,2024Q1
2024-01-29,XLE,-0.0123523122853757,0.002132101410840972,2,2024Q1
2024-01-29,XLF,-0.0026054918883711142,-0.001144344406344163,2,2024Q1
2024-01-29,XLI,0.004226425427911629,0.0005579223476866299,2,2024Q1
2024-01-29,XLK,-0.0070259241084104085,0.0014756648435103141,2,2024Q1
2024-01-29,XLP,0.006429415709164665,-0.001239620959043348,2,2024Q1
2024-01-29,XLRE,-0.034073121498894854,-0.0018257692599297555,2,2024Q1
2024-01-29,XLU,-0.02517042695330618,-0.0008861082020945967,2,2024Q1
2024-01-29,XLV,0.01293818012588921,-3.1808264991504526e-05,2,2024Q1
2024-01-29,XLY,0.0010112484526358934,-0.0007649507170699894,2,2024Q1
2024-01-30,XLB,-0.016978962947398535,-0.0004937990454781914,2,2024Q1
2024-01-30,XLC,0.0011603236155557362,1.806369733572157e-05,2,2024Q1
2024-01-30,XLE,-0.023000571590856,0.002132101410840972,2,2024Q1
2024-01-30,XLF,-0.016743211154326643,-0.001144344406344163,2,2024Q1
2024-01-30,XLI,0.009203078032902212,0.0005579223476866299,2,2024Q1
2024-01-30,XLK,-0.007037557700672159,0.0014756648435103141,2,2024Q1
2024-01-30,XLP,-0.0005772920149362815,-0.001239620959043348,2,2024Q1
2024-01-30,XLRE,-0.013844806394905151,-0.0018257692599297555,2,2024Q1
2024-01-30,XLU,-0.024969583684163577,-0.0008861082020945967,2,2024Q1
2024-01-30,XLV,0.017963687371603587,-3.1808264991504526e-05,2,2024Q1
2024-01-30,XLY,0.003987348788393463,-0.0007649507170699894,2,2024Q1
2024-01-31,XLB,-0.021058203550057497,-0.0004937990454781914,2,2024Q1
2024-01-31,XLC,0.006699021300068164,1.806369733572157e-05,2,2024Q1
2024-01-31,XLE,-0.027442968175044324,0.002132101410840972,2,2024Q1
2024-01-31,XLF,-0.022231292328587893,-0.001144344406344163,2,2024Q1
2024-01-31,XLI,0.0026733588195337887,0.0005579223476866299,2,2024Q1
2024-01-31,XLK,0.0026774634802810837,0.0014756648435103141,2,2024Q1
2024-01-31,XLP,-0.019314061689471806,-0.001239620959043348,2,2024Q1
2024-01-31,XLRE,-0.03230600008655127,-0.0018257692599297555,2,2024Q1
2024-01-31,XLU,-0.0474671431675745,-0.0008861082020945967,2,2024Q1
2024-01-31,XLV,-0.003096365767025766,-3.1808264991504526e-05,2,2024Q1
2024-01-31,XLY,0.00902606631837033,-0.0007649507170699894,2,2024Q1
2024-02-01,XLB,-0.026060724523603307,-0.0004937990454781914,2,2024Q1
2024-02-01,XLC,0.012925280501834502,1.806369733572157e-05,2,2024Q1
2024-02-01,XLE,-0.004134288644309647,0.002132101410840972,2,2024Q1
2024-02-01,XLF,-0.014778694294441674,-0.001144344406344163,2,2024Q1
2024-02-01,XLI,-0.0015709982784313237,0.0005579223476866299,2,2024Q1
2024-02-01,XLK,0.005886468292629843,0.0014756648435103141,2,2024Q1
2024-02-01,XLP,-0.02697489534185682,-0.001239620959043348,2,2024Q1
2024-02-01,XLRE,-0.0312715479090625,-0.0018257692599297555,2,2024Q1
2024-02-01,XLU,-0.0598435762126579,-0.0008861082020945967,2,2024Q1
2024-02-01,XLV,-0.005140572225039719,-3.1808264991504526e-05,2,2024Q1
2024-02-01,XLY,0.006728995930372683,-0.0007649507170699894,2,2024Q1
2024-02-02,XLB,-0.013254822215794881,-0.0004937990454781914,2,2024Q1
2024-02-02,XLC,-0.021004811099814558,1.806369733572157e-05,2,2024Q1
2024-02-02,XLE,-0.016370947162708704,0.002132101410840972,2,2024Q1
2024-02-02,XLF,-0.011291161183456078,-0.001144344406344163,2,2024Q1
2024-02-02,XLI,-0.002003317536614979,0.0005579223476866299,2,2024Q1
2024-02-02,XLK,0.013833294071104785,0.0014756648435103141,2,2024Q1
2024-02-02,XLP,-0.028148071863807078,-0.001239620959043348,2,2024Q1
2024-02-02,XLRE,-0.01124629482560402,-0.0018257692599297555,2,2024Q1
2024-02-02,XLU,-0.03369720383840402,-0.0008861082020945967,2,2024Q1
2024-02-02,XLV,0.0003697746219724074,-3.1808264991504526e-05,2,2024Q1
2024-02-02,XLY,0.0006933868162526391,-0.0007649507170699894,2,2024Q1
2024-02-05,XLB,0.01770839948424907,-0.0004937990454781914,2,2024Q1
2024-02-05,XLC,-0.006939485848684868,1.806369733572157e-05,2,2024Q1
2024-02-05,XLE,-0.0060719216384139685,0.002132101410840972,2,2024Q1
2024-02-05,XLF,-0.003953723381611818,-0.001144344406344163,2,2024Q1
2024-02-05,XLI,0.0017627592405662362,0.0005579223476866299,2,2024Q1
2024-02-05,XLK,0.000447887134485514,0.0014756648435103141,2,2024Q1
2024-02-05,XLP,-0.0182003481228602,-0.001239620959043348,2,2024Q1
2024-02-05,XLRE,0.0025920435527981844,-0.0018257692599297555,2,2024Q1
2024-02-05,XLU,-0.004492525745381615,-0.0008861082020945967,2,2024Q1
2024-02-05,XLV,-0.004687856504164589,-3.1808264991504526e-05,2,2024Q1
2024-02-05,XLY,0.011085421028675713,-0.0007649507170699894,2,2024Q1
2024-02-06,XLB,0.002345797091926727,-0.0004937990454781914,2,2024Q1
2024-02-06,XLC,-0.0012231058835338038,1.806369733572157e-05,2,2024Q1
2024-02-06,XLE,-0.0025953543114228816,0.002132101410840972,2,2024Q1
2024-02-06,XLF,-0.0027777657000067624,-0.001144344406344163,2,2024Q1
2024-02-06,XLI,-0.000719767919878489,0.0005579223476866299,2,2024Q1
2024-02-06,XLK,0.004704139449719369,0.0014756648435103141,2,2024Q1
2024-02-06,XLP,-0.014279318774986338,-0.001239620959043348,2,2024Q1
2024-02-06,XLRE,-0.014105900094854351,-0.0018257692599297555,2,2024Q1
2024-02-06,XLU,-0.007980031255950926,-0.0008861082020945967,2,2024Q1
2024-02-06,XLV,-0.007981295520387843,-3.1808264991504526e-05,2,2024Q1
2024-02-06,XLY,0.0014464141440104772,-0.0007649507170699894,2,2024Q1
2024-02-07,XLB,1.945759118826551e-05,-0.0004937990454781914,2,2024Q1
2024-02-07,XLC,0.00883046870313331,1.806369733572157e-05,2,2024Q1
2024-02-07,XLE,-0.0063167199537346175,0.002132101410840972,2,2024Q1
2024-02-07,XLF,-0.001454833069138961,-0.001144344406344163,2,2024Q1
2024-02-07,XLI,0.00856390902130455,0.0005579223476866299,2,2024Q1
2024-02-07,XLK,0.0012086350750737385,0.0014756648435103141,2,2024Q1
2024-02-07,XLP,-0.015982198279488213,-0.001239620959043348,2,2024Q1
2024-02-07,XLRE,-0.007767732607003586,-0.0018257692599297555,2,2024Q1
2024-02-07,XLU,-0.003920268277931349,-0.0008861082020945967,2,2024Q1
2024-02-07,XLV,-0.0028137802641517995,-3.1808264991504526e-05,2,2024Q1
2024-02-07,XLY,6.850321353280009e-05,-0.0007649507170699894,2,2024Q1
2024-02-08,XLB,0.013810162996269248,-0.0004937990454781914,2,2024Q1
2024-02-08,XLC,0.006757992641821975,1.806369733572157e-05,2,2024Q1
2024-02-08,XLE,0.004532242873343195,0.002132101410840972,2,2024Q1
2024-02-08,XLF,0.01312373135449274,-0.001144344406344163,2,2024Q1
2024-02-08,XLI,0.009465891204157417,0.0005579223476866299,2,2024Q1
2024-02-08,XLK,-0.010476852311537499,0.0014756648435103141,2,2024Q1
2024-02-08,XLP,-0.01580710292151488,-0.001239620959043348,2,2024Q1
2024-02-08,XLRE,0.004080371494318502,-0.0018257692599297555,2,2024Q1
2024-02-08,XLU,0.01358112892897756,-0.0008861082020945967,2,2024Q1
2024-02-08,XLV,-0.0002580583054372365,-3.1808264991504526e-05,2,2024Q1
2024-02-08,XLY,0.0007684387531807779,-0.0007649507170699894,2,2024Q1
2024-02-09,XLB,0.02778855404234548,-0.0004937990454781914,2,2024Q1
2024-02-09,XLC,0.0005930770571495048,1.806369733572157e-05,2,2024Q1
2024-02-09,XLE,0.03049950314899008,0.002132101410840972,2,2024Q1
2024-02-09,XLF,0.017445602406833682,-0.001144344406344163,2,2024Q1
2024-02-09,XLI,0.012606623112652704,0.0005579223476866299,2,2024Q1
2024-02-09,XLK,-0.021984135687898032,0.0014756648435103141,2,2024Q1
2024-02-09,XLP,0.0056971707240607294,-0.001239620959043348,2,2024Q1
2024-02-09,XLRE,0.001809814217292316,-0.0018257692599297555,2,2024Q1
2024-02-09,XLU,0.01930022997071834,-0.0008861082020945967,2,2024Q1
2024-02-09,XLV,0.014551686604188152,-3.1808264991504526e-05,2,2024Q1
2024-02-09,XLY,-0.0015196990258399268,-0.0007649507170699894,2,2024Q1
2024-02-12,XLB,0.022623967286648172,-0.0004937990454781914,2,2024Q1
2024-02-12,XLC,0.0009946307302658441,1.806369733572157e-05,2,2024Q1
2024-02-12,XLE,0.01507195250271609,0.002132101410840972,2,2024Q1
2024-02-12,XLF,0.015046006515970545,-0.001144344406344163,2,2024Q1
2024-02-12,XLI,0.013034145697383925,0.0005579223476866299,2,2024Q1
2024-02-12,XLK,-0.0194539462858363,0.0014756648435103141,2,2024Q1
2024-02-12,XLP,0.014127686618649715,-0.001239620959043348,2,2024Q1
2024-02-12,XLRE,0.00842348995967912,-0.0018257692599297555,2,2024Q1
2024-02-12,XLU,0.012031821926220099,-0.0008861082020945967,2,2024Q1
2024-02-12,XLV,0.01487286582653069,-3.1808264991504526e-05,2,2024Q1
2024-02-12,XLY,-0.005039653294841018,-0.0007649507170699894,2,2024Q1
2024-02-13,XLB,0.028039237047886356,-0.0004937990454781914,2,2024Q1
2024-02-13,XLC,-0.0007155939607195183,1.806369733572157e-05,2,2024Q1
2024-02-13,XLE,0.02964484480659757,0.002132101410840972,2,2024Q1
2024-02-13,XLF,0.017160991457733976,-0.001144344406344163,2,2024Q1
2024-02-13,XLI,0.012729865849057997,0.0005579223476866299,2,2024Q1
2024-02-13,XLK,-0.023646113203848906,0.0014756648435103141,2,2024Q1
2024-02-13,XLP,0.013983499838527536,-0.001239620959043348,2,2024Q1
2024-02-13,XLRE,0.019735757024247125,-0.0018257692599297555,2,2024Q1
2024-02-13,XLU,0.027687675311174775,-0.0008861082020945967,2,2024Q1
2024-02-13,XLV,0.011794630930567873,-3.1808264991504526e-05,2,2024Q1
2024-02-13,XLY,0.0076855418573116285,-0.0007649507170699894,2,2024Q1
2024-02-14,XLB,0.020212646412877566,-0.0004937990454781914,2,2024Q1
2024-02-14,XLC,-0.013260063315967408,1.806369733572157e-05,2,2024Q1
2024-02-14,XLE,0.020864284097416474,0.002132101410840972,2,2024Q1
2024-02-14,XLF,0.007664221463667298,-0.001144344406344163,2,2024Q1
2024-02-14,XLI,-0.0032327940686538437,0.0005579223476866299,2,2024Q1
2024-02-14,XLK,-0.013567219859105473,0.0014756648435103141,2,2024Q1
2024-02-14,XLP,0.007535816534325113,-0.001239620959043348,2,2024Q1
2024-02-14,XLRE,0.00402323478128408,-0.0018257692599297555,2,2024Q1
2024-02-14,XLU,0.00249016715921635,-0.0008861082020945967,2,2024Q1
2024-02-14,XLV,0.003324027189656853,-3.1808264991504526e-05,2,2024Q1
2024-02-14,XLY,0.005006259710331973,-0.0007649507170699894,2,2024Q1
2024-02-15,XLB,0.013272336895951975,-0.0004937990454781914,2,2024Q1
2024-02-15,XLC,-0.017618271804205055,1.806369733572157e-05,2,2024Q1
2024-02-15,XLE,-0.007662199592769259,0.002132101410840972,2,2024Q1
2024-02-15,XLF,0.0016933937139205213,-0.001144344406344163,2,2024Q1
2024-02-15,XLI,0.0008309731144904298,0.0005579223476866299,2,2024Q1
2024-02-15,XLK,-0.007524650391851795,0.0014756648435103141,2,2024Q1
2024-02-15,XLP,0.010370318971145709,-0.001239620959043348,2,2024Q1
2024-02-15,XLRE,-0.012407427946108385,-0.0018257692599297555,2,2024Q1
2024-02-15,XLU,-0.000866513353675602,-0.0008861082020945967,2,2024Q1
2024-02-15,XLV,0.00703710662880308,-3.1808264991504526e-05,2,2024Q1
2024-02-15,XLY,-0.0049698993985543005,-0.0007649507170699894,2,2024Q1
2024-02-16,XLB,0.00041228145745564326,-0.0004937990454781914,2,2024Q1
2024-02-16,XLC,-0.01791254859781588,1.806369733572157e-05,2,2024Q1
2024-02-16,XLE,-0.0049091395766283075,0.002132101410840972,2,2024Q1
2024-02-16,XLF,-0.0011130110132204774,-0.001144344406344163,2,2024Q1
2024-02-16,XLI,0.004056855494712908,0.0005579223476866299,2,2024Q1
2024-02-16,XLK,0.0014420569438990949,0.0014756648435103141,2,2024Q1
2024-02-16,XLP,0.0034028325925345992,-0.001239620959043348,2,2024Q1
2024-02-16,XLRE,-0.014798006609710979,-0.0018257692599297555,2,2024Q1
2024-02-16,XLU,-0.020975326357148272,-0.0008861082020945967,2,2024Q1
2024-02-16,XLV,-0.002809274170956666,-3.1808264991504526e-05,2,2024Q1
2024-02-16,XLY,0.002835576317589572,-0.0007649507170699894,2,2024Q1
2024-02-20,XLB,-0.001176275044971753,-0.0004937990454781914,2,2024Q1
2024-02-20,XLC,-0.015779018303735848,1.806369733572157e-05,2,2024Q1
2024-02-20,XLE,-0.007499434880305467,0.002132101410840972,2,2024Q1
2024-02-20,XLF,-0.003013148685262035,-0.001144344406344163,2,2024Q1
2024-02-20,XLI,0.0012849438079645115,0.0005579223476866299,2,2024Q1
2024-02-20,XLK,0.005261714482486246,0.0014756648435103141,2,2024Q1
2024-02-20,XLP,-0.01453073172768593,-0.001239620959043348,2,2024Q1
2024-02-20,XLRE,-0.01995033326533102,-0.0018257692599297555,2,2024Q1
2024-02-20,XLU,-0.009032885113841482,-0.0008861082020945967,2,2024Q1
2024-02-20,XLV,-0.00937916047812326,-3.1808264991504526e-05,2,2024Q1
2024-02-20,XLY,0.008400060316185565,-0.0007649507170699894,2,2024Q1
2024-02-21,XLB,-0.001351576432580881,-0.0004937990454781914,2,2024Q1
2024-02-21,XLC,-0.019217566763204186,1.806369733572157e-05,2,2024Q1
2024-02-21,XLE,-0.02584222229082045,0.002132101410840972,2,2024Q1
2024-02-21,XLF,-3.8093490029700305e-05,-0.001144344406344163,2,2024Q1
2024-02-21,XLI,0.002961560639154426,0.0005579223476866299,2,2024Q1
2024-02-21,XLK,0.009151007414345491,0.0014756648435103141,2,2024Q1
2024-02-21,XLP,-0.014837732653697477,-0.001239620959043348,2,2024Q1
2024-02-21,XLRE,-0.012238380909577184,-0.0018257692599297555,2,2024Q1
2024-02-21,XLU,-0.01691124215055506,-0.0008861082020945967,2,2024Q1
2024-02-21,XLV,-0.014351444414940184,-3.1808264991504526e-05,2,2024Q1
2024-02-21,XLY,0.007156697696027781,-0.0007649507170699894,2,2024Q1
2024-02-22,XLB,0.013222295776512683,-0.0004937990454781914,2,2024Q1
2024-02-22,XLC,-0.008149864149864183,1.806369733572157e-05,2,2024Q1
2024-02-22,XLE,-0.005649964504465754,0.002132101410840972,2,2024Q1
2024-02-22,XLF,0.004842180263626705,-0.001144344406344163,2,2024Q1
2024-02-22,XLI,0.010647426325660403,0.0005579223476866299,2,2024Q1
2024-02-22,XLK,0.004737494706294809,0.0014756648435103141,2,2024Q1
2024-02-22,XLP,-0.002484238765928848,-0.001239620959043348,2,2024Q1
2024-02-22,XLRE,0.010235472311500127,-0.0018257692599297555,2,2024Q1
2024-02-22,XLU,0.008284971205647418,-0.0008861082020945967,2,2024Q1
2024-02-22,XLV,-0.017043917213528492,-3.1808264991504526e-05,2,2024Q1
2024-02-22,XLY,0.011486872141641236,-0.0007649507170699894,2,2024Q1
2024-02-23,XLB,0.003168508476574461,-0.0004937990454781914,2,2024Q1
2024-02-23,XLC,-0.006082255700405881,1.806369733572157e-05,2,2024Q1
2024-02-23,XLE,0.003881888230994779,0.002132101410840972,2,2024Q1
2024-02-23,XLF,-0.010093565757068101,-0.001144344406344163,2,2024Q1
2024-02-23,XLI,0.0009680817683741516,0.0005579223476866299,2,2024Q1
2024-02-23,XLK,0.016799806772768155,0.0014756648435103141,2,2024Q1
2024-02-23,XLP,-0.01412464584177664,-0.001239620959043348,2,2024Q1
2024-02-23,XLRE,0.011332259151161317,-0.0018257692599297555,2,2024Q1
2024-02-23,XLU,-0.013718893551995515,-0.0008861082020945967,2,2024Q1
2024-02-23,XLV,-0.020125421388728415,-3.1808264991504526e-05,2,2024Q1
2024-02-23,XLY,0.0107293429067441,-0.0007649507170699894,2,2024Q1
2024-02-26,XLB,0.01406166522236596,-0.0004937990454781914,2,2024Q1
2024-02-26,XLC,-0.007251661248950381,1.806369733572157e-05,2,2024Q1
2024-02-26,XLE,-0.013050245125763027,0.002132101410840972,2,2024Q1
2024-02-26,XLF,-0.00523868198631261,-0.001144344406344163,2,2024Q1
2024-02-26,XLI,0.0035240662580380278,0.0005579223476866299,2,2024Q1
2024-02-26,XLK,0.01317541465198846,0.0014756648435103141,2,2024Q1
2024-02-26,XLP,-0.011933545257779565,-0.001239620959043348,2,2024Q1
2024-02-26,XLRE,0.03220024420917045,-0.0018257692599297555,2,2024Q1
2024-02-26,XLU,0.02078590094227306,-0.0008861082020945967,2,2024Q1
2024-02-26,XLV,-0.019132736788125104,-3.1808264991504526e-05,2,2024Q1
2024-02-26,XLY,-0.00878624694798047,-0.0007649507170699894,2,2024Q1
2024-02-27,XLB,0.016821853155436495,-0.0004937990454781914,2,2024Q1
2024-02-27,XLC,-0.01147801322159736,1.806369733572157e-05,2,2024Q1
2024-02-27,XLE,0.010683922234959065,0.002132101410840972,2,2024Q1
2024-02-27,XLF,0.00423202800137612,-0.001144344406344163,2,2024Q1
2024-02-27,XLI,0.005662217063284514,0.0005579223476866299,2,2024Q1
2024-02-27,XLK,-0.000930758941056542,0.0014756648435103141,2,2024Q1
2024-02-27,XLP,0.0023260056216887204,-0.001239620959043348,2,2024Q1
2024-02-27,XLRE,0.030047164159100692,-0.0018257692599297555,2,2024Q1
2024-02-27,XLU,0.010655647672364044,-0.0008861082020945967,2,2024Q1
2024-02-27,XLV,-0.012146429013701221,-3.1808264991504526e-05,2,2024Q1
2024-02-27,XLY,-0.012551262845819644,-0.0007649507170699894,2,2024Q1
2024-02-28,XLB,0.01474037115157123,-0.0004937990454781914,2,2024Q1
2024-02-28,XLC,-0.0096905381792598,1.806369733572157e-05,2,2024Q1
2024-02-28,XLE,0.009438553528212212,0.002132101410840972,2,2024Q1
2024-02-28,XLF,-0.0006994392544295014,-0.001144344406344163,2,2024Q1
2024-02-28,XLI,0.0010645283596009136,0.0005579223476866299,2,2024Q1
2024-02-28,XLK,0.005368155615967707,0.0014756648435103141,2,2024Q1
2024-02-28,XLP,0.003298075136968004,-0.001239620959043348,2,2024Q1
2024-02-28,XLRE,0.016302185299839955,-0.0018257692599297555,2,2024Q1
2024-02-28,XLU,0.010825381176128523,-0.0008861082020945967,2,2024Q1
2024-02-28,XLV,-0.006825202529125329,-3.1808264991504526e-05,2,2024Q1
2024-02-28,XLY,-0.026329188068035858,-0.0007649507170699894,2,2024Q1
2024-02-29,XLB,0.01313596402734829,-0.0004937990454781914,2,2024Q1
2024-02-29,XLC,-0.008835663262325877,1.806369733572157e-05,2,2024Q1
2024-02-29,XLE,0.006721549255555681,0.002132101410840972,2,2024Q1
2024-02-29,XLF,-0.00804019440487247,-0.001144344406344163,2,2024Q1
2024-02-29,XLI,-0.00027073890882012286,0.0005579223476866299,2,2024Q1
2024-02-29,XLK,0.0036639008415768615,0.0014756648435103141,2,2024Q1
2024-02-29,XLP,0.004349756292907125,-0.001239620959043348,2,2024Q1
2024-02-29,XLRE,0.0018397103221052813,-0.0018257692599297555,2,2024Q1
2024-02-29,XLU,0.010747613255777111,-0.0008861082020945967,2,2024Q1
2024-02-29,XLV,-0.00026431314917085835,-3.1808264991504526e-05,2,2024Q1
2024-02-29,XLY,-0.03184580453020547,-0.0007649507170699894,2,2024Q1
2024-03-01,XLB,0.01800601086856335,-0.0004937990454781914,2,2024Q1
2024-03-01,XLC,-0.0031702832798184977,1.806369733572157e-05,2,2024Q1
2024-03-01,XLE,0.014023432980122541,0.002132101410840972,2,2024Q1
2024-03-01,XLF,0.010393991325394536,-0.001144344406344163,2,2024Q1
2024-03-01,XLI,0.008622069816897282,0.0005579223476866299,2,2024Q1
2024-03-01,XLK,-0.013976167403777162,0.0014756648435103141,2,2024Q1
2024-03-01,XLP,0.011604393988280393,-0.001239620959043348,2,2024Q1
2024-03-01,XLRE,0.018136605475989498,-0.0018257692599297555,2,2024Q1
2024-03-01,XLU,0.03509384641037716,-0.0008861082020945967,2,2024Q1
2024-03-01,XLV,0.0028183794560965314,-3.1808264991504526e-05,2,2024Q1
2024-03-01,XLY,-0.023253334076950738,-0.0007649507170699894,2,2024Q1
2024-03-04,XLB,0.021855580705612554,-0.0004937990454781914,2,2024Q1
2024-03-04,XLC,0.007942648086402104,1.806369733572157e-05,2,2024Q1
2024-03-04,XLE,0.03528182241734423,0.002132101410840972,2,2024Q1
2024-03-04,XLF,0.009418601970626272,-0.001144344406344163,2,2024Q1
2024-03-04,XLI,-0.00038680791012724036,0.0005579223476866299,2,2024Q1
2024-03-04,XLK,-0.01689301783082464,0.0014756648435103141,2,2024Q1
2024-03-04,XLP,0.01608119801985486,-0.001239620959043348,2,2024Q1
2024-03-04,XLRE,0.001490895854941554,-0.0018257692599297555,2,2024Q1
2024-03-04,XLU,0.022864188508888827,-0.0008861082020945967,2,2024Q1
2024-03-04,XLV,0.0035650696132730753,-3.1808264991504526e-05,2,2024Q1
2024-03-04,XLY,-0.012801878522084698,-0.0007649507170699894,2,2024Q1
2024-03-05,XLB,0.006261868963701067,-0.0004937990454781914,2,2024Q1
2024-03-05,XLC,0.004179175096174381,1.806369733572157e-05,2,2024Q1
2024-03-05,XLE,0.0051362878120280175,0.002132101410840972,2,2024Q1
2024-03-05,XLF,-0.007542052560869372,-0.001144344406344163,2,2024Q1
2024-03-05,XLI,-0.008594196465736115,0.0005579223476866299,2,2024Q1
2024-03-05,XLK,0.007533526891228881,0.0014756648435103141,2,2024Q1
2024-03-05,XLP,-0.0020607212952128418,-0.001239620959043348,2,2024Q1
2024-03-05,XLRE,-0.00904977172184318,-0.0018257692599297555,2,2024Q1
2024-03-05,XLU,-0.005025985997357818,-0.0008861082020945967,2,2024Q1
2024-03-05,XLV,-0.005137940881687841,-3.1808264991504526e-05,2,2024Q1
2024-03-05,XLY,-0.012714598941721,-0.0007649507170699894,2,2024Q1
2024-03-06,XLB,0.015506883622481427,-0.0004937990454781914,2,2024Q1
2024-03-06,XLC,0.011255359850583124,1.806369733572157e-05,2,2024Q1
2024-03-06,XLE,0.024988022811376354,0.002132101410840972,2,2024Q1
2024-03-06,XLF,0.0013414023681763698,-0.001144344406344163,2,2024Q1
2024-03-06,XLI,-0.004388917305083284,0.0005579223476866299,2,2024Q1
2024-03-06,XLK,-0.004818246310738239,0.0014756648435103141,2,2024Q1
2024-03-06,XLP,-0.001316622424516689,-0.001239620959043348,2,2024Q1
2024-03-06,XLRE,-0.014217173183377785,-0.0018257692599297555,2,2024Q1
2024-03-06,XLU,-0.001122604309351738,-0.0008861082020945967,2,2024Q1
2024-03-06,XLV,-0.009188773981998466,-3.1808264991504526e-05,2,2024Q1
2024-03-06,XLY,-0.004518745986584083,-0.0007649507170699894,2,2024Q1
2024-03-07,XLB,0.009631248512310897,-0.0004937990454781914,2,2024Q1
2024-03-07,XLC,0.00449533640564348,1.806369733572157e-05,2,2024Q1
2024-03-07,XLE,0.03876743584372999,0.002132101410840972,2,2024Q1
2024-03-07,XLF,0.006633110497639372,-0.001144344406344163,2,2024Q1
2024-03-07,XLI,-0.004759176775331997,0.0005579223476866299,2,2024Q1
2024-03-07,XLK,-0.008348721880329646,0.0014756648435103141,2,2024Q1
2024-03-07,XLP,-0.002911860512117004,-0.001239620959043348,2,2024Q1
2024-03-07,XLRE,-0.01639285179042127,-0.0018257692599297555,2,2024Q1
2024-03-07,XLU,-0.003731608458512725,-0.0008861082020945967,2,2024Q1
2024-03-07,XLV,-0.005452585752876549,-3.1808264991504526e-05,2,2024Q1
2024-03-07,XLY,-0.006570983557211196,-0.0007649507170699894,2,2024Q1
2024-03-08,XLB,0.019921741705153262,-0.0004937990454781914,2,2024Q1
2024-03-08,XLC,-7.589166109223111e-05,1.806369733572157e-05,2,2024Q1
2024-03-08,XLE,0.04214187794676649,0.002132101410840972,2,2024Q1
2024-03-08,XLF,0.00787855656999159,-0.001144344406344163,2,2024Q1
2024-03-08,XLI,0.0015675062232202164,0.0005579223476866299,2,2024Q1
2024-03-08,XLK,-0.004601727030345004,0.0014756648435103141,2,2024Q1
2024-03-08,XLP,0.00861625738563554,-0.001239620959043348,2,2024Q1
2024-03-08,XLRE,-0.024437019513779523,-0.0018257692599297555,2,2024Q1
2024-03-08,XLU,-0.0008555935154488381,-0.0008861082020945967,2,2024Q1
2024-03-08,XLV,-0.0036138196905736164,-3.1808264991504526e-05,2,2024Q1
2024-03-08,XLY,-0.008840543182742855,-0.0007649507170699894,2,2024Q1
2024-03-11,XLB,8.433035361354868e-06,-0.0004937990454781914,2,2024Q1
2024-03-11,XLC,0.012770743979567012,1.806369733572157e-05,2,2024Q1
2024-03-11,XLE,0.02003499743584447,0.002132101410840972,2,2024Q1
2024-03-11,XLF,0.0013334081138844933,-0.001144344406344163,2,2024Q1
2024-03-11,XLI,-0.0013643031006314033,0.0005579223476866299,2,2024Q1
2024-03-11,XLK,-0.005411590880752715,0.0014756648435103141,2,2024Q1
2024-03-11,XLP,-0.004545887286456773,-0.001239620959043348,2,2024Q1
2024-03-11,XLRE,-0.03311280009843098,-0.0018257692599297555,2,2024Q1
2024-03-11,XLU,-0.016200943426154635,-0.0008861082020945967,2,2024Q1
2024-03-11,XLV,-0.013544673371339244,-3.1808264991504526e-05,2,2024Q1
2024-03-11,XLY,-0.0075391765485474105,-0.0007649507170699894,2,2024Q1
2024-03-12,XLB,0.005390934151374038,-0.0004937990454781914,2,2024Q1
2024-03-12,XLC,0.00868394006838491,1.806369733572157e-05,2,2024Q1
2024-03-12,XLE,0.03849956685912215,0.002132101410840972,2,2024Q1
2024-03-12,XLF,0.007210014298980605,-0.001144344406344163,2,2024Q1
2024-03-12,XLI,0.007962011805499492,0.0005579223476866299,2,2024Q1
2024-03-12,XLK,-0.015226425114031938,0.0014756648435103141,2,2024Q1
2024-03-12,XLP,-0.000825747625333717,-0.001239620959043348,2,2024Q1
2024-03-12,XLRE,-0.02551915285108508,-0.0018257692599297555,2,2024Q1
2024-03-12,XLU,0.007429063604167396,-0.0008861082020945967,2,2024Q1
2024-03-12,XLV,-0.006431152761833703,-3.1808264991504526e-05,2,2024Q1
2024-03-12,XLY,-0.0023403592366894044,-0.0007649507170699894,2,2024Q1
2024-03-13,XLB,-0.005233584595184526,-0.0004937990454781914,2,2024Q1
2024-03-13,XLC,0.007950761207220713,1.806369733572157e-05,2,2024Q1
2024-03-13,XLE,0.009962147649493547,0.002132101410840972,2,2024Q1
2024-03-13,XLF,0.0009773547188514087,-0.001144344406344163,2,2024Q1
2024-03-13,XLI,0.006519504895156736,0.0005579223476866299,2,2024Q1
2024-03-13,XLK,-0.004189702043491561,0.0014756648435103141,2,2024Q1
2024-03-13,XLP,-0.01110457400986753,-0.001239620959043348,2,2024Q1
2024-03-13,XLRE,-0.02615626500869639,-0.0018257692599297555,2,2024Q1
2024-03-13,XLU,-0.008897361783726243,-0.0008861082020945967,2,2024Q1
2024-03-13,XLV,-0.01563689910581323,-3.1808264991504526e-05,2,2024Q1
2024-03-13,XLY,0.0038013111347863227,-0.0007649507170699894,2,2024Q1
2024-03-14,XLB,-0.0010777146313332153,-0.0004937990454781914,2,2024Q1
2024-03-14,XLC,0.005399050352264734,1.806369733572157e-05,2,2024Q1
2024-03-14,XLE,0.00027083722813414646,0.002132101410840972,2,2024Q1
2024-03-14,XLF,0.01212718411630398,-0.001144344406344163,2,2024Q1
2024-03-14,XLI,0.015588230861349972,0.0005579223476866299,2,2024Q1
2024-03-14,XLK,-0.009001922133533569,0.0014756648435103141,2,2024Q1
2024-03-14,XLP,-0.008123504772161505,-0.001239620959043348,2,2024Q1
2024-03-14,XLRE,-0.0135670040295921,-0.0018257692599297555,2,2024Q1
2024-03-14,XLU,-0.007766901719998387,-0.0008861082020945967,2,2024Q1
2024-03-14,XLV,-0.016134676103512824,-3.1808264991504526e-05,2,2024Q1
2024-03-14,XLY,0.010887600210987003,-0.0007649507170699894,2,2024Q1
2024-03-15,XLB,-0.01604363283917487,-0.0004937990454781914,2,2024Q1
2024-03-15,XLC,0.009587019264322816,1.806369733572157e-05,2,2024Q1
2024-03-15,XLE,-0.013146853952217041,0.002132101410840972,2,2024Q1
2024-03-15,XLF,-0.006876203878332099,-0.001144344406344163,2,2024Q1
2024-03-15,XLI,0.0036539242555595486,0.0005579223476866299,2,2024Q1
2024-03-15,XLK,-0.0015070823307021808,0.0014756648435103141,2,2024Q1
2024-03-15,XLP,-0.0208647909284716,-0.001239620959043348,2,2024Q1
2024-03-15,XLRE,-0.033079362600134,-0.0018257692599297555,2,2024Q1
2024-03-15,XLU,-0.016017982771353134,-0.0008861082020945967,2,2024Q1
2024-03-15,XLV,-0.021770808146296394,-3.1808264991504526e-05,2,2024Q1
2024-03-15,XLY,0.003907421596605731,-0.0007649507170699894,2,2024Q1
2024-03-18,XLB,-0.005088643478953436,-0.0004937990454781914,2,2024Q1
2024-03-18,XLC,-0.003064540610298483,1.806369733572157e-05,2,2024Q1
2024-03-18,XLE,0.0097874547267498,0.002132101410840972,2,2024Q1
2024-03-18,XLF,-0.003931010867338047,-0.001144344406344163,2,2024Q1
2024-03-18,XLI,0.007202612284315402,0.0005579223476866299,2,2024Q1
2024-03-18,XLK,-0.002712434913718642,0.0014756648435103141,2,2024Q1
2024-03-18,XLP,-0.013871024165435397,-0.001239620959043348,2,2024Q1
2024-03-18,XLRE,-0.021211404250889965,-0.0018257692599297555,2,2024Q1
2024-03-18,XLU,0.0012347455856684952,-0.0008861082020945967,2,2024Q1
2024-03-18,XLV,-0.01057331063066469,-3.1808264991504526e-05,2,2024Q1
2024-03-18,XLY,0.003843038406230459,-0.0007649507170699894,2,2024Q1
2024-03-19,XLB,0.0014902486435492968,-0.0004937990454781914,2,2024Q1
2024-03-19,XLC,0.002666197096764966,1.806369733572157e-05,2,2024Q1
2024-03-19,XLE,-0.002105727812979463,0.002132101410840972,2,2024Q1
2024-03-19,XLF,0.0020239318027150954,-0.001144344406344163,2,2024Q1
2024-03-19,XLI,0.0022862747408503026,0.0005579223476866299,2,2024Q1
2024-03-19,XLK,-0.004612663777262771,0.0014756648435103141,2,2024Q1
2024-03-19,XLP,-0.009575957326274143,-0.001239620959043348,2,2024Q1
2024-03-19,XLRE,-0.017875974237909875,-0.0018257692599297555,2,2024Q1
2024-03-19,XLU,-0.011654648079158503,-0.0008861082020945967,2,2024Q1
2024-03-19,XLV,-0.006079726801697993,-3.1808264991504526e-05,2,2024Q1
2024-03-19,XLY,0.003846542638226591,-0.0007649507170699894,2,2024Q1
2024-03-20,XLB,0.006627237726724022,-0.0004937990454781914,2,2024Q1
2024-03-20,XLC,-0.0030854833413718197,1.806369733572157e-05,2,2024Q1
2024-03-20,XLE,0.009497636243684937,0.002132101410840972,2,2024Q1
2024-03-20,XLF,0.002772021058816909,-0.001144344406344163,2,2024Q1
2024-03-20,XLI,0.007129740601893753,0.0005579223476866299,2,2024Q1
2024-03-20,XLK,-0.009794182472487867,0.0014756648435103141,2,2024Q1
2024-03-20,XLP,-0.0013510098777400614,-0.001239620959043348,2,2024Q1
2024-03-20,XLRE,0.0038221895827117436,-0.0018257692599297555,2,2024Q1
2024-03-20,XLU,0.01565524165262122,-0.0008861082020945967,2,2024Q1
2024-03-20,XLV,0.010369679383137376,-3.1808264991504526e-05,2,2024Q1
2024-03-20,XLY,0.001379767596052961,-0.0007649507170699894,2,2024Q1
2024-03-21,XLB,0.008666797414296212,-0.0004937990454781914,2,2024Q1
2024-03-21,XLC,-0.0015435543673512075,1.806369733572157e-05,2,2024Q1
2024-03-21,XLE,0.01788040794346557,0.002132101410840972,2,2024Q1
2024-03-21,XLF,0.0035845683170794285,-0.001144344406344163,2,2024Q1
2024-03-21,XLI,0.0008809312253852397,0.0005579223476866299,2,2024Q1
2024-03-21,XLK,-0.009147919306176089,0.0014756648435103141,2,2024Q1
2024-03-21,XLP,0.0029386289403048327,-0.001239620959043348,2,2024Q1
2024-03-21,XLRE,0.00984881300944318,-0.0018257692599297555,2,2024Q1
2024-03-21,XLU,0.02781491881220255,-0.0008861082020945967,2,2024Q1
2024-03-21,XLV,0.012684424830573748,-3.1808264991504526e-05,2,2024Q1
2024-03-21,XLY,-0.004053051615108716,-0.0007649507170699894,2,2024Q1
2024-03-22,XLB,0.012405182889344335,-0.0004937990454781914,2,2024Q1
2024-03-22,XLC,0.003921634956464581,1.806369733572157e-05,2,2024Q1
2024-03-22,XLE,0.027506322492508506,0.002132101410840972,2,2024Q1
2024-03-22,XLF,0.00952449344114803,-0.001144344406344163,2,2024Q1
2024-03-22,XLI,-0.003579729995588421,0.0005579223476866299,2,2024Q1
2024-03-22,XLK,-0.006872465076932066,0.0014756648435103141,2,2024Q1
2024-03-22,XLP,-0.00036842482962096135,-0.001239620959043348,2,2024Q1
2024-03-22,XLRE,0.0038738484586882116,-0.0018257692599297555,2,2024Q1
2024-03-22,XLU,0.01994368208458175,-0.0008861082020945967,2,2024Q1
2024-03-22,XLV,0.005259276359323994,-3.1808264991504526e-05,2,2024Q1
2024-03-22,XLY,-0.002917252764691791,-0.0007649507170699894,2,2024Q1
2024-03-25,XLB,0.011964307643394845,-0.0004937990454781914,2,2024Q1
2024-03-25,XLC,0.009392883058986001,1.806369733572157e-05,2,2024Q1
2024-03-25,XLE,0.03588747296882322,0.002132101410840972,2,2024Q1
2024-03-25,XLF,0.01172623791213967,-0.001144344406344163,2,2024Q1
2024-03-25,XLI,0.0018696387908896384,0.0005579223476866299,2,2024Q1
2024-03-25,XLK,-0.006267528185313065,0.0014756648435103141,2,2024Q1
2024-03-25,XLP,0.0008612402117679219,-0.001239620959043348,2,2024Q1
2024-03-25,XLRE,0.00022959606331229843,-0.0018257692599297555,2,2024Q1
2024-03-25,XLU,0.02049249483406168,-0.0008861082020945967,2,2024Q1
2024-03-25,XLV,-0.005440160445942865,-3.1808264991504526e-05,2,2024Q1
2024-03-25,XLY,-0.010784874010464462,-0.0007649507170699894,2,2024Q1
2024-03-26,XLB,0.015814929571674963,-0.0004937990454781914,2,2024Q1
2024-03-26,XLC,0.016540447161133454,1.806369733572157e-05,2,2024Q1
2024-03-26,XLE,0.04811949601860843,0.002132101410840972,2,2024Q1
2024-03-26,XLF,0.0048821545999870875,-0.001144344406344163,2,2024Q1
2024-03-26,XLI,0.007718053444970785,0.0005579223476866299,2,2024Q1
2024-03-26,XLK,-0.0024566949966920992,0.0014756648435103141,2,2024Q1
2024-03-26,XLP,-0.013611772986813597,-0.001239620959043348,2,2024Q1
2024-03-26,XLRE,0.0019758486822072374,-0.0018257692599297555,2,2024Q1
2024-03-26,XLU,0.025171743107535782,-0.0008861082020945967,2,2024Q1
2024-03-26,XLV,-0.013093105214710188,-3.1808264991504526e-05,2,2024Q1
2024-03-26,XLY,-0.01426315575370174,-0.0007649507170699894,2,2024Q1
2024-03-27,XLB,0.011749257045109762,-0.0004937990454781914,2,2024Q1
2024-03-27,XLC,0.01808274495097073,1.806369733572157e-05,2,2024Q1
2024-03-27,XLE,0.058277551046803655,0.002132101410840972,2,2024Q1
2024-03-27,XLF,0.002356235763531278,-0.001144344406344163,2,2024Q1
2024-03-27,XLI,0.0035042131431283208,0.0005579223476866299,2,2024Q1
2024-03-27,XLK,-0.0027816182100022235,0.0014756648435103141,2,2024Q1
2024-03-27,XLP,-0.0075763321242035,-0.001239620959043348,2,2024Q1
2024-03-27,XLRE,-0.009971597437476554,-0.0018257692599297555,2,2024Q1
2024-03-27,XLU,0.015777780943941,-0.0008861082020945967,2,2024Q1
2024-03-27,XLV,-0.019689940378680548,-3.1808264991504526e-05,2,2024Q1
2024-03-27,XLY,-0.016528938919510572,-0.0007649507170699894,2,2024Q1
2024-03-28,XLB,0.007578855065742407,-0.0004937990454781914,2,2024Q1
2024-03-28,XLC,0.019402177598586978,1.806369733572157e-05,2,2024Q1
2024-03-28,XLE,0.047743706383139295,0.002132101410840972,2,2024Q1
2024-03-28,XLF,-0.00418722408290384,-0.001144344406344163,2,2024Q1
2024-03-28,XLI,0.0065683874454397495,0.0005579223476866299,2,2024Q1
2024-03-28,XLK,0.00013204909010067212,0.0014756648435103141,2,2024Q1
2024-03-28,XLP,-0.01771389362493936,-0.001239620959043348,2,2024Q1
2024-03-28,XLRE,-0.020221123348947545,-0.0018257692599297555,2,2024Q1
2024-03-28,XLU,0.0014068823362848315,-0.0008861082020945967,2,2024Q1
2024-03-28,XLV,-0.021657961521375224,-3.1808264991504526e-05,2,2024Q1
2024-03-28,XLY,-0.018591364073898275,-0.0007649507170699894,2,2024Q1
2024-04-01,XLB,0.00842248538410939,-0.0005082525590156231,3,2024Q2
2024-04-01,XLC,0.009504533762864198,0.00033559406748889884,3,2024Q2
2024-04-01,XLE,0.0312962515708185,0.002245011575963208,3,2024Q2
2024-04-01,XLF,0.0032459325812023154,-0.0010059942768481057,3,2024Q2
2024-04-01,XLI,0.010268313421562092,0.0006160703147248022,3,2024Q2
2024-04-01,XLK,-0.006052632187052764,0.0014022527608339253,3,2024Q2
2024-04-01,XLP,-0.013610000803972011,-0.0017001264358281246,3,2024Q2
2024-04-01,XLRE,0.0032409541164427624,-0.002825887087059035,3,2024Q2
2024-04-01,XLU,0.011798746967356943,-0.0015907444332986652,3,2024Q2
2024-04-01,XLV,-0.018741399995642394,-0.0006286374269006849,3,2024Q2
2024-04-01,XLY,-0.004260107234733468,-0.001292665424109274,3,2024Q2
2024-04-02,XLB,0.006981281916053739,-0.0005082525590156231,3,2024Q2
2024-04-02,XLC,0.004673690849717582,0.00033559406748889884,3,2024Q2
2024-04-02,XLE,0.009962457808362357,0.002245011575963208,3,2024Q2
2024-04-02,XLF,-0.004764833523055234,-0.0010059942768481057,3,2024Q2
2024-04-02,XLI,0.005103313605835158,0.0006160703147248022,3,2024Q2
2024-04-02,XLK,0.0010570677718340082,0.0014022527608339253,3,2024Q2
2024-04-02,XLP,-0.011275459169818758,-0.0017001264358281246,3,2024Q2
2024-04-02,XLRE,0.019642419832630598,-0.002825887087059035,3,2024Q2
2024-04-02,XLU,0.008101787086096657,-0.0015907444332986652,3,2024Q2
2024-04-02,XLV,-0.007305610911394589,-0.0006286374269006849,3,2024Q2
2024-04-02,XLY,0.007749718891131074,-0.001292665424109274,3,2024Q2
2024-04-03,XLB,-0.0034889247143379265,-0.0005082525590156231,3,2024Q2
2024-04-03,XLC,4.0930112475634495e-05,0.00033559406748889884,3,2024Q2
2024-04-03,XLE,0.017290708773963215,0.002245011575963208,3,2024Q2
2024-04-03,XLF,-0.008062666355697301,-0.0010059942768481057,3,2024Q2
2024-04-03,XLI,0.0025077033355618283,0.0006160703147248022,3,2024Q2
2024-04-03,XLK,-0.0027378805756250735,0.0014022527608339253,3,2024Q2
2024-04-03,XLP,0.007232801086613061,-0.0017001264358281246,3,2024Q2
2024-04-03,XLRE,-0.011673290933397196,-0.002825887087059035,3,2024Q2
2024-04-03,XLU,0.005883557295053299,-0.0015907444332986652,3,2024Q2
2024-04-03,XLV,-0.006756282523264101,-0.0006286374269006849,3,2024Q2
2024-04-03,XLY,0.002571829718793772,-0.001292665424109274,3,2024Q2
2024-04-04,XLB,-0.013959488782668394,-0.0005082525590156231,3,2024Q2
2024-04-04,XLC,0.0026325751097193706,0.00033559406748889884,3,2024Q2
2024-04-04,XLE,-0.0026014056857135426,0.002245011575963208,3,2024Q2
2024-04-04,XLF,-0.023693332348741825,-0.0010059942768481057,3,2024Q2
2024-04-04,XLI,-0.007349849913184547,0.0006160703147248022,3,2024Q2
2024-04-04,XLK,0.013368980778465822,0.0014022527608339253,3,2024Q2
2024-04-04,XLP,-0.01068684713643031,-0.0017001264358281246,3,2024Q2
2024-04-04,XLRE,-0.02272185966263829,-0.002825887087059035,3,2024Q2
2024-04-04,XLU,-0.013918506697899735,-0.0015907444332986652,3,2024Q2
2024-04-04,XLV,-0.01623087532410017,-0.0006286374269006849,3,2024Q2
2024-04-04,XLY,0.002648695075856411,-0.001292665424109274,3,2024Q2
2024-04-05,XLB,-0.016100070845361025,-0.0005082525590156231,3,2024Q2
2024-04-05,XLC,0.00020032096795752352,0.00033559406748889884,3,2024Q2
2024-04-05,XLE,-0.005260661746994577,0.002245011575963208,3,2024Q2
2024-04-05,XLF,-0.021703204858105285,-0.0010059942768481057,3,2024Q2
2024-04-05,XLI,-0.00742078820003822,0.0006160703147248022,3,2024Q2
2024-04-05,XLK,0.00963196597630267,0.0014022527608339253,3,2024Q2
2024-04-05,XLP,0.0018402252634251992,-0.0017001264358281246,3,2024Q2
2024-04-05,XLRE,-0.015081902843371742,-0.002825887087059035,3,2024Q2
2024-04-05,XLU,-0.00011189755554996683,-0.0015907444332986652,3,2024Q2
2024-04-05,XLV,-0.01547249489796887,-0.0006286374269006849,3,2024Q2
2024-04-05,XLY,0.004947616324156856,-0.001292665424109274,3,2024Q2
2024-04-08,XLB,-0.008573559985657897,-0.0005082525590156231,3,2024Q2
2024-04-08,XLC,0.0004895472739691042,0.00033559406748889884,3,2024Q2
2024-04-08,XLE,0.0046288426527318904,0.002245011575963208,3,2024Q2
2024-04-08,XLF,-0.017759436401718398,-0.0010059942768481057,3,2024Q2
2024-04-08,XLI,0.00016845432937417915,0.0006160703147248022,3,2024Q2
2024-04-08,XLK,0.00476621981700176,0.0014022527608339253,3,2024Q2
2024-04-08,XLP,0.01215028336650592,-0.0017001264358281246,3,2024Q2
2024-04-08,XLRE,-0.027256185605454952,-0.002825887087059035,3,2024Q2
2024-04-08,XLU,-0.002677503910548884,-0.0015907444332986652,3,2024Q2
2024-04-08,XLV,-0.0014196475009544685,-0.0006286374269006849,3,2024Q2
2024-04-08,XLY,-0.00782840448084754,-0.001292665424109274,3,2024Q2
2024-04-09,XLB,-0.015371772927479932,-0.0005082525590156231,3,2024Q2
2024-04-09,XLC,-0.0009431966159944016,0.00033559406748889884,3,2024Q2
2024-04-09,XLE,-0.0012904133289585173,0.002245011575963208,3,2024Q2
2024-04-09,XLF,-0.015848769529480777,-0.0010059942768481057,3,2024Q2
2024-04-09,XLI,0.003080121220544574,0.0006160703147248022,3,2024Q2
2024-04-09,XLK,0.003915398507113421,0.0014022527608339253,3,2024Q2
2024-04-09,XLP,0.01069476707240602,-0.0017001264358281246,3,2024Q2
2024-04-09,XLRE,-0.050462201748911695,-0.002825887087059035,3,2024Q2
2024-04-09,XLU,-0.017813202042888276,-0.0015907444332986652,3,2024Q2
2024-04-09,XLV,-0.001632266689803985,-0.0006286374269006849,3,2024Q2
2024-04-09,XLY,-0.014911575687803102,-0.001292665424109274,3,2024Q2
2024-04-10,XLB,-0.00209572343964215,-0.0005082525590156231,3,2024Q2
2024-04-10,XLC,0.0018734497626006208,0.00033559406748889884,3,2024Q2
2024-04-10,XLE,-0.011032523746397516,0.002245011575963208,3,2024Q2
2024-04-10,XLF,-0.0029524125704057935,-0.0010059942768481057,3,2024Q2
2024-04-10,XLI,0.0023797880954895545,0.0006160703147248022,3,2024Q2
2024-04-10,XLK,-0.0022312449311138183,0.0014022527608339253,3,2024Q2
2024-04-10,XLP,0.013879476761558207,-0.0017001264358281246,3,2024Q2
2024-04-10,XLRE,-0.02308662896902436,-0.002825887087059035,3,2024Q2
2024-04-10,XLU,0.014978386484169048,-0.0015907444332986652,3,2024Q2
2024-04-10,XLV,0.004147282191686363,-0.0006286374269006849,3,2024Q2
2024-04-10,XLY,-0.008657738512179103,-0.001292665424109274,3,2024Q2
2024-04-11,XLB,0.008255968443864448,-0.0005082525590156231,3,2024Q2
2024-04-11,XLC,0.007377211532490269,0.00033559406748889884,3,2024Q2
2024-04-11,XLE,-0.004029604717283641,0.002245011575963208,3,2024Q2
2024-04-11,XLF,0.01671015843429635,-0.0010059942768481057,3,2024Q2
2024-04-11,XLI,0.007180143195598454,0.0006160703147248022,3,2024Q2
2024-04-11,XLK,-0.022849228538883604,0.0014022527608339253,3,2024Q2
2024-04-11,XLP,0.030144851447967747,-0.0017001264358281246,3,2024Q2
2024-04-11,XLRE,-0.014550207927832126,-0.002825887087059035,3,2024Q2
2024-04-11,XLU,0.031811090732098646,-0.0015907444332986652,3,2024Q2
2024-04-11,XLV,0.01737910096466244,-0.0006286374269006849,3,2024Q2
2024-04-11,XLY,-0.013038427529345697,-0.001292665424109274,3,2024Q2
2024-04-12,XLB,0.020037360104243174,-0.0005082525590156231,3,2024Q2
2024-04-12,XLC,0.007843726942391771,0.00033559406748889884,3,2024Q2
2024-04-12,XLE,0.018646524073704818,0.002245011575963208,3,2024Q2
2024-04-12,XLF,0.03870153466091364,-0.0010059942768481057,3,2024Q2
2024-04-12,XLI,0.01094134418990722,0.0006160703147248022,3,2024Q2
2024-04-12,XLK,-0.032035972164234705,0.0014022527608339253,3,2024Q2
2024-04-12,XLP,0.0451588696450822,-0.0017001264358281246,3,2024Q2
2024-04-12,XLRE,-0.00580635441846411,-0.002825887087059035,3,2024Q2
2024-04-12,XLU,0.04987239519254616,-0.0015907444332986652,3,2024Q2
2024-04-12,XLV,0.031001472918525952,-0.0006286374269006849,3,2024Q2
2024-04-12,XLY,-0.010786116308569849,-0.001292665424109274,3,2024Q2
2024-04-15,XLB,0.004459798241510438,-0.0005082525590156231,3,2024Q2
2024-04-15,XLC,0.0004101726267600192,0.00033559406748889884,3,2024Q2
2024-04-15,XLE,0.013156870043736668,0.002245011575963208,3,2024Q2
2024-04-15,XLF,0.03471523411531996,-0.0010059942768481057,3,2024Q2
2024-04-15,XLI,0.0041315069199969745,0.0006160703147248022,3,2024Q2
2024-04-15,XLK,-0.0266992750231555,0.0014022527608339253,3,2024Q2
2024-04-15,XLP,0.03770167186913331,-0.0017001264358281246,3,2024Q2
2024-04-15,XLRE,-0.0021019973344098553,-0.002825887087059035,3,2024Q2
2024-04-15,XLU,0.047420881368522516,-0.0015907444332986652,3,2024Q2
2024-04-15,XLV,0.015507977700049191,-0.0006286374269006849,3,2024Q2
2024-04-15,XLY,-0.011581191292763249,-0.001292665424109274,3,2024Q2
2024-04-16,XLB,-0.010066131311141535,-0.0005082525590156231,3,2024Q2
2024-04-16,XLC,0.005286163380151088,0.00033559406748889884,3,2024Q2
2024-04-16,XLE,0.014010063527765126,0.002245011575963208,3,2024Q2
2024-04-16,XLF,0.03468843634062235,-0.0010059942768481057,3,2024Q2
2024-04-16,XLI,0.0067146465095573316,0.0006160703147248022,3,2024Q2
2024-04-16,XLK,-0.027158332552827402,0.0014022527608339253,3,2024Q2
2024-04-16,XLP,0.026565268245986262,-0.0017001264358281246,3,2024Q2
2024-04-16,XLRE,0.00883440952944925,-0.002825887087059035,3,2024Q2
2024-04-16,XLU,0.05266402755570687,-0.0015907444332986652,3,2024Q2
2024-04-16,XLV,0.01468213873565749,-0.0006286374269006849,3,2024Q2
2024-04-16,XLY,-0.007848318996314774,-0.001292665424109274,3,2024Q2
2024-04-17,XLB,-0.017125050085355586,-0.0005082525590156231,3,2024Q2
2024-04-17,XLC,0.0012961830030988608,0.00033559406748889884,3,2024Q2
2024-04-17,XLE,0.012175307894344956,0.002245011575963208,3,2024Q2
2024-04-17,XLF,0.02631990675714002,-0.0010059942768481057,3,2024Q2
2024-04-17,XLI,-0.001617502392154302,0.0006160703147248022,3,2024Q2
2024-04-17,XLK,-0.013833031088483105,0.0014022527608339253,3,2024Q2
2024-04-17,XLP,0.025041293497839234,-0.0017001264358281246,3,2024Q2
2024-04-17,XLRE,0.015759473982481564,-0.002825887087059035,3,2024Q2
2024-04-17,XLU,0.03180129198705384,-0.0015907444332986652,3,2024Q2
2024-04-17,XLV,0.007771177217917868,-0.0006286374269006849,3,2024Q2
2024-04-17,XLY,0.0010839257690444803,-0.001292665424109274,3,2024Q2
2024-04-18,XLB,-0.008621559860444772,-0.0005082525590156231,3,2024Q2
2024-04-18,XLC,-0.037692495934865344,0.00033559406748889884,3,2024Q2
2024-04-18,XLE,0.021783828075975897,0.002245011575963208,3,2024Q2
2024-04-18,XLF,0.018414408939787963,-0.0010059942768481057,3,2024Q2
2024-04-18,XLI,0.006718042659257684,0.0006160703147248022,3,2024Q2
2024-04-18,XLK,-0.0027589024888046154,0.0014022527608339253,3,2024Q2
2024-04-18,XLP,0.019588995343288618,-0.0017001264358281246,3,2024Q2
2024-04-18,XLRE,0.011358469883746336,-0.002825887087059035,3,2024Q2
2024-04-18,XLU,0.03053778306255328,-0.0015907444332986652,3,2024Q2
2024-04-18,XLV,0.0028159330869936827,-0.0006286374269006849,3,2024Q2
2024-04-18,XLY,0.010036721554221861,-0.001292665424109274,3,2024Q2
2024-04-19,XLB,-0.020161130970818952,-0.0005082525590156231,3,2024Q2
2024-04-19,XLC,-0.018402741532878908,0.00033559406748889884,3,2024Q2
2024-04-19,XLE,-0.018348271476378075,0.002245011575963208,3,2024Q2
2024-04-19,XLF,-0.015559611591968503,-0.0010059942768481057,3,2024Q2
2024-04-19,XLI,-0.00827729529842558,0.0006160703147248022,3,2024Q2
2024-04-19,XLK,0.011460073909145496,0.0014022527608339253,3,2024Q2
2024-04-19,XLP,-0.011007411496103181,-0.0017001264358281246,3,2024Q2
2024-04-19,XLRE,-0.01029110057373206,-0.002825887087059035,3,2024Q2
2024-04-19,XLU,-0.01484062808839326,-0.0015907444332986652,3,2024Q2
2024-04-19,XLV,-0.0191872932723558,-0.0006286374269006849,3,2024Q2
2024-04-19,XLY,0.009771520457519944,-0.001292665424109274,3,2024Q2
2024-04-22,XLB,-0.006991418844187747,-0.0005082525590156231,3,2024Q2
2024-04-22,XLC,-0.025717975828715822,0.00033559406748889884,3,2024Q2
2024-04-22,XLE,-0.012322511025674387,0.002245011575963208,3,2024Q2
2024-04-22,XLF,-0.023383048018022934,-0.0010059942768481057,3,2024Q2
2024-04-22,XLI,-0.003390549226597983,0.0006160703147248022,3,2024Q2
2024-04-22,XLK,0.012461565864271273,0.0014022527608339253,3,2024Q2
2024-04-22,XLP,-0.011643017761270524,-0.0017001264358281246,3,2024Q2
2024-04-22,XLRE,-0.0013385322709111858,-0.002825887087059035,3,2024Q2
2024-04-22,XLU,-0.004638278186958278,-0.0015907444332986652,3,2024Q2
2024-04-22,XLV,-0.0138805749573645,-0.0006286374269006849,3,2024Q2
2024-04-22,XLY,0.03496497244368535,-0.001292665424109274,3,2024Q2
2024-04-23,XLB,0.011222642678736072,-0.0005082525590156231,3,2024Q2
2024-04-23,XLC,-0.029008879938903664,0.00033559406748889884,3,2024Q2
2024-04-23,XLE,-0.019791536659468534,0.002245011575963208,3,2024Q2
2024-04-23,XLF,-0.011463143358243055,-0.0010059942768481057,3,2024Q2
2024-04-23,XLI,-0.005336473666211594,0.0006160703147248022,3,2024Q2
2024-04-23,XLK,0.002895381413885567,0.0014022527608339253,3,2024Q2
2024-04-23,XLP,0.009115734241289974,-0.0017001264358281246,3,2024Q2
2024-04-23,XLRE,-0.0012351659128561066,-0.002825887087059035,3,2024Q2
2024-04-23,XLU,0.013287529541445187,-0.0015907444332986652,3,2024Q2
2024-04-23,XLV,0.0003931581620260083,-0.0006286374269006849,3,2024Q2
2024-04-23,XLY,0.02510891788903402,-0.001292665424109274,3,2024Q2
2024-04-24,XLB,0.018501598979324463,-0.0005082525590156231,3,2024Q2
2024-04-24,XLC,-0.017944783508739293,0.00033559406748889884,3,2024Q2
2024-04-24,XLE,-0.03323606515952526,0.002245011575963208,3,2024Q2
2024-04-24,XLF,-0.008470816581706453,-0.0010059942768481057,3,2024Q2
2024-04-24,XLI,0.002885782954324956,0.0006160703147248022,3,2024Q2
2024-04-24,XLK,-0.009025845877075334,0.0014022527608339253,3,2024Q2
2024-04-24,XLP,-0.001973049080306377,-0.0017001264358281246,3,2024Q2
2024-04-24,XLRE,-0.0017241341695949375,-0.002825887087059035,3,2024Q2
2024-04-24,XLU,0.021548982650811066,-0.0015907444332986652,3,2024Q2
2024-04-24,XLV,0.00802388439633217,-0.0006286374269006849,3,2024Q2
2024-04-24,XLY,0.011906156726432693,-0.001292665424109274,3,2024Q2
2024-04-25,XLB,-0.006880163488188207,-0.0005082525590156231,3,2024Q2
2024-04-25,XLC,0.01502754743160084,0.00033559406748889884,3,2024Q2
2024-04-25,XLE,-0.04517807522801609,0.002245011575963208,3,2024Q2
2024-04-25,XLF,-0.013332623221421369,-0.0010059942768481057,3,2024Q2
2024-04-25,XLI,-0.007468253754399301,0.0006160703147248022,3,2024Q2
2024-04-25,XLK,-0.005791444140948787,0.0014022527608339253,3,2024Q2
2024-04-25,XLP,-0.004378782631882849,-0.0017001264358281246,3,2024Q2
2024-04-25,XLRE,0.005176320558919256,-0.002825887087059035,3,2024Q2
2024-04-25,XLU,0.011137404372352444,-0.0015907444332986652,3,2024Q2
2024-04-25,XLV,0.0009436364024733024,-0.0006286374269006849,3,2024Q2
2024-04-25,XLY,0.010592834984163302,-0.001292665424109274,3,2024Q2
2024-04-26,XLB,-0.005849808878506613,-0.0005082525590156231,3,2024Q2
2024-04-26,XLC,-0.00471323214961461,0.00033559406748889884,3,2024Q2
2024-04-26,XLE,-0.03907202338446791,0.002245011575963208,3,2024Q2
2024-04-26,XLF,-0.012575920463227419,-0.0010059942768481057,3,2024Q2
2024-04-26,XLI,-0.005064727890744747,0.0006160703147248022,3,2024Q2
2024-04-26,XLK,0.007650054074708645,0.0014022527608339253,3,2024Q2
2024-04-26,XLP,-0.002125029451938154,-0.0017001264358281246,3,2024Q2
2024-04-26,XLRE,0.009397782101018715,-0.002825887087059035,3,2024Q2
2024-04-26,XLU,0.02757829387926769,-0.0015907444332986652,3,2024Q2
2024-04-26,XLV,0.0002545459722727017,-0.0006286374269006849,3,2024Q2
2024-04-26,XLY,0.005407934527428049,-0.001292665424109274,3,2024Q2
2024-04-29,XLB,-0.014978779824637578,-0.0005082525590156231,3,2024Q2
2024-04-29,XLC,0.014011233660488509,0.00033559406748889884,3,2024Q2
2024-04-29,XLE,-0.04482047168028758,0.002245011575963208,3,2024Q2
2024-04-29,XLF,-0.00515770874499677,-0.0010059942768481057,3,2024Q2
2024-04-29,XLI,-0.008471011261199202,0.0006160703147248022,3,2024Q2
2024-04-29,XLK,0.008363907136541782,0.0014022527608339253,3,2024Q2
2024-04-29,XLP,-0.011576338972183464,-0.0017001264358281246,3,2024Q2
2024-04-29,XLRE,-0.008423632861584762,-0.002825887087059035,3,2024Q2
2024-04-29,XLU,0.01212873187619512,-0.0015907444332986652,3,2024Q2
2024-04-29,XLV,-0.00585584835083508,-0.0006286374269006849,3,2024Q2
2024-04-29,XLY,-0.013818759884458132,-0.001292665424109274,3,2024Q2
2024-04-30,XLB,-0.0018804244432708561,-0.0005082525590156231,3,2024Q2
2024-04-30,XLC,0.015137379378636684,0.00033559406748889884,3,2024Q2
2024-04-30,XLE,-0.033515205364174516,0.002245011575963208,3,2024Q2
2024-04-30,XLF,-0.009139950493765259,-0.0010059942768481057,3,2024Q2
2024-04-30,XLI,-0.006912058793589582,0.0006160703147248022,3,2024Q2
2024-04-30,XLK,0.01050882069444481,0.0014022527608339253,3,2024Q2
2024-04-30,XLP,-0.01364411499996443,-0.0017001264358281246,3,2024Q2
2024-04-30,XLRE,0.003786882915745471,-0.002825887087059035,3,2024Q2
2024-04-30,XLU,0.011753444373466815,-0.0015907444332986652,3,2024Q2
2024-04-30,XLV,-0.014238031987500621,-0.0006286374269006849,3,2024Q2
2024-04-30,XLY,-0.013687480755799397,-0.001292665424109274,3,2024Q2
2024-05-01,XLB,-0.01536033542935944,-0.0005082525590156231,3,2024Q2
2024-05-01,XLC,0.00044892983158151267,0.00033559406748889884,3,2024Q2
2024-05-01,XLE,-0.02202979700583607,0.002245011575963208,3,2024Q2
2024-05-01,XLF,-0.00887943355409404,-0.0010059942768481057,3,2024Q2
2024-05-01,XLI,-0.007835618845063008,0.0006160703147248022,3,2024Q2
2024-05-01,XLK,0.02080665021152539,0.0014022527608339253,3,2024Q2
2024-05-01,XLP,-0.013661772403146255,-0.0017001264358281246,3,2024Q2
2024-05-01,XLRE,-0.009906095283150007,-0.002825887087059035,3,2024Q2
2024-05-01,XLU,0.007226391681355304,-0.0015907444332986652,3,2024Q2
2024-05-01,XLV,-0.02298635939903959,-0.0006286374269006849,3,2024Q2
2024-05-01,XLY,-0.014575532859292917,-0.001292665424109274,3,2024Q2
2024-05-02,XLB,0.004998453010530923,-0.0005082525590156231,3,2024Q2
2024-05-02,XLC,-0.0010002137723430504,0.00033559406748889884,3,2024Q2
2024-05-02,XLE,-0.010639609863579702,0.002245011575963208,3,2024Q2
2024-05-02,XLF,-7.233704464471025e-05,-0.0010059942768481057,3,2024Q2
2024-05-02,XLI,0.00012328891301027767,0.0006160703147248022,3,2024Q2
2024-05-02,XLK,0.009197468393366215,0.0014022527608339253,3,2024Q2
2024-05-02,XLP,-0.009753698022611612,-0.0017001264358281246,3,2024Q2
2024-05-02,XLRE,0.003236938171663928,-0.002825887087059035,3,2024Q2
2024-05-02,XLU,0.02114873773113435,-0.0015907444332986652,3,2024Q2
2024-05-02,XLV,-0.009904385233074464,-0.0006286374269006849,3,2024Q2
2024-05-02,XLY,-0.016737131474120037,-0.001292665424109274,3,2024Q2
2024-05-03,XLB,0.007123162126624116,-0.0005082525590156231,3,2024Q2
2024-05-03,XLC,0.0010200467606755748,0.00033559406748889884,3,2024Q2
2024-05-03,XLE,-0.00506692406050413,0.002245011575963208,3,2024Q2
2024-05-03,XLF,0.012887722717946026,-0.0010059942768481057,3,2024Q2
2024-05-03,XLI,0.0050246137817751,0.0006160703147248022,3,2024Q2
2024-05-03,XLK,-0.0039164580098340895,0.0014022527608339253,3,2024Q2
2024-05-03,XLP,0.004252698372282593,-0.0017001264358281246,3,2024Q2
2024-05-03,XLRE,0.002661571092637427,-0.002825887087059035,3,2024Q2
2024-05-03,XLU,0.023128508175758178,-0.0015907444332986652,3,2024Q2
2024-05-03,XLV,0.000919851773510727,-0.0006286374269006849,3,2024Q2
2024-05-03,XLY,-0.017610289514925492,-0.001292665424109274,3,2024Q2
2024-05-06,XLB,0.01058366180011494,-0.0005082525590156231,3,2024Q2
2024-05-06,XLC,-0.0042195300865837115,0.00033559406748889884,3,2024Q2
2024-05-06,XLE,-0.005400500095640748,0.002245011575963208,3,2024Q2
2024-05-06,XLF,0.005964145161417855,-0.0010059942768481057,3,2024Q2
2024-05-06,XLI,0.0007912351246890381,0.0006160703147248022,3,2024Q2
2024-05-06,XLK,-0.000691622168066619,0.0014022527608339253,3,2024Q2
2024-05-06,XLP,0.011092632518709511,-0.0017001264358281246,3,2024Q2
2024-05-06,XLRE,0.015362943350897051,-0.002825887087059035,3,2024Q2
2024-05-06,XLU,0.028102209361177133,-0.0015907444332986652,3,2024Q2
2024-05-06,XLV,0.0060963064522625565,-0.0006286374269006849,3,2024Q2
2024-05-06,XLY,-0.019190738249251993,-0.001292665424109274,3,2024Q2
2024-05-07,XLB,-0.0039020125451720844,-0.0005082525590156231,3,2024Q2
2024-05-07,XLC,-0.004294024575124622,0.00033559406748889884,3,2024Q2
2024-05-07,XLE,-0.006654721340724423,0.002245011575963208,3,2024Q2
2024-05-07,XLF,0.004103862190848462,-0.0010059942768481057,3,2024Q2
2024-05-07,XLI,-0.0057194685831925,0.0006160703147248022,3,2024Q2
2024-05-07,XLK,0.008062874229808115,0.0014022527608339253,3,2024Q2
2024-05-07,XLP,-0.005397010039809302,-0.0017001264358281246,3,2024Q2
2024-05-07,XLRE,0.008398326634999176,-0.002825887087059035,3,2024Q2
2024-05-07,XLU,0.015698340607862127,-0.0015907444332986652,3,2024Q2
2024-05-07,XLV,-0.0014606614971537368,-0.0006286374269006849,3,2024Q2
2024-05-07,XLY,-0.011015409897926043,-0.001292665424109274,3,2024Q2
2024-05-08,XLB,-0.009903049473049208,-0.0005082525590156231,3,2024Q2
2024-05-08,XLC,-0.008714239065886309,0.00033559406748889884,3,2024Q2
2024-05-08,XLE,-0.015642762512261044,0.002245011575963208,3,2024Q2
2024-05-08,XLF,-0.00451716598432883,-0.0010059942768481057,3,2024Q2
2024-05-08,XLI,-0.01155659499973516,0.0006160703147248022,3,2024Q2
2024-05-08,XLK,0.015639340561139248,0.0014022527608339253,3,2024Q2
2024-05-08,XLP,-0.014149671259747754,-0.0017001264358281246,3,2024Q2
2024-05-08,XLRE,0.023134660060703638,-0.002825887087059035,3,2024Q2
2024-05-08,XLU,0.007818577413821304,-0.0015907444332986652,3,2024Q2
2024-05-08,XLV,0.004654663001329773,-0.0006286374269006849,3,2024Q2
2024-05-08,XLY,-0.018158097397528383,-0.001292665424109274,3,2024Q2
2024-05-09,XLB,-0.020303821838587366,-0.0005082525590156231,3,2024Q2
2024-05-09,XLC,-0.00658374207607082,0.00033559406748889884,3,2024Q2
2024-05-09,XLE,-0.02379844451610602,0.002245011575963208,3,2024Q2
2024-05-09,XLF,-0.004140239748004371,-0.0010059942768481057,3,2024Q2
2024-05-09,XLI,-0.01956422758230192,0.0006160703147248022,3,2024Q2
2024-05-09,XLK,0.02029424264546975,0.0014022527608339253,3,2024Q2
2024-05-09,XLP,-0.0005720566874898303,-0.0017001264358281246,3,2024Q2
2024-05-09,XLRE,0.004964612891452447,-0.002825887087059035,3,2024Q2
2024-05-09,XLU,-0.0032029219663956,-0.0015907444332986652,3,2024Q2
2024-05-09,XLV,0.0026716814532192767,-0.0006286374269006849,3,2024Q2
2024-05-09,XLY,-0.023471855287341525,-0.001292665424109274,3,2024Q2
2024-05-10,XLB,-0.013155552863278741,-0.0005082525590156231,3,2024Q2
2024-05-10,XLC,-0.00650531289289491,0.00033559406748889884,3,2024Q2
2024-05-10,XLE,-0.004487931811639978,0.002245011575963208,3,2024Q2
2024-05-10,XLF,-0.0007528387499895484,-0.0010059942768481057,3,2024Q2
2024-05-10,XLI,-0.019315838817097752,0.0006160703147248022,3,2024Q2
2024-05-10,XLK,0.014022675117134176,0.0014022527608339253,3,2024Q2
2024-05-10,XLP,-0.008929854674928128,-0.0017001264358281246,3,2024Q2
2024-05-10,XLRE,0.008594639737354859,-0.002825887087059035,3,2024Q2
2024-05-10,XLU,-0.0015176588116547762,-0.0015907444332986652,3,2024Q2
2024-05-10,XLV,0.0024118349130384242,-0.0006286374269006849,3,2024Q2
2024-05-10,XLY,-0.013162094523505585,-0.001292665424109274,3,2024Q2
2024-05-13,XLB,-0.012117604390616599,-0.0005082525590156231,3,2024Q2
2024-05-13,XLC,-0.0027442482759529874,0.00033559406748889884,3,2024Q2
2024-05-13,XLE,-0.009444020910863271,0.002245011575963208,3,2024Q2
2024-05-13,XLF,-0.011564454217379838,-0.0010059942768481057,3,2024Q2
2024-05-13,XLI,-0.014209441538403755,0.0006160703147248022,3,2024Q2
2024-05-13,XLK,0.0202051536402299,0.0014022527608339253,3,2024Q2
2024-05-13,XLP,-0.014077042277981233,-0.0017001264358281246,3,2024Q2
2024-05-13,XLRE,-0.001474673141777183,-0.002825887087059035,3,2024Q2
2024-05-13,XLU,-0.004235822677444601,-0.0015907444332986652,3,2024Q2
2024-05-13,XLV,0.00021081428009361858,-0.0006286374269006849,3,2024Q2
2024-05-13,XLY,-0.020376456143085142,-0.001292665424109274,3,2024Q2
2024-05-14,XLB,-0.010939427011694036,-0.0005082525590156231,3,2024Q2
2024-05-14,XLC,-0.006500901427219485,0.00033559406748889884,3,2024Q2
2024-05-14,XLE,-0.01348123037427107,0.002245011575963208,3,2024Q2
2024-05-14,XLF,-0.007998385801994967,-0.0010059942768481057,3,2024Q2
2024-05-14,XLI,-0.015082561826066598,0.0006160703147248022,3,2024Q2
2024-05-14,XLK,0.014932774358367151,0.0014022527608339253,3,2024Q2
2024-05-14,XLP,-0.004010669160178004,-0.0017001264358281246,3,2024Q2
2024-05-14,XLRE,-0.007282820661921541,-0.002825887087059035,3,2024Q2
2024-05-14,XLU,0.004329063299287617,-0.0015907444332986652,3,2024Q2
2024-05-14,XLV,-0.00020025575368198822,-0.0006286374269006849,3,2024Q2
2024-05-14,XLY,-0.016353676456402177,-0.001292665424109274,3,2024Q2
2024-05-15,XLB,-0.007157293065833681,-0.0005082525590156231,3,2024Q2
2024-05-15,XLC,0.0036618310643332652,0.00033559406748889884,3,2024Q2
2024-05-15,XLE,-0.019581121424665282,0.002245011575963208,3,2024Q2
2024-05-15,XLF,-0.005784279225489408,-0.0010059942768481057,3,2024Q2
2024-05-15,XLI,-0.005096760885454743,0.0006160703147248022,3,2024Q2
2024-05-15,XLK,0.009810329458306066,0.0014022527608339253,3,2024Q2
2024-05-15,XLP,0.0066326587174239116,-0.0017001264358281246,3,2024Q2
2024-05-15,XLRE,-0.01734907877299363,-0.002825887087059035,3,2024Q2
2024-05-15,XLU,-0.007263825924074263,-0.0015907444332986652,3,2024Q2
2024-05-15,XLV,0.002026004238188772,-0.0006286374269006849,3,2024Q2
2024-05-15,XLY,-0.012947130964156117,-0.001292665424109274,3,2024Q2
2024-05-16,XLB,-0.0035919025421666806,-0.0005082525590156231,3,2024Q2
2024-05-16,XLC,-0.0017478976998273055,0.00033559406748889884,3,2024Q2
2024-05-16,XLE,-0.020570409870928175,0.002245011575963208,3,2024Q2
2024-05-16,XLF,-0.014276786604814795,-0.0010059942768481057,3,2024Q2
2024-05-16,XLI,-0.005699780979112723,0.0006160703147248022,3,2024Q2
2024-05-16,XLK,0.010345297739446924,0.0014022527608339253,3,2024Q2
2024-05-16,XLP,-0.013968946541335625,-0.0017001264358281246,3,2024Q2
2024-05-16,XLRE,-0.031214002458439194,-0.002825887087059035,3,2024Q2
2024-05-16,XLU,-0.015450571288633475,-0.0015907444332986652,3,2024Q2
2024-05-16,XLV,-0.0025059503999221855,-0.0006286374269006849,3,2024Q2
2024-05-16,XLY,-0.01733474671145152,-0.001292665424109274,3,2024Q2
2024-05-17,XLB,-0.00855409131405993,-0.0005082525590156231,3,2024Q2
2024-05-17,XLC,0.004134612013350636,0.00033559406748889884,3,2024Q2
2024-05-17,XLE,-0.037786504219102235,0.002245011575963208,3,2024Q2
2024-05-17,XLF,-0.020691867947085996,-0.0010059942768481057,3,2024Q2
2024-05-17,XLI,-0.006922786455901164,0.0006160703147248022,3,2024Q2
2024-05-17,XLK,0.015928622205178766,0.0014022527608339253,3,2024Q2
2024-05-17,XLP,-0.014173670971566077,-0.0017001264358281246,3,2024Q2
2024-05-17,XLRE,-0.03635882145353819,-0.002825887087059035,3,2024Q2
2024-05-17,XLU,-0.011592945485992656,-0.0015907444332986652,3,2024Q2
2024-05-17,XLV,-0.012898889797334556,-0.0006286374269006849,3,2024Q2
2024-05-17,XLY,-0.017664380522216305,-0.001292665424109274,3,2024Q2
2024-05-20,XLB,-0.01329081735248916,-0.0005082525590156231,3,2024Q2
2024-05-20,XLC,0.003368446167866468,0.00033559406748889884,3,2024Q2
2024-05-20,XLE,-0.021046269208878643,0.002245011575963208,3,2024Q2
2024-05-20,XLF,-0.017662452154788566,-0.0010059942768481057,3,2024Q2
2024-05-20,XLI,-0.020472848391946186,0.0006160703147248022,3,2024Q2
2024-05-20,XLK,0.008824031448969594,0.0014022527608339253,3,2024Q2
2024-05-20,XLP,-0.0145920864508704,-0.0017001264358281246,3,2024Q2
2024-05-20,XLRE,-0.03561350585166623,-0.002825887087059035,3,2024Q2
2024-05-20,XLU,-0.010467153397399342,-0.0015907444332986652,3,2024Q2
2024-05-20,XLV,-0.022336574458616587,-0.0006286374269006849,3,2024Q2
2024-05-20,XLY,-0.01227008161531462,-0.001292665424109274,3,2024Q2
2024-05-21,XLB,-0.01795089490412327,-0.0005082525590156231,3,2024Q2
2024-05-21,XLC,0.008811382026478576,0.00033559406748889884,3,2024Q2
2024-05-21,XLE,-0.024186940550937397,0.002245011575963208,3,2024Q2
2024-05-21,XLF,-0.02234364231582886,-0.0010059942768481057,3,2024Q2
2024-05-21,XLI,-0.021740374669113605,0.0006160703147248022,3,2024Q2
2024-05-21,XLK,0.010225223852805887,0.0014022527608339253,3,2024Q2
2024-05-21,XLP,-0.018003087489241953,-0.0017001264358281246,3,2024Q2
2024-05-21,XLRE,-0.03452799715924759,-0.002825887087059035,3,2024Q2
2024-05-21,XLU,-0.02248731483929811,-0.0015907444332986652,3,2024Q2
2024-05-21,XLV,-0.022169249299330618,-0.0006286374269006849,3,2024Q2
2024-05-21,XLY,-0.015589641367193319,-0.001292665424109274,3,2024Q2
2024-05-22,XLB,0.0033402976207052015,-0.0005082525590156231,3,2024Q2
2024-05-22,XLC,0.00807413942974311,0.00033559406748889884,3,2024Q2
2024-05-22,XLE,0.0012464737759187994,0.002245011575963208,3,2024Q2
2024-05-22,XLF,-0.007832215029859313,-0.0010059942768481057,3,2024Q2
2024-05-22,XLI,-0.012548073349295752,0.0006160703147248022,3,2024Q2
2024-05-22,XLK,-0.011054590239374384,0.0014022527608339253,3,2024Q2
2024-05-22,XLP,-0.007832766539174751,-0.0017001264358281246,3,2024Q2
2024-05-22,XLRE,-0.008647620685737767,-0.002825887087059035,3,2024Q2
2024-05-22,XLU,0.005989184358518251,-0.0015907444332986652,3,2024Q2
2024-05-22,XLV,-0.01968129416228015,-0.0006286374269006849,3,2024Q2
2024-05-22,XLY,0.004229899502769308,-0.001292665424109274,3,2024Q2
2024-05-23,XLB,0.007918724041221514,-0.0005082525590156231,3,2024Q2
2024-05-23,XLC,0.01392480437654986,0.00033559406748889884,3,2024Q2
2024-05-23,XLE,0.01880099399627322,0.002245011575963208,3,2024Q2
2024-05-23,XLF,0.004089013689695387,-0.0010059942768481057,3,2024Q2
2024-05-23,XLI,-0.005265000228743655,0.0006160703147248022,3,2024Q2
2024-05-23,XLK,-0.01781741656853897,0.0014022527608339253,3,2024Q2
2024-05-23,XLP,0.00304090428588788,-0.0017001264358281246,3,2024Q2
2024-05-23,XLRE,0.016060820970397627,-0.002825887087059035,3,2024Q2
2024-05-23,XLU,0.02458292558700892,-0.0015907444332986652,3,2024Q2
2024-05-23,XLV,-0.011030822580319288,-0.0006286374269006849,3,2024Q2
2024-05-23,XLY,0.009863062562348368,-0.001292665424109274,3,2024Q2
2024-05-24,XLB,-0.000952299862551742,-0.0005082525590156231,3,2024Q2
2024-05-24,XLC,0.010813103831569082,0.00033559406748889884,3,2024Q2
2024-05-24,XLE,-0.003578539338043085,0.002245011575963208,3,2024Q2
2024-05-24,XLF,-0.002429904851922071,-0.0010059942768481057,3,2024Q2
2024-05-24,XLI,-0.016667773897774296,0.0006160703147248022,3,2024Q2
2024-05-24,XLK,-0.017814139833077447,0.0014022527608339253,3,2024Q2
2024-05-24,XLP,0.0058213479803346235,-0.0017001264358281246,3,2024Q2
2024-05-24,XLRE,0.017823181514210473,-0.002825887087059035,3,2024Q2
2024-05-24,XLU,0.008552158026319479,-0.0015907444332986652,3,2024Q2
2024-05-24,XLV,0.005105644700288403,-0.0006286374269006849,3,2024Q2
2024-05-24,XLY,0.005091460127886638,-0.001292665424109274,3,2024Q2
2024-05-28,XLB,-0.008637231532589995,-0.0005082525590156231,3,2024Q2
2024-05-28,XLC,0.012549023057105702,0.00033559406748889884,3,2024Q2
2024-05-28,XLE,-0.02353580515476017,0.002245011575963208,3,2024Q2
2024-05-28,XLF,0.0036522595745653863,-0.0010059942768481057,3,2024Q2
2024-05-28,XLI,-0.007406014809149375,0.0006160703147248022,3,2024Q2
2024-05-28,XLK,-0.020318405642192783,0.0014022527608339253,3,2024Q2
2024-05-28,XLP,0.022026611340383084,-0.0017001264358281246,3,2024Q2
2024-05-28,XLRE,0.033113817746421415,-0.002825887087059035,3,2024Q2
2024-05-28,XLU,0.00870008571403269,-0.0015907444332986652,3,2024Q2
2024-05-28,XLV,0.019922793901629765,-0.0006286374269006849,3,2024Q2
2024-05-28,XLY,0.008162474400129183,-0.001292665424109274,3,2024Q2
2024-05-29,XLB,-0.006368822676443342,-0.0005082525590156231,3,2024Q2
2024-05-29,XLC,0.011296528128256877,0.00033559406748889884,3,2024Q2
2024-05-29,XLE,-0.02511191079299724,0.002245011575963208,3,2024Q2
2024-05-29,XLF,-0.004285759121062993,-0.0010059942768481057,3,2024Q2
2024-05-29,XLI,-0.002015751375555652,0.0006160703147248022,3,2024Q2
2024-05-29,XLK,-0.01121353663631508,0.0014022527608339253,3,2024Q2
2024-05-29,XLP,0.008200117150072517,-0.0017001264358281246,3,2024Q2
2024-05-29,XLRE,0.02259014722409236,-0.002825887087059035,3,2024Q2
2024-05-29,XLU,-0.00295823641969184,-0.0015907444332986652,3,2024Q2
2024-05-29,XLV,0.013591643639164763,-0.0006286374269006849,3,2024Q2
2024-05-29,XLY,0.001760447697559231,-0.001292665424109274,3,2024Q2
2024-05-30,XLB,-0.020182512634484562,-0.0005082525590156231,3,2024Q2
2024-05-30,XLC,0.008503711730678543,0.00033559406748889884,3,2024Q2
2024-05-30,XLE,-0.029545140928657565,0.002245011575963208,3,2024Q2
2024-05-30,XLF,-0.016965728844945405,-0.0010059942768481057,3,2024Q2
2024-05-30,XLI,-0.021664246721305513,0.0006160703147248022,3,2024Q2
2024-05-30,XLK,0.0020582229682692965,0.0014022527608339253,3,2024Q2
2024-05-30,XLP,0.0018934083099721999,-0.0017001264358281246,3,2024Q2
2024-05-30,XLRE,0.002673020415113303,-0.002825887087059035,3,2024Q2
2024-05-30,XLU,-0.03355272881057447,-0.0015907444332986652,3,2024Q2
2024-05-30,XLV,0.009704073824311044,-0.0006286374269006849,3,2024Q2
2024-05-30,XLY,-0.0036276650825717294,-0.001292665424109274,3,2024Q2
2024-05-31,XLB,-0.03160094126940616,-0.0005082525590156231,3,2024Q2
2024-05-31,XLC,0.0011012683367974674,0.00033559406748889884,3,2024Q2
2024-05-31,XLE,-0.047032840752162186,0.002245011575963208,3,2024Q2
2024-05-31,XLF,-0.016433239840196623,-0.0010059942768481057,3,2024Q2
2024-05-31,XLI,-0.022144662943064053,0.0006160703147248022,3,2024Q2
2024-05-31,XLK,0.0132942593032217,0.0014022527608339253,3,2024Q2
2024-05-31,XLP,-0.008453206319286366,-0.0017001264358281246,3,2024Q2
2024-05-31,XLRE,-0.014693277381174097,-0.002825887087059035,3,2024Q2
2024-05-31,XLU,-0.05081960354861348,-0.0015907444332986652,3,2024Q2
2024-05-31,XLV,0.0064071316510025955,-0.0006286374269006849,3,2024Q2
2024-05-31,XLY,-0.0029868709089801992,-0.001292665424109274,3,2024Q2
2024-06-03,XLB,-0.029069386677081255,-0.0005082525590156231,3,2024Q2
2024-06-03,XLC,-0.002689587990172715,0.00033559406748889884,3,2024Q2
2024-06-03,XLE,-0.015883630814255034,0.002245011575963208,3,2024Q2
2024-06-03,XLF,-0.016341980380913168,-0.0010059942768481057,3,2024Q2
2024-06-03,XLI,-0.00907233241602956,0.0006160703147248022,3,2024Q2
2024-06-03,XLK,0.011022846656012497,0.0014022527608339253,3,2024Q2
2024-06-03,XLP,-0.011140872740166285,-0.0017001264358281246,3,2024Q2
2024-06-03,XLRE,-0.008031846235831308,-0.002825887087059035,3,2024Q2
2024-06-03,XLU,-0.02949765206421684,-0.0015907444332986652,3,2024Q2
2024-06-03,XLV,0.0007254372329348335,-0.0006286374269006849,3,2024Q2
2024-06-03,XLY,-0.001588235145846495,-0.001292665424109274,3,2024Q2
2024-06-04,XLB,-0.019645365235079648,-0.0005082525590156231,3,2024Q2
2024-06-04,XLC,-0.00595107879703094,0.00033559406748889884,3,2024Q2
2024-06-04,XLE,-0.009525330402553323,0.002245011575963208,3,2024Q2
2024-06-04,XLF,-0.024454585875462453,-0.0010059942768481057,3,2024Q2
2024-06-04,XLI,-0.013652907858903829,0.0006160703147248022,3,2024Q2
2024-06-04,XLK,0.026617066428610503,0.0014022527608339253,3,2024Q2
2024-06-04,XLP,-0.021586151597738357,-0.0017001264358281246,3,2024Q2
2024-06-04,XLRE,-0.02195028587319081,-0.002825887087059035,3,2024Q2
2024-06-04,XLU,-0.03637827931865589,-0.0015907444332986652,3,2024Q2
2024-06-04,XLV,-0.007724994987203582,-0.0006286374269006849,3,2024Q2
2024-06-04,XLY,-0.006601700028523005,-0.001292665424109274,3,2024Q2
2024-06-05,XLB,-0.02090091179180864,-0.0005082525590156231,3,2024Q2
2024-06-05,XLC,-0.016515687653192,0.00033559406748889884,3,2024Q2
2024-06-05,XLE,-0.01651773127444489,0.002245011575963208,3,2024Q2
2024-06-05,XLF,-0.02461599769535494,-0.0010059942768481057,3,2024Q2
2024-06-05,XLI,-0.01056006022585887,0.0006160703147248022,3,2024Q2
2024-06-05,XLK,0.03020839501954553,0.0014022527608339253,3,2024Q2
2024-06-05,XLP,-0.026649391206060913,-0.0017001264358281246,3,2024Q2
2024-06-05,XLRE,-0.009895274882270266,-0.002825887087059035,3,2024Q2
2024-06-05,XLU,-0.03350609270993943,-0.0015907444332986652,3,2024Q2
2024-06-05,XLV,-0.01072900375692143,-0.0006286374269006849,3,2024Q2
2024-06-05,XLY,0.0016603929174949794,-0.001292665424109274,3,2024Q2
2024-06-06,XLB,-0.024382576015810287,-0.0005082525590156231,3,2024Q2
2024-06-06,XLC,-0.027749578771241734,0.00033559406748889884,3,2024Q2
2024-06-06,XLE,-0.03283232033366257,0.002245011575963208,3,2024Q2
2024-06-06,XLF,-0.026921666104656627,-0.0010059942768481057,3,2024Q2
2024-06-06,XLI,-0.013097012017304399,0.0006160703147248022,3,2024Q2
2024-06-06,XLK,0.03991627834130784,0.0014022527608339253,3,2024Q2
2024-06-06,XLP,-0.03045725886901185,-0.0017001264358281246,3,2024Q2
2024-06-06,XLRE,-0.00856007765866651,-0.002825887087059035,3,2024Q2
2024-06-06,XLU,-0.02305536985657819,-0.0015907444332986652,3,2024Q2
2024-06-06,XLV,-0.016894475556079924,-0.0006286374269006849,3,2024Q2
2024-06-06,XLY,-0.006946261381663321,-0.001292665424109274,3,2024Q2
2024-06-07,XLB,-0.025443962543188148,-0.0005082525590156231,3,2024Q2
2024-06-07,XLC,-0.019621965561288923,0.00033559406748889884,3,2024Q2
2024-06-07,XLE,-0.038091987770180746,0.002245011575963208,3,2024Q2
2024-06-07,XLF,-0.03643255663013023,-0.0010059942768481057,3,2024Q2
2024-06-07,XLI,-0.026068952830205938,0.0006160703147248022,3,2024Q2
2024-06-07,XLK,0.03956038898328651,0.0014022527608339253,3,2024Q2
2024-06-07,XLP,-0.02556532908658371,-0.0017001264358281246,3,2024Q2
2024-06-07,XLRE,-0.0016744277820242015,-0.002825887087059035,3,2024Q2
2024-06-07,XLU,-0.01642291342858737,-0.0015907444332986652,3,2024Q2
2024-06-07,XLV,-0.020178974345066325,-0.0006286374269006849,3,2024Q2
2024-06-07,XLY,-0.012651664976487842,-0.001292665424109274,3,2024Q2
2024-06-10,XLB,-0.02202572714659412,-0.0005082525590156231,3,2024Q2
2024-06-10,XLC,-0.02230234554009658,0.00033559406748889884,3,2024Q2
2024-06-10,XLE,-0.04782644591320451,0.002245011575963208,3,2024Q2
2024-06-10,XLF,-0.028859250961051464,-0.0010059942768481057,3,2024Q2
2024-06-10,XLI,-0.02314967574443838,0.0006160703147248022,3,2024Q2
2024-06-10,XLK,0.04790062927163086,0.0014022527608339253,3,2024Q2
2024-06-10,XLP,-0.0203259029904721,-0.0017001264358281246,3,2024Q2
2024-06-10,XLRE,-0.016901904200785856,-0.002825887087059035,3,2024Q2
2024-06-10,XLU,-0.04493108266064527,-0.0015907444332986652,3,2024Q2
2024-06-10,XLV,-0.029793926831511497,-0.0006286374269006849,3,2024Q2
2024-06-10,XLY,-0.0032341803177529105,-0.001292665424109274,3,2024Q2
2024-06-11,XLB,-0.022941519241180375,-0.0005082525590156231,3,2024Q2
2024-06-11,XLC,-0.030221262371257107,0.00033559406748889884,3,2024Q2
2024-06-11,XLE,-0.04193600699242128,0.002245011575963208,3,2024Q2
2024-06-11,XLF,-0.01121024126136061,-0.0010059942768481057,3,2024Q2
2024-06-11,XLI,-0.01214826257450019,0.0006160703147248022,3,2024Q2
2024-06-11,XLK,0.029559701226054003,0.0014022527608339253,3,2024Q2
2024-06-11,XLP,-0.018655245342380278,-0.0017001264358281246,3,2024Q2
2024-06-11,XLRE,-0.009924987190081058,-0.002825887087059035,3,2024Q2
2024-06-11,XLU,-0.03867681794971001,-0.0015907444332986652,3,2024Q2
2024-06-11,XLV,-0.02449804487967533,-0.0006286374269006849,3,2024Q2
2024-06-11,XLY,-0.004108770710388843,-0.001292665424109274,3,2024Q2
2024-06-12,XLB,-0.012755694868805123,-0.0005082525590156231,3,2024Q2
2024-06-12,XLC,-0.012782551667041009,0.00033559406748889884,3,2024Q2
2024-06-12,XLE,-0.002040189913913526,0.002245011575963208,3,2024Q2
2024-06-12,XLF,0.006244376700614174,-0.0010059942768481057,3,2024Q2
2024-06-12,XLI,-0.009931074392981909,0.0006160703147248022,3,2024Q2
2024-06-12,XLK,0.006334371319883125,0.0014022527608339253,3,2024Q2
2024-06-12,XLP,0.0013142930225873428,-0.0017001264358281246,3,2024Q2
2024-06-12,XLRE,-0.008591006834995474,-0.002825887087059035,3,2024Q2
2024-06-12,XLU,-0.012562594848882558,-0.0015907444332986652,3,2024Q2
2024-06-12,XLV,-0.008021766424216592,-0.0006286374269006849,3,2024Q2
2024-06-12,XLY,-0.0022338064673843583,-0.001292665424109274,3,2024Q2
2024-06-13,XLB,-0.005690470010279225,-0.0005082525590156231,3,2024Q2
2024-06-13,XLC,0.009081022171602005,0.00033559406748889884,3,2024Q2
2024-06-13,XLE,0.008040069986032572,0.002245011575963208,3,2024Q2
2024-06-13,XLF,0.009689418402177186,-0.0010059942768481057,3,2024Q2
2024-06-13,XLI,0.0010234641601660766,0.0006160703147248022,3,2024Q2
2024-06-13,XLK,0.003212378817107009,0.0014022527608339253,3,2024Q2
2024-06-13,XLP,0.007398873763549529,-0.0017001264358281246,3,2024Q2
2024-06-13,XLRE,-0.004317065550358823,-0.002825887087059035,3,2024Q2
2024-06-13,XLU,-0.014067161410852513,-0.0015907444332986652,3,2024Q2
2024-06-13,XLV,0.002232703463605379,-0.0006286374269006849,3,2024Q2
2024-06-13,XLY,0.012113402451736643,-0.001292665424109274,3,2024Q2
2024-06-14,XLB,0.009176863934445834,-0.0005082525590156231,3,2024Q2
2024-06-14,XLC,0.010414833396823697,0.00033559406748889884,3,2024Q2
2024-06-14,XLE,0.03687514856752627,0.002245011575963208,3,2024Q2
2024-06-14,XLF,0.02319792592524106,-0.0010059942768481057,3,2024Q2
2024-06-14,XLI,0.01592181684553684,0.0006160703147248022,3,2024Q2
2024-06-14,XLK,-0.022985996976051637,0.0014022527608339253,3,2024Q2
2024-06-14,XLP,0.012549328211193478,-0.0017001264358281246,3,2024Q2
2024-06-14,XLRE,-0.004597989718836293,-0.002825887087059035,3,2024Q2
2024-06-14,XLU,-0.0027858992547323824,-0.0015907444332986652,3,2024Q2
2024-06-14,XLV,0.008368183303712806,-0.0006286374269006849,3,2024Q2
2024-06-14,XLY,0.017513272992803364,-0.001292665424109274,3,2024Q2
2024-06-17,XLB,-0.0068950266428535745,-0.0005082525590156231,3,2024Q2
2024-06-17,XLC,0.020947919731547415,0.00033559406748889884,3,2024Q2
2024-06-17,XLE,0.04062813499656692,0.002245011575963208,3,2024Q2
2024-06-17,XLF,0.010732910122495998,-0.0010059942768481057,3,2024Q2
2024-06-17,XLI,0.0003121021416943037,0.0006160703147248022,3,2024Q2
2024-06-17,XLK,-0.015840465720034724,0.0014022527608339253,3,2024Q2
2024-06-17,XLP,0.0006733519177325453,-0.0017001264358281246,3,2024Q2
2024-06-17,XLRE,-0.009417247014033014,-0.002825887087059035,3,2024Q2
2024-06-17,XLU,0.0028480079503405697,-0.0015907444332986652,3,2024Q2
2024-06-17,XLV,0.010324954634069128,-0.0006286374269006849,3,2024Q2
2024-06-17,XLY,1.600777366173034e-05,-0.001292665424109274,3,2024Q2
2024-06-18,XLB,-0.005176685194883901,-0.0005082525590156231,3,2024Q2
2024-06-18,XLC,0.028401085765639822,0.00033559406748889884,3,2024Q2
2024-06-18,XLE,0.027432195615096466,0.002245011575963208,3,2024Q2
2024-06-18,XLF,-0.0006245708667931282,-0.0010059942768481057,3,2024Q2
2024-06-18,XLI,-0.00642236267796592,0.0006160703147248022,3,2024Q2
2024-06-18,XLK,-0.01690820085095679,0.0014022527608339253,3,2024Q2
2024-06-18,XLP,-0.0013809928837985597,-0.0017001264358281246,3,2024Q2
2024-06-18,XLRE,-0.013277920568846469,-0.002825887087059035,3,2024Q2
2024-06-18,XLU,-0.0004917573491572957,-0.0015907444332986652,3,2024Q2
2024-06-18,XLV,0.006735181475505669,-0.0006286374269006849,3,2024Q2
2024-06-18,XLY,0.01914611998347726,-0.001292665424109274,3,2024Q2
2024-06-20,XLB,-0.013240765764433449,-0.0005082525590156231,3,2024Q2
2024-06-20,XLC,0.02556221192067043,0.00033559406748889884,3,2024Q2
2024-06-20,XLE,0.007023011809584423,0.002245011575963208,3,2024Q2
2024-06-20,XLF,-0.011381403769900378,-0.0010059942768481057,3,2024Q2
2024-06-20,XLI,-0.010290282242995996,0.0006160703147248022,3,2024Q2
2024-06-20,XLK,-0.00959954160733223,0.0014022527608339253,3,2024Q2
2024-06-20,XLP,-0.007738870134670006,-0.0017001264358281246,3,2024Q2
2024-06-20,XLRE,-0.006143729642857476,-0.002825887087059035,3,2024Q2
2024-06-20,XLU,-0.011598979586491587,-0.0015907444332986652,3,2024Q2
2024-06-20,XLV,-0.002468481833348357,-0.0006286374269006849,3,2024Q2
2024-06-20,XLY,0.01976229561489462,-0.001292665424109274,3,2024Q2
2024-06-21,XLB,-0.014304537349740132,-0.0005082525590156231,3,2024Q2
2024-06-21,XLC,0.00900916063083812,0.00033559406748889884,3,2024Q2
2024-06-21,XLE,0.01613147472704124,0.002245011575963208,3,2024Q2
2024-06-21,XLF,-0.004790420986985566,-0.0010059942768481057,3,2024Q2
2024-06-21,XLI,-0.00841268227118952,0.0006160703147248022,3,2024Q2
2024-06-21,XLK,-0.009011651686768651,0.0014022527608339253,3,2024Q2
2024-06-21,XLP,-0.013501143524665249,-0.0017001264358281246,3,2024Q2
2024-06-21,XLRE,-0.0012865378859576726,-0.002825887087059035,3,2024Q2
2024-06-21,XLU,-0.017481534139319632,-0.0015907444332986652,3,2024Q2
2024-06-21,XLV,-0.0066876276733289775,-0.0006286374269006849,3,2024Q2
2024-06-21,XLY,-0.00061740285260381,-0.001292665424109274,3,2024Q2
2024-06-24,XLB,-0.0364198648147509,-0.0005082525590156231,3,2024Q2
2024-06-24,XLC,-0.0012610956605807466,0.00033559406748889884,3,2024Q2
2024-06-24,XLE,-0.005666931614594084,0.002245011575963208,3,2024Q2
2024-06-24,XLF,-0.014167761572918214,-0.0010059942768481057,3,2024Q2
2024-06-24,XLI,-0.025185404638254694,0.0006160703147248022,3,2024Q2
2024-06-24,XLK,0.020027404632981582,0.0014022527608339253,3,2024Q2
2024-06-24,XLP,-0.02879256107693573,-0.0017001264358281246,3,2024Q2
2024-06-24,XLRE,-0.01287394940703368,-0.002825887087059035,3,2024Q2
2024-06-24,XLU,-0.03447218221737136,-0.0015907444332986652,3,2024Q2
2024-06-24,XLV,-0.019475394229284015,-0.0006286374269006849,3,2024Q2
2024-06-24,XLY,0.003917605449493156,-0.001292665424109274,3,2024Q2
2024-06-25,XLB,-0.02504380431555775,-0.0005082525590156231,3,2024Q2
2024-06-25,XLC,-0.006392304063079557,0.00033559406748889884,3,2024Q2
2024-06-25,XLE,-0.011606974176782914,0.002245011575963208,3,2024Q2
2024-06-25,XLF,0.002017804572281845,-0.0010059942768481057,3,2024Q2
2024-06-25,XLI,-0.014228420153871824,0.0006160703147248022,3,2024Q2
2024-06-25,XLK,0.003718610568482994,0.0014022527608339253,3,2024Q2
2024-06-25,XLP,-0.018523429108441736,-0.0017001264358281246,3,2024Q2
2024-06-25,XLRE,0.0026426136441610737,-0.002825887087059035,3,2024Q2
2024-06-25,XLU,-0.02301664599171993,-0.0015907444332986652,3,2024Q2
2024-06-25,XLV,-0.022880465449769072,-0.0006286374269006849,3,2024Q2
2024-06-25,XLY,0.02481086587783854,-0.001292665424109274,3,2024Q2
2024-06-26,XLB,-0.020276227705690042,-0.0005082525590156231,3,2024Q2
2024-06-26,XLC,-0.00939489311529118,0.00033559406748889884,3,2024Q2
2024-06-26,XLE,-0.0005308031936355206,0.002245011575963208,3,2024Q2
2024-06-26,XLF,0.002013302140220663,-0.0010059942768481057,3,2024Q2
2024-06-26,XLI,-0.011153752495294045,0.0006160703147248022,3,2024Q2
2024-06-26,XLK,0.015303878820999595,0.0014022527608339253,3,2024Q2
2024-06-26,XLP,-0.021392661325386753,-0.0017001264358281246,3,2024Q2
2024-06-26,XLRE,-0.0003140040931999266,-0.002825887087059035,3,2024Q2
2024-06-26,XLU,-0.016140543228519544,-0.0015907444332986652,3,2024Q2
2024-06-26,XLV,-0.03013930984728108,-0.0006286374269006849,3,2024Q2
2024-06-26,XLY,0.013311397724583562,-0.001292665424109274,3,2024Q2
2024-06-27,XLB,-0.020117019141324355,-0.0005082525590156231,3,2024Q2
2024-06-27,XLC,1.700481286803779e-05,0.00033559406748889884,3,2024Q2
2024-06-27,XLE,-0.022845514073300266,0.002245011575963208,3,2024Q2
2024-06-27,XLF,-0.0012236439824742096,-0.0010059942768481057,3,2024Q2
2024-06-27,XLI,-0.020061562594372306,0.0006160703147248022,3,2024Q2
2024-06-27,XLK,0.013712864485498688,0.0014022527608339253,3,2024Q2
2024-06-27,XLP,-0.009156023762410426,-0.0017001264358281246,3,2024Q2
2024-06-27,XLRE,-0.009886919139957762,-0.002825887087059035,3,2024Q2
2024-06-27,XLU,-0.020360468457394476,-0.0015907444332986652,3,2024Q2
2024-06-27,XLV,-0.02514517501695024,-0.0006286374269006849,3,2024Q2
2024-06-27,XLY,0.011158125751252745,-0.001292665424109274,3,2024Q2
2024-06-28,XLB,-0.022021225512950937,-0.0005082525590156231,3,2024Q2
2024-06-28,XLC,-0.005029644716701975,0.00033559406748889884,3,2024Q2
2024-06-28,XLE,-0.03787614689801588,0.002245011575963208,3,2024Q2
2024-06-28,XLF,-0.012538669466675145,-0.0010059942768481057,3,2024Q2
2024-06-28,XLI,-0.02442539604847105,0.0006160703147248022,3,2024Q2
2024-06-28,XLK,0.0161004455964453,0.0014022527608339253,3,2024Q2
2024-06-28,XLP,-0.011443060599167776,-0.0017001264358281246,3,2024Q2
2024-06-28,XLRE,-0.020843361363644286,-0.002825887087059035,3,2024Q2
2024-06-28,XLU,-0.01327834311209597,-0.0015907444332986652,3,2024Q2
2024-06-28,XLV,-0.030614258825935048,-0.0006286374269006849,3,2024Q2
2024-06-28,XLY,0.017999704792373006,-0.001292665424109274,3,2024Q2
2024-07-01,XLB,-0.01565210158576469,-0.001433204039790284,4,2024Q3
2024-07-01,XLC,0.003525890104761009,0.00019949624499648785,4,2024Q3
2024-07-01,XLE,-0.04597175494573158,0.0009577934300084911,4,2024Q3
2024-07-01,XLF,-0.005867854417712648,-0.0014324167788404385,4,2024Q3
2024-07-01,XLI,-0.01689487395759426,-0.00021496205379580694,4,2024Q3
2024-07-01,XLK,0.008596968125436755,0.0017157782201024676,4,2024Q3
2024-07-01,XLP,-0.005803376345364208,-0.0018258605363344045,4,2024Q3
2024-07-01,XLRE,-0.00975364658334299,-0.0030696997642730784,4,2024Q3
2024-07-01,XLU,-0.0022231322437129553,-0.0015328785976214832,4,2024Q3
2024-07-01,XLV,-0.019079371326779615,-0.0010604779977210577,4,2024Q3
2024-07-01,XLY,0.0190298171190606,-0.0013241917538030009,4,2024Q3
2024-07-02,XLB,-0.007268923596605248,-0.001433204039790284,4,2024Q3
2024-07-02,XLC,-0.0023199238611755213,0.00019949624499648785,4,2024Q3
2024-07-02,XLE,-0.04184498069210951,0.0009577934300084911,4,2024Q3
2024-07-02,XLF,-0.01690394393733552,-0.0014324167788404385,4,2024Q3
2024-07-02,XLI,-0.016647553453004837,-0.00021496205379580694,4,2024Q3
2024-07-02,XLK,0.015119292126338557,0.0017157782201024676,4,2024Q3
2024-07-02,XLP,-0.01158242362937112,-0.0018258605363344045,4,2024Q3
2024-07-02,XLRE,-0.010118513180936706,-0.0030696997642730784,4,2024Q3
2024-07-02,XLU,-0.001104918472881744,-0.0015328785976214832,4,2024Q3
2024-07-02,XLV,-0.00912577921043578,-0.0010604779977210577,4,2024Q3
2024-07-02,XLY,0.0036792261209868116,-0.0013241917538030009,4,2024Q3
2024-07-03,XLB,0.012318952051074694,-0.001433204039790284,4,2024Q3
2024-07-03,XLC,-0.003295232633859335,0.00019949624499648785,4,2024Q3
2024-07-03,XLE,-0.022650578887618456,0.0009577934300084911,4,2024Q3
2024-07-03,XLF,0.007503390081936789,-0.0014324167788404385,4,2024Q3
2024-07-03,XLI,0.0057744194227462575,-0.00021496205379580694,4,2024Q3
2024-07-03,XLK,-0.010998271140101323,0.0017157782201024676,4,2024Q3
2024-07-03,XLP,-0.0003380636336789422,-0.0018258605363344045,4,2024Q3
2024-07-03,XLRE,0.03125328601697008,-0.0030696997642730784,4,2024Q3
2024-07-03,XLU,0.02465401595538186,-0.0015328785976214832,4,2024Q3
2024-07-03,XLV,0.019159278488525944,-0.0010604779977210577,4,2024Q3
2024-07-03,XLY,-0.0024460276422202387,-0.0013241917538030009,4,2024Q3
2024-07-05,XLB,0.01993317068440037,-0.001433204039790284,4,2024Q3
2024-07-05,XLC,-0.02616823007452107,0.00019949624499648785,4,2024Q3
2024-07-05,XLE,-0.0049844092009248,0.0009577934300084911,4,2024Q3
2024-07-05,XLF,0.010575576841438838,-0.0014324167788404385,4,2024Q3
2024-07-05,XLI,0.014772516365839206,-0.00021496205379580694,4,2024Q3
2024-07-05,XLK,-0.005695363974257628,0.0017157782201024676,4,2024Q3
2024-07-05,XLP,-0.008741269918848493,-0.0018258605363344045,4,2024Q3
2024-07-05,XLRE,0.03447942993342856,-0.0030696997642730784,4,2024Q3
2024-07-05,XLU,0.029887291017084205,-0.0015328785976214832,4,2024Q3
2024-07-05,XLV,0.017083554431724712,-0.0010604779977210577,4,2024Q3
2024-07-05,XLY,0.001923041756015209,-0.0013241917538030009,4,2024Q3
2024-07-08,XLB,0.012678174036754086,-0.001433204039790284,4,2024Q3
2024-07-08,XLC,-0.015279958990739084,0.00019949624499648785,4,2024Q3
2024-07-08,XLE,0.014875070497278209,0.0009577934300084911,4,2024Q3
2024-07-08,XLF,0.026639662222498472,-0.0014324167788404385,4,2024Q3
2024-07-08,XLI,0.019229710136936307,-0.00021496205379580694,4,2024Q3
2024-07-08,XLK,-0.01232181725534165,0.0017157782201024676,4,2024Q3
2024-07-08,XLP,-0.01462084292955057,-0.0018258605363344045,4,2024Q3
2024-07-08,XLRE,0.03485017393842238,-0.0030696997642730784,4,2024Q3
2024-07-08,XLU,0.0020058570444119184,-0.0015328785976214832,4,2024Q3
2024-07-08,XLV,0.013007848773407549,-0.0010604779977210577,4,2024Q3
2024-07-08,XLY,-0.001328976295638773,-0.0013241917538030009,4,2024Q3
2024-07-09,XLB,0.03828536360675816,-0.001433204039790284,4,2024Q3
2024-07-09,XLC,-0.020734684622994215,0.00019949624499648785,4,2024Q3
2024-07-09,XLE,0.023618571890559714,0.0009577934300084911,4,2024Q3
2024-07-09,XLF,0.025412388493496252,-0.0014324167788404385,4,2024Q3
2024-07-09,XLI,0.04455997217419849,-0.00021496205379580694,4,2024Q3
2024-07-09,XLK,-0.019849711516829682,0.0017157782201024676,4,2024Q3
2024-07-09,XLP,-0.007439965454201447,-0.0018258605363344045,4,2024Q3
2024-07-09,XLRE,0.039464908453576086,-0.0030696997642730784,4,2024Q3
2024-07-09,XLU,0.001899066401847005,-0.0015328785976214832,4,2024Q3
2024-07-09,XLV,0.017609491355726536,-0.0010604779977210577,4,2024Q3
2024-07-09,XLY,0.00836472820939127,-0.0013241917538030009,4,2024Q3
2024-07-10,XLB,0.04625152603289595,-0.001433204039790284,4,2024Q3
2024-07-10,XLC,-0.01782630704818311,0.00019949624499648785,4,2024Q3
2024-07-10,XLE,0.05099909657891066,0.0009577934300084911,4,2024Q3
2024-07-10,XLF,0.05337688442501576,-0.0014324167788404385,4,2024Q3
2024-07-10,XLI,0.04577875748633753,-0.00021496205379580694,4,2024Q3
2024-07-10,XLK,-0.04823870108739936,0.0017157782201024676,4,2024Q3
2024-07-10,XLP,0.025115697200268405,-0.0018258605363344045,4,2024Q3
2024-07-10,XLRE,0.06547047816341722,-0.0030696997642730784,4,2024Q3
2024-07-10,XLU,0.017015645461169182,-0.0015328785976214832,4,2024Q3
2024-07-10,XLV,0.03664393236640473,-0.0010604779977210577,4,2024Q3
2024-07-10,XLY,0.007803035701560601,-0.0013241917538030009,4,2024Q3
2024-07-11,XLB,0.02114391692384532,-0.001433204039790284,4,2024Q3
2024-07-11,XLC,-0.0058389681007459115,0.00019949624499648785,4,2024Q3
2024-07-11,XLE,0.04119839061165831,0.0009577934300084911,4,2024Q3
2024-07-11,XLF,0.0317225318887554,-0.0014324167788404385,4,2024Q3
2024-07-11,XLI,0.023791766134100167,-0.00021496205379580694,4,2024Q3
2024-07-11,XLK,-0.024853370268143493,0.0017157782201024676,4,2024Q3
2024-07-11,XLP,0.02294550069954504,-0.0018258605363344045,4,2024Q3
2024-07-11,XLRE,0.028527045857154598,-0.0030696997642730784,4,2024Q3
2024-07-11,XLU,-0.002889451494697437,-0.0015328785976214832,4,2024Q3
2024-07-11,XLV,0.005303667943911683,-0.0010604779977210577,4,2024Q3
2024-07-11,XLY,0.009403991161944236,-0.0013241917538030009,4,2024Q3
2024-07-12,XLB,0.01533381564923375,-0.001433204039790284,4,2024Q3
2024-07-12,XLC,0.005739836346821958,0.00019949624499648785,4,2024Q3
2024-07-12,XLE,0.04008068029622125,0.0009577934300084911,4,2024Q3
2024-07-12,XLF,0.030733344771435078,-0.0014324167788404385,4,2024Q3
2024-07-12,XLI,0.025199658228487243,-0.00021496205379580694,4,2024Q3
2024-07-12,XLK,-0.035660470443143466,0.0017157782201024676,4,2024Q3
2024-07-12,XLP,0.02790660365361375,-0.0018258605363344045,4,2024Q3
2024-07-12,XLRE,0.032646458727130234,-0.0030696997642730784,4,2024Q3
2024-07-12,XLU,0.0037857843949209435,-0.0015328785976214832,4,2024Q3
2024-07-12,XLV,0.01694542683936129,-0.0010604779977210577,4,2024Q3
2024-07-12,XLY,0.000425494195695042,-0.0013241917538030009,4,2024Q3
2024-07-15,XLB,0.013803142264320667,-0.001433204039790284,4,2024Q3
2024-07-15,XLC,-0.0010241401717032694,0.00019949624499648785,4,2024Q3
2024-07-15,XLE,0.011163981717883131,0.0009577934300084911,4,2024Q3
2024-07-15,XLF,0.014345262673120307,-0.0014324167788404385,4,2024Q3
2024-07-15,XLI,0.02080744850021976,-0.00021496205379580694,4,2024Q3
2024-07-15,XLK,-0.022416021192376956,0.0017157782201024676,4,2024Q3
2024-07-15,XLP,0.027057434222501064,-0.0018258605363344045,4,2024Q3
2024-07-15,XLRE,0.03092753822208716,-0.0030696997642730784,4,2024Q3
2024-07-15,XLU,0.02936715384273414,-0.0015328785976214832,4,2024Q3
2024-07-15,XLV,0.018817383241333308,-0.0010604779977210577,4,2024Q3
2024-07-15,XLY,0.0049850255311766345,-0.0013241917538030009,4,2024Q3
2024-07-16,XLB,0.006031476464427699,-0.001433204039790284,4,2024Q3
2024-07-16,XLC,0.00234432277440233,0.00019949624499648785,4,2024Q3
2024-07-16,XLE,-0.0017279653451747201,0.0009577934300084911,4,2024Q3
2024-07-16,XLF,0.012257466605533396,-0.0014324167788404385,4,2024Q3
2024-07-16,XLI,0.0017513719771927727,-0.00021496205379580694,4,2024Q3
2024-07-16,XLK,-0.015682669475476696,0.0017157782201024676,4,2024Q3
2024-07-16,XLP,0.021159086836710195,-0.0018258605363344045,4,2024Q3
2024-07-16,XLRE,0.02701557860991488,-0.0030696997642730784,4,2024Q3
2024-07-16,XLU,0.022612482938935585,-0.0015328785976214832,4,2024Q3
2024-07-16,XLV,0.01140781945881486,-0.0010604779977210577,4,2024Q3
2024-07-16,XLY,-0.00950624578996262,-0.0013241917538030009,4,2024Q3
2024-07-17,XLB,0.004032600221209326,-0.001433204039790284,4,2024Q3
2024-07-17,XLC,-8.315168243011595e-05,0.00019949624499648785,4,2024Q3
2024-07-17,XLE,-0.002686951403093496,0.0009577934300084911,4,2024Q3
2024-07-17,XLF,-8.987461757392623e-05,-0.0014324167788404385,4,2024Q3
2024-07-17,XLI,0.001656935949198246,-0.00021496205379580694,4,2024Q3
2024-07-17,XLK,-0.009588692249372754,0.0017157782201024676,4,2024Q3
2024-07-17,XLP,0.016142682265613995,-0.0018258605363344045,4,2024Q3
2024-07-17,XLRE,0.013048782190283159,-0.0030696997642730784,4,2024Q3
2024-07-17,XLU,0.04190047490229443,-0.0015328785976214832,4,2024Q3
2024-07-17,XLV,0.023757062048644695,-0.0010604779977210577,4,2024Q3
2024-07-17,XLY,-0.02480874698642188,-0.0013241917538030009,4,2024Q3
2024-07-18,XLB,0.014125787263578493,-0.001433204039790284,4,2024Q3
2024-07-18,XLC,-0.013167535970198707,0.00019949624499648785,4,2024Q3
2024-07-18,XLE,0.009829789237994158,0.0009577934300084911,4,2024Q3
2024-07-18,XLF,0.013079375526449666,-0.0014324167788404385,4,2024Q3
2024-07-18,XLI,0.014793626842484975,-0.00021496205379580694,4,2024Q3
2024-07-18,XLK,-0.022392811162423087,0.0017157782201024676,4,2024Q3
2024-07-18,XLP,0.01748828102023081,-0.0018258605363344045,4,2024Q3
2024-07-18,XLRE,0.013456972057892314,-0.0030696997642730784,4,2024Q3
2024-07-18,XLU,0.0319228607510913,-0.0015328785976214832,4,2024Q3
2024-07-18,XLV,0.03937873298404537,-0.0010604779977210577,4,2024Q3
2024-07-18,XLY,-0.02123408142552974,-0.0013241917538030009,4,2024Q3
2024-07-19,XLB,0.021826954836398182,-0.001433204039790284,4,2024Q3
2024-07-19,XLC,-0.008278848954034301,0.00019949624499648785,4,2024Q3
2024-07-19,XLE,0.006339262319269956,0.0009577934300084911,4,2024Q3
2024-07-19,XLF,0.021356791764607252,-0.0014324167788404385,4,2024Q3
2024-07-19,XLI,0.01973985694352509,-0.00021496205379580694,4,2024Q3
2024-07-19,XLK,-0.01249350819747641,0.0017157782201024676,4,2024Q3
2024-07-19,XLP,0.013410241745204332,-0.0018258605363344045,4,2024Q3
2024-07-19,XLRE,0.013718704794710379,-0.0030696997642730784,4,2024Q3
2024-07-19,XLU,0.02311754912454289,-0.0015328785976214832,4,2024Q3
2024-07-19,XLV,0.02242198361095704,-0.0010604779977210577,4,2024Q3
2024-07-19,XLY,-0.019399609615992963,-0.0013241917538030009,4,2024Q3
2024-07-22,XLB,0.029776645876368746,-0.001433204039790284,4,2024Q3
2024-07-22,XLC,0.0057800525843434425,0.00019949624499648785,4,2024Q3
2024-07-22,XLE,0.013582235786897101,0.0009577934300084911,4,2024Q3
2024-07-22,XLF,0.023864947206717724,-0.0014324167788404385,4,2024Q3
2024-07-22,XLI,0.017355402672457165,-0.00021496205379580694,4,2024Q3
2024-07-22,XLK,-0.029846953940495857,0.0017157782201024676,4,2024Q3
2024-07-22,XLP,0.022694130926627643,-0.0018258605363344045,4,2024Q3
2024-07-22,XLRE,0.01978657673508677,-0.0030696997642730784,4,2024Q3
2024-07-22,XLU,0.02871907368512916,-0.0015328785976214832,4,2024Q3
2024-07-22,XLV,0.026774044732181923,-0.0010604779977210577,4,2024Q3
2024-07-22,XLY,-0.004393498246464511,-0.0013241917538030009,4,2024Q3
2024-07-23,XLB,0.02589906469643677,-0.001433204039790284,4,2024Q3
2024-07-23,XLC,0.014593602136611428,0.00019949624499648785,4,2024Q3
2024-07-23,XLE,0.04883757809121003,0.0009577934300084911,4,2024Q3
2024-07-23,XLF,0.03702366467190221,-0.0014324167788404385,4,2024Q3
2024-07-23,XLI,0.02564053173035541,-0.00021496205379580694,4,2024Q3
2024-07-23,XLK,-0.04662321899797084,0.0017157782201024676,4,2024Q3
2024-07-23,XLP,0.022941648763493694,-0.0018258605363344045,4,2024Q3
2024-07-23,XLRE,0.03229059447156657,-0.0030696997642730784,4,2024Q3
2024-07-23,XLU,0.04375348782609034,-0.0015328785976214832,4,2024Q3
2024-07-23,XLV,0.03170056630507356,-0.0010604779977210577,4,2024Q3
2024-07-23,XLY,-0.00200474329669742,-0.0013241917538030009,4,2024Q3
2024-07-24,XLB,0.010533032977167567,-0.001433204039790284,4,2024Q3
2024-07-24,XLC,0.014421809805942987,0.00019949624499648785,4,2024Q3
2024-07-24,XLE,0.014068450035570557,0.0009577934300084911,4,2024Q3
2024-07-24,XLF,0.009542413902359437,-0.0014324167788404385,4,2024Q3
2024-07-24,XLI,0.02020849806834457,-0.00021496205379580694,4,2024Q3
2024-07-24,XLK,-0.0041743901290365315,0.0017157782201024676,4,2024Q3
2024-07-24,XLP,-0.01692911574433742,-0.0018258605363344045,4,2024Q3
2024-07-24,XLRE,0.00489143389067026,-0.0030696997642730784,4,2024Q3
2024-07-24,XLU,0.006501068376943753,-0.0015328785976214832,4,2024Q3
2024-07-24,XLV,-0.01930181097980954,-0.0010604779977210577,4,2024Q3
2024-07-24,XLY,0.016441882460554336,-0.0013241917538030009,4,2024Q3
2024-07-25,XLB,0.012711611105848064,-0.001433204039790284,4,2024Q3
2024-07-25,XLC,0.03989838937025203,0.00019949624499648785,4,2024Q3
2024-07-25,XLE,-0.02116609056380281,0.0009577934300084911,4,2024Q3
2024-07-25,XLF,0.00034729375303976795,-0.0014324167788404385,4,2024Q3
2024-07-25,XLI,0.002005527875575064,-0.00021496205379580694,4,2024Q3
2024-07-25,XLK,-0.022262830206672746,0.0017157782201024676,4,2024Q3
2024-07-25,XLP,0.002653236302313955,-0.0018258605363344045,4,2024Q3
2024-07-25,XLRE,0.035640049518782746,-0.0030696997642730784,4,2024Q3
2024-07-25,XLU,0.04281841364115757,-0.0015328785976214832,4,2024Q3
2024-07-25,XLV,0.005136582616132479,-0.0010604779977210577,4,2024Q3
2024-07-25,XLY,0.004192357000856628,-0.0013241917538030009,4,2024Q3
2024-07-26,XLB,0.0070714883089607605,-0.001433204039790284,4,2024Q3
2024-07-26,XLC,0.0336214199510253,0.00019949624499648785,4,2024Q3
2024-07-26,XLE,-0.019914658142330954,0.0009577934300084911,4,2024Q3
2024-07-26,XLF,-0.00990273375882944,-0.0014324167788404385,4,2024Q3
2024-07-26,XLI,-0.007069941857492101,-0.00021496205379580694,4,2024Q3
2024-07-26,XLK,-0.032253141079754855,0.0017157782201024676,4,2024Q3
2024-07-26,XLP,0.03100625829690673,-0.0018258605363344045,4,2024Q3
2024-07-26,XLRE,0.04893976927537802,-0.0030696997642730784,4,2024Q3
2024-07-26,XLU,0.06405122698750343,-0.0015328785976214832,4,2024Q3
2024-07-26,XLV,0.027197691823445003,-0.0010604779977210577,4,2024Q3
2024-07-26,XLY,-0.014125084880647787,-0.0013241917538030009,4,2024Q3
2024-07-29,XLB,0.012442324444807862,-0.001433204039790284,4,2024Q3
2024-07-29,XLC,0.025035653404352765,0.00019949624499648785,4,2024Q3
2024-07-29,XLE,-0.003896883987054456,0.0009577934300084911,4,2024Q3
2024-07-29,XLF,-0.007640142134694883,-0.0014324167788404385,4,2024Q3
2024-07-29,XLI,0.006796198242005058,-0.00021496205379580694,4,2024Q3
2024-07-29,XLK,-0.03064217703417449,0.0017157782201024676,4,2024Q3
2024-07-29,XLP,0.0398174660621603,-0.0018258605363344045,4,2024Q3
2024-07-29,XLRE,0.04196595922122126,-0.0030696997642730784,4,2024Q3
2024-07-29,XLU,0.06103140241311855,-0.0015328785976214832,4,2024Q3
2024-07-29,XLV,0.028801151751579823,-0.0010604779977210577,4,2024Q3
2024-07-29,XLY,-0.02773136319200087,-0.0013241917538030009,4,2024Q3
2024-07-30,XLB,0.006905445384095321,-0.001433204039790284,4,2024Q3
2024-07-30,XLC,0.018930764148405888,0.00019949624499648785,4,2024Q3
2024-07-30,XLE,-0.02629385844601806,0.0009577934300084911,4,2024Q3
2024-07-30,XLF,-0.016968173957680244,-0.0014324167788404385,4,2024Q3
2024-07-30,XLI,0.0018272540376649271,-0.00021496205379580694,4,2024Q3
2024-07-30,XLK,-0.007776364708051764,0.0017157782201024676,4,2024Q3
2024-07-30,XLP,0.03982915540785115,-0.0018258605363344045,4,2024Q3
2024-07-30,XLRE,0.04292054043088256,-0.0030696997642730784,4,2024Q3
2024-07-30,XLU,0.05067872338895962,-0.0015328785976214832,4,2024Q3
2024-07-30,XLV,0.018844950634883784,-0.0010604779977210577,4,2024Q3
2024-07-30,XLY,-0.02598809367013666,-0.0013241917538030009,4,2024Q3
2024-07-31,XLB,0.0056227628724949685,-0.001433204039790284,4,2024Q3
2024-07-31,XLC,0.02398229233972038,0.00019949624499648785,4,2024Q3
2024-07-31,XLE,-0.004714775706131991,0.0009577934300084911,4,2024Q3
2024-07-31,XLF,0.008299997342733567,-0.0014324167788404385,4,2024Q3
2024-07-31,XLI,0.008313837068410934,-0.00021496205379580694,4,2024Q3
2024-07-31,XLK,-0.039711854308497774,0.0017157782201024676,4,2024Q3
2024-07-31,XLP,0.06440583557231416,-0.0018258605363344045,4,2024Q3
2024-07-31,XLRE,0.0598252486872507,-0.0030696997642730784,4,2024Q3
2024-07-31,XLU,0.06510027836235699,-0.0015328785976214832,4,2024Q3
2024-07-31,XLV,0.034175575025113814,-0.0010604779977210577,4,2024Q3
2024-07-31,XLY,-0.03464970986067195,-0.0013241917538030009,4,2024Q3
2024-08-01,XLB,-0.011453962970083942,-0.001433204039790284,4,2024Q3
2024-08-01,XLC,0.0036071475747236903,0.00019949624499648785,4,2024Q3
2024-08-01,XLE,0.0059006496157547605,0.0009577934300084911,4,2024Q3
2024-08-01,XLF,0.0018900265916238501,-0.0014324167788404385,4,2024Q3
2024-08-01,XLI,0.012960433934357973,-0.00021496205379580694,4,2024Q3
2024-08-01,XLK,-0.005390286009886669,0.0017157782201024676,4,2024Q3
2024-08-01,XLP,0.02861666365208526,-0.0018258605363344045,4,2024Q3
2024-08-01,XLRE,0.017263565658001245,-0.0030696997642730784,4,2024Q3
2024-08-01,XLU,0.012775507025976518,-0.0015328785976214832,4,2024Q3
2024-08-01,XLV,0.01006023879351492,-0.0010604779977210577,4,2024Q3
2024-08-01,XLY,-0.027158705621774137,-0.0013241917538030009,4,2024Q3
2024-08-02,XLB,-0.016606026270178376,-0.001433204039790284,4,2024Q3
2024-08-02,XLC,0.005377489932779422,0.00019949624499648785,4,2024Q3
2024-08-02,XLE,0.011256452145648854,0.0009577934300084911,4,2024Q3
2024-08-02,XLF,0.007914802745847105,-0.0014324167788404385,4,2024Q3
2024-08-02,XLI,0.012460461756563124,-0.00021496205379580694,4,2024Q3
2024-08-02,XLK,0.004276208519656599,0.0017157782201024676,4,2024Q3
2024-08-02,XLP,-0.001556724717712732,-0.0018258605363344045,4,2024Q3
2024-08-02,XLRE,-0.001363344937063693,-0.0030696997642730784,4,2024Q3
2024-08-02,XLU,-0.008387696167242553,-0.0015328785976214832,4,2024Q3
2024-08-02,XLV,-0.006002110076494871,-0.0010604779977210577,4,2024Q3
2024-08-02,XLY,-0.010500404023773391,-0.0013241917538030009,4,2024Q3
2024-08-05,XLB,-0.029122068813521862,-0.001433204039790284,4,2024Q3
2024-08-05,XLC,-0.002647802032031077,0.00019949624499648785,4,2024Q3
2024-08-05,XLE,0.008616656226780872,0.0009577934300084911,4,2024Q3
2024-08-05,XLF,0.0020985339037200568,-0.0014324167788404385,4,2024Q3
2024-08-05,XLI,-0.005422220145166801,-0.00021496205379580694,4,2024Q3
2024-08-05,XLK,0.01683683157283067,0.0017157782201024676,4,2024Q3
2024-08-05,XLP,-0.017198922220376556,-0.0018258605363344045,4,2024Q3
2024-08-05,XLRE,-0.008326211871651168,-0.0030696997642730784,4,2024Q3
2024-08-05,XLU,-0.010230841490878717,-0.0015328785976214832,4,2024Q3
2024-08-05,XLV,-0.013141094727283864,-0.0010604779977210577,4,2024Q3
2024-08-05,XLY,-0.01628317997971296,-0.0013241917538030009,4,2024Q3
2024-08-06,XLB,-0.03165036833900192,-0.001433204039790284,4,2024Q3
2024-08-06,XLC,-0.008793750953784762,0.00019949624499648785,4,2024Q3
2024-08-06,XLE,-0.015098710478305799,0.0009577934300084911,4,2024Q3
2024-08-06,XLF,-0.013273225046119608,-0.0014324167788404385,4,2024Q3
2024-08-06,XLI,-0.014331748365122632,-0.00021496205379580694,4,2024Q3
2024-08-06,XLK,0.027164988248757016,0.0017157782201024676,4,2024Q3
2024-08-06,XLP,-0.026972870252712777,-0.0018258605363344045,4,2024Q3
2024-08-06,XLRE,-0.03087228554805499,-0.0030696997642730784,4,2024Q3
2024-08-06,XLU,-0.02025251313300802,-0.0015328785976214832,4,2024Q3
2024-08-06,XLV,-0.012941664923179053,-0.0010604779977210577,4,2024Q3
2024-08-06,XLY,-0.009606918286754196,-0.0013241917538030009,4,2024Q3
2024-08-07,XLB,-0.028095097735287178,-0.001433204039790284,4,2024Q3
2024-08-07,XLC,-0.019523861055388725,0.00019949624499648785,4,2024Q3
2024-08-07,XLE,-0.023526381120170248,0.0009577934300084911,4,2024Q3
2024-08-07,XLF,-0.01227357473945978,-0.0014324167788404385,4,2024Q3
2024-08-07,XLI,-0.015442005046773843,-0.00021496205379580694,4,2024Q3
2024-08-07,XLK,0.04035545269729002,0.0017157782201024676,4,2024Q3
2024-08-07,XLP,-0.03369130741444315,-0.0018258605363344045,4,2024Q3
2024-08-07,XLRE,-0.030192839590132747,-0.0030696997642730784,4,2024Q3
2024-08-07,XLU,-0.036911775675881,-0.0015328785976214832,4,2024Q3
2024-08-07,XLV,-0.008993793447589438,-0.0010604779977210577,4,2024Q3
2024-08-07,XLY,-0.0072102943494281035,-0.0013241917538030009,4,2024Q3
2024-08-08,XLB,-0.021602434427498318,-0.001433204039790284,4,2024Q3
2024-08-08,XLC,-0.024378133160651405,0.00019949624499648785,4,2024Q3
2024-08-08,XLE,-0.027005142969360296,0.0009577934300084911,4,2024Q3
2024-08-08,XLF,-0.013116958398982081,-0.0014324167788404385,4,2024Q3
2024-08-08,XLI,-0.018992385169899872,-0.00021496205379580694,4,2024Q3
2024-08-08,XLK,0.037472463648789534,0.0017157782201024676,4,2024Q3
2024-08-08,XLP,-0.026306758001972685,-0.0018258605363344045,4,2024Q3
2024-08-08,XLRE,-0.03551930143727966,-0.0030696997642730784,4,2024Q3
2024-08-08,XLU,-0.03202651559716552,-0.0015328785976214832,4,2024Q3
2024-08-08,XLV,-0.018998931563251276,-0.0010604779977210577,4,2024Q3
2024-08-08,XLY,0.009200205575045084,-0.0013241917538030009,4,2024Q3
2024-08-09,XLB,-0.017304273518353952,-0.001433204039790284,4,2024Q3
2024-08-09,XLC,-0.02767825312365857,0.00019949624499648785,4,2024Q3
2024-08-09,XLE,-0.028145253335153386,0.0009577934300084911,4,2024Q3
2024-08-09,XLF,-0.007689429728406472,-0.0014324167788404385,4,2024Q3
2024-08-09,XLI,-0.018356077164809914,-0.00021496205379580694,4,2024Q3
2024-08-09,XLK,0.03669039380516148,0.0017157782201024676,4,2024Q3
2024-08-09,XLP,-0.02281818573264971,-0.0018258605363344045,4,2024Q3
2024-08-09,XLRE,-0.03880486433148511,-0.0030696997642730784,4,2024Q3
2024-08-09,XLU,-0.028725108586642012,-0.0015328785976214832,4,2024Q3
2024-08-09,XLV,-0.020731514585003552,-0.0010604779977210577,4,2024Q3
2024-08-09,XLY,0.010417971554274708,-0.0013241917538030009,4,2024Q3
2024-08-12,XLB,-0.017296280285785004,-0.001433204039790284,4,2024Q3
2024-08-12,XLC,-0.018431417932014194,0.00019949624499648785,4,2024Q3
2024-08-12,XLE,-0.035703882991364067,0.0009577934300084911,4,2024Q3
2024-08-12,XLF,-0.006007874708237049,-0.0014324167788404385,4,2024Q3
2024-08-12,XLI,-0.016316131333560024,-0.00021496205379580694,4,2024Q3
2024-08-12,XLK,0.03617896582915403,0.0017157782201024676,4,2024Q3
2024-08-12,XLP,-0.023615587684370887,-0.0018258605363344045,4,2024Q3
2024-08-12,XLRE,-0.036159486732601165,-0.0030696997642730784,4,2024Q3
2024-08-12,XLU,-0.033255584068061284,-0.0015328785976214832,4,2024Q3
2024-08-12,XLV,-0.020011128664076283,-0.0010604779977210577,4,2024Q3
2024-08-12,XLY,0.018156303412023345,-0.0013241917538030009,4,2024Q3
2024-08-13,XLB,-0.012543712108697092,-0.001433204039790284,4,2024Q3
2024-08-13,XLC,-0.013703541206371739,0.00019949624499648785,4,2024Q3
2024-08-13,XLE,-0.03410728322707668,0.0009577934300084911,4,2024Q3
2024-08-13,XLF,0.0007714323485692454,-0.0014324167788404385,4,2024Q3
2024-08-13,XLI,-0.011207927935398487,-0.00021496205379580694,4,2024Q3
2024-08-13,XLK,0.01877755184243557,0.0017157782201024676,4,2024Q3
2024-08-13,XLP,-0.00456964122139536,-0.0018258605363344045,4,2024Q3
2024-08-13,XLRE,-0.023567280278486313,-0.0030696997642730784,4,2024Q3
2024-08-13,XLU,-0.022646214993514047,-0.0015328785976214832,4,2024Q3
2024-08-13,XLV,-0.009574516999274252,-0.0010604779977210577,4,2024Q3
2024-08-13,XLY,0.009769878917679886,-0.0013241917538030009,4,2024Q3
2024-08-14,XLB,-0.0011544282883826362,-0.001433204039790284,4,2024Q3
2024-08-14,XLC,-0.0038048250777815706,0.00019949624499648785,4,2024Q3
2024-08-14,XLE,-0.038511320875875055,0.0009577934300084911,4,2024Q3
2024-08-14,XLF,-0.013603684568865404,-0.0014324167788404385,4,2024Q3
2024-08-14,XLI,-0.009504483912993411,-0.00021496205379580694,4,2024Q3
2024-08-14,XLK,0.018916532518009177,0.0017157782201024676,4,2024Q3
2024-08-14,XLP,-0.0025868829269775073,-0.0018258605363344045,4,2024Q3
2024-08-14,XLRE,-0.02412052545155996,-0.0030696997642730784,4,2024Q3
2024-08-14,XLU,-0.015105157836624139,-0.0015328785976214832,4,2024Q3
2024-08-14,XLV,-0.011784380661540528,-0.0010604779977210577,4,2024Q3
2024-08-14,XLY,0.02827999363774758,-0.0013241917538030009,4,2024Q3
2024-08-15,XLB,0.006022404774002066,-0.001433204039790284,4,2024Q3
2024-08-15,XLC,0.004653355624692823,0.00019949624499648785,4,2024Q3
2024-08-15,XLE,-0.0223676688430835,0.0009577934300084911,4,2024Q3
2024-08-15,XLF,0.008113494249682551,-0.0014324167788404385,4,2024Q3
2024-08-15,XLI,0.0009895361110254797,-0.00021496205379580694,4,2024Q3
2024-08-15,XLK,-0.00859101612743185,0.0017157782201024676,4,2024Q3
2024-08-15,XLP,0.010744921952568154,-0.0018258605363344045,4,2024Q3
2024-08-15,XLRE,0.010302608195715157,-0.0030696997642730784,4,2024Q3
2024-08-15,XLU,0.009147319656788389,-0.0015328785976214832,4,2024Q3
2024-08-15,XLV,0.0078596228617267,-0.0010604779977210577,4,2024Q3
2024-08-15,XLY,0.0031167789517889677,-0.0013241917538030009,4,2024Q3
2024-08-16,XLB,0.00974132730324695,-0.001433204039790284,4,2024Q3
2024-08-16,XLC,0.0002675156058333794,0.00019949624499648785,4,2024Q3
2024-08-16,XLE,-0.01499190033397202,0.0009577934300084911,4,2024Q3
2024-08-16,XLF,0.0009711918054478019,-0.0014324167788404385,4,2024Q3
2024-08-16,XLI,0.004085644696831148,-0.00021496205379580694,4,2024Q3
2024-08-16,XLK,-0.0025448470104119103,0.0017157782201024676,4,2024Q3
2024-08-16,XLP,0.002412057690502678,-0.0018258605363344045,4,2024Q3
2024-08-16,XLRE,0.02196499372424321,-0.0030696997642730784,4,2024Q3
2024-08-16,XLU,-0.0009426642323600021,-0.0015328785976214832,4,2024Q3
2024-08-16,XLV,0.002769455800089471,-0.0010604779977210577,4,2024Q3
2024-08-16,XLY,0.011775623029505633,-0.0013241917538030009,4,2024Q3
2024-08-19,XLB,0.021407872162147568,-0.001433204039790284,4,2024Q3
2024-08-19,XLC,0.0031641992829862797,0.00019949624499648785,4,2024Q3
2024-08-19,XLE,-0.0007910882976824851,0.0009577934300084911,4,2024Q3
2024-08-19,XLF,0.010615769468204306,-0.0014324167788404385,4,2024Q3
2024-08-19,XLI,0.008851150662260165,-0.00021496205379580694,4,2024Q3
2024-08-19,XLK,-0.019438093691594438,0.0017157782201024676,4,2024Q3
2024-08-19,XLP,0.018193443609763937,-0.0018258605363344045,4,2024Q3
2024-08-19,XLRE,0.027100602609093194,-0.0030696997642730784,4,2024Q3
2024-08-19,XLU,0.010970262261038144,-0.0015328785976214832,4,2024Q3
2024-08-19,XLV,0.008099451064389473,-0.0010604779977210577,4,2024Q3
2024-08-19,XLY,0.003447543570682887,-0.0013241917538030009,4,2024Q3
2024-08-20,XLB,0.02223290927952415,-0.001433204039790284,4,2024Q3
2024-08-20,XLC,-0.0014484596673536299,0.00019949624499648785,4,2024Q3
2024-08-20,XLE,0.013712728312285538,0.0009577934300084911,4,2024Q3
2024-08-20,XLF,0.016079970725620063,-0.0014324167788404385,4,2024Q3
2024-08-20,XLI,0.009246308487570687,-0.00021496205379580694,4,2024Q3
2024-08-20,XLK,-0.013011650943202557,0.0017157782201024676,4,2024Q3
2024-08-20,XLP,0.012619332890694723,-0.0018258605363344045,4,2024Q3
2024-08-20,XLRE,0.025723203819407292,-0.0030696997642730784,4,2024Q3
2024-08-20,XLU,0.0021031216092097793,-0.0015328785976214832,4,2024Q3
2024-08-20,XLV,0.0025872293552855474,-0.0010604779977210577,4,2024Q3
2024-08-20,XLY,-0.001285539998245211,-0.0013241917538030009,4,2024Q3
2024-08-21,XLB,0.015478369254570246,-0.001433204039790284,4,2024Q3
2024-08-21,XLC,-0.0030576125832455503,0.00019949624499648785,4,2024Q3
2024-08-21,XLE,0.01472028606272835,0.0009577934300084911,4,2024Q3
2024-08-21,XLF,0.02948074123414257,-0.0014324167788404385,4,2024Q3
2024-08-21,XLI,0.011941022047509464,-0.00021496205379580694,4,2024Q3
2024-08-21,XLK,-0.02316910992578991,0.0017157782201024676,4,2024Q3
2024-08-21,XLP,0.010745396488915593,-0.0018258605363344045,4,2024Q3
2024-08-21,XLRE,0.028020990070455443,-0.0030696997642730784,4,2024Q3
2024-08-21,XLU,0.0042710776055520094,-0.0015328785976214832,4,2024Q3
2024-08-21,XLV,0.011314380988863726,-0.0010604779977210577,4,2024Q3
2024-08-21,XLY,-0.014150180930905698,-0.0013241917538030009,4,2024Q3
2024-08-22,XLB,0.015182817748574218,-0.001433204039790284,4,2024Q3
2024-08-22,XLC,-0.005555740648949814,0.00019949624499648785,4,2024Q3
2024-08-22,XLE,0.017279944459724916,0.0009577934300084911,4,2024Q3
2024-08-22,XLF,0.024774439237187806,-0.0014324167788404385,4,2024Q3
2024-08-22,XLI,0.012342454986336238,-0.00021496205379580694,4,2024Q3
2024-08-22,XLK,-0.017214782325928324,0.0017157782201024676,4,2024Q3
2024-08-22,XLP,-0.0007660699340166222,-0.0018258605363344045,4,2024Q3
2024-08-22,XLRE,0.00980160231301097,-0.0030696997642730784,4,2024Q3
2024-08-22,XLU,0.002951593149479459,-0.0015328785976214832,4,2024Q3
2024-08-22,XLV,0.004828029269189349,-0.0010604779977210577,4,2024Q3
2024-08-22,XLY,-0.003666650766200208,-0.0013241917538030009,4,2024Q3
2024-08-23,XLB,0.013957825359336873,-0.001433204039790284,4,2024Q3
2024-08-23,XLC,-0.004814512148943795,0.00019949624499648785,4,2024Q3
2024-08-23,XLE,0.0070888526354035974,0.0009577934300084911,4,2024Q3
2024-08-23,XLF,0.02672721319750826,-0.0014324167788404385,4,2024Q3
2024-08-23,XLI,0.014105254470575534,-0.00021496205379580694,4,2024Q3
2024-08-23,XLK,-0.01896562076527819,0.0017157782201024676,4,2024Q3
2024-08-23,XLP,0.005429336475550217,-0.0018258605363344045,4,2024Q3
2024-08-23,XLRE,0.0013929650406869776,-0.0030696997642730784,4,2024Q3
2024-08-23,XLU,0.008778032458398144,-0.0015328785976214832,4,2024Q3
2024-08-23,XLV,0.008500269820453932,-0.0010604779977210577,4,2024Q3
2024-08-23,XLY,-0.006749491503968752,-0.0013241917538030009,4,2024Q3
2024-08-26,XLB,0.004795135032654496,-0.001433204039790284,4,2024Q3
2024-08-26,XLC,-0.007045306239774396,0.00019949624499648785,4,2024Q3
2024-08-26,XLE,-0.008481497201785926,0.0009577934300084911,4,2024Q3
2024-08-26,XLF,0.034154052436275895,-0.0014324167788404385,4,2024Q3
2024-08-26,XLI,0.010962975545049547,-0.00021496205379580694,4,2024Q3
2024-08-26,XLK,-0.03393702571898671,0.0017157782201024676,4,2024Q3
2024-08-26,XLP,0.023660755572834424,-0.0018258605363344045,4,2024Q3
2024-08-26,XLRE,0.022684406424376635,-0.0030696997642730784,4,2024Q3
2024-08-26,XLU,0.019088504323566124,-0.0015328785976214832,4,2024Q3
2024-08-26,XLV,0.025379121592738474,-0.0010604779977210577,4,2024Q3
2024-08-26,XLY,0.005553655221141485,-0.0013241917538030009,4,2024Q3
2024-08-27,XLB,0.003971627309048431,-0.001433204039790284,4,2024Q3
2024-08-27,XLC,-0.006134775574165974,0.00019949624499648785,4,2024Q3
2024-08-27,XLE,-0.009551140504199918,0.0009577934300084911,4,2024Q3
2024-08-27,XLF,0.03340272442583403,-0.0014324167788404385,4,2024Q3
2024-08-27,XLI,0.014714876182528092,-0.00021496205379580694,4,2024Q3
2024-08-27,XLK,-0.03872677136209879,0.0017157782201024676,4,2024Q3
2024-08-27,XLP,0.029302897766775415,-0.0018258605363344045,4,2024Q3
2024-08-27,XLRE,0.025798283771551467,-0.0030696997642730784,4,2024Q3
2024-08-27,XLU,0.03907703845166999,-0.0015328785976214832,4,2024Q3
2024-08-27,XLV,0.025448644514517116,-0.0010604779977210577,4,2024Q3
2024-08-27,XLY,0.014106790690894266,-0.0013241917538030009,4,2024Q3
2024-08-28,XLB,-0.0028715493172621898,-0.001433204039790284,4,2024Q3
2024-08-28,XLC,-8.146319537682967e-05,0.00019949624499648785,4,2024Q3
2024-08-28,XLE,-0.014177567362179122,0.0009577934300084911,4,2024Q3
2024-08-28,XLF,0.016455778594026027,-0.0014324167788404385,4,2024Q3
2024-08-28,XLI,0.00023528488991853003,-0.00021496205379580694,4,2024Q3
2024-08-28,XLK,-0.030328611442084874,0.0017157782201024676,4,2024Q3
2024-08-28,XLP,0.026383146531689494,-0.0018258605363344045,4,2024Q3
2024-08-28,XLRE,0.023186355477842424,-0.0030696997642730784,4,2024Q3
2024-08-28,XLU,0.03322544563728491,-0.0015328785976214832,4,2024Q3
2024-08-28,XLV,0.007156352988851977,-0.0010604779977210577,4,2024Q3
2024-08-28,XLY,0.03191314225561914,-0.0013241917538030009,4,2024Q3
2024-08-29,XLB,-0.0039156013299426196,-0.001433204039790284,4,2024Q3
2024-08-29,XLC,-0.002020324509703686,0.00019949624499648785,4,2024Q3
2024-08-29,XLE,-0.021991634333535792,0.0009577934300084911,4,2024Q3
2024-08-29,XLF,0.009708346887150499,-0.0014324167788404385,4,2024Q3
2024-08-29,XLI,8.339187124717373e-05,-0.00021496205379580694,4,2024Q3
2024-08-29,XLK,-0.029958138378525567,0.0017157782201024676,4,2024Q3
2024-08-29,XLP,0.04602398943818342,-0.0018258605363344045,4,2024Q3
2024-08-29,XLRE,0.04381279253230119,-0.0030696997642730784,4,2024Q3
2024-08-29,XLU,0.034729178318635756,-0.0015328785976214832,4,2024Q3
2024-08-29,XLV,0.018320369295709238,-0.0010604779977210577,4,2024Q3
2024-08-29,XLY,0.021695902052731197,-0.0013241917538030009,4,2024Q3
2024-08-30,XLB,-0.006697645486457793,-0.001433204039790284,4,2024Q3
2024-08-30,XLC,-0.005894344396595974,0.00019949624499648785,4,2024Q3
2024-08-30,XLE,-0.020304205393230412,0.0009577934300084911,4,2024Q3
2024-08-30,XLF,0.013366415848578783,-0.0014324167788404385,4,2024Q3
2024-08-30,XLI,0.002948919726356136,-0.00021496205379580694,4,2024Q3
2024-08-30,XLK,-0.028682160132701195,0.0017157782201024676,4,2024Q3
2024-08-30,XLP,0.044212062839095956,-0.0018258605363344045,4,2024Q3
2024-08-30,XLRE,0.044415218118886046,-0.0030696997642730784,4,2024Q3
2024-08-30,XLU,0.03575002296576091,-0.0015328785976214832,4,2024Q3
2024-08-30,XLV,0.01683387936345604,-0.0010604779977210577,4,2024Q3
2024-08-30,XLY,0.01962897241446515,-0.0013241917538030009,4,2024Q3
2024-09-03,XLB,-0.008583805343751583,-0.001433204039790284,4,2024Q3
2024-09-03,XLC,-0.012822799931001883,0.00019949624499648785,4,2024Q3
2024-09-03,XLE,-0.03751897960598016,0.0009577934300084911,4,2024Q3
2024-09-03,XLF,-0.014084771599850887,-0.0014324167788404385,4,2024Q3
2024-09-03,XLI,0.00199195337560365,-0.00021496205379580694,4,2024Q3
2024-09-03,XLK,0.0066728534057287625,0.0017157782201024676,4,2024Q3
2024-09-03,XLP,0.012217555424133941,-0.0018258605363344045,4,2024Q3
2024-09-03,XLRE,0.03528345079394035,-0.0030696997642730784,4,2024Q3
2024-09-03,XLU,0.01724833350826871,-0.0015328785976214832,4,2024Q3
2024-09-03,XLV,-0.0014339628409399952,-0.0010604779977210577,4,2024Q3
2024-09-03,XLY,0.02021016178376933,-0.0013241917538030009,4,2024Q3
2024-09-04,XLB,-0.014362728307995787,-0.001433204039790284,4,2024Q3
2024-09-04,XLC,-0.01626187411777491,0.00019949624499648785,4,2024Q3
2024-09-04,XLE,-0.04537317230655524,0.0009577934300084911,4,2024Q3
2024-09-04,XLF,-0.03204078643638919,-0.0014324167788404385,4,2024Q3
2024-09-04,XLI,-0.009484410500380847,-0.00021496205379580694,4,2024Q3
2024-09-04,XLK,0.03123696214258942,0.0017157782201024676,4,2024Q3
2024-09-04,XLP,-0.014084508297794396,-0.0018258605363344045,4,2024Q3
2024-09-04,XLRE,0.017930359249608063,-0.0030696997642730784,4,2024Q3
2024-09-04,XLU,-0.0004411251036022801,-0.0015328785976214832,4,2024Q3
2024-09-04,XLV,-0.014917250677335403,-0.0010604779977210577,4,2024Q3
2024-09-04,XLY,0.015427994382134935,-0.0013241917538030009,4,2024Q3
2024-09-05,XLB,-0.008241564580911298,-0.001433204039790284,4,2024Q3
2024-09-05,XLC,-0.011638496281170196,0.00019949624499648785,4,2024Q3
2024-09-05,XLE,-0.04009589640966793,0.0009577934300084911,4,2024Q3
2024-09-05,XLF,-0.02992935085388393,-0.0014324167788404385,4,2024Q3
2024-09-05,XLI,-0.0008938216948755073,-0.00021496205379580694,4,2024Q3
2024-09-05,XLK,0.030470536184576513,0.0017157782201024676,4,2024Q3
2024-09-05,XLP,-0.015084092293386142,-0.0018258605363344045,4,2024Q3
2024-09-05,XLRE,0.011630617093796092,-0.0030696997642730784,4,2024Q3
2024-09-05,XLU,-0.006679700929704602,-0.0015328785976214832,4,2024Q3
2024-09-05,XLV,-0.008444865819877023,-0.0010604779977210577,4,2024Q3
2024-09-05,XLY,0.00439411381977961,-0.0013241917538030009,4,2024Q3
2024-09-06,XLB,-0.008916699670625583,-0.001433204039790284,4,2024Q3
2024-09-06,XLC,-0.0030597939062246837,0.00019949624499648785,4,2024Q3
2024-09-06,XLE,-0.044949035126319425,0.0009577934300084911,4,2024Q3
2024-09-06,XLF,-0.03509862077180559,-0.0014324167788404385,4,2024Q3
2024-09-06,XLI,-0.0028905702244639286,-0.00021496205379580694,4,2024Q3
2024-09-06,XLK,0.04094627962742314,0.0017157782201024676,4,2024Q3
2024-09-06,XLP,-0.028739216141232315,-0.0018258605363344045,4,2024Q3
2024-09-06,XLRE,-0.003852267519143693,-0.0030696997642730784,4,2024Q3
2024-09-06,XLU,-0.005419590343411551,-0.0015328785976214832,4,2024Q3
2024-09-06,XLV,-0.0257105718389512,-0.0010604779977210577,4,2024Q3
2024-09-06,XLY,0.0151972758901473,-0.0013241917538030009,4,2024Q3
2024-09-09,XLB,0.00067141847041019,-0.001433204039790284,4,2024Q3
2024-09-09,XLC,0.013316241324000666,0.00019949624499648785,4,2024Q3
2024-09-09,XLE,-0.030761596524695345,0.0009577934300084911,4,2024Q3
2024-09-09,XLF,-0.02695442406262294,-0.0014324167788404385,4,2024Q3
2024-09-09,XLI,-0.00331261965504126,-0.00021496205379580694,4,2024Q3
2024-09-09,XLK,0.029469747798055668,0.0017157782201024676,4,2024Q3
2024-09-09,XLP,-0.02253581393647397,-0.0018258605363344045,4,2024Q3
2024-09-09,XLRE,-0.002662427292586589,-0.0030696997642730784,4,2024Q3
2024-09-09,XLU,0.0020123813427916915,-0.0015328785976214832,4,2024Q3
2024-09-09,XLV,-0.0158136903842514,-0.0010604779977210577,4,2024Q3
2024-09-09,XLY,0.008242903034610505,-0.0013241917538030009,4,2024Q3
2024-09-10,XLB,0.0062478401622536595,-0.001433204039790284,4,2024Q3
2024-09-10,XLC,0.01761245499169073,0.00019949624499648785,4,2024Q3
2024-09-10,XLE,0.004517055209974918,0.0009577934300084911,4,2024Q3
2024-09-10,XLF,-0.0071402349682268,-0.0014324167788404385,4,2024Q3
2024-09-10,XLI,0.004594550372581718,-0.00021496205379580694,4,2024Q3
2024-09-10,XLK,0.015859703357966604,0.0017157782201024676,4,2024Q3
2024-09-10,XLP,-0.02781492607937497,-0.0018258605363344045,4,2024Q3
2024-09-10,XLRE,-0.024462903226140087,-0.0030696997642730784,4,2024Q3
2024-09-10,XLU,0.00045886847410936404,-0.0015328785976214832,4,2024Q3
2024-09-10,XLV,-0.02679139726553892,-0.0010604779977210577,4,2024Q3
2024-09-10,XLY,0.005766701838898269,-0.0013241917538030009,4,2024Q3
2024-09-11,XLB,0.012789304159059212,-0.001433204039790284,4,2024Q3
2024-09-11,XLC,0.025890020314475848,0.00019949624499648785,4,2024Q3
2024-09-11,XLE,0.02961536439165724,0.0009577934300084911,4,2024Q3
2024-09-11,XLF,0.00796130542862139,-0.0014324167788404385,4,2024Q3
2024-09-11,XLI,0.015320144186832918,-0.00021496205379580694,4,2024Q3
2024-09-11,XLK,-0.014290570042847062,0.0017157782201024676,4,2024Q3
2024-09-11,XLP,-0.00884712807886956,-0.0018258605363344045,4,2024Q3
2024-09-11,XLRE,-0.01125074658180436,-0.0030696997642730784,4,2024Q3
2024-09-11,XLU,0.0029382168954585897,-0.0015328785976214832,4,2024Q3
2024-09-11,XLV,-0.012074535063735015,-0.0010604779977210577,4,2024Q3
2024-09-11,XLY,0.00698180850502661,-0.0013241917538030009,4,2024Q3
2024-09-12,XLB,0.01008535623210327,-0.001433204039790284,4,2024Q3
2024-09-12,XLC,0.011973652077366559,0.00019949624499648785,4,2024Q3
2024-09-12,XLE,0.023968876241287962,0.0009577934300084911,4,2024Q3
2024-09-12,XLF,0.008251099564507314,-0.0014324167788404385,4,2024Q3
2024-09-12,XLI,0.01633193715654979,-0.00021496205379580694,4,2024Q3
2024-09-12,XLK,-0.0017536165379972157,0.0017157782201024676,4,2024Q3
2024-09-12,XLP,-0.029546038899656457,-0.0018258605363344045,4,2024Q3
2024-09-12,XLRE,-0.024162669168254935,-0.0030696997642730784,4,2024Q3
2024-09-12,XLU,-0.013907114416455757,-0.0015328785976214832,4,2024Q3
2024-09-12,XLV,-0.020753354224081644,-0.0010604779977210577,4,2024Q3
2024-09-12,XLY,0.009908107833778823,-0.0013241917538030009,4,2024Q3
2024-09-13,XLB,0.003785332184379042,-0.001433204039790284,4,2024Q3
2024-09-13,XLC,0.01226524612554969,0.00019949624499648785,4,2024Q3
2024-09-13,XLE,0.025934031752433473,0.0009577934300084911,4,2024Q3
2024-09-13,XLF,0.014733885301781546,-0.0014324167788404385,4,2024Q3
2024-09-13,XLI,0.008886272497429237,-0.00021496205379580694,4,2024Q3
2024-09-13,XLK,-0.001621967360451837,0.0017157782201024676,4,2024Q3
2024-09-13,XLP,-0.021587933200724163,-0.0018258605363344045,4,2024Q3
2024-09-13,XLRE,-0.022826075401834234,-0.0030696997642730784,4,2024Q3
2024-09-13,XLU,0.008504837852651326,-0.0015328785976214832,4,2024Q3
2024-09-13,XLV,-0.016738251186242836,-0.0010604779977210577,4,2024Q3
2024-09-13,XLY,0.010769397042911022,-0.0013241917538030009,4,2024Q3
2024-09-16,XLB,-0.002300574155478463,-0.001433204039790284,4,2024Q3
2024-09-16,XLC,-0.00017316486893692584,0.00019949624499648785,4,2024Q3
2024-09-16,XLE,0.017321044259058338,0.0009577934300084911,4,2024Q3
2024-09-16,XLF,-0.004372634085739957,-0.0014324167788404385,4,2024Q3
2024-09-16,XLI,0.006152220232174432,-0.00021496205379580694,4,2024Q3
2024-09-16,XLK,-0.0007960895427674419,0.0017157782201024676,4,2024Q3
2024-09-16,XLP,-0.02602047957154907,-0.0018258605363344045,4,2024Q3
2024-09-16,XLRE,-0.02315781504656944,-0.0030696997642730784,4,2024Q3
2024-09-16,XLU,0.002901756565188096,-0.0015328785976214832,4,2024Q3
2024-09-16,XLV,-0.030196449300500916,-0.0010604779977210577,4,2024Q3
2024-09-16,XLY,0.021796936738783357,-0.0013241917538030009,4,2024Q3
2024-09-17,XLB,0.007041653769603862,-0.001433204039790284,4,2024Q3
2024-09-17,XLC,0.002130111556068792,0.00019949624499648785,4,2024Q3
2024-09-17,XLE,-0.0013954200548345064,0.0009577934300084911,4,2024Q3
2024-09-17,XLF,-0.020572620244855178,-0.0014324167788404385,4,2024Q3
2024-09-17,XLI,0.005389762515979557,-0.00021496205379580694,4,2024Q3
2024-09-17,XLK,0.005641947095674338,0.0017157782201024676,4,2024Q3
2024-09-17,XLP,-0.021445918906336403,-0.0018258605363344045,4,2024Q3
2024-09-17,XLRE,-0.017727411038296004,-0.0030696997642730784,4,2024Q3
2024-09-17,XLU,-0.006017412724352189,-0.0015328785976214832,4,2024Q3
2024-09-17,XLV,-0.024447941104411397,-0.0010604779977210577,4,2024Q3
2024-09-17,XLY,0.023078517035482804,-0.0013241917538030009,4,2024Q3
2024-09-18,XLB,0.0037891602139132896,-0.001433204039790284,4,2024Q3
2024-09-18,XLC,-0.0010245734426899133,0.00019949624499648785,4,2024Q3
2024-09-18,XLE,-0.02392154881010078,0.0009577934300084911,4,2024Q3
2024-09-18,XLF,-0.024241612010185598,-0.0014324167788404385,4,2024Q3
2024-09-18,XLI,0.0006887813242235641,-0.00021496205379580694,4,2024Q3
2024-09-18,XLK,0.017211091821292657,0.0017157782201024676,4,2024Q3
2024-09-18,XLP,-0.020922932368038438,-0.0018258605363344045,4,2024Q3
2024-09-18,XLRE,-0.019847417338089812,-0.0030696997642730784,4,2024Q3
2024-09-18,XLU,0.006271473638606473,-0.0015328785976214832,4,2024Q3
2024-09-18,XLV,-0.033219653345670674,-0.0010604779977210577,4,2024Q3
2024-09-18,XLY,0.02061509187934374,-0.0013241917538030009,4,2024Q3
2024-09-19,XLB,0.02249291395666675,-0.001433204039790284,4,2024Q3
2024-09-19,XLC,0.004099883763084788,0.00019949624499648785,4,2024Q3
2024-09-19,XLE,-0.04176775002639643,0.0009577934300084911,4,2024Q3
2024-09-19,XLF,-0.016975855045991972,-0.0014324167788404385,4,2024Q3
2024-09-19,XLI,0.0015653101881218934,-0.00021496205379580694,4,2024Q3
2024-09-19,XLK,0.013786924157519032,0.0017157782201024676,4,2024Q3
2024-09-19,XLP,0.0003500122066482092,-0.0018258605363344045,4,2024Q3
2024-09-19,XLRE,-0.014152744175849108,-0.0030696997642730784,4,2024Q3
2024-09-19,XLU,0.018323919652472043,-0.0015328785976214832,4,2024Q3
2024-09-19,XLV,-0.020398012824880074,-0.0010604779977210577,4,2024Q3
2024-09-19,XLY,0.014934811988108754,-0.0013241917538030009,4,2024Q3
2024-09-20,XLB,0.0246300676298985,-0.001433204039790284,4,2024Q3
2024-09-20,XLC,0.0068194192399948506,0.00019949624499648785,4,2024Q3
2024-09-20,XLE,-0.023354667831928855,0.0009577934300084911,4,2024Q3
2024-09-20,XLF,-0.016836033815232687,-0.0014324167788404385,4,2024Q3
2024-09-20,XLI,0.006722727617181956,-0.00021496205379580694,4,2024Q3
2024-09-20,XLK,0.005882484610991279,0.0017157782201024676,4,2024Q3
2024-09-20,XLP,-0.006027748193395799,-0.0018258605363344045,4,2024Q3
2024-09-20,XLRE,-0.014395257707839781,-0.0030696997642730784,4,2024Q3
2024-09-20,XLU,-0.0014207657718436906,-0.0015328785976214832,4,2024Q3
2024-09-20,XLV,-0.020220873443667076,-0.0010604779977210577,4,2024Q3
2024-09-20,XLY,0.01543267160373496,-0.0013241917538030009,4,2024Q3
2024-09-23,XLB,0.013038463438714398,-0.001433204039790284,4,2024Q3
2024-09-23,XLC,0.010494613959329824,0.00019949624499648785,4,2024Q3
2024-09-23,XLE,-0.02199108532991434,0.0009577934300084911,4,2024Q3
2024-09-23,XLF,-0.009820440274663556,-0.0014324167788404385,4,2024Q3
2024-09-23,XLI,0.006289426046881541,-0.00021496205379580694,4,2024Q3
2024-09-23,XLK,0.009345237070962575,0.0017157782201024676,4,2024Q3
2024-09-23,XLP,-0.008262758039720652,-0.0018258605363344045,4,2024Q3
2024-09-23,XLRE,-0.011414994223411745,-0.0030696997642730784,4,2024Q3
2024-09-23,XLU,-0.0015777030095440736,-0.0015328785976214832,4,2024Q3
2024-09-23,XLV,-0.009640735100614028,-0.0010604779977210577,4,2024Q3
2024-09-23,XLY,0.00137730820342008,-0.0013241917538030009,4,2024Q3
2024-09-24,XLB,0.008659309455738562,-0.001433204039790284,4,2024Q3
2024-09-24,XLC,0.01836052327459936,0.00019949624499648785,4,2024Q3
2024-09-24,XLE,0.014814790020667878,0.0009577934300084911,4,2024Q3
2024-09-24,XLF,0.005134908128407778,-0.0014324167788404385,4,2024Q3
2024-09-24,XLI,0.011451828147217125,-0.00021496205379580694,4,2024Q3
2024-09-24,XLK,-0.010290385414085224,0.0017157782201024676,4,2024Q3
2024-09-24,XLP,0.0026401446417854135,-0.0018258605363344045,4,2024Q3
2024-09-24,XLRE,-0.005563068453665609,-0.0030696997642730784,4,2024Q3
2024-09-24,XLU,0.025628868927805692,-0.0015328785976214832,4,2024Q3
2024-09-24,XLV,-0.0010198926597020375,-0.0010604779977210577,4,2024Q3
2024-09-24,XLY,0.00044975016339898755,-0.0013241917538030009,4,2024Q3
2024-09-25,XLB,0.008903503680469771,-0.001433204039790284,4,2024Q3
2024-09-25,XLC,0.015782517528609374,0.00019949624499648785,4,2024Q3
2024-09-25,XLE,0.04291445422104945,0.0009577934300084911,4,2024Q3
2024-09-25,XLF,0.00966101030281441,-0.0014324167788404385,4,2024Q3
2024-09-25,XLI,0.011699051596027688,-0.00021496205379580694,4,2024Q3
2024-09-25,XLK,-0.008453938611517331,0.0017157782201024676,4,2024Q3
2024-09-25,XLP,-0.005912553280960631,-0.0018258605363344045,4,2024Q3
2024-09-25,XLRE,-0.007556117129119078,-0.0030696997642730784,4,2024Q3
2024-09-25,XLU,0.018158830372872026,-0.0015328785976214832,4,2024Q3
2024-09-25,XLV,0.004101618088649839,-0.0010604779977210577,4,2024Q3
2024-09-25,XLY,-0.007044096723368809,-0.0013241917538030009,4,2024Q3
2024-09-26,XLB,-0.016685275934733346,-0.001433204039790284,4,2024Q3
2024-09-26,XLC,0.012410603839204226,0.00019949624499648785,4,2024Q3
2024-09-26,XLE,0.0882259557101106,0.0009577934300084911,4,2024Q3
2024-09-26,XLF,0.004940456696474138,-0.0014324167788404385,4,2024Q3
2024-09-26,XLI,0.007308157273467453,-0.00021496205379580694,4,2024Q3
2024-09-26,XLK,-0.01158044056750629,0.0017157782201024676,4,2024Q3
2024-09-26,XLP,-0.012323983167132901,-0.0018258605363344045,4,2024Q3
2024-09-26,XLRE,-0.0016677551134249846,-0.0030696997642730784,4,2024Q3
2024-09-26,XLU,0.030558189041756334,-0.0015328785976214832,4,2024Q3
2024-09-26,XLV,-0.0024919900482920365,-0.0010604779977210577,4,2024Q3
2024-09-26,XLY,-0.016905158100038897,-0.0013241917538030009,4,2024Q3
2024-09-27,XLB,-0.02069843719863118,-0.001433204039790284,4,2024Q3
2024-09-27,XLC,0.007023284279282116,0.00019949624499648785,4,2024Q3
2024-09-27,XLE,0.06605823062000526,0.0009577934300084911,4,2024Q3
2024-09-27,XLF,0.0084318886880701,-0.0014324167788404385,4,2024Q3
2024-09-27,XLI,0.0024010795373976546,-0.00021496205379580694,4,2024Q3
2024-09-27,XLK,-0.0017982391301063494,0.0017157782201024676,4,2024Q3
2024-09-27,XLP,-0.021312508384457418,-0.0018258605363344045,4,2024Q3
2024-09-27,XLRE,-0.02002772274738218,-0.0030696997642730784,4,2024Q3
2024-09-27,XLU,0.008424590348759198,-0.0015328785976214832,4,2024Q3
2024-09-27,XLV,-0.011660737396172904,-0.0010604779977210577,4,2024Q3
2024-09-27,XLY,-0.01593647294170064,-0.0013241917538030009,4,2024Q3
2024-09-30,XLB,-0.005072020412785427,-0.001433204039790284,4,2024Q3
2024-09-30,XLC,0.002201777808488292,0.00019949624499648785,4,2024Q3
2024-09-30,XLE,0.07542178708137326,0.0009577934300084911,4,2024Q3
2024-09-30,XLF,0.005312596451139684,-0.0014324167788404385,4,2024Q3
2024-09-30,XLI,0.008467949290227428,-0.00021496205379580694,4,2024Q3
2024-09-30,XLK,0.0014400635908683457,0.0017157782201024676,4,2024Q3
2024-09-30,XLP,-0.017805152567884397,-0.0018258605363344045,4,2024Q3
2024-09-30,XLRE,-0.022520373424446904,-0.0030696997642730784,4,2024Q3
2024-09-30,XLU,-0.006200645905433677,-0.0015328785976214832,4,2024Q3
2024-09-30,XLV,-0.00941500451951649,-0.0010604779977210577,4,2024Q3
2024-09-30,XLY,-0.015963631670700806,-0.0013241917538030009,4,2024Q3
2024-10-01,XLB,-0.0255803602979916,-0.0008932627842488933,5,2024Q4
2024-10-01,XLC,-0.008222896746750807,0.00025807454777072847,5,2024Q4
2024-10-01,XLE,0.006140709986017789,0.0007433933538618292,5,2024Q4
2024-10-01,XLF,-0.0020124767268390187,-0.0008894032589396512,5,2024Q4
2024-10-01,XLI,-0.008223214865064388,0.00039017921916537876,5,2024Q4
2024-10-01,XLK,0.02677525264131675,0.0010843404910792953,5,2024Q4
2024-10-01,XLP,-0.028069527248670734,-0.0014441457167097599,5,2024Q4
2024-10-01,XLRE,-0.03210092808858234,-0.001978747996078905,5,2024Q4
2024-10-01,XLU,-0.03194877728863588,-0.00033704603736231856,5,2024Q4
2024-10-01,XLV,-0.017270153511381392,-0.0008169814416819199,5,2024Q4
2024-10-01,XLY,-0.020880161320611657,-0.0010163402663735104,5,2024Q4
2024-10-02,XLB,-0.02207343854627808,-0.0008932627842488933,5,2024Q4
2024-10-02,XLC,-0.011339992559157963,0.00025807454777072847,5,2024Q4
2024-10-02,XLE,-0.004634791722124332,0.0007433933538618292,5,2024Q4
2024-10-02,XLF,-0.00037417248809479275,-0.0008894032589396512,5,2024Q4
2024-10-02,XLI,-0.003983195384441807,0.00039017921916537876,5,2024Q4
2024-10-02,XLK,0.024112381730759358,0.0010843404910792953,5,2024Q4
2024-10-02,XLP,-0.020285736323324866,-0.0014441457167097599,5,2024Q4
2024-10-02,XLRE,-0.0346729673299202,-0.001978747996078905,5,2024Q4
2024-10-02,XLU,-0.047328226446367916,-0.00033704603736231856,5,2024Q4
2024-10-02,XLV,-0.011677728801032572,-0.0008169814416819199,5,2024Q4
2024-10-02,XLY,-0.011876900337609353,-0.0010163402663735104,5,2024Q4
2024-10-03,XLB,-0.008722133116156883,-0.0008932627842488933,5,2024Q4
2024-10-03,XLC,-0.015413735716125032,0.00025807454777072847,5,2024Q4
2024-10-03,XLE,-0.01550147064326457,0.0007433933538618292,5,2024Q4
2024-10-03,XLF,0.001849820959972881,-0.0008894032589396512,5,2024Q4
2024-10-03,XLI,-0.004082790513255441,0.00039017921916537876,5,2024Q4
2024-10-03,XLK,0.019474860116122983,0.0010843404910792953,5,2024Q4
2024-10-03,XLP,-0.01475807222610781,-0.0014441457167097599,5,2024Q4
2024-10-03,XLRE,-0.033352107373401885,-0.001978747996078905,5,2024Q4
2024-10-03,XLU,-0.049998377277062356,-0.00033704603736231856,5,2024Q4
2024-10-03,XLV,-0.006385183508300418,-0.0008169814416819199,5,2024Q4
2024-10-03,XLY,-0.005227004597022189,-0.0010163402663735104,5,2024Q4
2024-10-04,XLB,-0.0039533173894996665,-0.0008932627842488933,5,2024Q4
2024-10-04,XLC,-0.016470311164168083,0.00025807454777072847,5,2024Q4
2024-10-04,XLE,-0.015489535843646651,0.0007433933538618292,5,2024Q4
2024-10-04,XLF,0.007320265675842208,-0.0008894032589396512,5,2024Q4
2024-10-04,XLI,0.009955703274244332,0.00039017921916537876,5,2024Q4
2024-10-04,XLK,0.01298302663862616,0.0010843404910792953,5,2024Q4
2024-10-04,XLP,-0.009432068991727549,-0.0014441457167097599,5,2024Q4
2024-10-04,XLRE,-0.013586741363008414,-0.001978747996078905,5,2024Q4
2024-10-04,XLU,-0.03685386378663036,-0.00033704603736231856,5,2024Q4
2024-10-04,XLV,0.0033190470173662945,-0.0008169814416819199,5,2024Q4
2024-10-04,XLY,-0.019542140897424565,-0.0010163402663735104,5,2024Q4
2024-10-07,XLB,-0.005818127001283813,-0.0008932627842488933,5,2024Q4
2024-10-07,XLC,-0.005595967137250524,0.00025807454777072847,5,2024Q4
2024-10-07,XLE,-0.06098776046201593,0.0007433933538618292,5,2024Q4
2024-10-07,XLF,0.019042959831969908,-0.0008894032589396512,5,2024Q4
2024-10-07,XLI,0.0010936535325996033,0.00039017921916537876,5,2024Q4
2024-10-07,XLK,0.0009802205567883693,0.0010843404910792953,5,2024Q4
2024-10-07,XLP,0.0015888469265579186,-0.0014441457167097599,5,2024Q4
2024-10-07,XLRE,0.0039010214864387827,-0.001978747996078905,5,2024Q4
2024-10-07,XLU,-0.006370881836823994,-0.00033704603736231856,5,2024Q4
2024-10-07,XLV,-0.008646173320476347,-0.0008169814416819199,5,2024Q4
2024-10-07,XLY,-0.006849145103340115,-0.0010163402663735104,5,2024Q4
2024-10-08,XLB,0.01202234047747952,-0.0008932627842488933,5,2024Q4
2024-10-08,XLC,-0.009958807251319701,0.00025807454777072847,5,2024Q4
2024-10-08,XLE,-0.02537224188991971,0.0007433933538618292,5,2024Q4
2024-10-08,XLF,0.031039069955808962,-0.0008894032589396512,5,2024Q4
2024-10-08,XLI,0.011898029027869184,0.00039017921916537876,5,2024Q4
2024-10-08,XLK,-0.009479325055419485,0.0010843404910792953,5,2024Q4
2024-10-08,XLP,0.0009721044374608745,-0.0014441457167097599,5,2024Q4
2024-10-08,XLRE,0.016150434217312437,-0.001978747996078905,5,2024Q4
2024-10-08,XLU,0.018419307209091018,-0.00033704603736231856,5,2024Q4
2024-10-08,XLV,-0.006112763079924033,-0.0008169814416819199,5,2024Q4
2024-10-08,XLY,-0.00618226885593165,-0.0010163402663735104,5,2024Q4
2024-10-09,XLB,0.014013232585130098,-0.0008932627842488933,5,2024Q4
2024-10-09,XLC,-0.008143099114273467,0.00025807454777072847,5,2024Q4
2024-10-09,XLE,-0.01972362691998919,0.0007433933538618292,5,2024Q4
2024-10-09,XLF,0.031173732612885807,-0.0008894032589396512,5,2024Q4
2024-10-09,XLI,0.006774907703350319,0.00039017921916537876,5,2024Q4
2024-10-09,XLK,-0.010676077028892728,0.0010843404910792953,5,2024Q4
2024-10-09,XLP,-0.0027734404073347374,-0.0014441457167097599,5,2024Q4
2024-10-09,XLRE,0.015886222397448746,-0.001978747996078905,5,2024Q4
2024-10-09,XLU,0.02498287987202419,-0.00033704603736231856,5,2024Q4
2024-10-09,XLV,-0.015222655221682979,-0.0008169814416819199,5,2024Q4
2024-10-09,XLY,-0.00736396596062705,-0.0010163402663735104,5,2024Q4
2024-10-10,XLB,0.010087515619174203,-0.0008932627842488933,5,2024Q4
2024-10-10,XLC,0.0011269710259309562,0.00025807454777072847,5,2024Q4
2024-10-10,XLE,-0.03528262471599031,0.0007433933538618292,5,2024Q4
2024-10-10,XLF,0.028927473135444304,-0.0008894032589396512,5,2024Q4
2024-10-10,XLI,0.009435234684798344,0.00039017921916537876,5,2024Q4
2024-10-10,XLK,-0.012514141157909053,0.0010843404910792953,5,2024Q4
2024-10-10,XLP,-0.0017515586899961022,-0.0014441457167097599,5,2024Q4
2024-10-10,XLRE,0.026022955334796816,-0.001978747996078905,5,2024Q4
2024-10-10,XLU,0.028467545300066233,-0.00033704603736231856,5,2024Q4
2024-10-10,XLV,-0.012327702258028372,-0.0008169814416819199,5,2024Q4
2024-10-10,XLY,-0.004097619150263743,-0.0010163402663735104,5,2024Q4
2024-10-11,XLB,0.003336511196101233,-0.0008932627842488933,5,2024Q4
2024-10-11,XLC,-0.0021221768323258505,0.00025807454777072847,5,2024Q4
2024-10-11,XLE,-0.03651049951092211,0.0007433933538618292,5,2024Q4
2024-10-11,XLF,0.008707730578914497,-0.0008894032589396512,5,2024Q4
2024-10-11,XLI,-0.004387038531242338,0.00039017921916537876,5,2024Q4
2024-10-11,XLK,-0.0018753886279703202,0.0010843404910792953,5,2024Q4
2024-10-11,XLP,-0.008090219549242272,-0.0014441457167097599,5,2024Q4
2024-10-11,XLRE,0.0019921489989056518,-0.001978747996078905,5,2024Q4
2024-10-11,XLU,0.023043726976012202,-0.00033704603736231856,5,2024Q4
2024-10-11,XLV,-0.02362307771651151,-0.0008169814416819199,5,2024Q4
2024-10-11,XLY,3.222396538204997e-05,-0.0010163402663735104,5,2024Q4
2024-10-15,XLB,-0.009738730832114961,-0.0008932627842488933,5,2024Q4
2024-10-15,XLC,-0.006654913074737423,0.00025807454777072847,5,2024Q4
2024-10-15,XLE,-0.0005365951754341403,0.0007433933538618292,5,2024Q4
2024-10-15,XLF,-0.0007752738502901924,-0.0008894032589396512,5,2024Q4
2024-10-15,XLI,-0.013921656569780061,0.00039017921916537876,5,2024Q4
2024-10-15,XLK,0.007319108929829454,0.0010843404910792953,5,2024Q4
2024-10-15,XLP,-0.01192465139324217,-0.0014441457167097599,5,2024Q4
2024-10-15,XLRE,-0.01491335233128821,-0.001978747996078905,5,2024Q4
2024-10-15,XLU,0.0029501841380921157,-0.00033704603736231856,5,2024Q4
2024-10-15,XLV,-0.017489473774543685,-0.0008169814416819199,5,2024Q4
2024-10-15,XLY,-0.009693978739664821,-0.0010163402663735104,5,2024Q4
2024-10-16,XLB,-0.006605938812930479,-0.0008932627842488933,5,2024Q4
2024-10-16,XLC,-7.166573835837298e-05,0.00025807454777072847,5,2024Q4
2024-10-16,XLE,0.002967584766005671,0.0007433933538618292,5,2024Q4
2024-10-16,XLF,-0.000391071862863801,-0.0008894032589396512,5,2024Q4
2024-10-16,XLI,-0.010910704810460525,0.00039017921916537876,5,2024Q4
2024-10-16,XLK,0.0032166705570255694,0.0010843404910792953,5,2024Q4
2024-10-16,XLP,0.0003654097797766154,-0.0014441457167097599,5,2024Q4
2024-10-16,XLRE,-0.0015428608469836291,-0.001978747996078905,5,2024Q4
2024-10-16,XLU,0.006306925652489137,-0.00033704603736231856,5,2024Q4
2024-10-16,XLV,-0.011387461068823268,-0.0008169814416819199,5,2024Q4
2024-10-16,XLY,-0.0169812037514121,-0.0010163402663735104,5,2024Q4
2024-10-17,XLB,-0.02222024360722019,-0.0008932627842488933,5,2024Q4
2024-10-17,XLC,0.006002975181889192,0.00025807454777072847,5,2024Q4
2024-10-17,XLE,-0.003927000585250862,0.0007433933538618292,5,2024Q4
2024-10-17,XLF,-0.004321404736514434,-0.0008894032589396512,5,2024Q4
2024-10-17,XLI,-0.01691380017245392,0.00039017921916537876,5,2024Q4
2024-10-17,XLK,0.0010377668373897642,0.0010843404910792953,5,2024Q4
2024-10-17,XLP,0.0014408453432551704,-0.0014441457167097599,5,2024Q4
2024-10-17,XLRE,0.005115357863504588,-0.001978747996078905,5,2024Q4
2024-10-17,XLU,0.0066904555581787095,-0.00033704603736231856,5,2024Q4
2024-10-17,XLV,-0.01421465790431764,-0.0008169814416819199,5,2024Q4
2024-10-17,XLY,0.012636762718613137,-0.0010163402663735104,5,2024Q4
2024-10-18,XLB,-0.028097071150245734,-0.0008932627842488933,5,2024Q4
2024-10-18,XLC,0.005328536781523119,0.00025807454777072847,5,2024Q4
2024-10-18,XLE,0.0031843358308039083,0.0007433933538618292,5,2024Q4
2024-10-18,XLF,-0.011295750923449366,-0.0008894032589396512,5,2024Q4
2024-10-18,XLI,-0.01829391712800066,0.00039017921916537876,5,2024Q4
2024-10-18,XLK,0.00680880448576715,0.0010843404910792953,5,2024Q4
2024-10-18,XLP,-0.004854415742370888,-0.0014441457167097599,5,2024Q4
2024-10-18,XLRE,-0.0054815802153571624,-0.001978747996078905,5,2024Q4
2024-10-18,XLU,-0.009664189900002507,-0.00033704603736231856,5,2024Q4
2024-10-18,XLV,-0.020154178208635742,-0.0008169814416819199,5,2024Q4
2024-10-18,XLY,0.016009797396941083,-0.0010163402663735104,5,2024Q4
2024-10-21,XLB,-0.01729162239579951,-0.0008932627842488933,5,2024Q4
2024-10-21,XLC,0.010960210037481266,0.00025807454777072847,5,2024Q4
2024-10-21,XLE,-0.0048615938933327385,0.0007433933538618292,5,2024Q4
2024-10-21,XLF,0.004162505059903898,-0.0008894032589396512,5,2024Q4
2024-10-21,XLI,-0.016675274604399326,0.00039017921916537876,5,2024Q4
2024-10-21,XLK,-0.0028320791105793663,0.0010843404910792953,5,2024Q4
2024-10-21,XLP,0.0006283387614038904,-0.0014441457167097599,5,2024Q4
2024-10-21,XLRE,0.013697605739267038,-0.001978747996078905,5,2024Q4
2024-10-21,XLU,-0.002797686747515127,-0.00033704603736231856,5,2024Q4
2024-10-21,XLV,-0.01185478907267945,-0.0008169814416819199,5,2024Q4
2024-10-21,XLY,0.02156862495959544,-0.0010163402663735104,5,2024Q4
2024-10-22,XLB,-0.01671981484619567,-0.0008932627842488933,5,2024Q4
2024-10-22,XLC,0.01683302776904938,0.00025807454777072847,5,2024Q4
2024-10-22,XLE,-0.024369823433801896,0.0007433933538618292,5,2024Q4
2024-10-22,XLF,-0.002220845187262621,-0.0008894032589396512,5,2024Q4
2024-10-22,XLI,-0.008137836523477993,0.00039017921916537876,5,2024Q4
2024-10-22,XLK,0.009431745125048074,0.0010843404910792953,5,2024Q4
2024-10-22,XLP,-0.016852612282887702,-0.0014441457167097599,5,2024Q4
2024-10-22,XLRE,0.00083446492838124,-0.001978747996078905,5,2024Q4
2024-10-22,XLU,-0.022668589374564507,-0.00033704603736231856,5,2024Q4
2024-10-22,XLV,-0.01527675180350585,-0.0008169814416819199,5,2024Q4
2024-10-22,XLY,0.018228313351796865,-0.0010163402663735104,5,2024Q4
2024-10-23,XLB,-0.014881060480424035,-0.0008932627842488933,5,2024Q4
2024-10-23,XLC,0.024630475876877167,0.00025807454777072847,5,2024Q4
2024-10-23,XLE,-0.023203143174284402,0.0007433933538618292,5,2024Q4
2024-10-23,XLF,-0.003070331838879836,-0.0008894032589396512,5,2024Q4
2024-10-23,XLI,-0.013077898683089617,0.00039017921916537876,5,2024Q4
2024-10-23,XLK,0.0016708261211071385,0.0010843404910792953,5,2024Q4
2024-10-23,XLP,-0.022676299597567673,-0.0014441457167097599,5,2024Q4
2024-10-23,XLRE,-0.011391982066820128,-0.001978747996078905,5,2024Q4
2024-10-23,XLU,-0.04039209372871844,-0.00033704603736231856,5,2024Q4
2024-10-23,XLV,-0.01865444462154786,-0.0008169814416819199,5,2024Q4
2024-10-23,XLY,0.02685656754621779,-0.0010163402663735104,5,2024Q4
2024-10-24,XLB,0.005926744724489397,-0.0008932627842488933,5,2024Q4
2024-10-24,XLC,0.03396967123077932,0.00025807454777072847,5,2024Q4
2024-10-24,XLE,0.004825453643350297,0.0007433933538618292,5,2024Q4
2024-10-24,XLF,0.004089872984551435,-0.0008894032589396512,5,2024Q4
2024-10-24,XLI,0.0040835771759042405,0.00039017921916537876,5,2024Q4
2024-10-24,XLK,-0.011643415048801287,0.0010843404910792953,5,2024Q4
2024-10-24,XLP,-0.001519096925213237,-0.0014441457167097599,5,2024Q4
2024-10-24,XLRE,-0.009165264637004622,-0.001978747996078905,5,2024Q4
2024-10-24,XLU,-0.0022909175002160387,-0.00033704603736231856,5,2024Q4
2024-10-24,XLV,0.0012996403814168334,-0.0008169814416819199,5,2024Q4
2024-10-24,XLY,0.0018646328586710004,-0.0010163402663735104,5,2024Q4
2024-10-25,XLB,0.0049824250729118,-0.0008932627842488933,5,2024Q4
2024-10-25,XLC,0.03087706097109033,0.00025807454777072847,5,2024Q4
2024-10-25,XLE,-0.005566896064835181,0.0007433933538618292,5,2024Q4
2024-10-25,XLF,0.014030425476804997,-0.0008894032589396512,5,2024Q4
2024-10-25,XLI,0.0035500923853793998,0.00039017921916537876,5,2024Q4
2024-10-25,XLK,-0.013888227790587737,0.0010843404910792953,5,2024Q4
2024-10-25,XLP,0.0025897191038851686,-0.0014441457167097599,5,2024Q4
2024-10-25,XLRE,-0.016363289004976078,-0.001978747996078905,5,2024Q4
2024-10-25,XLU,-0.01417606655757353,-0.00033704603736231856,5,2024Q4
2024-10-25,XLV,0.008095532471474876,-0.0008169814416819199,5,2024Q4
2024-10-25,XLY,0.010230492451963613,-0.0010163402663735104,5,2024Q4
2024-10-28,XLB,0.006306604740042854,-0.0008932627842488933,5,2024Q4
2024-10-28,XLC,0.02619148640735447,0.00025807454777072847,5,2024Q4
2024-10-28,XLE,0.0231208312613409,0.0007433933538618292,5,2024Q4
2024-10-28,XLF,-0.0007263670691790569,-0.0008894032589396512,5,2024Q4
2024-10-28,XLI,0.004687134912846558,0.00039017921916537876,5,2024Q4
2024-10-28,XLK,-0.009174140637248418,0.0010843404910792953,5,2024Q4
2024-10-28,XLP,0.00862929544902269,-0.0014441457167097599,5,2024Q4
2024-10-28,XLRE,-0.0034202745291026515,-0.001978747996078905,5,2024Q4
2024-10-28,XLU,-0.028058381513696995,-0.00033704603736231856,5,2024Q4
2024-10-28,XLV,0.005264093066580489,-0.0008169814416819199,5,2024Q4
2024-10-28,XLY,0.009632626623044094,-0.0010163402663735104,5,2024Q4
2024-10-29,XLB,0.003934161649774892,-0.0008932627842488933,5,2024Q4
2024-10-29,XLC,0.017599820491689844,0.00025807454777072847,5,2024Q4
2024-10-29,XLE,0.03524028510381272,0.0007433933538618292,5,2024Q4
2024-10-29,XLF,0.00423908086825775,-0.0008894032589396512,5,2024Q4
2024-10-29,XLI,0.01225408518112081,0.00039017921916537876,5,2024Q4
2024-10-29,XLK,-0.018843933447942107,0.0010843404910792953,5,2024Q4
2024-10-29,XLP,0.014559828341803582,-0.0014441457167097599,5,2024Q4
2024-10-29,XLRE,0.008714784193065928,-0.001978747996078905,5,2024Q4
2024-10-29,XLU,-0.0028896557665708533,-0.00033704603736231856,5,2024Q4
2024-10-29,XLV,0.005008584732149379,-0.0008169814416819199,5,2024Q4
2024-10-29,XLY,0.02219927702630775,-0.0010163402663735104,5,2024Q4
2024-10-30,XLB,-0.015530015783824291,-0.0008932627842488933,5,2024Q4
2024-10-30,XLC,0.008446737548589711,0.00025807454777072847,5,2024Q4
2024-10-30,XLE,0.04368185978337924,0.0007433933538618292,5,2024Q4
2024-10-30,XLF,0.03233042365106531,-0.0008894032589396512,5,2024Q4
2024-10-30,XLI,0.025594948526723726,0.00039017921916537876,5,2024Q4
2024-10-30,XLK,-0.002728424324190737,0.0010843404910792953,5,2024Q4
2024-10-30,XLP,-0.02798552336696214,-0.0014441457167097599,5,2024Q4
2024-10-30,XLRE,-0.049264809794418274,-0.001978747996078905,5,2024Q4
2024-10-30,XLU,-0.03848840167951639,-0.00033704603736231856,5,2024Q4
2024-10-30,XLV,-0.019557016120989035,-0.0008169814416819199,5,2024Q4
2024-10-30,XLY,0.028344926958623784,-0.0010163402663735104,5,2024Q4
2024-10-31,XLB,-0.026548773401284587,-0.0008932627842488933,5,2024Q4
2024-10-31,XLC,0.0026579654389211615,0.00025807454777072847,5,2024Q4
2024-10-31,XLE,0.0038183658184436364,0.0007433933538618292,5,2024Q4
2024-10-31,XLF,0.0014092566907231152,-0.0008894032589396512,5,2024Q4
2024-10-31,XLI,0.0030081684295217848,0.00039017921916537876,5,2024Q4
2024-10-31,XLK,0.020875582345083687,0.0010843404910792953,5,2024Q4
2024-10-31,XLP,-0.05079889837444185,-0.0014441457167097599,5,2024Q4
2024-10-31,XLRE,-0.048123397736509754,-0.001978747996078905,5,2024Q4
2024-10-31,XLU,-0.07521020720271476,-0.00033704603736231856,5,2024Q4
2024-10-31,XLV,-0.03217737025945144,-0.0008169814416819199,5,2024Q4
2024-10-31,XLY,0.029873093536112894,-0.0010163402663735104,5,2024Q4
2024-11-01,XLB,-0.03315634127609646,-0.0008932627842488933,5,2024Q4
2024-11-01,XLC,-0.006635739575638677,0.00025807454777072847,5,2024Q4
2024-11-01,XLE,0.017433017976022258,0.0007433933538618292,5,2024Q4
2024-11-01,XLF,0.007129269000690552,-0.0008894032589396512,5,2024Q4
2024-11-01,XLI,0.012749177425127822,0.00039017921916537876,5,2024Q4
2024-11-01,XLK,0.011630731124845584,0.0010843404910792953,5,2024Q4
2024-11-01,XLP,-0.03918550422147349,-0.0014441457167097599,5,2024Q4
2024-11-01,XLRE,-0.020170005964374127,-0.001978747996078905,5,2024Q4
2024-11-01,XLU,-0.034105690589682824,-0.00033704603736231856,5,2024Q4
2024-11-01,XLV,-0.03102933028167021,-0.0008169814416819199,5,2024Q4
2024-11-01,XLY,0.02757136722630027,-0.0010163402663735104,5,2024Q4
2024-11-04,XLB,-0.05908802590972051,-0.0008932627842488933,5,2024Q4
2024-11-04,XLC,0.007512674481612525,0.00025807454777072847,5,2024Q4
2024-11-04,XLE,-0.0005398186421987639,0.0007433933538618292,5,2024Q4
2024-11-04,XLF,0.02722015315815063,-0.0008894032589396512,5,2024Q4
2024-11-04,XLI,0.012968818445391106,0.00039017921916537876,5,2024Q4
2024-11-04,XLK,0.007924002908435535,0.0010843404910792953,5,2024Q4
2024-11-04,XLP,-0.04430712522771607,-0.0014441457167097599,5,2024Q4
2024-11-04,XLRE,-0.0530951479064915,-0.001978747996078905,5,2024Q4
2024-11-04,XLU,-0.03083231861761404,-0.00033704603736231856,5,2024Q4
2024-11-04,XLV,-0.044476141510646494,-0.0008169814416819199,5,2024Q4
2024-11-04,XLY,0.03836555999230895,-0.0010163402663735104,5,2024Q4
2024-11-05,XLB,-0.04620437522776388,-0.0008932627842488933,5,2024Q4
2024-11-05,XLC,0.008396800337422183,0.00025807454777072847,5,2024Q4
2024-11-05,XLE,0.012601569364796728,0.0007433933538618292,5,2024Q4
2024-11-05,XLF,0.02998085913708093,-0.0008894032589396512,5,2024Q4
2024-11-05,XLI,0.009731099453973435,0.00039017921916537876,5,2024Q4
2024-11-05,XLK,0.0016689043485695887,0.0010843404910792953,5,2024Q4
2024-11-05,XLP,-0.035653378125859114,-0.0014441457167097599,5,2024Q4
2024-11-05,XLRE,-0.04671439920171716,-0.001978747996078905,5,2024Q4
2024-11-05,XLU,-0.03565735429610306,-0.00033704603736231856,5,2024Q4
2024-11-05,XLV,-0.042428622169482066,-0.0008169814416819199,5,2024Q4
2024-11-05,XLY,0.04060488953871033,-0.0010163402663735104,5,2024Q4
2024-11-06,XLB,-0.03602376978077437,-0.0008932627842488933,5,2024Q4
2024-11-06,XLC,0.01380651977993641,0.00025807454777072847,5,2024Q4
2024-11-06,XLE,0.010093345216455107,0.0007433933538618292,5,2024Q4
2024-11-06,XLF,-0.002092017791963219,-0.0008894032589396512,5,2024Q4
2024-11-06,XLI,-0.015009262886807817,0.00039017921916537876,5,2024Q4
2024-11-06,XLK,0.0011484167423727598,0.0010843404910792953,5,2024Q4
2024-11-06,XLP,0.01004336962388952,-0.0014441457167097599,5,2024Q4
2024-11-06,XLRE,0.0028927607874844607,-0.001978747996078905,5,2024Q4
2024-11-06,XLU,0.002925935535241564,-0.00033704603736231856,5,2024Q4
2024-11-06,XLV,-0.02768572238703393,-0.0008169814416819199,5,2024Q4
2024-11-06,XLY,0.02407368073381,-0.0010163402663735104,5,2024Q4
2024-11-07,XLB,-0.026029977879512445,-0.0008932627842488933,5,2024Q4
2024-11-07,XLC,0.0010345395482986852,0.00025807454777072847,5,2024Q4
2024-11-07,XLE,0.03373474239765528,0.0007433933538618292,5,2024Q4
2024-11-07,XLF,0.039528815749765744,-0.0008894032589396512,5,2024Q4
2024-11-07,XLI,0.006097777304642782,0.00039017921916537876,5,2024Q4
2024-11-07,XLK,-0.02013158483861044,0.0010843404910792953,5,2024Q4
2024-11-07,XLP,0.017932039743471906,-0.0014441457167097599,5,2024Q4
2024-11-07,XLRE,0.012153252235216683,-0.001978747996078905,5,2024Q4
2024-11-07,XLU,0.036634261126031076,-0.00033704603736231856,5,2024Q4
2024-11-07,XLV,-0.03220149520635174,-0.0008169814416819199,5,2024Q4
2024-11-07,XLY,0.02282478820721101,-0.0010163402663735104,5,2024Q4
2024-11-08,XLB,-0.009467755161824631,-0.0008932627842488933,5,2024Q4
2024-11-08,XLC,0.015848219483735493,0.00025807454777072847,5,2024Q4
2024-11-08,XLE,0.040677298294299,0.0007433933538618292,5,2024Q4
2024-11-08,XLF,0.033657313202478334,-0.0008894032589396512,5,2024Q4
2024-11-08,XLI,-0.005525838684611206,0.00039017921916537876,5,2024Q4
2024-11-08,XLK,-0.015725733133148068,0.0010843404910792953,5,2024Q4
2024-11-08,XLP,0.013072012473957506,-0.0014441457167097599,5,2024Q4
2024-11-08,XLRE,0.004258344373400225,-0.001978747996078905,5,2024Q4
2024-11-08,XLU,0.026382348391124633,-0.00033704603736231856,5,2024Q4
2024-11-08,XLV,-0.03808352738155674,-0.0008169814416819199,5,2024Q4
2024-11-08,XLY,0.018132049750850254,-0.0010163402663735104,5,2024Q4
2024-11-12,XLB,0.0027292029077916613,-0.0008932627842488933,5,2024Q4
2024-11-12,XLC,0.006528515899458909,0.00025807454777072847,5,2024Q4
2024-11-12,XLE,0.028118335577636544,0.0007433933538618292,5,2024Q4
2024-11-12,XLF,0.01005190131589262,-0.0008894032589396512,5,2024Q4
2024-11-12,XLI,-0.011202662993324952,0.00039017921916537876,5,2024Q4
2024-11-12,XLK,-0.00935362737826706,0.0010843404910792953,5,2024Q4
2024-11-12,XLP,0.011057128497235724,-0.0014441457167097599,5,2024Q4
2024-11-12,XLRE,0.024086444458147782,-0.001978747996078905,5,2024Q4
2024-11-12,XLU,0.0360284624251247,-0.00033704603736231856,5,2024Q4
2024-11-12,XLV,-0.029766129212314585,-0.0008169814416819199,5,2024Q4
2024-11-12,XLY,0.006623562709584974,-0.0010163402663735104,5,2024Q4
2024-11-13,XLB,0.00861290941752868,-0.0008932627842488933,5,2024Q4
2024-11-13,XLC,0.012642794095282017,0.00025807454777072847,5,2024Q4
2024-11-13,XLE,0.03056549524433172,0.0007433933538618292,5,2024Q4
2024-11-13,XLF,0.0065812070913601195,-0.0008894032589396512,5,2024Q4
2024-11-13,XLI,-0.012064792257648671,0.00039017921916537876,5,2024Q4
2024-11-13,XLK,-0.006644813412885919,0.0010843404910792953,5,2024Q4
2024-11-13,XLP,0.0031648736814285927,-0.0014441457167097599,5,2024Q4
2024-11-13,XLRE,0.014665068755291166,-0.001978747996078905,5,2024Q4
2024-11-13,XLU,0.038515802464922144,-0.00033704603736231856,5,2024Q4
2024-11-13,XLV,-0.015699394415885193,-0.0008169814416819199,5,2024Q4
2024-11-13,XLY,-0.006015229050840398,-0.0010163402663735104,5,2024Q4
2024-11-14,XLB,0.01741108095138877,-0.0008932627842488933,5,2024Q4
2024-11-14,XLC,-0.0005393106935196457,0.00025807454777072847,5,2024Q4
2024-11-14,XLE,0.023177354216356916,0.0007433933538618292,5,2024Q4
2024-11-14,XLF,0.010137562795601962,-0.0008894032589396512,5,2024Q4
2024-11-14,XLI,0.005395195240986084,0.00039017921916537876,5,2024Q4
2024-11-14,XLK,-0.005016349878272153,0.0010843404910792953,5,2024Q4
2024-11-14,XLP,0.004667085736379972,-0.0014441457167097599,5,2024Q4
2024-11-14,XLRE,0.01879448851449328,-0.001978747996078905,5,2024Q4
2024-11-14,XLU,0.04825679586385734,-0.00033704603736231856,5,2024Q4
2024-11-14,XLV,-0.003929844875639854,-0.0008169814416819199,5,2024Q4
2024-11-14,XLY,-0.0018399424289340383,-0.0010163402663735104,5,2024Q4
2024-11-15,XLB,0.01412200101520078,-0.0008932627842488933,5,2024Q4
2024-11-15,XLC,0.0015194195475884964,0.00025807454777072847,5,2024Q4
2024-11-15,XLE,0.010150648974764254,0.0007433933538618292,5,2024Q4
2024-11-15,XLF,0.0005824379408656544,-0.0008894032589396512,5,2024Q4
2024-11-15,XLI,0.008785088965511667,0.00039017921916537876,5,2024Q4
2024-11-15,XLK,0.004718389263107525,0.0010843404910792953,5,2024Q4
2024-11-15,XLP,0.006849357243709608,-0.0014441457167097599,5,2024Q4
2024-11-15,XLRE,0.009163566931149836,-0.001978747996078905,5,2024Q4
2024-11-15,XLU,0.011097853731701024,-0.00033704603736231856,5,2024Q4
2024-11-15,XLV,-0.00030594065340605603,-0.0008169814416819199,5,2024Q4
2024-11-15,XLY,0.0051704349489787305,-0.0010163402663735104,5,2024Q4
2024-11-18,XLB,0.017424880233027906,-0.0008932627842488933,5,2024Q4
2024-11-18,XLC,-0.0025233983623222933,0.00025807454777072847,5,2024Q4
2024-11-18,XLE,-0.022615673688769822,0.0007433933538618292,5,2024Q4
2024-11-18,XLF,0.004843370821355997,-0.0008894032589396512,5,2024Q4
2024-11-18,XLI,0.017308238027367473,0.00039017921916537876,5,2024Q4
2024-11-18,XLK,0.0020948341497315504,0.0010843404910792953,5,2024Q4
2024-11-18,XLP,0.00603380373909812,-0.0014441457167097599,5,2024Q4
2024-11-18,XLRE,0.014494491922731001,-0.001978747996078905,5,2024Q4
2024-11-18,XLU,0.004817261675322149,-0.00033704603736231856,5,2024Q4
2024-11-18,XLV,0.008357732302351817,-0.0008169814416819199,5,2024Q4
2024-11-18,XLY,0.0068918527609231894,-0.0010163402663735104,5,2024Q4
2024-11-19,XLB,0.011477339687658183,-0.0008932627842488933,5,2024Q4
2024-11-19,XLC,-0.0069875518567545924,0.00025807454777072847,5,2024Q4
2024-11-19,XLE,-0.019210958088169416,0.0007433933538618292,5,2024Q4
2024-11-19,XLF,0.012049959622606021,-0.0008894032589396512,5,2024Q4
2024-11-19,XLI,0.017841182205501793,0.00039017921916537876,5,2024Q4
2024-11-19,XLK,-0.002706154576875841,0.0010843404910792953,5,2024Q4
2024-11-19,XLP,0.007271205712745532,-0.0014441457167097599,5,2024Q4
2024-11-19,XLRE,0.01370218781960486,-0.001978747996078905,5,2024Q4
2024-11-19,XLU,0.012920240385086101,-0.00033704603736231856,5,2024Q4
2024-11-19,XLV,0.01759153358398513,-0.0008169814416819199,5,2024Q4
2024-11-19,XLY,0.00825862853337278,-0.0010163402663735104,5,2024Q4
2024-11-20,XLB,0.006014470424736462,-0.0008932627842488933,5,2024Q4
2024-11-20,XLC,-0.008661856700685311,0.00025807454777072847,5,2024Q4
2024-11-20,XLE,-0.02677017274235327,0.0007433933538618292,5,2024Q4
2024-11-20,XLF,0.02061272940519321,-0.0008894032589396512,5,2024Q4
2024-11-20,XLI,0.01633591600728712,0.00039017921916537876,5,2024Q4
2024-11-20,XLK,-0.012159732988018757,0.0010843404910792953,5,2024Q4
2024-11-20,XLP,0.018054866475363696,-0.0014441457167097599,5,2024Q4
2024-11-20,XLRE,0.02592091599859514,-0.001978747996078905,5,2024Q4
2024-11-20,XLU,0.015834918406723242,-0.00033704603736231856,5,2024Q4
2024-11-20,XLV,0.01437875308282588,-0.0008169814416819199,5,2024Q4
2024-11-20,XLY,0.011147247944913286,-0.0010163402663735104,5,2024Q4
2024-11-21,XLB,-0.0020263097037427347,-0.0008932627842488933,5,2024Q4
2024-11-21,XLC,-0.0014651691422371549,0.00025807454777072847,5,2024Q4
2024-11-21,XLE,-0.03132930401735001,0.0007433933538618292,5,2024Q4
2024-11-21,XLF,0.008362904746329614,-0.0008894032589396512,5,2024Q4
2024-11-21,XLI,0.008498020022101205,0.00039017921916537876,5,2024Q4
2024-11-21,XLK,-0.01388704931597462,0.0010843404910792953,5,2024Q4
2024-11-21,XLP,0.011309305776758816,-0.0014441457167097599,5,2024Q4
2024-11-21,XLRE,0.01337857541486831,-0.001978747996078905,5,2024Q4
2024-11-21,XLU,-0.0022578414755829446,-0.00033704603736231856,5,2024Q4
2024-11-21,XLV,0.00850952835340002,-0.0008169814416819199,5,2024Q4
2024-11-21,XLY,0.01899568353101988,-0.0010163402663735104,5,2024Q4
2024-11-22,XLB,-0.006939654495532022,-0.0008932627842488933,5,2024Q4
2024-11-22,XLC,0.010415000231362548,0.00025807454777072847,5,2024Q4
2024-11-22,XLE,-0.04190719206761506,0.0007433933538618292,5,2024Q4
2024-11-22,XLF,-0.011664151177066762,-0.0008894032589396512,5,2024Q4
2024-11-22,XLI,-0.011672525235477682,0.00039017921916537876,5,2024Q4
2024-11-22,XLK,-0.0035754398555123412,0.0010843404910792953,5,2024Q4
2024-11-22,XLP,0.0020049023424282275,-0.0014441457167097599,5,2024Q4
2024-11-22,XLRE,-0.008418768958188272,-0.001978747996078905,5,2024Q4
2024-11-22,XLU,-0.01731861261466361,-0.00033704603736231856,5,2024Q4
2024-11-22,XLV,0.007105472144852687,-0.0008169814416819199,5,2024Q4
2024-11-22,XLY,0.014516852388211543,-0.0010163402663735104,5,2024Q4
2024-11-25,XLB,-0.01740987811282535,-0.0008932627842488933,5,2024Q4
2024-11-25,XLC,0.01633031092669235,0.00025807454777072847,5,2024Q4
2024-11-25,XLE,-0.019486936832452617,0.0007433933538618292,5,2024Q4
2024-11-25,XLF,-0.022624017507665184,-0.0008894032589396512,5,2024Q4
2024-11-25,XLI,-0.021197003928305036,0.00039017921916537876,5,2024Q4
2024-11-25,XLK,0.0030647384582207504,0.0010843404910792953,5,2024Q4
2024-11-25,XLP,-0.005816430228204883,-0.0014441457167097599,5,2024Q4
2024-11-25,XLRE,-0.024553742959246505,-0.001978747996078905,5,2024Q4
2024-11-25,XLU,-0.02477042542453345,-0.00033704603736231856,5,2024Q4
2024-11-25,XLV,-0.0008416736156731108,-0.0008169814416819199,5,2024Q4
2024-11-25,XLY,0.006297250023079348,-0.0010163402663735104,5,2024Q4
2024-11-26,XLB,-0.020679699094749315,-0.0008932627842488933,5,2024Q4
2024-11-26,XLC,0.0139073741663569,0.00025807454777072847,5,2024Q4
2024-11-26,XLE,-0.043071656269315195,0.0007433933538618292,5,2024Q4
2024-11-26,XLF,-0.029262558733121113,-0.0008894032589396512,5,2024Q4
2024-11-26,XLI,-0.01904665557178875,0.00039017921916537876,5,2024Q4
2024-11-26,XLK,0.015463404308534656,0.0010843404910792953,5,2024Q4
2024-11-26,XLP,-0.013728054239195542,-0.0014441457167097599,5,2024Q4
2024-11-26,XLRE,-0.03305153641090741,-0.001978747996078905,5,2024Q4
2024-11-26,XLU,-0.041344996478985374,-0.00033704603736231856,5,2024Q4
2024-11-26,XLV,-0.007771121090734523,-0.0008169814416819199,5,2024Q4
2024-11-26,XLY,0.011030888171393416,-0.0010163402663735104,5,2024Q4
2024-11-27,XLB,-0.03460253857694828,-0.0008932627842488933,5,2024Q4
2024-11-27,XLC,0.008790243048123925,0.00025807454777072847,5,2024Q4
2024-11-27,XLE,-0.039673478716634514,0.0007433933538618292,5,2024Q4
2024-11-27,XLF,-0.029657627535614073,-0.0008894032589396512,5,2024Q4
2024-11-27,XLI,-0.02885982463960901,0.00039017921916537876,5,2024Q4
2024-11-27,XLK,0.022894793824553394,0.0010843404910792953,5,2024Q4
2024-11-27,XLP,-0.013196270166437873,-0.0014441457167097599,5,2024Q4
2024-11-27,XLRE,-0.04359971752482039,-0.001978747996078905,5,2024Q4
2024-11-27,XLU,-0.03973412206879412,-0.00033704603736231856,5,2024Q4
2024-11-27,XLV,-0.025664813313487578,-0.0008169814416819199,5,2024Q4
2024-11-27,XLY,0.023099743645719206,-0.0010163402663735104,5,2024Q4
2024-11-29,XLB,-0.03901021593726406,-0.0008932627842488933,5,2024Q4
2024-11-29,XLC,0.016981816102701774,0.00025807454777072847,5,2024Q4
2024-11-29,XLE,-0.05593986644030391,0.0007433933538618292,5,2024Q4
2024-11-29,XLF,-0.02703887649027792,-0.0008894032589396512,5,2024Q4
2024-11-29,XLI,-0.03255066469852819,0.00039017921916537876,5,2024Q4
2024-11-29,XLK,0.021690149044714335,0.0010843404910792953,5,2024Q4
2024-11-29,XLP,-0.01882329348047762,-0.0014441457167097599,5,2024Q4
2024-11-29,XLRE,-0.036062899344452504,-0.001978747996078905,5,2024Q4
2024-11-29,XLU,-0.04779866042809755,-0.00033704603736231856,5,2024Q4
2024-11-29,XLV,-0.029962860902917665,-0.0008169814416819199,5,2024Q4
2024-11-29,XLY,0.03850390227498046,-0.0010163402663735104,5,2024Q4
2024-12-02,XLB,-0.03161700995296024,-0.0008932627842488933,5,2024Q4
2024-12-02,XLC,-0.006073716669126039,0.00025807454777072847,5,2024Q4
2024-12-02,XLE,-0.04035564205999309,0.0007433933538618292,5,2024Q4
2024-12-02,XLF,-0.023773707922078224,-0.0008894032589396512,5,2024Q4
2024-12-02,XLI,-0.02685666640215767,0.00039017921916537876,5,2024Q4
2024-12-02,XLK,0.012331301537964912,0.0010843404910792953,5,2024Q4
2024-12-02,XLP,-0.012206271164364235,-0.0014441457167097599,5,2024Q4
2024-12-02,XLRE,-0.01211853754101766,-0.001978747996078905,5,2024Q4
2024-12-02,XLU,-0.03205370907120986,-0.00033704603736231856,5,2024Q4
2024-12-02,XLV,-0.01838915336931246,-0.0008169814416819199,5,2024Q4
2024-12-02,XLY,0.03313387381298538,-0.0010163402663735104,5,2024Q4
2024-12-03,XLB,-0.03491266619161748,-0.0008932627842488933,5,2024Q4
2024-12-03,XLC,0.0050377022538509175,0.00025807454777072847,5,2024Q4
2024-12-03,XLE,-0.04323657305906847,0.0007433933538618292,5,2024Q4
2024-12-03,XLF,-0.013028181940682892,-0.0008894032589396512,5,2024Q4
2024-12-03,XLI,-0.019495498865240046,0.00039017921916537876,5,2024Q4
2024-12-03,XLK,-0.0017515048051728321,0.0010843404910792953,5,2024Q4
2024-12-03,XLP,0.0012333541846066831,-0.0014441457167097599,5,2024Q4
2024-12-03,XLRE,-0.018815631886180295,-0.001978747996078905,5,2024Q4
2024-12-03,XLU,-0.02712406603171935,-0.00033704603736231856,5,2024Q4
2024-12-03,XLV,-0.016688064142401315,-0.0008169814416819199,5,2024Q4
2024-12-03,XLY,0.03919242040099469,-0.0010163402663735104,5,2024Q4
2024-12-04,XLB,-0.03036605574359874,-0.0008932627842488933,5,2024Q4
2024-12-04,XLC,0.01758771083159405,0.00025807454777072847,5,2024Q4
2024-12-04,XLE,-0.019512568675405406,0.0007433933538618292,5,2024Q4
2024-12-04,XLF,-0.008823276058921636,-0.0008894032589396512,5,2024Q4
2024-12-04,XLI,-0.027501222591142627,0.00039017921916537876,5,2024Q4
2024-12-04,XLK,-0.00696983593982714,0.0010843404910792953,5,2024Q4
2024-12-04,XLP,-0.0051280599433336516,-0.0014441457167097599,5,2024Q4
2024-12-04,XLRE,-0.020153344681601126,-0.001978747996078905,5,2024Q4
2024-12-04,XLU,-0.03460373779711723,-0.00033704603736231856,5,2024Q4
2024-12-04,XLV,-0.031018830960268584,-0.0008169814416819199,5,2024Q4
2024-12-04,XLY,0.046183652757573634,-0.0010163402663735104,5,2024Q4
2024-12-05,XLB,-0.020761010819712045,-0.0008932627842488933,5,2024Q4
2024-12-05,XLC,0.025338551761149186,0.00025807454777072847,5,2024Q4
2024-12-05,XLE,-0.027696181486554283,0.0007433933538618292,5,2024Q4
2024-12-05,XLF,-0.012624285559562298,-0.0008894032589396512,5,2024Q4
2024-12-05,XLI,-0.018370482104127395,0.00039017921916537876,5,2024Q4
2024-12-05,XLK,-0.0039955703891383365,0.0010843404910792953,5,2024Q4
2024-12-05,XLP,-0.00268182532905592,-0.0014441457167097599,5,2024Q4
2024-12-05,XLRE,-0.014867945499231983,-0.001978747996078905,5,2024Q4
2024-12-05,XLU,-0.03457793769041373,-0.00033704603736231856,5,2024Q4
2024-12-05,XLV,-0.024346755380087126,-0.0008169814416819199,5,2024Q4
2024-12-05,XLY,0.032612631370732115,-0.0010163402663735104,5,2024Q4
2024-12-06,XLB,-0.023236056313094333,-0.0008932627842488933,5,2024Q4
2024-12-06,XLC,0.00602198210824012,0.00025807454777072847,5,2024Q4
2024-12-06,XLE,-0.013852969895475242,0.0007433933538618292,5,2024Q4
2024-12-06,XLF,-0.011140588524557238,-0.0008894032589396512,5,2024Q4
2024-12-06,XLI,-0.016345167035908714,0.00039017921916537876,5,2024Q4
2024-12-06,XLK,-0.0015094166736544512,0.0010843404910792953,5,2024Q4
2024-12-06,XLP,0.0017956881954048765,-0.0014441457167097599,5,2024Q4
2024-12-06,XLRE,-0.015552993193987397,-0.001978747996078905,5,2024Q4
2024-12-06,XLU,-0.019801779608260572,-0.00033704603736231856,5,2024Q4
2024-12-06,XLV,-0.01687997974357147,-0.0008169814416819199,5,2024Q4
2024-12-06,XLY,0.01747788635680414,-0.0010163402663735104,5,2024Q4
2024-12-09,XLB,-0.04103433959484293,-0.0008932627842488933,5,2024Q4
2024-12-09,XLC,0.02232549333126954,0.00025807454777072847,5,2024Q4
2024-12-09,XLE,-0.043216531610279274,0.0007433933538618292,5,2024Q4
2024-12-09,XLF,-0.00871978491324299,-0.0008894032589396512,5,2024Q4
2024-12-09,XLI,-0.016335724262574236,0.00039017921916537876,5,2024Q4
2024-12-09,XLK,0.005579803344365031,0.0010843404910792953,5,2024Q4
2024-12-09,XLP,-0.011270603979939287,-0.0014441457167097599,5,2024Q4
2024-12-09,XLRE,-0.031989220966565646,-0.001978747996078905,5,2024Q4
2024-12-09,XLU,-0.024711967709181937,-0.00033704603736231856,5,2024Q4
2024-12-09,XLV,-0.04073893065098899,-0.0008169814416819199,5,2024Q4
2024-12-09,XLY,0.02503765609429487,-0.0010163402663735104,5,2024Q4
2024-12-10,XLB,-0.035456954954212194,-0.0008932627842488933,5,2024Q4
2024-12-10,XLC,-7.969222468307002e-05,0.00025807454777072847,5,2024Q4
2024-12-10,XLE,-0.04280420824701714,0.0007433933538618292,5,2024Q4
2024-12-10,XLF,-0.01454423288236395,-0.0008894032589396512,5,2024Q4
2024-12-10,XLI,-0.021968201152415934,0.00039017921916537876,5,2024Q4
2024-12-10,XLK,0.014608091532444467,0.0010843404910792953,5,2024Q4
2024-12-10,XLP,-0.016629591111116837,-0.0014441457167097599,5,2024Q4
2024-12-10,XLRE,-0.019389527127556816,-0.001978747996078905,5,2024Q4
2024-12-10,XLU,-0.020648961613171646,-0.00033704603736231856,5,2024Q4
2024-12-10,XLV,-0.03640656579727164,-0.0008169814416819199,5,2024Q4
2024-12-10,XLY,0.02760047844185398,-0.0010163402663735104,5,2024Q4
2024-12-11,XLB,-0.02228897401751706,-0.0008932627842488933,5,2024Q4
2024-12-11,XLC,-0.007008568025490436,0.00025807454777072847,5,2024Q4
2024-12-11,XLE,-0.03537686956481201,0.0007433933538618292,5,2024Q4
2024-12-11,XLF,-0.008707803921708446,-0.0008894032589396512,5,2024Q4
2024-12-11,XLI,-0.010129180225886936,0.00039017921916537876,5,2024Q4
2024-12-11,XLK,0.005079970310953419,0.0010843404910792953,5,2024Q4
2024-12-11,XLP,0.013161823104871129,-0.0014441457167097599,5,2024Q4
2024-12-11,XLRE,-0.018107484428120824,-0.001978747996078905,5,2024Q4
2024-12-11,XLU,-0.00042913986447479235,-0.00033704603736231856,5,2024Q4
2024-12-11,XLV,0.0009562639157028041,-0.0008169814416819199,5,2024Q4
2024-12-11,XLY,0.0015500718227711152,-0.0010163402663735104,5,2024Q4
2024-12-12,XLB,-0.03061213979852806,-0.0008932627842488933,5,2024Q4
2024-12-12,XLC,-0.01613428371221448,0.00025807454777072847,5,2024Q4
2024-12-12,XLE,-0.04064957335118413,0.0007433933538618292,5,2024Q4
2024-12-12,XLF,-0.005735935235756329,-0.0008894032589396512,5,2024Q4
2024-12-12,XLI,-0.009895324354736612,0.00039017921916537876,5,2024Q4
2024-12-12,XLK,0.006891260799902654,0.0010843404910792953,5,2024Q4
2024-12-12,XLP,-0.001323723722877923,-0.0014441457167097599,5,2024Q4
2024-12-12,XLRE,-0.03842306232300541,-0.001978747996078905,5,2024Q4
2024-12-12,XLU,-0.0002506527798686875,-0.00033704603736231856,5,2024Q4
2024-12-12,XLV,-0.0033780823242747227,-0.0008169814416819199,5,2024Q4
2024-12-12,XLY,0.003605269630000185,-0.0010163402663735104,5,2024Q4
2024-12-13,XLB,-0.019290523640834056,-0.0008932627842488933,5,2024Q4
2024-12-13,XLC,-0.007907487200297658,0.00025807454777072847,5,2024Q4
2024-12-13,XLE,-0.035322904892240325,0.0007433933538618292,5,2024Q4
2024-12-13,XLF,0.0008237216328756958,-0.0008894032589396512,5,2024Q4
2024-12-13,XLI,-0.004652916806112795,0.00039017921916537876,5,2024Q4
2024-12-13,XLK,0.008688835332752665,0.0010843404910792953,5,2024Q4
2024-12-13,XLP,-0.003982268217777696,-0.0014441457167097599,5,2024Q4
2024-12-13,XLRE,-0.026015164364859622,-0.001978747996078905,5,2024Q4
2024-12-13,XLU,0.006030251277996168,-0.00033704603736231856,5,2024Q4
2024-12-13,XLV,0.00040782359276625435,-0.0008169814416819199,5,2024Q4
2024-12-13,XLY,-0.006326737095900814,-0.0010163402663735104,5,2024Q4
2024-12-16,XLB,-0.018163928890684744,-0.0008932627842488933,5,2024Q4
2024-12-16,XLC,-0.010553423153399466,0.00025807454777072847,5,2024Q4
2024-12-16,XLE,-0.018220814259436113,0.0007433933538618292,5,2024Q4
2024-12-16,XLF,-0.0008881193182692648,-0.0008894032589396512,5,2024Q4
2024-12-16,XLI,-0.01226546936911943,0.00039017921916537876,5,2024Q4
2024-12-16,XLK,0.0059830818535338,0.0010843404910792953,5,2024Q4
2024-12-16,XLP,-0.013020645851712809,-0.0014441457167097599,5,2024Q4
2024-12-16,XLRE,-0.0286391445004599,-0.001978747996078905,5,2024Q4
2024-12-16,XLU,0.007476706016975254,-0.00033704603736231856,5,2024Q4
2024-12-16,XLV,0.015921189075062347,-0.0008169814416819199,5,2024Q4
2024-12-16,XLY,-0.019903141780029387,-0.0010163402663735104,5,2024Q4
2024-12-17,XLB,-0.022567678431035465,-0.0008932627842488933,5,2024Q4
2024-12-17,XLC,-0.008972696830140015,0.00025807454777072847,5,2024Q4
2024-12-17,XLE,-0.01779768592905029,0.0007433933538618292,5,2024Q4
2024-12-17,XLF,0.002707629586272131,-0.0008894032589396512,5,2024Q4
2024-12-17,XLI,-0.010680483905400329,0.00039017921916537876,5,2024Q4
2024-12-17,XLK,0.007239813106657111,0.0010843404910792953,5,2024Q4
2024-12-17,XLP,-0.0199691919643743,-0.0014441457167097599,5,2024Q4
2024-12-17,XLRE,-0.033005839927685354,-0.001978747996078905,5,2024Q4
2024-12-17,XLU,0.002079637329297168,-0.00033704603736231856,5,2024Q4
2024-12-17,XLV,0.00573812857159961,-0.0008169814416819199,5,2024Q4
2024-12-17,XLY,-0.01576791139858391,-0.0010163402663735104,5,2024Q4
2024-12-18,XLB,-0.026272522374613083,-0.0008932627842488933,5,2024Q4
2024-12-18,XLC,-0.011971929391352054,0.00025807454777072847,5,2024Q4
2024-12-18,XLE,-0.019500591292046066,0.0007433933538618292,5,2024Q4
2024-12-18,XLF,0.005385468376454927,-0.0008894032589396512,5,2024Q4
2024-12-18,XLI,-0.011945312985692125,0.00039017921916537876,5,2024Q4
2024-12-18,XLK,0.010697389504040977,0.0010843404910792953,5,2024Q4
2024-12-18,XLP,-0.03241803425032286,-0.0014441457167097599,5,2024Q4
2024-12-18,XLRE,-0.022988660627848434,-0.001978747996078905,5,2024Q4
2024-12-18,XLU,-0.0068597710336764095,-0.00033704603736231856,5,2024Q4
2024-12-18,XLV,-0.009083831124217179,-0.0008169814416819199,5,2024Q4
2024-12-18,XLY,-0.003993892914884611,-0.0010163402663735104,5,2024Q4
2024-12-19,XLB,-0.010351834939132498,-0.0008932627842488933,5,2024Q4
2024-12-19,XLC,-0.0077096251675219385,0.00025807454777072847,5,2024Q4
2024-12-19,XLE,-0.0003198027466682074,0.0007433933538618292,5,2024Q4
2024-12-19,XLF,0.004672293059790444,-0.0008894032589396512,5,2024Q4
2024-12-19,XLI,-0.007717493521669727,0.00039017921916537876,5,2024Q4
2024-12-19,XLK,0.006304117418637123,0.0010843404910792953,5,2024Q4
2024-12-19,XLP,-0.019721390555827,-0.0014441457167097599,5,2024Q4
2024-12-19,XLRE,-0.0032201569680967435,-0.001978747996078905,5,2024Q4
2024-12-19,XLU,-0.003903499892033313,-0.00033704603736231856,5,2024Q4
2024-12-19,XLV,0.00438983250909053,-0.0008169814416819199,5,2024Q4
2024-12-19,XLY,-0.009026911295940021,-0.0010163402663735104,5,2024Q4
2024-12-20,XLB,-0.0158428113260608,-0.0008932627842488933,5,2024Q4
2024-12-20,XLC,-0.003516405223956909,0.00025807454777072847,5,2024Q4
2024-12-20,XLE,0.009829271831618414,0.0007433933538618292,5,2024Q4
2024-12-20,XLF,0.00021515038008312892,-0.0008894032589396512,5,2024Q4
2024-12-20,XLI,-0.009241735819549235,0.00039017921916537876,5,2024Q4
2024-12-20,XLK,-0.0013581887625777611,0.0010843404910792953,5,2024Q4
2024-12-20,XLP,-0.01468328896168869,-0.0014441457167097599,5,2024Q4
2024-12-20,XLRE,-0.005830516751984649,-0.001978747996078905,5,2024Q4
2024-12-20,XLU,-0.0038097504504849278,-0.00033704603736231856,5,2024Q4
2024-12-20,XLV,-0.0005508055411522772,-0.0008169814416819199,5,2024Q4
2024-12-20,XLY,-0.007537552436805872,-0.0010163402663735104,5,2024Q4
2024-12-23,XLB,0.0035459579592785895,-0.0008932627842488933,5,2024Q4
2024-12-23,XLC,-7.80574616298102e-05,0.00025807454777072847,5,2024Q4
2024-12-23,XLE,0.0350905465712793,0.0007433933538618292,5,2024Q4
2024-12-23,XLF,0.012619395403971945,-0.0008894032589396512,5,2024Q4
2024-12-23,XLI,0.004261785309605304,0.00039017921916537876,5,2024Q4
2024-12-23,XLK,-0.008834339658487345,0.0010843404910792953,5,2024Q4
2024-12-23,XLP,0.010550103080278705,-0.0014441457167097599,5,2024Q4
2024-12-23,XLRE,0.01768484088624389,-0.001978747996078905,5,2024Q4
2024-12-23,XLU,0.009613550869183807,-0.00033704603736231856,5,2024Q4
2024-12-23,XLV,0.005973626958946987,-0.0008169814416819199,5,2024Q4
2024-12-23,XLY,-0.006554289883146991,-0.0010163402663735104,5,2024Q4
2024-12-24,XLB,0.0005816502375721733,-0.0008932627842488933,5,2024Q4
2024-12-24,XLC,0.00864845270459591,0.00025807454777072847,5,2024Q4
2024-12-24,XLE,0.05157242012187202,0.0007433933538618292,5,2024Q4
2024-12-24,XLF,0.011785018966356642,-0.0008894032589396512,5,2024Q4
2024-12-24,XLI,0.006388806165452898,0.00039017921916537876,5,2024Q4
2024-12-24,XLK,-0.007881440708617626,0.0010843404910792953,5,2024Q4
2024-12-24,XLP,0.014237350627852474,-0.0014441457167097599,5,2024Q4
2024-12-24,XLRE,0.014964660616691106,-0.001978747996078905,5,2024Q4
2024-12-24,XLU,0.024960819723235494,-0.00033704603736231856,5,2024Q4
2024-12-24,XLV,0.015432733814031763,-0.0008169814416819199,5,2024Q4
2024-12-24,XLY,-0.02803610332033113,-0.0010163402663735104,5,2024Q4
2024-12-26,XLB,-0.010263093922402433,-0.0008932627842488933,5,2024Q4
2024-12-26,XLC,0.0039026867996959647,0.00025807454777072847,5,2024Q4
2024-12-26,XLE,0.04990624600054183,0.0007433933538618292,5,2024Q4
2024-12-26,XLF,0.005026651365740764,-0.0008894032589396512,5,2024Q4
2024-12-26,XLI,0.004144844674838666,0.00039017921916537876,5,2024Q4
2024-12-26,XLK,-0.004909199678268306,0.0010843404910792953,5,2024Q4
2024-12-26,XLP,-0.0014510050405143193,-0.0014441457167097599,5,2024Q4
2024-12-26,XLRE,0.014881091473801789,-0.001978747996078905,5,2024Q4
2024-12-26,XLU,0.025837930936330467,-0.00033704603736231856,5,2024Q4
2024-12-26,XLV,0.011030598997482599,-0.0008169814416819199,5,2024Q4
2024-12-26,XLY,-0.017432818987366594,-0.0010163402663735104,5,2024Q4
2024-12-27,XLB,-0.014598114741623536,-0.0008932627842488933,5,2024Q4
2024-12-27,XLC,0.007357984860972389,0.00025807454777072847,5,2024Q4
2024-12-27,XLE,0.029094839871115274,0.0007433933538618292,5,2024Q4
2024-12-27,XLF,-0.006947199766950685,-0.0008894032589396512,5,2024Q4
2024-12-27,XLI,-0.0068166510420749615,0.00039017921916537876,5,2024Q4
2024-12-27,XLK,0.004717261138825535,0.0010843404910792953,5,2024Q4
2024-12-27,XLP,-0.023160734865731558,-0.0014441457167097599,5,2024Q4
2024-12-27,XLRE,-0.007001644253560868,-0.001978747996078905,5,2024Q4
2024-12-27,XLU,0.0012519428359774043,-0.00033704603736231856,5,2024Q4
2024-12-27,XLV,-8.444707044463762e-05,-0.0008169814416819199,5,2024Q4
2024-12-27,XLY,-0.01351588275976534,-0.0010163402663735104,5,2024Q4
2024-12-30,XLB,-0.0018903355449053638,-0.0008932627842488933,5,2024Q4
2024-12-30,XLC,0.006612772879279305,0.00025807454777072847,5,2024Q4
2024-12-30,XLE,0.03939760044642315,0.0007433933538618292,5,2024Q4
2024-12-30,XLF,0.0003386073953417501,-0.0008894032589396512,5,2024Q4
2024-12-30,XLI,0.0021835155342908585,0.00039017921916537876,5,2024Q4
2024-12-30,XLK,-0.0028721364744990208,0.0010843404910792953,5,2024Q4
2024-12-30,XLP,-0.015115800819931913,-0.0014441457167097599,5,2024Q4
2024-12-30,XLRE,-0.009866782682570241,-0.001978747996078905,5,2024Q4
2024-12-30,XLU,0.002866867833178244,-0.00033704603736231856,5,2024Q4
2024-12-30,XLV,0.017300650195803513,-0.0008169814416819199,5,2024Q4
2024-12-30,XLY,-0.016932364284824586,-0.0010163402663735104,5,2024Q4
2024-12-31,XLB,-0.005580619245344698,-0.0008932627842488933,5,2024Q4
2024-12-31,XLC,-0.0011700381819685912,0.00025807454777072847,5,2024Q4
2024-12-31,XLE,0.02184920444609917,0.0007433933538618292,5,2024Q4
2024-12-31,XLF,-0.0025077451753428015,-0.0008894032589396512,5,2024Q4
2024-12-31,XLI,0.0022266118577594085,0.00039017921916537876,5,2024Q4
2024-12-31,XLK,3.0640910995360926e-05,0.0010843404910792953,5,2024Q4
2024-12-31,XLP,-0.021465182584951004,-0.0014441457167097599,5,2024Q4
2024-12-31,XLRE,-0.018604155544775125,-0.001978747996078905,5,2024Q4
2024-12-31,XLU,-0.001590547146432808,-0.00033704603736231856,5,2024Q4
2024-12-31,XLV,0.014971097978839554,-0.0008169814416819199,5,2024Q4
2024-12-31,XLY,-0.011791128659303318,-0.0010163402663735104,5,2024Q4
2025-01-02,XLB,0.0031211936687642883,-0.0019649496422183446,6,2025Q1
2025-01-02,XLC,-0.008501295444070078,0.0005541708909251791,6,2025Q1
2025-01-02,XLE,0.00751320503876074,0.00011256751524486073,6,2025Q1
2025-01-02,XLF,-0.00248777967151792,-0.0005660557109505627,6,2025Q1
2025-01-02,XLI,0.0032808389308045527,-3.050632144522428e-05,6,2025Q1
2025-01-02,XLK,-6.187999958195967e-05,0.001119020763169236,6,2025Q1
2025-01-02,XLP,-0.02092808817994518,-0.001907979192200486,6,2025Q1
2025-01-02,XLRE,-0.011770510983383775,-0.002628189004069109,6,2025Q1
2025-01-02,XLU,-0.011704645255681045,-0.0009593132504720228,6,2025Q1
2025-01-02,XLV,0.012196993412882495,-0.0016055077350744392,6,2025Q1
2025-01-02,XLY,-0.0010237972864131084,-0.00027241739975234343,6,2025Q1
2025-01-03,XLB,0.0206820175333724,-0.0019649496422183446,6,2025Q1
2025-01-03,XLC,-0.0017886016905812596,0.0005541708909251791,6,2025Q1
2025-01-03,XLE,0.029877635070189923,0.00011256751524486073,6,2025Q1
2025-01-03,XLF,-0.006777322018205356,-0.0005660557109505627,6,2025Q1
2025-01-03,XLI,0.008886566609139002,-3.050632144522428e-05,6,2025Q1
2025-01-03,XLK,-0.010205474169748374,0.001119020763169236,6,2025Q1
2025-01-03,XLP,-0.006045593175737496,-0.001907979192200486,6,2025Q1
2025-01-03,XLRE,-0.021286681851901523,-0.002628189004069109,6,2025Q1
2025-01-03,XLU,-0.00010055776443262943,-0.0009593132504720228,6,2025Q1
2025-01-03,XLV,0.024253237752356105,-0.0016055077350744392,6,2025Q1
2025-01-03,XLY,-0.0030415317917253937,-0.00027241739975234343,6,2025Q1
2025-01-06,XLB,0.04030061530562723,-0.0019649496422183446,6,2025Q1
2025-01-06,XLC,-0.00776625471057435,0.0005541708909251791,6,2025Q1
2025-01-06,XLE,0.05998713275856027,0.00011256751524486073,6,2025Q1
2025-01-06,XLF,0.007362399694993305,-0.0005660557109505627,6,2025Q1
2025-01-06,XLI,0.026787304415390678,-3.050632144522428e-05,6,2025Q1
2025-01-06,XLK,-0.025079708207696227,0.001119020763169236,6,2025Q1
2025-01-06,XLP,0.010047170877657385,-0.001907979192200486,6,2025Q1
2025-01-06,XLRE,0.008569064519340142,-0.002628189004069109,6,2025Q1
2025-01-06,XLU,0.0035225220406480684,-0.0009593132504720228,6,2025Q1
2025-01-06,XLV,0.04101622585881726,-0.0016055077350744392,6,2025Q1
2025-01-06,XLY,0.002738948839703048,-0.00027241739975234343,6,2025Q1
2025-01-07,XLB,0.041048185699653406,-0.0019649496422183446,6,2025Q1
2025-01-07,XLC,-0.012669316652222373,0.0005541708909251791,6,2025Q1
2025-01-07,XLE,0.04823881665282048,0.00011256751524486073,6,2025Q1
2025-01-07,XLF,0.009285372246445434,-0.0005660557109505627,6,2025Q1
2025-01-07,XLI,0.027116017850434826,-3.050632144522428e-05,6,2025Q1
2025-01-07,XLK,-0.01555959763616177,0.001119020763169236,6,2025Q1
2025-01-07,XLP,0.0012306639965969923,-0.001907979192200486,6,2025Q1
2025-01-07,XLRE,0.01194115906805826,-0.002628189004069109,6,2025Q1
2025-01-07,XLU,0.006337212809778392,-0.0009593132504720228,6,2025Q1
2025-01-07,XLV,0.013016387112257055,-0.0016055077350744392,6,2025Q1
2025-01-07,XLY,0.007613021440471046,-0.00027241739975234343,6,2025Q1
2025-01-08,XLB,0.028639436796142892,-0.0019649496422183446,6,2025Q1
2025-01-08,XLC,-0.007226170579798463,0.0005541708909251791,6,2025Q1
2025-01-08,XLE,0.045992231751543766,0.00011256751524486073,6,2025Q1
2025-01-08,XLF,0.014835485215047628,-0.0005660557109505627,6,2025Q1
2025-01-08,XLI,0.013015501374808558,-3.050632144522428e-05,6,2025Q1
2025-01-08,XLK,-0.01237945365562454,0.001119020763169236,6,2025Q1
2025-01-08,XLP,-0.02044281689828109,-0.001907979192200486,6,2025Q1
2025-01-08,XLRE,-0.004584831513286369,-0.002628189004069109,6,2025Q1
2025-01-08,XLU,0.004680712133638298,-0.0009593132504720228,6,2025Q1
2025-01-08,XLV,-0.004584157547033119,-0.0016055077350744392,6,2025Q1
2025-01-08,XLY,0.013566027924130086,-0.00027241739975234343,6,2025Q1
2025-01-09,XLB,0.03912844492052092,-0.0019649496422183446,6,2025Q1
2025-01-09,XLC,-0.010947241042157052,0.0005541708909251791,6,2025Q1
2025-01-09,XLE,0.05553714848640667,0.00011256751524486073,6,2025Q1
2025-01-09,XLF,0.02357488717234335,-0.0005660557109505627,6,2025Q1
2025-01-09,XLI,0.02729691444072113,-3.050632144522428e-05,6,2025Q1
2025-01-09,XLK,-0.018099076131190106,0.001119020763169236,6,2025Q1
2025-01-09,XLP,-0.011142697346126385,-0.001907979192200486,6,2025Q1
2025-01-09,XLRE,0.019764983755403476,-0.002628189004069109,6,2025Q1
2025-01-09,XLU,0.03213754468375973,-0.0009593132504720228,6,2025Q1
2025-01-09,XLV,0.0013374694023606803,-0.0016055077350744392,6,2025Q1
2025-01-09,XLY,0.009984455230890754,-0.00027241739975234343,6,2025Q1
2025-01-10,XLB,0.030943508689113663,-0.0019649496422183446,6,2025Q1
2025-01-10,XLC,-0.01294967325749874,0.0005541708909251791,6,2025Q1
2025-01-10,XLE,0.033575533328361606,0.00011256751524486073,6,2025Q1
2025-01-10,XLF,0.032055551139229754,-0.0005660557109505627,6,2025Q1
2025-01-10,XLI,0.019443844481696004,-3.050632144522428e-05,6,2025Q1
2025-01-10,XLK,-0.006143153932924417,0.001119020763169236,6,2025Q1
2025-01-10,XLP,-0.017651281597973245,-0.001907979192200486,6,2025Q1
2025-01-10,XLRE,0.019053484685637834,-0.002628189004069109,6,2025Q1
2025-01-10,XLU,0.013692459023415093,-0.0009593132504720228,6,2025Q1
2025-01-10,XLV,-0.0255735581777361,-0.0016055077350744392,6,2025Q1
2025-01-10,XLY,0.008599387633391187,-0.00027241739975234343,6,2025Q1
2025-01-13,XLB,0.013237646539753456,-0.0019649496422183446,6,2025Q1
2025-01-13,XLC,-0.012007759756731406,0.0005541708909251791,6,2025Q1
2025-01-13,XLE,-0.0014660690667827048,0.00011256751524486073,6,2025Q1
2025-01-13,XLF,0.025480504248587055,-0.0005660557109505627,6,2025Q1
2025-01-13,XLI,0.020771099831982553,-3.050632144522428e-05,6,2025Q1
2025-01-13,XLK,0.0019238902477740627,0.001119020763169236,6,2025Q1
2025-01-13,XLP,-0.02247850600455692,-0.001907979192200486,6,2025Q1
2025-01-13,XLRE,0.0169279249909422,-0.002628189004069109,6,2025Q1
2025-01-13,XLU,0.03436426983267471,-0.0009593132504720228,6,2025Q1
2025-01-13,XLV,-0.029903641153368632,-0.0016055077350744392,6,2025Q1
2025-01-13,XLY,0.0025066943814424647,-0.00027241739975234343,6,2025Q1
2025-01-14,XLB,-0.012425511174583459,-0.0019649496422183446,6,2025Q1
2025-01-14,XLC,-0.0027124216686582603,0.0005541708909251791,6,2025Q1
2025-01-14,XLE,-0.035514063981603394,0.00011256751524486073,6,2025Q1
2025-01-14,XLF,0.0031137707923813984,-0.0005660557109505627,6,2025Q1
2025-01-14,XLI,0.0015632360853718996,-3.050632144522428e-05,6,2025Q1
2025-01-14,XLK,0.018190626531810805,0.001119020763169236,6,2025Q1
2025-01-14,XLP,-0.032109337379163216,-0.001907979192200486,6,2025Q1
2025-01-14,XLRE,-0.014666561839230319,-0.002628189004069109,6,2025Q1
2025-01-14,XLU,-0.006769347655624536,-0.0009593132504720228,6,2025Q1
2025-01-14,XLV,-0.026081640014428364,-0.0016055077350744392,6,2025Q1
2025-01-14,XLY,-0.0037988906396377864,-0.00027241739975234343,6,2025Q1
2025-01-15,XLB,-0.003466975863230637,-0.0019649496422183446,6,2025Q1
2025-01-15,XLC,-0.003808048022011734,0.0005541708909251791,6,2025Q1
2025-01-15,XLE,-0.03262479671342977,0.00011256751524486073,6,2025Q1
2025-01-15,XLF,-0.003971394612338974,-0.0005660557109505627,6,2025Q1
2025-01-15,XLI,0.018530135529833514,-3.050632144522428e-05,6,2025Q1
2025-01-15,XLK,0.012398481876271017,0.001119020763169236,6,2025Q1
2025-01-15,XLP,-0.011967713882267583,-0.001907979192200486,6,2025Q1
2025-01-15,XLRE,0.0022256246794125634,-0.002628189004069109,6,2025Q1
2025-01-15,XLU,-0.003885016398724739,-0.0009593132504720228,6,2025Q1
2025-01-15,XLV,-0.003658055498559687,-0.0016055077350744392,6,2025Q1
2025-01-15,XLY,-0.010412404344813497,-0.00027241739975234343,6,2025Q1
2025-01-16,XLB,-0.01347180006171711,-0.0019649496422183446,6,2025Q1
2025-01-16,XLC,0.01237804134465148,0.0005541708909251791,6,2025Q1
2025-01-16,XLE,-0.04830051469900032,0.00011256751524486073,6,2025Q1
2025-01-16,XLF,-0.006721902502038635,-0.0005660557109505627,6,2025Q1
2025-01-16,XLI,0.0026331823494996076,-3.050632144522428e-05,6,2025Q1
2025-01-16,XLK,0.010576630186821312,0.001119020763169236,6,2025Q1
2025-01-16,XLP,-0.013278327333063,-0.001907979192200486,6,2025Q1
2025-01-16,XLRE,-0.01640630605862503,-0.002628189004069109,6,2025Q1
2025-01-16,XLU,-0.01794799873109021,-0.0009593132504720228,6,2025Q1
2025-01-16,XLV,-0.005068827079159899,-0.0016055077350744392,6,2025Q1
2025-01-16,XLY,-0.010082995824547414,-0.00027241739975234343,6,2025Q1
2025-01-17,XLB,0.005155836150749327,-0.0019649496422183446,6,2025Q1
2025-01-17,XLC,0.03335328625882128,0.0005541708909251791,6,2025Q1
2025-01-17,XLE,-0.04130959108506482,0.00011256751524486073,6,2025Q1
2025-01-17,XLF,0.0204965222495348,-0.0005660557109505627,6,2025Q1
2025-01-17,XLI,0.007385710387006306,-3.050632144522428e-05,6,2025Q1
2025-01-17,XLK,-0.030931000675572418,0.001119020763169236,6,2025Q1
2025-01-17,XLP,0.03286683270028057,-0.001907979192200486,6,2025Q1
2025-01-17,XLRE,0.018426201518471075,-0.002628189004069109,6,2025Q1
2025-01-17,XLU,-0.018089275824126005,-0.0009593132504720228,6,2025Q1
2025-01-17,XLV,0.049579845539657885,-0.0016055077350744392,6,2025Q1
2025-01-17,XLY,0.00616608939188823,-0.00027241739975234343,6,2025Q1
2025-01-21,XLB,-0.010262334956407715,-0.0019649496422183446,6,2025Q1
2025-01-21,XLC,0.0296169347825328,0.0005541708909251791,6,2025Q1
2025-01-21,XLE,-0.04501356089713282,0.00011256751524486073,6,2025Q1
2025-01-21,XLF,0.010790426716183354,-0.0005660557109505627,6,2025Q1
2025-01-21,XLI,-0.018940667578402515,-3.050632144522428e-05,6,2025Q1
2025-01-21,XLK,-0.012689239763108762,0.001119020763169236,6,2025Q1
2025-01-21,XLP,0.012510844786425057,-0.001907979192200486,6,2025Q1
2025-01-21,XLRE,-0.01152199801618059,-0.002628189004069109,6,2025Q1
2025-01-21,XLU,-0.045785516379598934,-0.0009593132504720228,6,2025Q1
2025-01-21,XLV,0.02577291749396693,-0.0016055077350744392,6,2025Q1
2025-01-21,XLY,0.0005940065961071994,-0.00027241739975234343,6,2025Q1
2025-01-22,XLB,0.006057078113590575,-0.0019649496422183446,6,2025Q1
2025-01-22,XLC,0.03403270555151394,0.0005541708909251791,6,2025Q1
2025-01-22,XLE,-0.015028168853549628,0.00011256751524486073,6,2025Q1
2025-01-22,XLF,0.024893201125090192,-0.0005660557109505627,6,2025Q1
2025-01-22,XLI,-0.009905386287007767,-3.050632144522428e-05,6,2025Q1
2025-01-22,XLK,-0.032342080362519066,0.001119020763169236,6,2025Q1
2025-01-22,XLP,0.030038243068386317,-0.001907979192200486,6,2025Q1
2025-01-22,XLRE,0.004471703633233681,-0.002628189004069109,6,2025Q1
2025-01-22,XLU,-0.012538925913276988,-0.0009593132504720228,6,2025Q1
2025-01-22,XLV,0.03211073698220801,-0.0016055077350744392,6,2025Q1
2025-01-22,XLY,0.011590726403245766,-0.00027241739975234343,6,2025Q1
2025-01-23,XLB,0.010077945809156552,-0.0019649496422183446,6,2025Q1
2025-01-23,XLC,0.03244561079918917,0.0005541708909251791,6,2025Q1
2025-01-23,XLE,-0.014401336204251436,0.00011256751524486073,6,2025Q1
2025-01-23,XLF,0.028829013733924325,-0.0005660557109505627,6,2025Q1
2025-01-23,XLI,-0.008792781172676234,-3.050632144522428e-05,6,2025Q1
2025-01-23,XLK,-0.0321812377498516,0.001119020763169236,6,2025Q1
2025-01-23,XLP,0.036498670793159715,-0.001907979192200486,6,2025Q1
2025-01-23,XLRE,0.009655445142431218,-0.002628189004069109,6,2025Q1
2025-01-23,XLU,0.0032766439749797316,-0.0009593132504720228,6,2025Q1
2025-01-23,XLV,0.030350795956599286,-0.0016055077350744392,6,2025Q1
2025-01-23,XLY,0.015416120145126944,-0.00027241739975234343,6,2025Q1
2025-01-24,XLB,0.00775608014366469,-0.0019649496422183446,6,2025Q1
2025-01-24,XLC,0.029735190510262743,0.0005541708909251791,6,2025Q1
2025-01-24,XLE,-0.030077119267158392,0.00011256751524486073,6,2025Q1
2025-01-24,XLF,0.022308354402610808,-0.0005660557109505627,6,2025Q1
2025-01-24,XLI,-0.009165577205503816,-3.050632144522428e-05,6,2025Q1
2025-01-24,XLK,-0.025362848191319953,0.001119020763169236,6,2025Q1
2025-01-24,XLP,0.023979558818427726,-0.001907979192200486,6,2025Q1
2025-01-24,XLRE,0.006986870175979987,-0.002628189004069109,6,2025Q1
2025-01-24,XLU,-0.010138489309633791,-0.0009593132504720228,6,2025Q1
2025-01-24,XLV,0.027855219091575734,-0.0016055077350744392,6,2025Q1
2025-01-24,XLY,0.019506526753460207,-0.00027241739975234343,6,2025Q1
2025-01-27,XLB,0.0007604297445127361,-0.0019649496422183446,6,2025Q1
2025-01-27,XLC,0.019215590683768657,0.0005541708909251791,6,2025Q1
2025-01-27,XLE,-0.021345581297724237,0.00011256751524486073,6,2025Q1
2025-01-27,XLF,-0.00024825067812472845,-0.0005660557109505627,6,2025Q1
2025-01-27,XLI,-0.013137399193232091,-3.050632144522428e-05,6,2025Q1
2025-01-27,XLK,0.0032407224110927446,0.001119020763169236,6,2025Q1
2025-01-27,XLP,-0.006329405530850374,-0.001907979192200486,6,2025Q1
2025-01-27,XLRE,-0.01186818529968059,-0.002628189004069109,6,2025Q1
2025-01-27,XLU,0.0110403646516114,-0.0009593132504720228,6,2025Q1
2025-01-27,XLV,0.0019239596131456205,-0.0016055077350744392,6,2025Q1
2025-01-27,XLY,-0.006927625323668529,-0.00027241739975234343,6,2025Q1
2025-01-28,XLB,0.008813729421324634,-0.0019649496422183446,6,2025Q1
2025-01-28,XLC,0.025238496822915124,0.0005541708909251791,6,2025Q1
2025-01-28,XLE,0.010566041223158074,0.00011256751524486073,6,2025Q1
2025-01-28,XLF,0.0010251171494306544,-0.0005660557109505627,6,2025Q1
2025-01-28,XLI,-0.004436088195385435,-3.050632144522428e-05,6,2025Q1
2025-01-28,XLK,-0.006852515138680237,0.001119020763169236,6,2025Q1
2025-01-28,XLP,0.0027549696132036505,-0.001907979192200486,6,2025Q1
2025-01-28,XLRE,0.0021199764348621697,-0.002628189004069109,6,2025Q1
2025-01-28,XLU,0.017982508611845693,-0.0009593132504720228,6,2025Q1
2025-01-28,XLV,0.00808152521908867,-0.0016055077350744392,6,2025Q1
2025-01-28,XLY,0.0053960795284619945,-0.00027241739975234343,6,2025Q1
2025-01-29,XLB,0.0013001542412516276,-0.0019649496422183446,6,2025Q1
2025-01-29,XLC,0.002376095095361075,0.0005541708909251791,6,2025Q1
2025-01-29,XLE,0.0019039980043848992,0.00011256751524486073,6,2025Q1
2025-01-29,XLF,0.003795725847411724,-0.0005660557109505627,6,2025Q1
2025-01-29,XLI,-0.008867058042563492,-3.050632144522428e-05,6,2025Q1
2025-01-29,XLK,0.006567606809816828,0.001119020763169236,6,2025Q1
2025-01-29,XLP,-0.0019779870517060427,-0.001907979192200486,6,2025Q1
2025-01-29,XLRE,0.02113576043000087,-0.002628189004069109,6,2025Q1
2025-01-29,XLU,0.017496586626174482,-0.0009593132504720228,6,2025Q1
2025-01-29,XLV,0.015149608534917425,-0.0016055077350744392,6,2025Q1
2025-01-29,XLY,-0.0116689145620551,-0.00027241739975234343,6,2025Q1
2025-01-30,XLB,-0.0027864033945508293,-0.0019649496422183446,6,2025Q1
2025-01-30,XLC,0.0075931752566467114,0.0005541708909251791,6,2025Q1
2025-01-30,XLE,-0.019750877602994432,0.00011256751524486073,6,2025Q1
2025-01-30,XLF,0.004451947533577361,-0.0005660557109505627,6,2025Q1
2025-01-30,XLI,-0.013527318869542504,-3.050632144522428e-05,6,2025Q1
2025-01-30,XLK,0.009341559329081095,0.001119020763169236,6,2025Q1
2025-01-30,XLP,-0.005376568502326262,-0.001907979192200486,6,2025Q1
2025-01-30,XLRE,0.01257969154819416,-0.002628189004069109,6,2025Q1
2025-01-30,XLU,-0.002626157450423161,-0.0009593132504720228,6,2025Q1
2025-01-30,XLV,-0.003608707713987247,-0.0016055077350744392,6,2025Q1
2025-01-30,XLY,-0.015494636363863057,-0.00027241739975234343,6,2025Q1
2025-01-31,XLB,-0.003886557062153684,-0.0019649496422183446,6,2025Q1
2025-01-31,XLC,0.005261019499560815,0.0005541708909251791,6,2025Q1
2025-01-31,XLE,0.012242197450633041,0.00011256751524486073,6,2025Q1
2025-01-31,XLF,0.008544785435090407,-0.0005660557109505627,6,2025Q1
2025-01-31,XLI,-0.005627897990238884,-3.050632144522428e-05,6,2025Q1
2025-01-31,XLK,0.010453169225050463,0.001119020763169236,6,2025Q1
2025-01-31,XLP,0.006429438031387624,-0.001907979192200486,6,2025Q1
2025-01-31,XLRE,0.015023317087371701,-0.002628189004069109,6,2025Q1
2025-01-31,XLU,0.005083177160080776,-0.0009593132504720228,6,2025Q1
2025-01-31,XLV,-0.001251138947204189,-0.0016055077350744392,6,2025Q1
2025-01-31,XLY,-0.0266396657994874,-0.00027241739975234343,6,2025Q1
2025-02-03,XLB,-0.013419177791108461,-0.0019649496422183446,6,2025Q1
2025-02-03,XLC,-0.005996067058982479,0.0005541708909251791,6,2025Q1
2025-02-03,XLE,0.014462817234564884,0.00011256751524486073,6,2025Q1
2025-02-03,XLF,-0.008917761984291728,-0.0005660557109505627,6,2025Q1
2025-02-03,XLI,-0.00030948968694977097,-3.050632144522428e-05,6,2025Q1
2025-02-03,XLK,0.025573634533602396,0.001119020763169236,6,2025Q1
2025-02-03,XLP,-0.0049074582877166595,-0.001907979192200486,6,2025Q1
2025-02-03,XLRE,0.00460096158679546,-0.002628189004069109,6,2025Q1
2025-02-03,XLU,-0.003031759738958417,-0.0009593132504720228,6,2025Q1
2025-02-03,XLV,-0.019575979038243374,-0.0016055077350744392,6,2025Q1
2025-02-03,XLY,-0.023847512200280474,-0.00027241739975234343,6,2025Q1
2025-02-04,XLB,-0.004519734077662152,-0.0019649496422183446,6,2025Q1
2025-02-04,XLC,-0.007314926434370261,0.0005541708909251791,6,2025Q1
2025-02-04,XLE,0.00746147896882654,0.00011256751524486073,6,2025Q1
2025-02-04,XLF,0.0019557349437056004,-0.0005660557109505627,6,2025Q1
2025-02-04,XLI,0.005738214309080947,-3.050632144522428e-05,6,2025Q1
2025-02-04,XLK,0.017296247472441406,0.001119020763169236,6,2025Q1
2025-02-04,XLP,0.01944569446941924,-0.001907979192200486,6,2025Q1
2025-02-04,XLRE,0.01614132406790114,-0.002628189004069109,6,2025Q1
2025-02-04,XLU,0.01706925769317902,-0.0009593132504720228,6,2025Q1
2025-02-04,XLV,-0.012734810287695186,-0.0016055077350744392,6,2025Q1
2025-02-04,XLY,-0.04046472313327809,-0.00027241739975234343,6,2025Q1
2025-02-05,XLB,-0.0036288834991801133,-0.0019649496422183446,6,2025Q1
2025-02-05,XLC,0.010787349162238447,0.0005541708909251791,6,2025Q1
2025-02-05,XLE,-0.011765195600357048,0.00011256751524486073,6,2025Q1
2025-02-05,XLF,-0.004768627833566352,-0.0005660557109505627,6,2025Q1
2025-02-05,XLI,0.006017838383455376,-3.050632144522428e-05,6,2025Q1
2025-02-05,XLK,0.00838348318422677,0.001119020763169236,6,2025Q1
2025-02-05,XLP,0.019625825474970937,-0.001907979192200486,6,2025Q1
2025-02-05,XLRE,-0.0009576297501224795,-0.002628189004069109,6,2025Q1
2025-02-05,XLU,0.012394109721019952,-0.0009593132504720228,6,2025Q1
2025-02-05,XLV,-0.016293080198405474,-0.0016055077350744392,6,2025Q1
2025-02-05,XLY,-0.02227087818079454,-0.00027241739975234343,6,2025Q1
2025-02-06,XLB,0.0031026916273078076,-0.0019649496422183446,6,2025Q1
2025-02-06,XLC,0.010984298720147834,0.0005541708909251791,6,2025Q1
2025-02-06,XLE,0.007247082453293974,0.00011256751524486073,6,2025Q1
2025-02-06,XLF,-0.013492064486785305,-0.0005660557109505627,6,2025Q1
2025-02-06,XLI,-0.004535084611781093,-3.050632144522428e-05,6,2025Q1
2025-02-06,XLK,0.012814777784157405,0.001119020763169236,6,2025Q1
2025-02-06,XLP,0.018913468455659554,-0.001907979192200486,6,2025Q1
2025-02-06,XLRE,-0.0030125069433246665,-0.002628189004069109,6,2025Q1
2025-02-06,XLU,0.008807580164118978,-0.0009593132504720228,6,2025Q1
2025-02-06,XLV,-0.01058602872293668,-0.0016055077350744392,6,2025Q1
2025-02-06,XLY,-0.01857610957809097,-0.00027241739975234343,6,2025Q1
2025-02-07,XLB,0.002804787655818819,-0.0019649496422183446,6,2025Q1
2025-02-07,XLC,0.010150342424904979,0.0005541708909251791,6,2025Q1
2025-02-07,XLE,0.0021863296363764384,0.00011256751524486073,6,2025Q1
2025-02-07,XLF,-0.015250208906289364,-0.0005660557109505627,6,2025Q1
2025-02-07,XLI,-0.013262276905564141,-3.050632144522428e-05,6,2025Q1
2025-02-07,XLK,0.01584616253084259,0.001119020763169236,6,2025Q1
2025-02-07,XLP,0.001014759477070637,-0.001907979192200486,6,2025Q1
2025-02-07,XLRE,-0.012719868686983826,-0.002628189004069109,6,2025Q1
2025-02-07,XLU,-0.0025786163792640426,-0.0009593132504720228,6,2025Q1
2025-02-07,XLV,-0.025995856252271965,-0.0016055077350744392,6,2025Q1
2025-02-07,XLY,-0.008569373237908628,-0.00027241739975234343,6,2025Q1
2025-02-10,XLB,0.014377041162033644,-0.0019649496422183446,6,2025Q1
2025-02-10,XLC,0.004719746006601744,0.0005541708909251791,6,2025Q1
2025-02-10,XLE,-0.002249611098998905,0.00011256751524486073,6,2025Q1
2025-02-10,XLF,0.0038051877132647682,-0.0005660557109505627,6,2025Q1
2025-02-10,XLI,-0.010472732107152938,-3.050632144522428e-05,6,2025Q1
2025-02-10,XLK,0.01416812188009775,0.001119020763169236,6,2025Q1
2025-02-10,XLP,0.0022986246942096056,-0.001907979192200486,6,2025Q1
2025-02-10,XLRE,-0.006695273165750137,-0.002628189004069109,6,2025Q1
2025-02-10,XLU,-0.0002170726074706142,-0.0009593132504720228,6,2025Q1
2025-02-10,XLV,-0.023144708999836117,-0.0016055077350744392,6,2025Q1
2025-02-10,XLY,-0.010889569675532673,-0.00027241739975234343,6,2025Q1
2025-02-11,XLB,-0.005194461460617417,-0.0019649496422183446,6,2025Q1
2025-02-11,XLC,0.002599568070424274,0.0005541708909251791,6,2025Q1
2025-02-11,XLE,-0.004039708900648309,0.00011256751524486073,6,2025Q1
2025-02-11,XLF,2.297286399932652e-05,-0.0005660557109505627,6,2025Q1
2025-02-11,XLI,-0.01143427309963263,-3.050632144522428e-05,6,2025Q1
2025-02-11,XLK,0.012164931646763799,0.001119020763169236,6,2025Q1
2025-02-11,XLP,-0.0009275067371907753,-0.001907979192200486,6,2025Q1
2025-02-11,XLRE,-0.011878699819892535,-0.002628189004069109,6,2025Q1
2025-02-11,XLU,-0.0016300319574460431,-0.0009593132504720228,6,2025Q1
2025-02-11,XLV,-0.01005486502319286,-0.0016055077350744392,6,2025Q1
2025-02-11,XLY,-0.0015956514757700102,-0.00027241739975234343,6,2025Q1
2025-02-12,XLB,0.0006648617437676752,-0.0019649496422183446,6,2025Q1
2025-02-12,XLC,-0.0022610528316264755,0.0005541708909251791,6,2025Q1
2025-02-12,XLE,0.03126722161823703,0.00011256751524486073,6,2025Q1
2025-02-12,XLF,-0.011050732719202427,-0.0005660557109505627,6,2025Q1
2025-02-12,XLI,-0.010836296774361154,-3.050632144522428e-05,6,2025Q1
2025-02-12,XLK,0.012069675528177726,0.001119020763169236,6,2025Q1
2025-02-12,XLP,-0.003192883354147913,-0.001907979192200486,6,2025Q1
2025-02-12,XLRE,0.004594272076372308,-0.002628189004069109,6,2025Q1
2025-02-12,XLU,0.0009834516612332589,-0.0009593132504720228,6,2025Q1
2025-02-12,XLV,-0.0020339670741937876,-0.0016055077350744392,6,2025Q1
2025-02-12,XLY,-0.009176634445922982,-0.00027241739975234343,6,2025Q1
2025-02-13,XLB,-0.007124724325956344,-0.0019649496422183446,6,2025Q1
2025-02-13,XLC,0.00029245803167765594,0.0005541708909251791,6,2025Q1
2025-02-13,XLE,0.02965566297545086,0.00011256751524486073,6,2025Q1
2025-02-13,XLF,-0.002318954570404652,-0.0005660557109505627,6,2025Q1
2025-02-13,XLI,-0.0060627932173342725,-3.050632144522428e-05,6,2025Q1
2025-02-13,XLK,-0.0018814950287399101,0.001119020763169236,6,2025Q1
2025-02-13,XLP,0.025390603101993592,-0.001907979192200486,6,2025Q1
2025-02-13,XLRE,0.016056287209092468,-0.002628189004069109,6,2025Q1
2025-02-13,XLU,0.026631636573312467,-0.0009593132504720228,6,2025Q1
2025-02-13,XLV,0.01632952991692782,-0.0016055077350744392,6,2025Q1
2025-02-13,XLY,-0.022296861183686123,-0.00027241739975234343,6,2025Q1
2025-02-14,XLB,-0.0004382771606751268,-0.0019649496422183446,6,2025Q1
2025-02-14,XLC,0.0006393162095515992,0.0005541708909251791,6,2025Q1
2025-02-14,XLE,0.030255663414450518,0.00011256751524486073,6,2025Q1
2025-02-14,XLF,0.004462318641423102,-0.0005660557109505627,6,2025Q1
2025-02-14,XLI,-0.0036511929072031712,-3.050632144522428e-05,6,2025Q1
2025-02-14,XLK,-0.01476892213626102,0.001119020763169236,6,2025Q1
2025-02-14,XLP,0.04306332860454709,-0.001907979192200486,6,2025Q1
2025-02-14,XLRE,0.029044685805815873,-0.002628189004069109,6,2025Q1
2025-02-14,XLU,0.030219997938925602,-0.0009593132504720228,6,2025Q1
2025-02-14,XLV,0.0399606227861361,-0.0016055077350744392,6,2025Q1
2025-02-14,XLY,-0.02105636555567525,-0.00027241739975234343,6,2025Q1
2025-02-18,XLB,0.002492670891498072,-0.0019649496422183446,6,2025Q1
2025-02-18,XLC,-0.0016509309422517715,0.0005541708909251791,6,2025Q1
2025-02-18,XLE,0.010027964480204044,0.00011256751524486073,6,2025Q1
2025-02-18,XLF,0.0050163764898926155,-0.0005660557109505627,6,2025Q1
2025-02-18,XLI,0.0014478985099627417,-3.050632144522428e-05,6,2025Q1
2025-02-18,XLK,-0.02815790812093122,0.001119020763169236,6,2025Q1
2025-02-18,XLP,0.06158431912679352,-0.001907979192200486,6,2025Q1
2025-02-18,XLRE,0.04384588785036625,-0.002628189004069109,6,2025Q1
2025-02-18,XLU,0.02357551412494807,-0.0009593132504720228,6,2025Q1
2025-02-18,XLV,0.05844781200052185,-0.0016055077350744392,6,2025Q1
2025-02-18,XLY,-0.015700629495065677,-0.00027241739975234343,6,2025Q1
2025-02-19,XLB,0.015434920828041765,-0.0019649496422183446,6,2025Q1
2025-02-19,XLC,-0.0026819178399786203,0.0005541708909251791,6,2025Q1
2025-02-19,XLE,-0.001402789873871213,0.00011256751524486073,6,2025Q1
2025-02-19,XLF,0.004328009419616974,-0.0005660557109505627,6,2025Q1
2025-02-19,XLI,0.0028361709956941095,-3.050632144522428e-05,6,2025Q1
2025-02-19,XLK,-0.01616058407419707,0.001119020763169236,6,2025Q1
2025-02-19,XLP,0.03552151322927155,-0.001907979192200486,6,2025Q1
2025-02-19,XLRE,0.03875253943166734,-0.002628189004069109,6,2025Q1
2025-02-19,XLU,0.024272053128492233,-0.0009593132504720228,6,2025Q1
2025-02-19,XLV,0.039702879718032436,-0.0016055077350744392,6,2025Q1
2025-02-19,XLY,-0.017291481896114846,-0.00027241739975234343,6,2025Q1
2025-02-20,XLB,0.02254878865240839,-0.0019649496422183446,6,2025Q1
2025-02-20,XLC,0.003968819869426432,0.0005541708909251791,6,2025Q1
2025-02-20,XLE,0.006499815380718199,0.00011256751524486073,6,2025Q1
2025-02-20,XLF,0.036439388422669694,-0.0005660557109505627,6,2025Q1
2025-02-20,XLI,0.017343798696782375,-3.050632144522428e-05,6,2025Q1
2025-02-20,XLK,-0.03645992105108187,0.001119020763169236,6,2025Q1
2025-02-20,XLP,0.05085488769673452,-0.001907979192200486,6,2025Q1
2025-02-20,XLRE,0.047839743657521305,-0.002628189004069109,6,2025Q1
2025-02-20,XLU,0.013835187088907186,-0.0009593132504720228,6,2025Q1
2025-02-20,XLV,0.04149873849077634,-0.0016055077350744392,6,2025Q1
2025-02-20,XLY,-0.011379231993864036,-0.00027241739975234343,6,2025Q1
2025-02-21,XLB,0.017435637057517828,-0.0019649496422183446,6,2025Q1
2025-02-21,XLC,-0.00030003000300016236,0.0005541708909251791,6,2025Q1
2025-02-21,XLE,0.010370783036733333,0.00011256751524486073,6,2025Q1
2025-02-21,XLF,0.0377782999974875,-0.0005660557109505627,6,2025Q1
2025-02-21,XLI,0.020651093587555347,-3.050632144522428e-05,6,2025Q1
2025-02-21,XLK,-0.030165719343680286,0.001119020763169236,6,2025Q1
2025-02-21,XLP,0.02055252982100353,-0.001907979192200486,6,2025Q1
2025-02-21,XLRE,0.031386420669062054,-0.002628189004069109,6,2025Q1
2025-02-21,XLU,-0.0034798920280714185,-0.0009593132504720228,6,2025Q1
2025-02-21,XLV,0.02667396426182267,-0.0016055077350744392,6,2025Q1
2025-02-21,XLY,-0.001525923003033114,-0.00027241739975234343,6,2025Q1
2025-02-24,XLB,0.011250810071538941,-0.0019649496422183446,6,2025Q1
2025-02-24,XLC,0.0008034259130573762,0.0005541708909251791,6,2025Q1
2025-02-24,XLE,-0.011909866862217733,0.00011256751524486073,6,2025Q1
2025-02-24,XLF,0.037611572249256264,-0.0005660557109505627,6,2025Q1
2025-02-24,XLI,0.023696630514938644,-3.050632144522428e-05,6,2025Q1
2025-02-24,XLK,-0.03295732047893374,0.001119020763169236,6,2025Q1
2025-02-24,XLP,0.035727987623341395,-0.001907979192200486,6,2025Q1
2025-02-24,XLRE,0.04843581115174733,-0.002628189004069109,6,2025Q1
2025-02-24,XLU,0.015743660003491033,-0.0009593132504720228,6,2025Q1
2025-02-24,XLV,0.03578198030134283,-0.0016055077350744392,6,2025Q1
2025-02-24,XLY,-0.003188233845546895,-0.00027241739975234343,6,2025Q1
2025-02-25,XLB,-0.002901458058273243,-0.0019649496422183446,6,2025Q1
2025-02-25,XLC,0.014398391073464856,0.0005541708909251791,6,2025Q1
2025-02-25,XLE,-0.0005383677953603172,0.00011256751524486073,6,2025Q1
2025-02-25,XLF,0.008839278845625409,-0.0005660557109505627,6,2025Q1
2025-02-25,XLI,0.005900273418373181,-3.050632144522428e-05,6,2025Q1
2025-02-25,XLK,-0.014558080623303216,0.001119020763169236,6,2025Q1
2025-02-25,XLP,0.011304858378874183,-0.001907979192200486,6,2025Q1
2025-02-25,XLRE,0.03274639242583721,-0.002628189004069109,6,2025Q1
2025-02-25,XLU,0.01125323045873583,-0.0009593132504720228,6,2025Q1
2025-02-25,XLV,0.02454598465912161,-0.0016055077350744392,6,2025Q1
2025-02-25,XLY,-0.008593892269699532,-0.00027241739975234343,6,2025Q1
2025-02-26,XLB,0.012876363107263145,-0.0019649496422183446,6,2025Q1
2025-02-26,XLC,0.01891499580143119,0.0005541708909251791,6,2025Q1
2025-02-26,XLE,-0.019174068903041297,0.00011256751524486073,6,2025Q1
2025-02-26,XLF,0.006723008283938459,-0.0005660557109505627,6,2025Q1
2025-02-26,XLI,0.01079052713021833,-3.050632144522428e-05,6,2025Q1
2025-02-26,XLK,-0.02151346517377395,0.001119020763169236,6,2025Q1
2025-02-26,XLP,0.024674899307273512,-0.001907979192200486,6,2025Q1
2025-02-26,XLRE,0.037124329286805424,-0.002628189004069109,6,2025Q1
2025-02-26,XLU,-0.009638322772315688,-0.0009593132504720228,6,2025Q1
2025-02-26,XLV,0.03189191670813363,-0.0016055077350744392,6,2025Q1
2025-02-26,XLY,0.00014786906898378582,-0.00027241739975234343,6,2025Q1
2025-02-27,XLB,0.016206405909794386,-0.0019649496422183446,6,2025Q1
2025-02-27,XLC,0.012338608451865185,0.0005541708909251791,6,2025Q1
2025-02-27,XLE,-0.019639846813234607,0.00011256751524486073,6,2025Q1
2025-02-27,XLF,-0.013134267177045467,-0.0005660557109505627,6,2025Q1
2025-02-27,XLI,0.007489300492442119,-3.050632144522428e-05,6,2025Q1
2025-02-27,XLK,-0.011119475312968752,0.001119020763169236,6,2025Q1
2025-02-27,XLP,0.028410179946216307,-0.001907979192200486,6,2025Q1
2025-02-27,XLRE,0.006623136160957888,-0.002628189004069109,6,2025Q1
2025-02-27,XLU,-0.006461290721501145,-0.0009593132504720228,6,2025Q1
2025-02-27,XLV,0.03501695282727335,-0.0016055077350744392,6,2025Q1
2025-02-27,XLY,-0.008941208433906445,-0.00027241739975234343,6,2025Q1
2025-02-28,XLB,0.02014107217052108,-0.0019649496422183446,6,2025Q1
2025-02-28,XLC,0.013966722304391888,0.0005541708909251791,6,2025Q1
2025-02-28,XLE,-0.008499341044024389,0.00011256751524486073,6,2025Q1
2025-02-28,XLF,-0.02791173011145376,-0.0005660557109505627,6,2025Q1
2025-02-28,XLI,0.015474331436212907,-3.050632144522428e-05,6,2025Q1
2025-02-28,XLK,-0.0002622311933820898,0.001119020763169236,6,2025Q1
2025-02-28,XLP,0.028083378114525215,-0.001907979192200486,6,2025Q1
2025-02-28,XLRE,0.014972447885470141,-0.002628189004069109,6,2025Q1
2025-02-28,XLU,0.006368893473288728,-0.0009593132504720228,6,2025Q1
2025-02-28,XLV,0.0330815255479211,-0.0016055077350744392,6,2025Q1
2025-02-28,XLY,-0.016916284352614497,-0.00027241739975234343,6,2025Q1
2025-03-03,XLB,0.02834262217210992,-0.0019649496422183446,6,2025Q1
2025-03-03,XLC,0.008134135108497476,0.0005541708909251791,6,2025Q1
2025-03-03,XLE,0.04268515028164077,0.00011256751524486073,6,2025Q1
2025-03-03,XLF,-0.032173402243083626,-0.0005660557109505627,6,2025Q1
2025-03-03,XLI,0.023056642213546197,-3.050632144522428e-05,6,2025Q1
2025-03-03,XLK,-0.00335406255467785,0.001119020763169236,6,2025Q1
2025-03-03,XLP,0.029667077787484786,-0.001907979192200486,6,2025Q1
2025-03-03,XLRE,0.006176754934205442,-0.002628189004069109,6,2025Q1
2025-03-03,XLU,0.024723918773269404,-0.0009593132504720228,6,2025Q1
2025-03-03,XLV,0.02695546227554535,-0.0016055077350744392,6,2025Q1
2025-03-03,XLY,-0.024668318199774886,-0.00027241739975234343,6,2025Q1
2025-03-04,XLB,0.03082211331873297,-0.0019649496422183446,6,2025Q1
2025-03-04,XLC,-0.001931215072447423,0.0005541708909251791,6,2025Q1
2025-03-04,XLE,0.04101423808484872,0.00011256751524486073,6,2025Q1
2025-03-04,XLF,-0.00997406966495007,-0.0005660557109505627,6,2025Q1
2025-03-04,XLI,0.023778150476788773,-3.050632144522428e-05,6,2025Q1
2025-03-04,XLK,-0.009924287496317685,0.001119020763169236,6,2025Q1
2025-03-04,XLP,0.02862639997807448,-0.001907979192200486,6,2025Q1
2025-03-04,XLRE,0.0037569655422879933,-0.002628189004069109,6,2025Q1
2025-03-04,XLU,0.0282271856084797,-0.0009593132504720228,6,2025Q1
2025-03-04,XLV,0.02192652929324823,-0.0016055077350744392,6,2025Q1
2025-03-04,XLY,-0.02060552486457179,-0.00027241739975234343,6,2025Q1
2025-03-05,XLB,0.006163159185554878,-0.0019649496422183446,6,2025Q1
2025-03-05,XLC,-0.004239789795187021,0.0005541708909251791,6,2025Q1
2025-03-05,XLE,0.06575872331069799,0.00011256751524486073,6,2025Q1
2025-03-05,XLF,-0.008900357325426156,-0.0005660557109505627,6,2025Q1
2025-03-05,XLI,0.013546285712923822,-3.050632144522428e-05,6,2025Q1
2025-03-05,XLK,-0.003147995154204164,0.001119020763169236,6,2025Q1
2025-03-05,XLP,0.008251718463779922,-0.001907979192200486,6,2025Q1
2025-03-05,XLRE,-0.003422168115318258,-0.002628189004069109,6,2025Q1
2025-03-05,XLU,0.037358446420225566,-0.0009593132504720228,6,2025Q1
2025-03-05,XLV,0.007548941509366136,-0.0016055077350744392,6,2025Q1
2025-03-05,XLY,-0.024166404065158242,-0.00027241739975234343,6,2025Q1
2025-03-06,XLB,0.0062309992951108395,-0.0019649496422183446,6,2025Q1
2025-03-06,XLC,-0.01109480429674825,0.0005541708909251791,6,2025Q1
2025-03-06,XLE,0.05136678474091905,0.00011256751524486073,6,2025Q1
2025-03-06,XLF,-0.0025180460722862286,-0.0005660557109505627,6,2025Q1
2025-03-06,XLI,0.007633820494391541,-3.050632144522428e-05,6,2025Q1
2025-03-06,XLK,0.0011514835765590314,0.001119020763169236,6,2025Q1
2025-03-06,XLP,-0.0022979540544029176,-0.001907979192200486,6,2025Q1
2025-03-06,XLRE,-3.225067100154355e-06,-0.002628189004069109,6,2025Q1
2025-03-06,XLU,0.05667861775687599,-0.0009593132504720228,6,2025Q1
2025-03-06,XLV,0.0007301093967910788,-0.0016055077350744392,6,2025Q1
2025-03-06,XLY,-0.028101281589938854,-0.00027241739975234343,6,2025Q1
2025-03-07,XLB,0.001811631110105516,-0.0019649496422183446,6,2025Q1
2025-03-07,XLC,-0.014229142834024211,0.0005541708909251791,6,2025Q1
2025-03-07,XLE,0.049413469616405026,0.00011256751524486073,6,2025Q1
2025-03-07,XLF,0.010548594561405444,-0.0005660557109505627,6,2025Q1
2025-03-07,XLI,-0.0004766451889267609,-3.050632144522428e-05,6,2025Q1
2025-03-07,XLK,0.0017148000190635448,0.001119020763169236,6,2025Q1
2025-03-07,XLP,-0.01766606208246857,-0.001907979192200486,6,2025Q1
2025-03-07,XLRE,-0.00125337486863486,-0.002628189004069109,6,2025Q1
2025-03-07,XLU,0.0432060676006758,-0.0009593132504720228,6,2025Q1
2025-03-07,XLV,-0.006376293107876241,-0.0016055077350744392,6,2025Q1
2025-03-07,XLY,-0.020849977421257493,-0.00027241739975234343,6,2025Q1
2025-03-10,XLB,0.0007233030800413154,-0.0019649496422183446,6,2025Q1
2025-03-10,XLC,-0.017037521409820844,0.0005541708909251791,6,2025Q1
2025-03-10,XLE,0.023588805891290532,0.00011256751524486073,6,2025Q1
2025-03-10,XLF,0.010562378059411515,-0.0005660557109505627,6,2025Q1
2025-03-10,XLI,-0.005741949041022654,-3.050632144522428e-05,6,2025Q1
2025-03-10,XLK,0.017814045897931452,0.001119020763169236,6,2025Q1
2025-03-10,XLP,-0.03603059934659203,-0.001907979192200486,6,2025Q1
2025-03-10,XLRE,-0.008866937234204508,-0.002628189004069109,6,2025Q1
2025-03-10,XLU,0.0018453911627949182,-0.0009593132504720228,6,2025Q1
2025-03-10,XLV,-0.017814674830477384,-0.0016055077350744392,6,2025Q1
2025-03-10,XLY,-0.018375578324541286,-0.00027241739975234343,6,2025Q1
2025-03-11,XLB,0.009342366426960513,-0.0019649496422183446,6,2025Q1
2025-03-11,XLC,-0.01374066583260658,0.0005541708909251791,6,2025Q1
2025-03-11,XLE,0.03614531316529379,0.00011256751524486073,6,2025Q1
2025-03-11,XLF,0.02065168500881187,-0.0005660557109505627,6,2025Q1
2025-03-11,XLI,0.004351994154238703,-3.050632144522428e-05,6,2025Q1
2025-03-11,XLK,0.008820259974715805,0.001119020763169236,6,2025Q1
2025-03-11,XLP,-0.03028604765898335,-0.001907979192200486,6,2025Q1
2025-03-11,XLRE,-0.0019659088260877144,-0.002628189004069109,6,2025Q1
2025-03-11,XLU,0.006844620379877098,-0.0009593132504720228,6,2025Q1
2025-03-11,XLV,-0.0038337107464376796,-0.0016055077350744392,6,2025Q1
2025-03-11,XLY,-0.02388959875266472,-0.00027241739975234343,6,2025Q1
2025-03-12,XLB,0.01194806998683573,-0.0019649496422183446,6,2025Q1
2025-03-12,XLC,-0.012507800439239602,0.0005541708909251791,6,2025Q1
2025-03-12,XLE,0.04275036553657041,0.00011256751524486073,6,2025Q1
2025-03-12,XLF,0.024859438172400328,-0.0005660557109505627,6,2025Q1
2025-03-12,XLI,0.012274207631799428,-3.050632144522428e-05,6,2025Q1
2025-03-12,XLK,0.0004790577577438171,0.001119020763169236,6,2025Q1
2025-03-12,XLP,-0.014152471000420608,-0.001907979192200486,6,2025Q1
2025-03-12,XLRE,-0.0027229149639331762,-0.002628189004069109,6,2025Q1
2025-03-12,XLU,0.008156550666127638,-0.0009593132504720228,6,2025Q1
2025-03-12,XLV,0.0012644364550964404,-0.0016055077350744392,6,2025Q1
2025-03-12,XLY,-0.01639983066009698,-0.00027241739975234343,6,2025Q1
2025-03-13,XLB,-0.004542687451497329,-0.0019649496422183446,6,2025Q1
2025-03-13,XLC,-0.004427792201725067,0.0005541708909251791,6,2025Q1
2025-03-13,XLE,0.04319247869994869,0.00011256751524486073,6,2025Q1
2025-03-13,XLF,0.021299748920164507,-0.0005660557109505627,6,2025Q1
2025-03-13,XLI,0.00694251561974113,-3.050632144522428e-05,6,2025Q1
2025-03-13,XLK,0.0020290848601984823,0.001119020763169236,6,2025Q1
2025-03-13,XLP,-0.025137773512409867,-0.001907979192200486,6,2025Q1
2025-03-13,XLRE,0.005472746007655793,-0.002628189004069109,6,2025Q1
2025-03-13,XLU,-0.0009554442817316655,-0.0009593132504720228,6,2025Q1
2025-03-13,XLV,-0.003406505912933566,-0.0016055077350744392,6,2025Q1
2025-03-13,XLY,-0.004020613559486463,-0.00027241739975234343,6,2025Q1
2025-03-14,XLB,-0.004288670556619856,-0.0019649496422183446,6,2025Q1
2025-03-14,XLC,0.008482338473253082,0.0005541708909251791,6,2025Q1
2025-03-14,XLE,0.028669808781318196,0.00011256751524486073,6,2025Q1
2025-03-14,XLF,0.017294599925385956,-0.0005660557109505627,6,2025Q1
2025-03-14,XLI,0.006462288057507148,-3.050632144522428e-05,6,2025Q1
2025-03-14,XLK,-0.0019853701658500977,0.001119020763169236,6,2025Q1
2025-03-14,XLP,-0.004342720500640662,-0.001907979192200486,6,2025Q1
2025-03-14,XLRE,-0.0006313271791520414,-0.002628189004069109,6,2025Q1
2025-03-14,XLU,-0.0036003453815259823,-0.0009593132504720228,6,2025Q1
2025-03-14,XLV,0.009443949792044215,-0.0016055077350744392,6,2025Q1
2025-03-14,XLY,0.0017340587452963074,-0.00027241739975234343,6,2025Q1
2025-03-17,XLB,-0.018191881943481203,-0.0019649496422183446,6,2025Q1
2025-03-17,XLC,0.002379550460716917,0.0005541708909251791,6,2025Q1
2025-03-17,XLE,0.00598476072596088,0.00011256751524486073,6,2025Q1
2025-03-17,XLF,0.009374002777554846,-0.0005660557109505627,6,2025Q1
2025-03-17,XLI,-0.0020640325617542477,-3.050632144522428e-05,6,2025Q1
2025-03-17,XLK,-0.0020068558134771486,0.001119020763169236,6,2025Q1
2025-03-17,XLP,-0.027962140794726698,-0.001907979192200486,6,2025Q1
2025-03-17,XLRE,-0.0207538403253823,-0.002628189004069109,6,2025Q1
2025-03-17,XLU,-0.025224040190318986,-0.0009593132504720228,6,2025Q1
2025-03-17,XLV,-0.009629904722401328,-0.0016055077350744392,6,2025Q1
2025-03-17,XLY,0.024733449277220654,-0.00027241739975234343,6,2025Q1
2025-03-18,XLB,-0.030226233599590202,-0.0019649496422183446,6,2025Q1
2025-03-18,XLC,0.016279726225606916,0.0005541708909251791,6,2025Q1
2025-03-18,XLE,-0.005046912542395532,0.00011256751524486073,6,2025Q1
2025-03-18,XLF,0.002815113723144469,-0.0005660557109505627,6,2025Q1
2025-03-18,XLI,-0.005948114004878935,-3.050632144522428e-05,6,2025Q1
2025-03-18,XLK,0.0034857723919630157,0.001119020763169236,6,2025Q1
2025-03-18,XLP,-0.03915576073987037,-0.001907979192200486,6,2025Q1
2025-03-18,XLRE,-0.04005180993942059,-0.002628189004069109,6,2025Q1
2025-03-18,XLU,-0.047735018472733315,-0.0009593132504720228,6,2025Q1
2025-03-18,XLV,-0.03643074240161137,-0.0016055077350744392,6,2025Q1
2025-03-18,XLY,0.03844721367144377,-0.00027241739975234343,6,2025Q1
2025-03-19,XLB,-0.008537668418013955,-0.0019649496422183446,6,2025Q1
2025-03-19,XLC,0.01844572706998293,0.0005541708909251791,6,2025Q1
2025-03-19,XLE,0.0076593949720045185,0.00011256751524486073,6,2025Q1
2025-03-19,XLF,0.011748813676623726,-0.0005660557109505627,6,2025Q1
2025-03-19,XLI,-0.002798866152138202,-3.050632144522428e-05,6,2025Q1
2025-03-19,XLK,-0.009228313830068391,0.001119020763169236,6,2025Q1
2025-03-19,XLP,-0.0006934879227735724,-0.001907979192200486,6,2025Q1
2025-03-19,XLRE,-0.013058044483923892,-0.002628189004069109,6,2025Q1
2025-03-19,XLU,-0.021702817654572604,-0.0009593132504720228,6,2025Q1
2025-03-19,XLV,-0.01741237274440255,-0.0016055077350744392,6,2025Q1
2025-03-19,XLY,0.027951469738163537,-0.00027241739975234343,6,2025Q1
2025-03-20,XLB,-0.0029271276175041328,-0.0019649496422183446,6,2025Q1
2025-03-20,XLC,0.015878902900708702,0.0005541708909251791,6,2025Q1
2025-03-20,XLE,-0.00603164138379475,0.00011256751524486073,6,2025Q1
2025-03-20,XLF,0.008066603123810356,-0.0005660557109505627,6,2025Q1
2025-03-20,XLI,-0.0033381949360596908,-3.050632144522428e-05,6,2025Q1
2025-03-20,XLK,-0.011575428747390704,0.001119020763169236,6,2025Q1
2025-03-20,XLP,0.015459448546336407,-0.001907979192200486,6,2025Q1
2025-03-20,XLRE,-0.01450065210621232,-0.002628189004069109,6,2025Q1
2025-03-20,XLU,-0.02615262416454589,-0.0009593132504720228,6,2025Q1
2025-03-20,XLV,-0.016688327842037443,-0.0016055077350744392,6,2025Q1
2025-03-20,XLY,0.030836749253508433,-0.00027241739975234343,6,2025Q1
2025-03-21,XLB,0.0061265822280405224,-0.0019649496422183446,6,2025Q1
2025-03-21,XLC,-0.004305080868464595,0.0005541708909251791,6,2025Q1
2025-03-21,XLE,0.013779533534801436,0.00011256751524486073,6,2025Q1
2025-03-21,XLF,0.009697706613388535,-0.0005660557109505627,6,2025Q1
2025-03-21,XLI,-0.0011267208325167477,-3.050632144522428e-05,6,2025Q1
2025-03-21,XLK,-0.020674886470247178,0.001119020763169236,6,2025Q1
2025-03-21,XLP,0.028366313576404623,-0.001907979192200486,6,2025Q1
2025-03-21,XLRE,0.012343238122416444,-0.002628189004069109,6,2025Q1
2025-03-21,XLU,0.004974518402937944,-0.0009593132504720228,6,2025Q1
2025-03-21,XLV,0.0005640287864456806,-0.0016055077350744392,6,2025Q1
2025-03-21,XLY,0.012675821123739328,-0.00027241739975234343,6,2025Q1
2025-03-24,XLB,0.019117772044761172,-0.0019649496422183446,6,2025Q1
2025-03-24,XLC,0.002891433026267487,0.0005541708909251791,6,2025Q1
2025-03-24,XLE,0.03205080365713764,0.00011256751524486073,6,2025Q1
2025-03-24,XLF,0.018809107098993083,-0.0005660557109505627,6,2025Q1
2025-03-24,XLI,0.0016108099656703123,-3.050632144522428e-05,6,2025Q1
2025-03-24,XLK,-0.025644977231666255,0.001119020763169236,6,2025Q1
2025-03-24,XLP,0.0541781887708539,-0.001907979192200486,6,2025Q1
2025-03-24,XLRE,0.02630612823071976,-0.002628189004069109,6,2025Q1
2025-03-24,XLU,0.034287757498058014,-0.0009593132504720228,6,2025Q1
2025-03-24,XLV,0.01784157137791964,-0.0016055077350744392,6,2025Q1
2025-03-24,XLY,-0.007844096928847022,-0.00027241739975234343,6,2025Q1
2025-03-25,XLB,0.02263709143642101,-0.0019649496422183446,6,2025Q1
2025-03-25,XLC,-0.009140736240305203,0.0005541708909251791,6,2025Q1
2025-03-25,XLE,0.033439000167451605,0.00011256751524486073,6,2025Q1
2025-03-25,XLF,0.011695818835710803,-0.0005660557109505627,6,2025Q1
2025-03-25,XLI,0.005252723986325147,-3.050632144522428e-05,6,2025Q1
2025-03-25,XLK,-0.022266903674221017,0.001119020763169236,6,2025Q1
2025-03-25,XLP,0.06470705489497575,-0.001907979192200486,6,2025Q1
2025-03-25,XLRE,0.038732615069609455,-0.002628189004069109,6,2025Q1
2025-03-25,XLU,0.0528709637594138,-0.0009593132504720228,6,2025Q1
2025-03-25,XLV,0.011894250002352336,-0.0016055077350744392,6,2025Q1
2025-03-25,XLY,-0.005900174964923011,-0.00027241739975234343,6,2025Q1
2025-03-26,XLB,0.010965164250367976,-0.0019649496422183446,6,2025Q1
2025-03-26,XLC,-0.015447654327625737,0.0005541708909251791,6,2025Q1
2025-03-26,XLE,0.010890196700220955,0.00011256751524486073,6,2025Q1
2025-03-26,XLF,0.004771422806514547,-0.0005660557109505627,6,2025Q1
2025-03-26,XLI,0.0030412911843176182,-3.050632144522428e-05,6,2025Q1
2025-03-26,XLK,-0.01134484660194246,0.001119020763169236,6,2025Q1
2025-03-26,XLP,0.027808871168279237,-0.001907979192200486,6,2025Q1
2025-03-26,XLRE,0.020401496129591856,-0.002628189004069109,6,2025Q1
2025-03-26,XLU,0.032858690481035846,-0.0009593132504720228,6,2025Q1
2025-03-26,XLV,0.0041181239772090095,-0.0016055077350744392,6,2025Q1
2025-03-26,XLY,0.007551700322248833,-0.00027241739975234343,6,2025Q1
2025-03-27,XLB,0.012483122136559777,-0.0019649496422183446,6,2025Q1
2025-03-27,XLC,-0.008464818178655964,0.0005541708909251791,6,2025Q1
2025-03-27,XLE,-0.012433557132240147,0.00011256751524486073,6,2025Q1
2025-03-27,XLF,0.003951325064008082,-0.0005660557109505627,6,2025Q1
2025-03-27,XLI,0.0005965424724732049,-3.050632144522428e-05,6,2025Q1
2025-03-27,XLK,-0.023397667854662352,0.001119020763169236,6,2025Q1
2025-03-27,XLP,0.06854608253875705,-0.001907979192200486,6,2025Q1
2025-03-27,XLRE,0.03884905793722615,-0.002628189004069109,6,2025Q1
2025-03-27,XLU,0.07307921186182142,-0.0009593132504720228,6,2025Q1
2025-03-27,XLV,0.04088040699525408,-0.0016055077350744392,6,2025Q1
2025-03-27,XLY,-0.007058704447374886,-0.00027241739975234343,6,2025Q1
2025-03-28,XLB,0.006363603642515203,-0.0019649496422183446,6,2025Q1
2025-03-28,XLC,0.001780386824774438,0.0005541708909251791,6,2025Q1
2025-03-28,XLE,-0.05722875024519736,0.00011256751524486073,6,2025Q1
2025-03-28,XLF,-0.011141620880253167,-0.0005660557109505627,6,2025Q1
2025-03-28,XLI,-0.0031478744308787165,-3.050632144522428e-05,6,2025Q1
2025-03-28,XLK,-0.02567183790612204,0.001119020763169236,6,2025Q1
2025-03-28,XLP,0.06641623952734432,-0.001907979192200486,6,2025Q1
2025-03-28,XLRE,0.03150250158186396,-0.002628189004069109,6,2025Q1
2025-03-28,XLU,0.04642484125013213,-0.0009593132504720228,6,2025Q1
2025-03-28,XLV,0.026731167178267623,-0.0016055077350744392,6,2025Q1
2025-03-28,XLY,0.018346613565029757,-0.00027241739975234343,6,2025Q1
2025-03-31,XLB,-0.010406957640334391,-0.0019649496422183446,6,2025Q1
2025-03-31,XLC,0.003989858574655725,0.0005541708909251791,6,2025Q1
2025-03-31,XLE,-0.0643145631643336,0.00011256751524486073,6,2025Q1
2025-03-31,XLF,-0.016497115826461406,-0.0005660557109505627,6,2025Q1
2025-03-31,XLI,-0.0060324473625631425,-3.050632144522428e-05,6,2025Q1
2025-03-31,XLK,-0.013148533017288244,0.001119020763169236,6,2025Q1
2025-03-31,XLP,0.047892341876984545,-0.001907979192200486,6,2025Q1
2025-03-31,XLRE,0.006821938635452107,-0.002628189004069109,6,2025Q1
2025-03-31,XLU,0.02909385974755574,-0.0009593132504720228,6,2025Q1
2025-03-31,XLV,0.01930357992333953,-0.0016055077350744392,6,2025Q1
2025-03-31,XLY,0.01310681026863425,-0.00027241739975234343,6,2025Q1
2025-04-01,XLB,-0.024435866354733826,-0.0012906214014616368,7,2025Q2
2025-04-01,XLC,0.007407963012067809,0.0007630301656128503,7,2025Q2
2025-04-01,XLE,-0.07184692623984512,0.0006852756680897288,7,2025Q2
2025-04-01,XLF,-0.0022243452497884286,-4.0773559831038465e-05,7,2025Q2
2025-04-01,XLI,-0.0017973868480384292,0.0002522919230925677,7,2025Q2
2025-04-01,XLK,-0.020910332520630015,0.0005287257624438991,7,2025Q2
2025-04-01,XLP,0.048449785890077424,-0.0009314765940102253,7,2025Q2
2025-04-01,XLRE,0.00034840388269330447,-0.001786794431295403,7,2025Q2
2025-04-01,XLU,0.039566264980362975,-0.00019372539363045373,7,2025Q2
2025-04-01,XLV,0.04268587629185294,-0.0008104068337251012,7,2025Q2
2025-04-01,XLY,-0.0012172447916034557,-0.0006020253754042655,7,2025Q2
2025-04-02,XLB,-0.04366530289250137,-0.0012906214014616368,7,2025Q2
2025-04-02,XLC,-0.0039459914977133526,0.0007630301656128503,7,2025Q2
2025-04-02,XLE,-0.09687431737048202,0.0006852756680897288,7,2025Q2
2025-04-02,XLF,-0.030247556999208225,-4.0773559831038465e-05,7,2025Q2
2025-04-02,XLI,-0.019109939202538673,0.0002522919230925677,7,2025Q2
2025-04-02,XLK,0.001104957031015652,0.0005287257624438991,7,2025Q2
2025-04-02,XLP,0.0006977099919137641,-0.0009314765940102253,7,2025Q2
2025-04-02,XLRE,-0.04003790090251991,-0.001786794431295403,7,2025Q2
2025-04-02,XLU,-0.015274418411111212,-0.00019372539363045373,7,2025Q2
2025-04-02,XLV,-0.010226717241526462,-0.0008104068337251012,7,2025Q2
2025-04-02,XLY,-0.010051979218182794,-0.0006020253754042655,7,2025Q2
2025-04-03,XLB,-0.036396848767934586,-0.0012906214014616368,7,2025Q2
2025-04-03,XLC,0.0006436176456179332,0.0007630301656128503,7,2025Q2
2025-04-03,XLE,-0.08993772694120139,0.0006852756680897288,7,2025Q2
2025-04-03,XLF,-0.014741938368733831,-4.0773559831038465e-05,7,2025Q2
2025-04-03,XLI,0.0038299651803177515,0.0002522919230925677,7,2025Q2
2025-04-03,XLK,0.01817738759749843,0.0005287257624438991,7,2025Q2
2025-04-03,XLP,-0.009970587549778864,-0.0009314765940102253,7,2025Q2
2025-04-03,XLRE,-0.03719217198903735,-0.001786794431295403,7,2025Q2
2025-04-03,XLU,-0.02201968044282543,-0.00019372539363045373,7,2025Q2
2025-04-03,XLV,-0.034987592926130406,-0.0008104068337251012,7,2025Q2
2025-04-03,XLY,0.006197587278542804,-0.0006020253754042655,7,2025Q2
2025-04-04,XLB,-0.023079526222606672,-0.0012906214014616368,7,2025Q2
2025-04-04,XLC,-0.010406684569492786,0.0007630301656128503,7,2025Q2
2025-04-04,XLE,-0.055070441912982604,0.0006852756680897288,7,2025Q2
2025-04-04,XLF,-0.0008386730246248142,-4.0773559831038465e-05,7,2025Q2
2025-04-04,XLI,0.008820774949918508,0.0002522919230925677,7,2025Q2
2025-04-04,XLK,0.030903035009139712,0.0005287257624438991,7,2025Q2
2025-04-04,XLP,-0.03263231834408331,-0.0009314765940102253,7,2025Q2
2025-04-04,XLRE,-0.057747720010975834,-0.001786794431295403,7,2025Q2
2025-04-04,XLU,-0.03270385167357004,-0.00019372539363045373,7,2025Q2
2025-04-04,XLV,-0.044967625610981665,-0.0008104068337251012,7,2025Q2
2025-04-04,XLY,-0.018808667521684974,-0.0006020253754042655,7,2025Q2
2025-04-07,XLB,-0.005715998581901749,-0.0012906214014616368,7,2025Q2
2025-04-07,XLC,-0.01701630863038739,0.0007630301656128503,7,2025Q2
2025-04-07,XLE,-0.05711945212969516,0.0006852756680897288,7,2025Q2
2025-04-07,XLF,0.0005268522274248788,-4.0773559831038465e-05,7,2025Q2
2025-04-07,XLI,0.012816859670053748,0.0002522919230925677,7,2025Q2
2025-04-07,XLK,0.022151376378334087,0.0005287257624438991,7,2025Q2
2025-04-07,XLP,-0.015104880473358895,-0.0009314765940102253,7,2025Q2
2025-04-07,XLRE,-0.022585215062606023,-0.001786794431295403,7,2025Q2
2025-04-07,XLU,-0.010285551923914671,-0.00019372539363045373,7,2025Q2
2025-04-07,XLV,-0.038609666581842284,-0.0008104068337251012,7,2025Q2
2025-04-07,XLY,-0.015507875749616984,-0.0006020253754042655,7,2025Q2
2025-04-08,XLB,0.005483160491193795,-0.0012906214014616368,7,2025Q2
2025-04-08,XLC,-0.013413284743448939,0.0007630301656128503,7,2025Q2
2025-04-08,XLE,-0.0486987892407762,0.0006852756680897288,7,2025Q2
2025-04-08,XLF,-0.006568170705005372,-4.0773559831038465e-05,7,2025Q2
2025-04-08,XLI,0.00245140667467858,0.0002522919230925677,7,2025Q2
2025-04-08,XLK,0.034888937543888776,0.0005287257624438991,7,2025Q2
2025-04-08,XLP,-0.021546556124467653,-0.0009314765940102253,7,2025Q2
2025-04-08,XLRE,-0.008409559284417112,-0.001786794431295403,7,2025Q2
2025-04-08,XLU,-0.020043927693981,-0.00019372539363045373,7,2025Q2
2025-04-08,XLV,-0.0474243562634018,-0.0008104068337251012,7,2025Q2
2025-04-08,XLY,-0.011617175638966248,-0.0006020253754042655,7,2025Q2
2025-04-09,XLB,0.034916335352231265,-0.0012906214014616368,7,2025Q2
2025-04-09,XLC,-0.0019942156084364893,0.0007630301656128503,7,2025Q2
2025-04-09,XLE,0.009553229491227944,0.0006852756680897288,7,2025Q2
2025-04-09,XLF,0.027029372865744916,-4.0773559831038465e-05,7,2025Q2
2025-04-09,XLI,0.024968163902430618,0.0002522919230925677,7,2025Q2
2025-04-09,XLK,-0.006957544336881449,0.0005287257624438991,7,2025Q2
2025-04-09,XLP,0.052567899058989065,-0.0009314765940102253,7,2025Q2
2025-04-09,XLRE,0.05740771695917646,-0.001786794431295403,7,2025Q2
2025-04-09,XLU,0.05514518275771696,-0.00019372539363045373,7,2025Q2
2025-04-09,XLV,0.02404994227556312,-0.0008104068337251012,7,2025Q2
2025-04-09,XLY,-0.01593822657943933,-0.0006020253754042655,7,2025Q2
2025-04-10,XLB,0.029384352418528215,-0.0012906214014616368,7,2025Q2
2025-04-10,XLC,-0.00669292497928875,0.0007630301656128503,7,2025Q2
2025-04-10,XLE,0.05522804466339659,0.0006852756680897288,7,2025Q2
2025-04-10,XLF,0.012629987613328897,-4.0773559831038465e-05,7,2025Q2
2025-04-10,XLI,0.01116855216181345,0.0002522919230925677,7,2025Q2
2025-04-10,XLK,-0.011257193673415045,0.0005287257624438991,7,2025Q2
2025-04-10,XLP,0.028269528936679222,-0.0009314765940102253,7,2025Q2
2025-04-10,XLRE,0.050445835712715326,-0.001786794431295403,7,2025Q2
2025-04-10,XLU,0.027943855652919458,-0.00019372539363045373,7,2025Q2
2025-04-10,XLV,0.000959563707011668,-0.0008104068337251012,7,2025Q2
2025-04-10,XLY,-0.016793454530978025,-0.0006020253754042655,7,2025Q2
2025-04-11,XLB,0.025395851349524823,-0.0012906214014616368,7,2025Q2
2025-04-11,XLC,0.0037141710983827902,0.0007630301656128503,7,2025Q2
2025-04-11,XLE,0.04365418573918145,0.0006852756680897288,7,2025Q2
2025-04-11,XLF,0.015714182648841835,-4.0773559831038465e-05,7,2025Q2
2025-04-11,XLI,0.012265395808615298,0.0002522919230925677,7,2025Q2
2025-04-11,XLK,-0.015215715818743814,0.0005287257624438991,7,2025Q2
2025-04-11,XLP,0.04677947192256138,-0.0009314765940102253,7,2025Q2
2025-04-11,XLRE,0.05529843859649741,-0.001786794431295403,7,2025Q2
2025-04-11,XLU,0.0324597014999215,-0.00019372539363045373,7,2025Q2
2025-04-11,XLV,0.006153091637833841,-0.0008104068337251012,7,2025Q2
2025-04-11,XLY,-0.011291715682898329,-0.0006020253754042655,7,2025Q2
2025-04-14,XLB,0.020912660509378456,-0.0012906214014616368,7,2025Q2
2025-04-14,XLC,0.006780095627224814,0.0007630301656128503,7,2025Q2
2025-04-14,XLE,0.05005828621900277,0.0006852756680897288,7,2025Q2
2025-04-14,XLF,0.022229450703766473,-4.0773559831038465e-05,7,2025Q2
2025-04-14,XLI,0.00351051015368109,0.0002522919230925677,7,2025Q2
2025-04-14,XLK,-0.01645186299394963,0.0005287257624438991,7,2025Q2
2025-04-14,XLP,0.02838055301157183,-0.0009314765940102253,7,2025Q2
2025-04-14,XLRE,0.03810584830307595,-0.001786794431295403,7,2025Q2
2025-04-14,XLU,0.026007579157567906,-0.00019372539363045373,7,2025Q2
2025-04-14,XLV,-0.0031017375507788048,-0.0008104068337251012,7,2025Q2
2025-04-14,XLY,0.0004164786705542767,-0.0006020253754042655,7,2025Q2
2025-04-15,XLB,0.012115153665239853,-0.0012906214014616368,7,2025Q2
2025-04-15,XLC,0.002119399727424587,0.0007630301656128503,7,2025Q2
2025-04-15,XLE,0.03177756976049062,0.0006852756680897288,7,2025Q2
2025-04-15,XLF,0.013593364928063179,-4.0773559831038465e-05,7,2025Q2
2025-04-15,XLI,0.0028072612367595617,0.0002522919230925677,7,2025Q2
2025-04-15,XLK,-0.01011328349470575,0.0005287257624438991,7,2025Q2
2025-04-15,XLP,0.01320600503208047,-0.0009314765940102253,7,2025Q2
2025-04-15,XLRE,0.019886837952804437,-0.001786794431295403,7,2025Q2
2025-04-15,XLU,0.012441247144669654,-0.00019372539363045373,7,2025Q2
2025-04-15,XLV,-0.010161290504083542,-0.0008104068337251012,7,2025Q2
2025-04-15,XLY,0.011590789811057989,-0.0006020253754042655,7,2025Q2
2025-04-16,XLB,-0.0021016116255418993,-0.0012906214014616368,7,2025Q2
2025-04-16,XLC,0.006183043244034181,0.0007630301656128503,7,2025Q2
2025-04-16,XLE,-0.004373222435405388,0.0006852756680897288,7,2025Q2
2025-04-16,XLF,-0.003041449865746282,-4.0773559831038465e-05,7,2025Q2
2025-04-16,XLI,-0.00469951423701187,0.0002522919230925677,7,2025Q2
2025-04-16,XLK,0.019402155643923225,0.0005287257624438991,7,2025Q2
2025-04-16,XLP,-0.028904054122094847,-0.0009314765940102253,7,2025Q2
2025-04-16,XLRE,-0.02066983195868688,-0.001786794431295403,7,2025Q2
2025-04-16,XLU,-0.020910979476374658,-0.00019372539363045373,7,2025Q2
2025-04-16,XLV,-0.031935823513095096,-0.0008104068337251012,7,2025Q2
2025-04-16,XLY,0.013564580038156082,-0.0006020253754042655,7,2025Q2
2025-04-17,XLB,-0.02287086611496525,-0.0012906214014616368,7,2025Q2
2025-04-17,XLC,-2.49918683243866e-05,0.0007630301656128503,7,2025Q2
2025-04-17,XLE,-0.035108515453034395,0.0006852756680897288,7,2025Q2
2025-04-17,XLF,-0.01666112955491572,-4.0773559831038465e-05,7,2025Q2
2025-04-17,XLI,-0.016419822304321485,0.0002522919230925677,7,2025Q2
2025-04-17,XLK,0.034910780784612516,0.0005287257624438991,7,2025Q2
2025-04-17,XLP,-0.05860968182408066,-0.0009314765940102253,7,2025Q2
2025-04-17,XLRE,-0.04405101054278404,-0.001786794431295403,7,2025Q2
2025-04-17,XLU,-0.040371052223801884,-0.00019372539363045373,7,2025Q2
2025-04-17,XLV,-0.02713437750248282,-0.0008104068337251012,7,2025Q2
2025-04-17,XLY,0.019774906893607724,-0.0006020253754042655,7,2025Q2
2025-04-21,XLB,-0.03107264471079607,-0.0012906214014616368,7,2025Q2
2025-04-21,XLC,0.002223611620569166,0.0007630301656128503,7,2025Q2
2025-04-21,XLE,-0.026585678184410932,0.0006852756680897288,7,2025Q2
2025-04-21,XLF,-0.016740237342159237,-4.0773559831038465e-05,7,2025Q2
2025-04-21,XLI,-0.015203540379526537,0.0002522919230925677,7,2025Q2
2025-04-21,XLK,0.035838696660831504,0.0005287257624438991,7,2025Q2
2025-04-21,XLP,-0.07835549398302355,-0.0009314765940102253,7,2025Q2
2025-04-21,XLRE,-0.04240487058307085,-0.001786794431295403,7,2025Q2
2025-04-21,XLU,-0.03559359697515285,-0.00019372539363045373,7,2025Q2
2025-04-21,XLV,-0.026457462101221463,-0.0008104068337251012,7,2025Q2
2025-04-21,XLY,0.023485230386838696,-0.0006020253754042655,7,2025Q2
2025-04-22,XLB,-0.025782762752663668,-0.0012906214014616368,7,2025Q2
2025-04-22,XLC,0.0031453113032058333,0.0007630301656128503,7,2025Q2
2025-04-22,XLE,-0.03487792912512089,0.0006852756680897288,7,2025Q2
2025-04-22,XLF,-0.019323208302717942,-4.0773559831038465e-05,7,2025Q2
2025-04-22,XLI,-0.006007678983941389,0.0002522919230925677,7,2025Q2
2025-04-22,XLK,0.03511765587297333,0.0005287257624438991,7,2025Q2
2025-04-22,XLP,-0.06350140125790338,-0.0009314765940102253,7,2025Q2
2025-04-22,XLRE,-0.034271111133008736,-0.001786794431295403,7,2025Q2
2025-04-22,XLU,-0.03467520151730685,-0.00019372539363045373,7,2025Q2
2025-04-22,XLV,-0.020096495756904087,-0.0008104068337251012,7,2025Q2
2025-04-22,XLY,0.018007078958269807,-0.0006020253754042655,7,2025Q2
2025-04-23,XLB,-0.006132473010099115,-0.0012906214014616368,7,2025Q2
2025-04-23,XLC,0.002470941329246079,0.0007630301656128503,7,2025Q2
2025-04-23,XLE,-0.04481909690816199,0.0006852756680897288,7,2025Q2
2025-04-23,XLF,-0.01391648636570264,-4.0773559831038465e-05,7,2025Q2
2025-04-23,XLI,0.004150244259832014,0.0002522919230925677,7,2025Q2
2025-04-23,XLK,0.02453007196799617,0.0005287257624438991,7,2025Q2
2025-04-23,XLP,-0.03497651807609681,-0.0009314765940102253,7,2025Q2
2025-04-23,XLRE,-0.015201264489305366,-0.001786794431295403,7,2025Q2
2025-04-23,XLU,-0.028433378115514607,-0.00019372539363045373,7,2025Q2
2025-04-23,XLV,-0.0007880113577838355,-0.0008104068337251012,7,2025Q2
2025-04-23,XLY,0.0007546177032549117,-0.0006020253754042655,7,2025Q2
2025-04-24,XLB,-0.018184093342530572,-0.0012906214014616368,7,2025Q2
2025-04-24,XLC,0.0014872250863120495,0.0007630301656128503,7,2025Q2
2025-04-24,XLE,-0.04262854891324008,0.0006852756680897288,7,2025Q2
2025-04-24,XLF,-0.011185166461522345,-4.0773559831038465e-05,7,2025Q2
2025-04-24,XLI,0.00317698809860123,0.0002522919230925677,7,2025Q2
2025-04-24,XLK,0.015545066269065044,0.0005287257624438991,7,2025Q2
2025-04-24,XLP,-0.02068419635735186,-0.0009314765940102253,7,2025Q2
2025-04-24,XLRE,-0.0010994744599956974,-0.001786794431295403,7,2025Q2
2025-04-24,XLU,-0.012879919398114614,-0.00019372539363045373,7,2025Q2
2025-04-24,XLV,-0.02700677334665369,-0.0008104068337251012,7,2025Q2
2025-04-24,XLY,0.0002954239734187514,-0.0006020253754042655,7,2025Q2
2025-04-25,XLB,-0.0013156935440594708,-0.0012906214014616368,7,2025Q2
2025-04-25,XLC,0.003153969912047083,0.0007630301656128503,7,2025Q2
2025-04-25,XLE,-0.0342513575040958,0.0006852756680897288,7,2025Q2
2025-04-25,XLF,0.006959876699154766,-4.0773559831038465e-05,7,2025Q2
2025-04-25,XLI,0.013899922253514552,0.0002522919230925677,7,2025Q2
2025-04-25,XLK,0.009771360146105357,0.0005287257624438991,7,2025Q2
2025-04-25,XLP,-0.02036854348532624,-0.0009314765940102253,7,2025Q2
2025-04-25,XLRE,0.0052672889101004206,-0.001786794431295403,7,2025Q2
2025-04-25,XLU,-0.009584448772357979,-0.00019372539363045373,7,2025Q2
2025-04-25,XLV,-0.025798024338397285,-0.0008104068337251012,7,2025Q2
2025-04-25,XLY,-0.009892434331842503,-0.0006020253754042655,7,2025Q2
2025-04-28,XLB,-0.004497704838708039,-0.0012906214014616368,7,2025Q2
2025-04-28,XLC,0.007950613870087997,0.0007630301656128503,7,2025Q2
2025-04-28,XLE,-0.0527524594688592,0.0006852756680897288,7,2025Q2
2025-04-28,XLF,0.0033822942854522253,-4.0773559831038465e-05,7,2025Q2
2025-04-28,XLI,0.01726764586654661,0.0002522919230925677,7,2025Q2
2025-04-28,XLK,0.01223570997523793,0.0005287257624438991,7,2025Q2
2025-04-28,XLP,-0.011564020982432588,-0.0009314765940102253,7,2025Q2
2025-04-28,XLRE,0.003991343709171646,-0.001786794431295403,7,2025Q2
2025-04-28,XLU,-0.012053701408305306,-0.00019372539363045373,7,2025Q2
2025-04-28,XLV,-0.026301566475842586,-0.0008104068337251012,7,2025Q2
2025-04-28,XLY,-0.014787185846269812,-0.0006020253754042655,7,2025Q2
2025-04-29,XLB,-0.005326163143840823,-0.0012906214014616368,7,2025Q2
2025-04-29,XLC,0.015186026946862663,0.0007630301656128503,7,2025Q2
2025-04-29,XLE,-0.0347953793634479,0.0006852756680897288,7,2025Q2
2025-04-29,XLF,0.001985829264230299,-4.0773559831038465e-05,7,2025Q2
2025-04-29,XLI,0.016403748747161773,0.0002522919230925677,7,2025Q2
2025-04-29,XLK,0.013773597186024222,0.0005287257624438991,7,2025Q2
2025-04-29,XLP,-0.006727961509291447,-0.0009314765940102253,7,2025Q2
2025-04-29,XLRE,0.0035940169321395654,-0.001786794431295403,7,2025Q2
2025-04-29,XLU,0.007302641073748228,-0.00019372539363045373,7,2025Q2
2025-04-29,XLV,-0.04362189389731164,-0.0008104068337251012,7,2025Q2
2025-04-29,XLY,-0.01571747940957602,-0.0006020253754042655,7,2025Q2
2025-04-30,XLB,-0.019787234839275802,-0.0012906214014616368,7,2025Q2
2025-04-30,XLC,0.009140562678668918,0.0007630301656128503,7,2025Q2
2025-04-30,XLE,-0.011298671362555135,0.0006852756680897288,7,2025Q2
2025-04-30,XLF,0.002231154021249182,-4.0773559831038465e-05,7,2025Q2
2025-04-30,XLI,0.010409123900438022,0.0002522919230925677,7,2025Q2
2025-04-30,XLK,0.015893707791284406,0.0005287257624438991,7,2025Q2
2025-04-30,XLP,-0.016196949340760103,-0.0009314765940102253,7,2025Q2
2025-04-30,XLRE,-0.005624389859238743,-0.001786794431295403,7,2025Q2
2025-04-30,XLU,0.011527612399420573,-0.00019372539363045373,7,2025Q2
2025-04-30,XLV,-0.048297663654182865,-0.0008104068337251012,7,2025Q2
2025-04-30,XLY,-0.002642693156788223,-0.0006020253754042655,7,2025Q2
2025-05-01,XLB,-0.001982089029914258,-0.0012906214014616368,7,2025Q2
2025-05-01,XLC,0.0064423717738406605,0.0007630301656128503,7,2025Q2
2025-05-01,XLE,-0.0017753442175021394,0.0006852756680897288,7,2025Q2
2025-05-01,XLF,0.010969134076481035,-4.0773559831038465e-05,7,2025Q2
2025-05-01,XLI,0.016866418699429397,0.0002522919230925677,7,2025Q2
2025-05-01,XLK,0.010823700537947456,0.0005287257624438991,7,2025Q2
2025-05-01,XLP,-0.008594968487621424,-0.0009314765940102253,7,2025Q2
2025-05-01,XLRE,-0.013248672260108396,-0.001786794431295403,7,2025Q2
2025-05-01,XLU,0.00045821241883881036,-0.00019372539363045373,7,2025Q2
2025-05-01,XLV,-0.030096349620150065,-0.0008104068337251012,7,2025Q2
2025-05-01,XLY,0.0037784261204594216,-0.0006020253754042655,7,2025Q2
2025-05-02,XLB,-8.664394603397074e-05,-0.0012906214014616368,7,2025Q2
2025-05-02,XLC,0.001806325116149643,0.0007630301656128503,7,2025Q2
2025-05-02,XLE,0.009759028653707924,0.0006852756680897288,7,2025Q2
2025-05-02,XLF,0.0062795312623749044,-4.0773559831038465e-05,7,2025Q2
2025-05-02,XLI,0.01563858759052983,0.0002522919230925677,7,2025Q2
2025-05-02,XLK,0.008840311071568685,0.0005287257624438991,7,2025Q2
2025-05-02,XLP,-0.0036997079775904496,-0.0009314765940102253,7,2025Q2
2025-05-02,XLRE,-0.003361882270975336,-0.001786794431295403,7,2025Q2
2025-05-02,XLU,0.010414085587083344,-0.00019372539363045373,7,2025Q2
2025-05-02,XLV,-0.03795923508607524,-0.0008104068337251012,7,2025Q2
2025-05-02,XLY,0.009135098682012677,-0.0006020253754042655,7,2025Q2
2025-05-05,XLB,-0.008234520905476161,-0.0012906214014616368,7,2025Q2
2025-05-05,XLC,-0.018696024605413974,0.0007630301656128503,7,2025Q2
2025-05-05,XLE,0.016114189335234785,0.0006852756680897288,7,2025Q2
2025-05-05,XLF,-0.00564509225836507,-4.0773559831038465e-05,7,2025Q2
2025-05-05,XLI,0.007391598214477879,0.0002522919230925677,7,2025Q2
2025-05-05,XLK,0.022239647909205962,0.0005287257624438991,7,2025Q2
2025-05-05,XLP,-0.0402139048789697,-0.0009314765940102253,7,2025Q2
2025-05-05,XLRE,-0.04006092204481004,-0.001786794431295403,7,2025Q2
2025-05-05,XLU,-0.0319291913269526,-0.00019372539363045373,7,2025Q2
2025-05-05,XLV,-0.05035013212458572,-0.0008104068337251012,7,2025Q2
2025-05-05,XLY,0.03156573798511575,-0.0006020253754042655,7,2025Q2
2025-05-06,XLB,-0.021501693581820636,-0.0012906214014616368,7,2025Q2
2025-05-06,XLC,-0.02416236164309593,0.0007630301656128503,7,2025Q2
2025-05-06,XLE,0.015022237347008138,0.0006852756680897288,7,2025Q2
2025-05-06,XLF,-0.011122811697505952,-4.0773559831038465e-05,7,2025Q2
2025-05-06,XLI,0.008336067198980723,0.0002522919230925677,7,2025Q2
2025-05-06,XLK,0.03850920908783695,0.0005287257624438991,7,2025Q2
2025-05-06,XLP,-0.0675114687324978,-0.0009314765940102253,7,2025Q2
2025-05-06,XLRE,-0.06220107560545629,-0.001786794431295403,7,2025Q2
2025-05-06,XLU,-0.060983723904854625,-0.00019372539363045373,7,2025Q2
2025-05-06,XLV,-0.06849206440980382,-0.0008104068337251012,7,2025Q2
2025-05-06,XLY,0.03957047562055349,-0.0006020253754042655,7,2025Q2
2025-05-07,XLB,-0.02224668666666063,-0.0012906214014616368,7,2025Q2
2025-05-07,XLC,-0.01386970711350255,0.0007630301656128503,7,2025Q2
2025-05-07,XLE,0.01123132513687719,0.0006852756680897288,7,2025Q2
2025-05-07,XLF,-0.016986080603109466,-4.0773559831038465e-05,7,2025Q2
2025-05-07,XLI,0.000962980387202439,0.0002522919230925677,7,2025Q2
2025-05-07,XLK,0.03777195961398783,0.0005287257624438991,7,2025Q2
2025-05-07,XLP,-0.07129523883010613,-0.0009314765940102253,7,2025Q2
2025-05-07,XLRE,-0.0668480366139349,-0.001786794431295403,7,2025Q2
2025-05-07,XLU,-0.06507418285481315,-0.00019372539363045373,7,2025Q2
2025-05-07,XLV,-0.09580251468773293,-0.0008104068337251012,7,2025Q2
2025-05-07,XLY,0.038371448327437774,-0.0006020253754042655,7,2025Q2
2025-05-08,XLB,-0.023253089162232232,-0.0012906214014616368,7,2025Q2
2025-05-08,XLC,-0.01004106874722388,0.0007630301656128503,7,2025Q2
2025-05-08,XLE,0.004062622617219791,0.0006852756680897288,7,2025Q2
2025-05-08,XLF,-0.016471235375946414,-4.0773559831038465e-05,7,2025Q2
2025-05-08,XLI,0.0003431389899248849,0.0002522919230925677,7,2025Q2
2025-05-08,XLK,0.031149448202920205,0.0005287257624438991,7,2025Q2
2025-05-08,XLP,-0.04790010620690033,-0.0009314765940102253,7,2025Q2
2025-05-08,XLRE,-0.04180784519485137,-0.001786794431295403,7,2025Q2
2025-05-08,XLU,-0.03383986754602275,-0.00019372539363045373,7,2025Q2
2025-05-08,XLV,-0.0723850028110028,-0.0008104068337251012,7,2025Q2
2025-05-08,XLY,0.025491833098227668,-0.0006020253754042655,7,2025Q2
2025-05-09,XLB,-0.02346481865823713,-0.0012906214014616368,7,2025Q2
2025-05-09,XLC,-0.005576522928692151,0.0007630301656128503,7,2025Q2
2025-05-09,XLE,-0.015910273653392926,0.0006852756680897288,7,2025Q2
2025-05-09,XLF,-0.01821421346321772,-4.0773559831038465e-05,7,2025Q2
2025-05-09,XLI,0.00344011493135854,0.0002522919230925677,7,2025Q2
2025-05-09,XLK,0.026546355099345442,0.0005287257624438991,7,2025Q2
2025-05-09,XLP,-0.03857444792616582,-0.0009314765940102253,7,2025Q2
2025-05-09,XLRE,-0.043298291708548486,-0.001786794431295403,7,2025Q2
2025-05-09,XLU,-0.028733897891681126,-0.00019372539363045373,7,2025Q2
2025-05-09,XLV,-0.049821223794587643,-0.0008104068337251012,7,2025Q2
2025-05-09,XLY,0.022480166550041147,-0.0006020253754042655,7,2025Q2
2025-05-12,XLB,-0.011674886166604947,-0.0012906214014616368,7,2025Q2
2025-05-12,XLC,0.006672726915583516,0.0007630301656128503,7,2025Q2
2025-05-12,XLE,-0.022826258583924286,0.0006852756680897288,7,2025Q2
2025-05-12,XLF,-0.005599938385595138,-4.0773559831038465e-05,7,2025Q2
2025-05-12,XLI,0.007953105367288549,0.0002522919230925677,7,2025Q2
2025-05-12,XLK,0.009740041010247058,0.0005287257624438991,7,2025Q2
2025-05-12,XLP,-0.004546783580329894,-0.0009314765940102253,7,2025Q2
2025-05-12,XLRE,-0.009539080387982901,-0.001786794431295403,7,2025Q2
2025-05-12,XLU,0.014385785446013655,-0.00019372539363045373,7,2025Q2
2025-05-12,XLV,-0.03203801818022256,-0.0008104068337251012,7,2025Q2
2025-05-12,XLY,0.001730302406317108,-0.0006020253754042655,7,2025Q2
2025-05-13,XLB,0.0017229311416051551,-0.0012906214014616368,7,2025Q2
2025-05-13,XLC,0.004333929776948464,0.0007630301656128503,7,2025Q2
2025-05-13,XLE,-0.03565810475071318,0.0006852756680897288,7,2025Q2
2025-05-13,XLF,-0.005151237529468222,-4.0773559831038465e-05,7,2025Q2
2025-05-13,XLI,0.0072417201120877905,0.0002522919230925677,7,2025Q2
2025-05-13,XLK,-0.005727493016065122,0.0005287257624438991,7,2025Q2
2025-05-13,XLP,0.023033663871719456,-0.0009314765940102253,7,2025Q2
2025-05-13,XLRE,0.008984796727323774,-0.001786794431295403,7,2025Q2
2025-05-13,XLU,0.028930082419151626,-0.00019372539363045373,7,2025Q2
2025-05-13,XLV,0.011219236963724732,-0.0008104068337251012,7,2025Q2
2025-05-13,XLY,-0.006757457339869211,-0.0006020253754042655,7,2025Q2
2025-05-14,XLB,0.01578722808510613,-0.0012906214014616368,7,2025Q2
2025-05-14,XLC,0.009837495774974725,0.0007630301656128503,7,2025Q2
2025-05-14,XLE,-0.029486826227256957,0.0006852756680897288,7,2025Q2
2025-05-14,XLF,-0.004710279269016127,-4.0773559831038465e-05,7,2025Q2
2025-05-14,XLI,0.013170741048307066,0.0002522919230925677,7,2025Q2
2025-05-14,XLK,-0.01266515673592361,0.0005287257624438991,7,2025Q2
2025-05-14,XLP,0.03483891379843551,-0.0009314765940102253,7,2025Q2
2025-05-14,XLRE,0.008786207689275516,-0.001786794431295403,7,2025Q2
2025-05-14,XLU,0.03276609800345698,-0.00019372539363045373,7,2025Q2
2025-05-14,XLV,0.029871683580290576,-0.0008104068337251012,7,2025Q2
2025-05-14,XLY,-0.012587807575546672,-0.0006020253754042655,7,2025Q2
2025-05-15,XLB,0.009000303777884744,-0.0012906214014616368,7,2025Q2
2025-05-15,XLC,0.008129236728325662,0.0007630301656128503,7,2025Q2
2025-05-15,XLE,-0.032840014344338586,0.0006852756680897288,7,2025Q2
2025-05-15,XLF,-0.007994025177123443,-4.0773559831038465e-05,7,2025Q2
2025-05-15,XLI,0.006361928914726311,0.0002522919230925677,7,2025Q2
2025-05-15,XLK,-0.009313898189574177,0.0005287257624438991,7,2025Q2
2025-05-15,XLP,0.014453694274666806,-0.0009314765940102253,7,2025Q2
2025-05-15,XLRE,-0.008246092382009684,-0.001786794431295403,7,2025Q2
2025-05-15,XLU,0.0014927828666270182,-0.00019372539363045373,7,2025Q2
2025-05-15,XLV,0.013171660481423708,-0.0008104068337251012,7,2025Q2
2025-05-15,XLY,-0.0017555571623094623,-0.0006020253754042655,7,2025Q2
2025-05-16,XLB,0.009887161187284166,-0.0012906214014616368,7,2025Q2
2025-05-16,XLC,0.00977356008190533,0.0007630301656128503,7,2025Q2
2025-05-16,XLE,-0.015432774187288945,0.0006852756680897288,7,2025Q2
2025-05-16,XLF,-0.00445525653456047,-4.0773559831038465e-05,7,2025Q2
2025-05-16,XLI,0.004878032507778407,0.0002522919230925677,7,2025Q2
2025-05-16,XLK,-0.009003590686526008,0.0005287257624438991,7,2025Q2
2025-05-16,XLP,0.019668671164582485,-0.0009314765940102253,7,2025Q2
2025-05-16,XLRE,-0.0072157932937541025,-0.001786794431295403,7,2025Q2
2025-05-16,XLU,0.011766869631881671,-0.00019372539363045373,7,2025Q2
2025-05-16,XLV,0.004732780289359639,-0.0008104068337251012,7,2025Q2
2025-05-16,XLY,-0.006855164926628521,-0.0006020253754042655,7,2025Q2
2025-05-19,XLB,0.0054179470769498694,-0.0012906214014616368,7,2025Q2
2025-05-19,XLC,0.005631127325404939,0.0007630301656128503,7,2025Q2
2025-05-19,XLE,-0.013573710080306944,0.0006852756680897288,7,2025Q2
2025-05-19,XLF,-0.007146856573422622,-4.0773559831038465e-05,7,2025Q2
2025-05-19,XLI,-0.0004341345841331057,0.0002522919230925677,7,2025Q2
2025-05-19,XLK,-0.0037991301985257353,0.0005287257624438991,7,2025Q2
2025-05-19,XLP,0.00658453123853231,-0.0009314765940102253,7,2025Q2
2025-05-19,XLRE,-0.012544790129530137,-0.001786794431295403,7,2025Q2
2025-05-19,XLU,-0.004200397692374236,-0.00019372539363045373,7,2025Q2
2025-05-19,XLV,-0.010227068137731443,-0.0008104068337251012,7,2025Q2
2025-05-19,XLY,0.004884634588345982,-0.0006020253754042655,7,2025Q2
2025-05-20,XLB,-0.004104798202454352,-0.0012906214014616368,7,2025Q2
2025-05-20,XLC,0.01030898305831185,0.0007630301656128503,7,2025Q2
2025-05-20,XLE,-0.014572269135781357,0.0006852756680897288,7,2025Q2
2025-05-20,XLF,-0.005972243774082453,-4.0773559831038465e-05,7,2025Q2
2025-05-20,XLI,0.0006362486295015124,0.0002522919230925677,7,2025Q2
2025-05-20,XLK,-0.0017630324078588,0.0005287257624438991,7,2025Q2
2025-05-20,XLP,-0.0012911121453168528,-0.0009314765940102253,7,2025Q2
2025-05-20,XLRE,-0.004974066556744927,-0.001786794431295403,7,2025Q2
2025-05-20,XLU,-0.018426696882157256,-0.00019372539363045373,7,2025Q2
2025-05-20,XLV,-0.015268725386831106,-0.0008104068337251012,7,2025Q2
2025-05-20,XLY,0.003312913907472126,-0.0006020253754042655,7,2025Q2
2025-05-21,XLB,-0.008031396250260947,-0.0012906214014616368,7,2025Q2
2025-05-21,XLC,-0.01124521130359657,0.0007630301656128503,7,2025Q2
2025-05-21,XLE,-0.009776308853631344,0.0006852756680897288,7,2025Q2
2025-05-21,XLF,-0.0012003092491437162,-4.0773559831038465e-05,7,2025Q2
2025-05-21,XLI,-0.002358367490117752,0.0002522919230925677,7,2025Q2
2025-05-21,XLK,-0.002086247222020443,0.0005287257624438991,7,2025Q2
2025-05-21,XLP,-0.006578741972859126,-0.0009314765940102253,7,2025Q2
2025-05-21,XLRE,0.010229888125094622,-0.001786794431295403,7,2025Q2
2025-05-21,XLU,-0.014427774053695774,-0.00019372539363045373,7,2025Q2
2025-05-21,XLV,-0.0064077712681114285,-0.0008104068337251012,7,2025Q2
2025-05-21,XLY,0.00335055066531309,-0.0006020253754042655,7,2025Q2
2025-05-22,XLB,-0.00533111701477762,-0.0012906214014616368,7,2025Q2
2025-05-22,XLC,-0.003352942194315478,0.0007630301656128503,7,2025Q2
2025-05-22,XLE,-0.013251588877817522,0.0006852756680897288,7,2025Q2
2025-05-22,XLF,0.0037286404984722132,-4.0773559831038465e-05,7,2025Q2
2025-05-22,XLI,2.4284823627374053e-05,0.0002522919230925677,7,2025Q2
2025-05-22,XLK,-0.003958775794186131,0.0005287257624438991,7,2025Q2
2025-05-22,XLP,0.008014681168952542,-0.0009314765940102253,7,2025Q2
2025-05-22,XLRE,0.016269083919723704,-0.001786794431295403,7,2025Q2
2025-05-22,XLU,0.011917090979567613,-0.00019372539363045373,7,2025Q2
2025-05-22,XLV,0.00520468485757597,-0.0008104068337251012,7,2025Q2
2025-05-22,XLY,-0.004970860052662118,-0.0006020253754042655,7,2025Q2
2025-05-23,XLB,-0.010065408983611857,-0.0012906214014616368,7,2025Q2
2025-05-23,XLC,-0.006416740520203135,0.0007630301656128503,7,2025Q2
2025-05-23,XLE,-0.016044380435149108,0.0006852756680897288,7,2025Q2
2025-05-23,XLF,-0.004902893552718224,-4.0773559831038465e-05,7,2025Q2
2025-05-23,XLI,-0.010631936929990093,0.0002522919230925677,7,2025Q2
2025-05-23,XLK,0.0035868046596552183,0.0005287257624438991,7,2025Q2
2025-05-23,XLP,-0.007798037624332954,-0.0009314765940102253,7,2025Q2
2025-05-23,XLRE,0.004812931960351374,-0.001786794431295403,7,2025Q2
2025-05-23,XLU,-0.009667386400112665,-0.00019372539363045373,7,2025Q2
2025-05-23,XLV,-0.005224376580968304,-0.0008104068337251012,7,2025Q2
2025-05-23,XLY,-0.0061569919347539415,-0.0006020253754042655,7,2025Q2
2025-05-27,XLB,-0.002163932530823809,-0.0012906214014616368,7,2025Q2
2025-05-27,XLC,-0.010419056251582792,0.0007630301656128503,7,2025Q2
2025-05-27,XLE,0.0022842775354043887,0.0006852756680897288,7,2025Q2
2025-05-27,XLF,-0.005411374153342141,-4.0773559831038465e-05,7,2025Q2
2025-05-27,XLI,-0.005356104629673952,0.0002522919230925677,7,2025Q2
2025-05-27,XLK,0.009946593826555716,0.0005287257624438991,7,2025Q2
2025-05-27,XLP,-0.00277000090251156,-0.0009314765940102253,7,2025Q2
2025-05-27,XLRE,-0.00036821254388219593,-0.001786794431295403,7,2025Q2
2025-05-27,XLU,0.0005818175958329785,-0.00019372539363045373,7,2025Q2
2025-05-27,XLV,-0.0017736632992000345,-0.0008104068337251012,7,2025Q2
2025-05-27,XLY,-0.014950405042365,-0.0006020253754042655,7,2025Q2
2025-05-28,XLB,0.00999871865167612,-0.0012906214014616368,7,2025Q2
2025-05-28,XLC,-0.009433320707753046,0.0007630301656128503,7,2025Q2
2025-05-28,XLE,-0.010277765526490512,0.0006852756680897288,7,2025Q2
2025-05-28,XLF,-0.009998634290385722,-4.0773559831038465e-05,7,2025Q2
2025-05-28,XLI,-0.005396585035409185,0.0002522919230925677,7,2025Q2
2025-05-28,XLK,0.010092298241117126,0.0005287257624438991,7,2025Q2
2025-05-28,XLP,-0.008571696175789567,-0.0009314765940102253,7,2025Q2
2025-05-28,XLRE,-0.002816666430043524,-0.001786794431295403,7,2025Q2
2025-05-28,XLU,-0.008612359770426625,-0.00019372539363045373,7,2025Q2
2025-05-28,XLV,-0.0001856324579769808,-0.0008104068337251012,7,2025Q2
2025-05-28,XLY,-0.013998522357287047,-0.0006020253754042655,7,2025Q2
2025-05-29,XLB,0.009047504872811807,-0.0012906214014616368,7,2025Q2
2025-05-29,XLC,0.00897787564420982,0.0007630301656128503,7,2025Q2
2025-05-29,XLE,-0.00982537980468845,0.0006852756680897288,7,2025Q2
2025-05-29,XLF,-0.00901745156506839,-4.0773559831038465e-05,7,2025Q2
2025-05-29,XLI,0.0018518583055739946,0.0002522919230925677,7,2025Q2
2025-05-29,XLK,0.01434322040478686,0.0005287257624438991,7,2025Q2
2025-05-29,XLP,-0.013365888387533609,-0.0009314765940102253,7,2025Q2
2025-05-29,XLRE,-0.003405255162015619,-0.001786794431295403,7,2025Q2
2025-05-29,XLU,-0.008290628860698646,-0.00019372539363045373,7,2025Q2
2025-05-29,XLV,0.0005820495719932595,-0.0008104068337251012,7,2025Q2
2025-05-29,XLY,-0.030762316470184903,-0.0006020253754042655,7,2025Q2
2025-05-30,XLB,0.0001357217644168962,-0.0012906214014616368,7,2025Q2
2025-05-30,XLC,0.006238538069296418,0.0007630301656128503,7,2025Q2
2025-05-30,XLE,0.006516469668874647,0.0006852756680897288,7,2025Q2
2025-05-30,XLF,-0.010263092168597332,-4.0773559831038465e-05,7,2025Q2
2025-05-30,XLI,-0.0017686858207490719,0.0002522919230925677,7,2025Q2
2025-05-30,XLK,0.015721125485844478,0.0005287257624438991,7,2025Q2
2025-05-30,XLP,-0.03030565632043869,-0.0009314765940102253,7,2025Q2
2025-05-30,XLRE,-0.01294799071464392,-0.001786794431295403,7,2025Q2
2025-05-30,XLU,-0.025453659831960795,-0.00019372539363045373,7,2025Q2
2025-05-30,XLV,-0.0034243123029347178,-0.0008104068337251012,7,2025Q2
2025-05-30,XLY,-0.02416647463405397,-0.0006020253754042655,7,2025Q2
2025-06-02,XLB,0.005741894122978541,-0.0012906214014616368,7,2025Q2
2025-06-02,XLC,0.0030589043201361132,0.0007630301656128503,7,2025Q2
2025-06-02,XLE,-1.6203735760500493e-05,0.0006852756680897288,7,2025Q2
2025-06-02,XLF,-0.0113672344300364,-4.0773559831038465e-05,7,2025Q2
2025-06-02,XLI,0.0033834722463086386,0.0002522919230925677,7,2025Q2
2025-06-02,XLK,0.016486859667779852,0.0005287257624438991,7,2025Q2
2025-06-02,XLP,-0.027444873325447094,-0.0009314765940102253,7,2025Q2
2025-06-02,XLRE,-0.010084503264071953,-0.001786794431295403,7,2025Q2
2025-06-02,XLU,-0.030133845456497665,-0.00019372539363045373,7,2025Q2
2025-06-02,XLV,-0.0009849821503660205,-0.0008104068337251012,7,2025Q2
2025-06-02,XLY,-0.013766078037925733,-0.0006020253754042655,7,2025Q2
2025-06-03,XLB,0.001722408925273644,-0.0012906214014616368,7,2025Q2
2025-06-03,XLC,0.01888080654668256,0.0007630301656128503,7,2025Q2
2025-06-03,XLE,0.005981168395009284,0.0006852756680897288,7,2025Q2
2025-06-03,XLF,-0.012117959829924252,-4.0773559831038465e-05,7,2025Q2
2025-06-03,XLI,-0.008734904698732393,0.0002522919230925677,7,2025Q2
2025-06-03,XLK,0.006966752651568875,0.0005287257624438991,7,2025Q2
2025-06-03,XLP,-0.02428680362520219,-0.0009314765940102253,7,2025Q2
2025-06-03,XLRE,0.0024426510518777977,-0.001786794431295403,7,2025Q2
2025-06-03,XLU,-0.030415737540121945,-0.00019372539363045373,7,2025Q2
2025-06-03,XLV,0.008193901573327222,-0.0008104068337251012,7,2025Q2
2025-06-03,XLY,-0.007131170215270322,-0.0006020253754042655,7,2025Q2
2025-06-04,XLB,-0.009452446562637662,-0.0012906214014616368,7,2025Q2
2025-06-04,XLC,0.012597559843064543,0.0007630301656128503,7,2025Q2
2025-06-04,XLE,0.04384731298162059,0.0006852756680897288,7,2025Q2
2025-06-04,XLF,-0.004977136254313619,-4.0773559831038465e-05,7,2025Q2
2025-06-04,XLI,-0.0061914913708811525,0.0002522919230925677,7,2025Q2
2025-06-04,XLK,0.005837515890447786,0.0005287257624438991,7,2025Q2
2025-06-04,XLP,-0.01811205168369412,-0.0009314765940102253,7,2025Q2
2025-06-04,XLRE,-0.0036054641676568355,-0.001786794431295403,7,2025Q2
2025-06-04,XLU,-0.00972939736668288,-0.00019372539363045373,7,2025Q2
2025-06-04,XLV,0.009344189765538191,-0.0008104068337251012,7,2025Q2
2025-06-04,XLY,-0.009809904957355897,-0.0006020253754042655,7,2025Q2
2025-06-05,XLB,-0.00821936527194822,-0.0012906214014616368,7,2025Q2
2025-06-05,XLC,-0.006030604831485764,0.0007630301656128503,7,2025Q2
2025-06-05,XLE,0.03961005213611535,0.0006852756680897288,7,2025Q2
2025-06-05,XLF,-0.011132155763124318,-4.0773559831038465e-05,7,2025Q2
2025-06-05,XLI,-0.017068207244163025,0.0002522919230925677,7,2025Q2
2025-06-05,XLK,0.009230788687179858,0.0005287257624438991,7,2025Q2
2025-06-05,XLP,-0.011533665838639351,-0.0009314765940102253,7,2025Q2
2025-06-05,XLRE,-0.006787534309455001,-0.001786794431295403,7,2025Q2
2025-06-05,XLU,-0.004928380738481897,-0.00019372539363045373,7,2025Q2
2025-06-05,XLV,0.00975423565523581,-0.0008104068337251012,7,2025Q2
2025-06-05,XLY,0.0022966594693618614,-0.0006020253754042655,7,2025Q2
2025-06-06,XLB,-0.0009850604351846481,-0.0012906214014616368,7,2025Q2
2025-06-06,XLC,-0.007323980815789999,0.0007630301656128503,7,2025Q2
2025-06-06,XLE,0.059800056218532904,0.0006852756680897288,7,2025Q2
2025-06-06,XLF,-0.02216924341426041,-4.0773559831038465e-05,7,2025Q2
2025-06-06,XLI,-0.012159946333621274,0.0002522919230925677,7,2025Q2
2025-06-06,XLK,0.006970007404975109,0.0005287257624438991,7,2025Q2
2025-06-06,XLP,-0.005364436076906398,-0.0009314765940102253,7,2025Q2
2025-06-06,XLRE,0.003810563686332924,-0.001786794431295403,7,2025Q2
2025-06-06,XLU,0.006404647416726861,-0.00019372539363045373,7,2025Q2
2025-06-06,XLV,0.016594557472646376,-0.0008104068337251012,7,2025Q2
2025-06-06,XLY,0.0015451095054284103,-0.0006020253754042655,7,2025Q2
2025-06-09,XLB,-0.007831682461040823,-0.0012906214014616368,7,2025Q2
2025-06-09,XLC,0.0039906594415388685,0.0007630301656128503,7,2025Q2
2025-06-09,XLE,0.04609222242130118,0.0006852756680897288,7,2025Q2
2025-06-09,XLF,-0.014218354364157526,-4.0773559831038465e-05,7,2025Q2
2025-06-09,XLI,-0.013082778586885446,0.0002522919230925677,7,2025Q2
2025-06-09,XLK,0.009651028733297151,0.0005287257624438991,7,2025Q2
2025-06-09,XLP,-0.009415514375502143,-0.0009314765940102253,7,2025Q2
2025-06-09,XLRE,-0.003330427286972082,-0.001786794431295403,7,2025Q2
2025-06-09,XLU,-0.0006640043980647992,-0.00019372539363045373,7,2025Q2
2025-06-09,XLV,0.006626105671067917,-0.0008104068337251012,7,2025Q2
2025-06-09,XLY,-0.004301307450006897,-0.0006020253754042655,7,2025Q2
2025-06-10,XLB,-0.009465706867290868,-0.0012906214014616368,7,2025Q2
2025-06-10,XLC,-0.003211297362107346,0.0007630301656128503,7,2025Q2
2025-06-10,XLE,0.05152582524060478,0.0006852756680897288,7,2025Q2
2025-06-10,XLF,-0.006856778629071969,-4.0773559831038465e-05,7,2025Q2
2025-06-10,XLI,-0.002033975241168662,0.0002522919230925677,7,2025Q2
2025-06-10,XLK,0.011070986844275543,0.0005287257624438991,7,2025Q2
2025-06-10,XLP,-0.005841272141558385,-0.0009314765940102253,7,2025Q2
2025-06-10,XLRE,-0.0019267696014195757,-0.001786794431295403,7,2025Q2
2025-06-10,XLU,0.0028955615440705573,-0.00019372539363045373,7,2025Q2
2025-06-10,XLV,-0.007085566302101887,-0.0008104068337251012,7,2025Q2
2025-06-10,XLY,-0.018981873275074057,-0.0006020253754042655,7,2025Q2
2025-06-11,XLB,-0.0051806696884608705,-0.0012906214014616368,7,2025Q2
2025-06-11,XLC,-0.0031483639635815353,0.0007630301656128503,7,2025Q2
2025-06-11,XLE,0.027262560716665107,0.0006852756680897288,7,2025Q2
2025-06-11,XLF,-0.008775559711712289,-4.0773559831038465e-05,7,2025Q2
2025-06-11,XLI,-0.00755520801029963,0.0002522919230925677,7,2025Q2
2025-06-11,XLK,0.011802738679292601,0.0005287257624438991,7,2025Q2
2025-06-11,XLP,-0.006368040002797781,-0.0009314765940102253,7,2025Q2
2025-06-11,XLRE,0.0027090341258227957,-0.001786794431295403,7,2025Q2
2025-06-11,XLU,0.0021927638431453733,-0.00019372539363045373,7,2025Q2
2025-06-11,XLV,-0.011971313151209584,-0.0008104068337251012,7,2025Q2
2025-06-11,XLY,-0.013460950261374727,-0.0006020253754042655,7,2025Q2
2025-06-12,XLB,-0.006823465769659975,-0.0012906214014616368,7,2025Q2
2025-06-12,XLC,0.008062025093655278,0.0007630301656128503,7,2025Q2
2025-06-12,XLE,0.04328663985364978,0.0006852756680897288,7,2025Q2
2025-06-12,XLF,0.0031362805991962395,-4.0773559831038465e-05,7,2025Q2
2025-06-12,XLI,0.0053280083955559165,0.0002522919230925677,7,2025Q2
2025-06-12,XLK,0.007316581898922148,0.0005287257624438991,7,2025Q2
2025-06-12,XLP,0.004216290934223377,-0.0009314765940102253,7,2025Q2
2025-06-12,XLRE,0.006213360827451497,-0.001786794431295403,7,2025Q2
2025-06-12,XLU,0.0021305316150257436,-0.00019372539363045373,7,2025Q2
2025-06-12,XLV,-0.01508730413474857,-0.0008104068337251012,7,2025Q2
2025-06-12,XLY,0.0015072084003855402,-0.0006020253754042655,7,2025Q2
2025-06-13,XLB,-0.010311859135457402,-0.0012906214014616368,7,2025Q2
2025-06-13,XLC,0.007494138659764227,0.0007630301656128503,7,2025Q2
2025-06-13,XLE,-0.02877240915131829,0.0006852756680897288,7,2025Q2
2025-06-13,XLF,0.011937389107265828,-4.0773559831038465e-05,7,2025Q2
2025-06-13,XLI,0.003205917424486726,0.0002522919230925677,7,2025Q2
2025-06-13,XLK,0.01023559701757537,0.0005287257624438991,7,2025Q2
2025-06-13,XLP,0.00015840069914818677,-0.0009314765940102253,7,2025Q2
2025-06-13,XLRE,-0.0012181341177117666,-0.001786794431295403,7,2025Q2
2025-06-13,XLU,-0.007487140936813685,-0.00019372539363045373,7,2025Q2
2025-06-13,XLV,-0.0344396816965159,-0.0008104068337251012,7,2025Q2
2025-06-13,XLY,0.007286194835517179,-0.0006020253754042655,7,2025Q2
2025-06-16,XLB,-0.012023101172457085,-0.0012906214014616368,7,2025Q2
2025-06-16,XLC,0.001726859564687544,0.0007630301656128503,7,2025Q2
2025-06-16,XLE,-0.04015904884110233,0.0006852756680897288,7,2025Q2
2025-06-16,XLF,0.013976787973543958,-4.0773559831038465e-05,7,2025Q2
2025-06-16,XLI,0.0031531904597628113,0.0002522919230925677,7,2025Q2
2025-06-16,XLK,0.010478159153324285,0.0005287257624438991,7,2025Q2
2025-06-16,XLP,-0.005448600617316446,-0.0009314765940102253,7,2025Q2
2025-06-16,XLRE,0.0010673131196119456,-0.001786794431295403,7,2025Q2
2025-06-16,XLU,0.00023235308848490455,-0.00019372539363045373,7,2025Q2
2025-06-16,XLV,-0.021024448569093024,-0.0008104068337251012,7,2025Q2
2025-06-16,XLY,0.000532816175343287,-0.0006020253754042655,7,2025Q2
2025-06-17,XLB,-0.021091805394197194,-0.0012906214014616368,7,2025Q2
2025-06-17,XLC,0.001258660826979563,0.0007630301656128503,7,2025Q2
2025-06-17,XLE,-0.06251906275012131,0.0006852756680897288,7,2025Q2
2025-06-17,XLF,0.0072388131832732405,-4.0773559831038465e-05,7,2025Q2
2025-06-17,XLI,-0.007420851991757571,0.0002522919230925677,7,2025Q2
2025-06-17,XLK,0.017225915701165828,0.0005287257624438991,7,2025Q2
2025-06-17,XLP,-0.01965054580862835,-0.0009314765940102253,7,2025Q2
2025-06-17,XLRE,-0.028740974258462337,-0.001786794431295403,7,2025Q2
2025-06-17,XLU,-0.014182570769893266,-0.00019372539363045373,7,2025Q2
2025-06-17,XLV,-0.012827705617439955,-0.0008104068337251012,7,2025Q2
2025-06-17,XLY,-0.003117344232083319,-0.0006020253754042655,7,2025Q2
2025-06-18,XLB,-0.015303495504121356,-0.0012906214014616368,7,2025Q2
2025-06-18,XLC,0.004454272768671164,0.0007630301656128503,7,2025Q2
2025-06-18,XLE,-0.050606277367752917,0.0006852756680897288,7,2025Q2
2025-06-18,XLF,0.007109392214694532,-4.0773559831038465e-05,7,2025Q2
2025-06-18,XLI,-0.0021433490673112843,0.0002522919230925677,7,2025Q2
2025-06-18,XLK,0.015000955499891777,0.0005287257624438991,7,2025Q2
2025-06-18,XLP,-0.02738567766879163,-0.0009314765940102253,7,2025Q2
2025-06-18,XLRE,-0.04494655207022247,-0.001786794431295403,7,2025Q2
2025-06-18,XLU,-0.016581056998439925,-0.00019372539363045373,7,2025Q2
2025-06-18,XLV,-0.01679790442222262,-0.0008104068337251012,7,2025Q2
2025-06-18,XLY,-0.002388095558203629,-0.0006020253754042655,7,2025Q2
2025-06-20,XLB,-0.01770432469866967,-0.0012906214014616368,7,2025Q2
2025-06-20,XLC,0.012349123356656166,0.0007630301656128503,7,2025Q2
2025-06-20,XLE,-0.07607188455014602,0.0006852756680897288,7,2025Q2
2025-06-20,XLF,-0.0033401696651311763,-4.0773559831038465e-05,7,2025Q2
2025-06-20,XLI,-0.0036684096943695454,0.0002522919230925677,7,2025Q2
2025-06-20,XLK,0.007815032955818646,0.0005287257624438991,7,2025Q2
2025-06-20,XLP,-0.04051531287985033,-0.0009314765940102253,7,2025Q2
2025-06-20,XLRE,-0.051687740119846115,-0.001786794431295403,7,2025Q2
2025-06-20,XLU,-0.027905660104750707,-0.00019372539363045373,7,2025Q2
2025-06-20,XLV,-0.024684110186289576,-0.0008104068337251012,7,2025Q2
2025-06-20,XLY,0.002830815983970947,-0.0006020253754042655,7,2025Q2
2025-06-23,XLB,-0.0194857255320402,-0.0012906214014616368,7,2025Q2
2025-06-23,XLC,0.015169997085866527,0.0007630301656128503,7,2025Q2
2025-06-23,XLE,-0.043673726459702245,0.0006852756680897288,7,2025Q2
2025-06-23,XLF,0.0010071763837864456,-4.0773559831038465e-05,7,2025Q2
2025-06-23,XLI,-0.004051225480853571,0.0002522919230925677,7,2025Q2
2025-06-23,XLK,0.013121009520346893,0.0005287257624438991,7,2025Q2
2025-06-23,XLP,-0.03477518212584474,-0.0009314765940102253,7,2025Q2
2025-06-23,XLRE,-0.044708984427692555,-0.001786794431295403,7,2025Q2
2025-06-23,XLU,-0.02432275978272802,-0.00019372539363045373,7,2025Q2
2025-06-23,XLV,-0.00959250577791404,-0.0008104068337251012,7,2025Q2
2025-06-23,XLY,-0.015826582067169914,-0.0006020253754042655,7,2025Q2
2025-06-24,XLB,0.00969242630147904,-0.0012906214014616368,7,2025Q2
2025-06-24,XLC,0.006128337608521495,0.0007630301656128503,7,2025Q2
2025-06-24,XLE,-0.011436789093823618,0.0006852756680897288,7,2025Q2
2025-06-24,XLF,0.003024112394872658,-4.0773559831038465e-05,7,2025Q2
2025-06-24,XLI,0.0024221767168546293,0.0002522919230925677,7,2025Q2
2025-06-24,XLK,-0.002827680228571161,0.0005287257624438991,7,2025Q2
2025-06-24,XLP,-0.009922104977069024,-0.0009314765940102253,7,2025Q2
2025-06-24,XLRE,-0.03116553726921123,-0.001786794431295403,7,2025Q2
2025-06-24,XLU,-0.013624494412226795,-0.00019372539363045373,7,2025Q2
2025-06-24,XLV,0.00398739373893453,-0.0008104068337251012,7,2025Q2
2025-06-24,XLY,-0.005529616849461405,-0.0006020253754042655,7,2025Q2
2025-06-25,XLB,0.031142243731143937,-0.0012906214014616368,7,2025Q2
2025-06-25,XLC,-0.0006653688713404993,0.0007630301656128503,7,2025Q2
2025-06-25,XLE,0.006314520415616531,0.0006852756680897288,7,2025Q2
2025-06-25,XLF,0.0015801562878980935,-4.0773559831038465e-05,7,2025Q2
2025-06-25,XLI,0.008507086977382894,0.0002522919230925677,7,2025Q2
2025-06-25,XLK,-0.004831596939233851,0.0005287257624438991,7,2025Q2
2025-06-25,XLP,0.0027198513827342286,-0.0009314765940102253,7,2025Q2
2025-06-25,XLRE,-0.008616319585321941,-0.001786794431295403,7,2025Q2
2025-06-25,XLU,-0.012887797719647986,-0.00019372539363045373,7,2025Q2
2025-06-25,XLV,-0.011052461253665768,-0.0008104068337251012,7,2025Q2
2025-06-25,XLY,0.010712267001402598,-0.0006020253754042655,7,2025Q2
2025-06-26,XLB,0.01888321859239306,-0.0012906214014616368,7,2025Q2
2025-06-26,XLC,-0.006887166472710149,0.0007630301656128503,7,2025Q2
2025-06-26,XLE,-0.007087366497418701,0.0006852756680897288,7,2025Q2
2025-06-26,XLF,0.005017765407217434,-4.0773559831038465e-05,7,2025Q2
2025-06-26,XLI,0.006057626584049736,0.0002522919230925677,7,2025Q2
2025-06-26,XLK,0.0014451127421646337,0.0005287257624438991,7,2025Q2
2025-06-26,XLP,0.0030572423894548173,-0.0009314765940102253,7,2025Q2
2025-06-26,XLRE,-0.0017557543030448652,-0.001786794431295403,7,2025Q2
2025-06-26,XLU,-0.013760199061690903,-0.00019372539363045373,7,2025Q2
2025-06-26,XLV,-0.012477898468556958,-0.0008104068337251012,7,2025Q2
2025-06-26,XLY,0.006821387899115683,-0.0006020253754042655,7,2025Q2
2025-06-27,XLB,0.020198945571827442,-0.0012906214014616368,7,2025Q2
2025-06-27,XLC,-0.015698494443780464,0.0007630301656128503,7,2025Q2
2025-06-27,XLE,0.0010502761743858002,0.0006852756680897288,7,2025Q2
2025-06-27,XLF,0.004863721302929447,-4.0773559831038465e-05,7,2025Q2
2025-06-27,XLI,0.004990789162491405,0.0002522919230925677,7,2025Q2
2025-06-27,XLK,0.007165541976348555,0.0005287257624438991,7,2025Q2
2025-06-27,XLP,0.009983365872046068,-0.0009314765940102253,7,2025Q2
2025-06-27,XLRE,-0.0006286232011303294,-0.001786794431295403,7,2025Q2
2025-06-27,XLU,-0.0010224886127858657,-0.00019372539363045373,7,2025Q2
2025-06-27,XLV,-0.006172854594439059,-0.0008104068337251012,7,2025Q2
2025-06-27,XLY,-0.010252694205905688,-0.0006020253754042655,7,2025Q2
2025-06-30,XLB,0.03491762365492668,-0.0012906214014616368,7,2025Q2
2025-06-30,XLC,-0.020154678244818758,0.0007630301656128503,7,2025Q2
2025-06-30,XLE,0.03959682639219331,0.0006852756680897288,7,2025Q2
2025-06-30,XLF,-0.00708528866007152,-4.0773559831038465e-05,7,2025Q2
2025-06-30,XLI,0.0050534097055126015,0.0002522919230925677,7,2025Q2
2025-06-30,XLK,0.008053771923701492,0.0005287257624438991,7,2025Q2
2025-06-30,XLP,0.0006629918142015967,-0.0009314765940102253,7,2025Q2
2025-06-30,XLRE,-0.0040301043942705395,-0.001786794431295403,7,2025Q2
2025-06-30,XLU,-0.010397971158904284,-0.00019372539363045373,7,2025Q2
2025-06-30,XLV,-0.0026946937554990225,-0.0008104068337251012,7,2025Q2
2025-06-30,XLY,-0.0025116761975190194,-0.0006020253754042655,7,2025Q2
2025-07-01,XLB,0.00849406785790241,-0.0014861875487923108,8,2025Q3
2025-07-01,XLC,-0.016873962671093756,0.0007248271825723336,8,2025Q3
2025-07-01,XLE,0.020045544164788875,-0.00017532984079162884,8,2025Q3
2025-07-01,XLF,-0.015315379658555894,-0.00027696815286046864,8,2025Q3
2025-07-01,XLI,0.002391361653638846,0.0003664187592258166,8,2025Q3
2025-07-01,XLK,0.0169558984773015,0.0012046048092157775,8,2025Q3
2025-07-01,XLP,-0.024527838451178896,-0.001660693917195347,8,2025Q3
2025-07-01,XLRE,-0.01757229042314601,-0.002373935355399641,8,2025Q3
2025-07-01,XLU,-0.010866207888636459,-0.000753083921007072,8,2025Q3
2025-07-01,XLV,-0.019302045526239264,-0.001866030109675589,8,2025Q3
2025-07-01,XLY,-0.007216678642067764,-0.000632498292427125,8,2025Q3
2025-07-02,XLB,0.0005323479859549174,-0.0014861875487923108,8,2025Q3
2025-07-02,XLC,-0.01563499915494615,0.0007248271825723336,8,2025Q3
2025-07-02,XLE,0.012051306964604658,-0.00017532984079162884,8,2025Q3
2025-07-02,XLF,-0.006944632178818022,-0.00027696815286046864,8,2025Q3
2025-07-02,XLI,0.008758598449846833,0.0003664187592258166,8,2025Q3
2025-07-02,XLK,0.00459315808677907,0.0012046048092157775,8,2025Q3
2025-07-02,XLP,-0.022155373336326778,-0.001660693917195347,8,2025Q3
2025-07-02,XLRE,-0.012723940965190694,-0.002373935355399641,8,2025Q3
2025-07-02,XLU,0.007841359875220943,-0.000753083921007072,8,2025Q3
2025-07-02,XLV,-0.0015628098800402057,-0.001866030109675589,8,2025Q3
2025-07-02,XLY,-0.002473471258745974,-0.000632498292427125,8,2025Q3
2025-07-03,XLB,0.004392180425108472,-0.0014861875487923108,8,2025Q3
2025-07-03,XLC,-0.01603883355651492,0.0007248271825723336,8,2025Q3
2025-07-03,XLE,0.026880114205118155,-0.00017532984079162884,8,2025Q3
2025-07-03,XLF,-0.016614038481208793,-0.00027696815286046864,8,2025Q3
2025-07-03,XLI,0.007970688440201434,0.0003664187592258166,8,2025Q3
2025-07-03,XLK,-0.001569234754724258,0.0012046048092157775,8,2025Q3
2025-07-03,XLP,-0.01392021907762886,-0.001660693917195347,8,2025Q3
2025-07-03,XLRE,-0.0027518886185244895,-0.002373935355399641,8,2025Q3
2025-07-03,XLU,0.010204071663411862,-0.000753083921007072,8,2025Q3
2025-07-03,XLV,0.0004626808477442568,-0.001866030109675589,8,2025Q3
2025-07-03,XLY,0.0037450338105081693,-0.000632498292427125,8,2025Q3
2025-07-07,XLB,-0.0009075010704286957,-0.0014861875487923108,8,2025Q3
2025-07-07,XLC,-0.006186702675811118,0.0007248271825723336,8,2025Q3
2025-07-07,XLE,0.01608646473416031,-0.00017532984079162884,8,2025Q3
2025-07-07,XLF,-0.009121722084123651,-0.00027696815286046864,8,2025Q3
2025-07-07,XLI,0.0075165918893176364,0.0003664187592258166,8,2025Q3
2025-07-07,XLK,-0.00382957689253427,0.0012046048092157775,8,2025Q3
2025-07-07,XLP,-0.0216338974009177,-0.001660693917195347,8,2025Q3
2025-07-07,XLRE,0.002265969031756798,-0.002373935355399641,8,2025Q3
2025-07-07,XLU,0.002735106494941908,-0.000753083921007072,8,2025Q3
2025-07-07,XLV,-0.0016673892397360834,-0.001866030109675589,8,2025Q3
2025-07-07,XLY,0.010974212732767885,-0.000632498292427125,8,2025Q3
2025-07-08,XLB,-0.02581076535587179,-0.0014861875487923108,8,2025Q3
2025-07-08,XLC,-0.010300023798947011,0.0007248271825723336,8,2025Q3
2025-07-08,XLE,-0.02131763277977894,-0.00017532984079162884,8,2025Q3
2025-07-08,XLF,-0.013627549163235941,-0.00027696815286046864,8,2025Q3
2025-07-08,XLI,0.00395044118841259,0.0003664187592258166,8,2025Q3
2025-07-08,XLK,0.0034193299448814773,0.0012046048092157775,8,2025Q3
2025-07-08,XLP,-0.018636115226697503,-0.001660693917195347,8,2025Q3
2025-07-08,XLRE,-0.005557356460975216,-0.002373935355399641,8,2025Q3
2025-07-08,XLU,0.00757408638860646,-0.000753083921007072,8,2025Q3
2025-07-08,XLV,-0.020461092244741352,-0.001866030109675589,8,2025Q3
2025-07-08,XLY,0.0035763586129200498,-0.000632498292427125,8,2025Q3
2025-07-09,XLB,-0.026405873509810274,-0.0014861875487923108,8,2025Q3
2025-07-09,XLC,-0.007261803126832778,0.0007248271825723336,8,2025Q3
2025-07-09,XLE,-0.022173260461999744,-0.00017532984079162884,8,2025Q3
2025-07-09,XLF,-0.007699133695551419,-0.00027696815286046864,8,2025Q3
2025-07-09,XLI,0.0031458825748373886,0.0003664187592258166,8,2025Q3
2025-07-09,XLK,0.0031567160521817073,0.0012046048092157775,8,2025Q3
2025-07-09,XLP,-0.006071777833594472,-0.001660693917195347,8,2025Q3
2025-07-09,XLRE,0.008439266569964632,-0.002373935355399641,8,2025Q3
2025-07-09,XLU,0.0013309159833532203,-0.000753083921007072,8,2025Q3
2025-07-09,XLV,-0.009408352538777587,-0.001866030109675589,8,2025Q3
2025-07-09,XLY,0.002118585850721777,-0.000632498292427125,8,2025Q3
2025-07-10,XLB,-0.028040680660570083,-0.0014861875487923108,8,2025Q3
2025-07-10,XLC,-0.003734787306757137,0.0007248271825723336,8,2025Q3
2025-07-10,XLE,-0.026876546828894732,-0.00017532984079162884,8,2025Q3
2025-07-10,XLF,-0.007341692306030989,-0.00027696815286046864,8,2025Q3
2025-07-10,XLI,0.0034846297049011543,0.0003664187592258166,8,2025Q3
2025-07-10,XLK,0.012329376041682716,0.0012046048092157775,8,2025Q3
2025-07-10,XLP,-0.0035473458822024018,-0.001660693917195347,8,2025Q3
2025-07-10,XLRE,-0.0009037505926086098,-0.002373935355399641,8,2025Q3
2025-07-10,XLU,-0.0059695331172755495,-0.000753083921007072,8,2025Q3
2025-07-10,XLV,-0.029955796586427663,-0.001866030109675589,8,2025Q3
2025-07-10,XLY,-0.008742268410096954,-0.000632498292427125,8,2025Q3
2025-07-11,XLB,-0.020554566300573507,-0.0014861875487923108,8,2025Q3
2025-07-11,XLC,-0.004652067822728423,0.0007248271825723336,8,2025Q3
2025-07-11,XLE,-0.041916047997380024,-0.00017532984079162884,8,2025Q3
2025-07-11,XLF,0.0009352552275916359,-0.00027696815286046864,8,2025Q3
2025-07-11,XLI,0.0020387940674206906,0.0003664187592258166,8,2025Q3
2025-07-11,XLK,0.013349021561632535,0.0012046048092157775,8,2025Q3
2025-07-11,XLP,-0.005360044357969773,-0.001660693917195347,8,2025Q3
2025-07-11,XLRE,0.00014504771302892294,-0.002373935355399641,8,2025Q3
2025-07-11,XLU,0.009417110748877855,-0.000753083921007072,8,2025Q3
2025-07-11,XLV,-0.03112996019065417,-0.001866030109675589,8,2025Q3
2025-07-11,XLY,-0.0030081069228922175,-0.000632498292427125,8,2025Q3
2025-07-14,XLB,-0.009963901897289906,-0.0014861875487923108,8,2025Q3
2025-07-14,XLC,-0.0011067263560686769,0.0007248271825723336,8,2025Q3
2025-07-14,XLE,-0.041278369157406125,-0.00017532984079162884,8,2025Q3
2025-07-14,XLF,-0.00938264604466399,-0.00027696815286046864,8,2025Q3
2025-07-14,XLI,-0.008655654032553528,0.0003664187592258166,8,2025Q3
2025-07-14,XLK,0.015528760799612407,0.0012046048092157775,8,2025Q3
2025-07-14,XLP,-0.0063379267297258846,-0.001660693917195347,8,2025Q3
2025-07-14,XLRE,-0.002753697339044958,-0.002373935355399641,8,2025Q3
2025-07-14,XLU,0.00864153690883418,-0.000753083921007072,8,2025Q3
2025-07-14,XLV,-0.035516627759126784,-0.001866030109675589,8,2025Q3
2025-07-14,XLY,-0.0019734722865312193,-0.000632498292427125,8,2025Q3
2025-07-15,XLB,0.02049765276725224,-0.0014861875487923108,8,2025Q3
2025-07-15,XLC,0.006841746552859851,0.0007248271825723336,8,2025Q3
2025-07-15,XLE,-0.027030709099424732,-0.00017532984079162884,8,2025Q3
2025-07-15,XLF,0.009140489415868869,-0.00027696815286046864,8,2025Q3
2025-07-15,XLI,-0.0031953424635744465,0.0003664187592258166,8,2025Q3
2025-07-15,XLK,-0.007311837939820709,0.0012046048092157775,8,2025Q3
2025-07-15,XLP,0.008556634364547122,-0.001660693917195347,8,2025Q3
2025-07-15,XLRE,0.023572816193101254,-0.002373935355399641,8,2025Q3
2025-07-15,XLU,0.026520197256895583,-0.000753083921007072,8,2025Q3
2025-07-15,XLV,-0.0037878526708354787,-0.001866030109675589,8,2025Q3
2025-07-15,XLY,0.01845862653259278,-0.000632498292427125,8,2025Q3
2025-07-16,XLB,0.015994236932103778,-0.0014861875487923108,8,2025Q3
2025-07-16,XLC,0.004125836090755675,0.0007248271825723336,8,2025Q3
2025-07-16,XLE,-0.008108930580450924,-0.00017532984079162884,8,2025Q3
2025-07-16,XLF,0.004953535213253701,-0.00027696815286046864,8,2025Q3
2025-07-16,XLI,0.006069027507142666,0.0003664187592258166,8,2025Q3
2025-07-16,XLK,-0.00989674865304524,0.0012046048092157775,8,2025Q3
2025-07-16,XLP,0.00017524297205318007,-0.001660693917195347,8,2025Q3
2025-07-16,XLRE,0.01009755960879799,-0.002373935355399641,8,2025Q3
2025-07-16,XLU,0.013009802489754918,-0.000753083921007072,8,2025Q3
2025-07-16,XLV,-0.0009574180234288576,-0.001866030109675589,8,2025Q3
2025-07-16,XLY,0.016255561374458827,-0.000632498292427125,8,2025Q3
2025-07-17,XLB,0.0040620535259439094,-0.0014861875487923108,8,2025Q3
2025-07-17,XLC,0.008120376504430427,0.0007248271825723336,8,2025Q3
2025-07-17,XLE,-0.0012732897557843348,-0.00017532984079162884,8,2025Q3
2025-07-17,XLF,0.0005060466826323218,-0.00027696815286046864,8,2025Q3
2025-07-17,XLI,0.0008427288981283088,0.0003664187592258166,8,2025Q3
2025-07-17,XLK,-0.008894511401301486,0.0012046048092157775,8,2025Q3
2025-07-17,XLP,-0.007076354621722736,-0.001660693917195347,8,2025Q3
2025-07-17,XLRE,0.015488582995397682,-0.002373935355399641,8,2025Q3
2025-07-17,XLU,0.013272272125344875,-0.000753083921007072,8,2025Q3
2025-07-17,XLV,0.012746776052588338,-0.001866030109675589,8,2025Q3
2025-07-17,XLY,0.0015569685451743975,-0.000632498292427125,8,2025Q3
2025-07-18,XLB,0.00866125542649332,-0.0014861875487923108,8,2025Q3
2025-07-18,XLC,-0.001702952695499249,0.0007248271825723336,8,2025Q3
2025-07-18,XLE,-0.001907398478716793,-0.00017532984079162884,8,2025Q3
2025-07-18,XLF,0.001960425066126481,-0.00027696815286046864,8,2025Q3
2025-07-18,XLI,0.008137102763942083,0.0003664187592258166,8,2025Q3
2025-07-18,XLK,-0.010953044409090618,0.0012046048092157775,8,2025Q3
2025-07-18,XLP,-0.007628275591474942,-0.001660693917195347,8,2025Q3
2025-07-18,XLRE,0.00753616413700442,-0.002373935355399641,8,2025Q3
2025-07-18,XLU,-0.005975350945327529,-0.000753083921007072,8,2025Q3
2025-07-18,XLV,0.02002479396120771,-0.001866030109675589,8,2025Q3
2025-07-18,XLY,-0.0030165248749323137,-0.000632498292427125,8,2025Q3
2025-07-21,XLB,-0.009133895958458371,-0.0014861875487923108,8,2025Q3
2025-07-21,XLC,-0.018290527961320024,0.0007248271825723336,8,2025Q3
2025-07-21,XLE,0.022506553856113776,-0.00017532984079162884,8,2025Q3
2025-07-21,XLF,-1.4046214255047929e-05,-0.00027696815286046864,8,2025Q3
2025-07-21,XLI,0.012560605593923135,0.0003664187592258166,8,2025Q3
2025-07-21,XLK,-0.002083696350519748,0.0012046048092157775,8,2025Q3
2025-07-21,XLP,-0.015713701598840113,-0.001660693917195347,8,2025Q3
2025-07-21,XLRE,-0.011803146278789312,-0.002373935355399641,8,2025Q3
2025-07-21,XLU,-0.017754393714207062,-0.000753083921007072,8,2025Q3
2025-07-21,XLV,0.019045434667052996,-0.001866030109675589,8,2025Q3
2025-07-21,XLY,0.0002668380629449185,-0.000632498292427125,8,2025Q3
2025-07-22,XLB,-0.023774448241858148,-0.0014861875487923108,8,2025Q3
2025-07-22,XLC,-0.02630916893940194,0.0007248271825723336,8,2025Q3
2025-07-22,XLE,0.030538894769407188,-0.00017532984079162884,8,2025Q3
2025-07-22,XLF,-0.007899241618615438,-0.00027696815286046864,8,2025Q3
2025-07-22,XLI,0.0012782904194106326,0.0003664187592258166,8,2025Q3
2025-07-22,XLK,0.01022392047274745,0.0012046048092157775,8,2025Q3
2025-07-22,XLP,-0.01544546253570489,-0.001660693917195347,8,2025Q3
2025-07-22,XLRE,-0.009709090716116364,-0.002373935355399641,8,2025Q3
2025-07-22,XLU,-0.01570330702835021,-0.000753083921007072,8,2025Q3
2025-07-22,XLV,-0.0034370875327938144,-0.001866030109675589,8,2025Q3
2025-07-22,XLY,-0.013991231453108544,-0.000632498292427125,8,2025Q3
2025-07-23,XLB,-0.037146142629548295,-0.0014861875487923108,8,2025Q3
2025-07-23,XLC,-0.0188358693912144,0.0007248271825723336,8,2025Q3
2025-07-23,XLE,0.009627695680892945,-0.00017532984079162884,8,2025Q3
2025-07-23,XLF,-0.007927147883997843,-0.00027696815286046864,8,2025Q3
2025-07-23,XLI,-0.011647687588273059,0.0003664187592258166,8,2025Q3
2025-07-23,XLK,0.016471612328336604,0.0012046048092157775,8,2025Q3
2025-07-23,XLP,-0.014846120163593768,-0.001660693917195347,8,2025Q3
2025-07-23,XLRE,-0.01673024720783378,-0.002373935355399641,8,2025Q3
2025-07-23,XLU,0.009083358854812262,-0.000753083921007072,8,2025Q3
2025-07-23,XLV,-0.015658005684445975,-0.001866030109675589,8,2025Q3
2025-07-23,XLY,-0.01518121393078764,-0.000632498292427125,8,2025Q3
2025-07-24,XLB,-0.03530819591833123,-0.0014861875487923108,8,2025Q3
2025-07-24,XLC,-0.007542375083217201,0.0007248271825723336,8,2025Q3
2025-07-24,XLE,0.001172109556663803,-0.00017532984079162884,8,2025Q3
2025-07-24,XLF,-0.009501717938398935,-0.00027696815286046864,8,2025Q3
2025-07-24,XLI,-0.00582485161055335,0.0003664187592258166,8,2025Q3
2025-07-24,XLK,0.008853104740573214,0.0012046048092157775,8,2025Q3
2025-07-24,XLP,-0.01573145403026399,-0.001660693917195347,8,2025Q3
2025-07-24,XLRE,-0.028562117513838303,-0.002373935355399641,8,2025Q3
2025-07-24,XLU,0.019939891109477803,-0.000753083921007072,8,2025Q3
2025-07-24,XLV,-0.035572051324696985,-0.001866030109675589,8,2025Q3
2025-07-24,XLY,-0.0024606042573727116,-0.000632498292427125,8,2025Q3
2025-07-25,XLB,-0.0370264083149725,-0.0014861875487923108,8,2025Q3
2025-07-25,XLC,0.010202707509762043,0.0007248271825723336,8,2025Q3
2025-07-25,XLE,0.006804242314260911,-0.00017532984079162884,8,2025Q3
2025-07-25,XLF,-0.01403301543201474,-0.00027696815286046864,8,2025Q3
2025-07-25,XLI,-0.009732515844055989,0.0003664187592258166,8,2025Q3
2025-07-25,XLK,0.0053612945395913325,0.0012046048092157775,8,2025Q3
2025-07-25,XLP,0.007698919471184951,-0.001660693917195347,8,2025Q3
2025-07-25,XLRE,-0.010914282111089357,-0.002373935355399641,8,2025Q3
2025-07-25,XLU,0.03928498179643425,-0.000753083921007072,8,2025Q3
2025-07-25,XLV,-0.015059245504109642,-0.001866030109675589,8,2025Q3
2025-07-25,XLY,-0.014904144166674183,-0.000632498292427125,8,2025Q3
2025-07-28,XLB,-0.025654892557754883,-0.0014861875487923108,8,2025Q3
2025-07-28,XLC,0.01952231622392253,0.0007248271825723336,8,2025Q3
2025-07-28,XLE,-0.021478012798185953,-0.00017532984079162884,8,2025Q3
2025-07-28,XLF,-0.012798985449727796,-0.00027696815286046864,8,2025Q3
2025-07-28,XLI,-0.012881389439354018,0.0003664187592258166,8,2025Q3
2025-07-28,XLK,0.0022806890320902218,0.0012046048092157775,8,2025Q3
2025-07-28,XLP,0.007695188977368872,-0.001660693917195347,8,2025Q3
2025-07-28,XLRE,-0.0006913592176204242,-0.002373935355399641,8,2025Q3
2025-07-28,XLU,0.053306725658159304,-0.000753083921007072,8,2025Q3
2025-07-28,XLV,-0.0077937487733632516,-0.001866030109675589,8,2025Q3
2025-07-28,XLY,-0.02432155536478653,-0.000632498292427125,8,2025Q3
2025-07-29,XLB,-0.0126752438845259,-0.0014861875487923108,8,2025Q3
2025-07-29,XLC,0.022783569543556537,0.0007248271825723336,8,2025Q3
2025-07-29,XLE,-0.027197795746133235,-0.00017532984079162884,8,2025Q3
2025-07-29,XLF,-0.00935771705023658,-0.00027696815286046864,8,2025Q3
2025-07-29,XLI,-0.0012248747152666661,0.0003664187592258166,8,2025Q3
2025-07-29,XLK,-0.003557137702286939,0.0012046048092157775,8,2025Q3
2025-07-29,XLP,0.0026075290802392015,-0.001660693917195347,8,2025Q3
2025-07-29,XLRE,-0.011214442196435415,-0.002373935355399641,8,2025Q3
2025-07-29,XLU,0.03287547440558436,-0.000753083921007072,8,2025Q3
2025-07-29,XLV,-0.002881298096134244,-0.001866030109675589,8,2025Q3
2025-07-29,XLY,-0.01394509425024859,-0.000632498292427125,8,2025Q3
2025-07-30,XLB,-0.012208578651892732,-0.0014861875487923108,8,2025Q3
2025-07-30,XLC,0.01467234567922815,0.0007248271825723336,8,2025Q3
2025-07-30,XLE,-0.031111203020857237,-0.00017532984079162884,8,2025Q3
2025-07-30,XLF,-0.011583577984499382,-0.00027696815286046864,8,2025Q3
2025-07-30,XLI,-0.004391552617476369,0.0003664187592258166,8,2025Q3
2025-07-30,XLK,-0.0035104588637480116,0.0012046048092157775,8,2025Q3
2025-07-30,XLP,0.016938961205916536,-0.001660693917195347,8,2025Q3
2025-07-30,XLRE,-0.01443392946707378,-0.002373935355399641,8,2025Q3
2025-07-30,XLU,0.0074595628928109114,-0.000753083921007072,8,2025Q3
2025-07-30,XLV,-0.024775881004955425,-0.001866030109675589,8,2025Q3
2025-07-30,XLY,0.003812795618705511,-0.000632498292427125,8,2025Q3
2025-07-31,XLB,0.0017827963894871957,-0.0014861875487923108,8,2025Q3
2025-07-31,XLC,-0.0015723701111278743,0.0007248271825723336,8,2025Q3
2025-07-31,XLE,-0.03260469461112048,-0.00017532984079162884,8,2025Q3
2025-07-31,XLF,-0.019363854958307503,-0.00027696815286046864,8,2025Q3
2025-07-31,XLI,-0.00882102223988357,0.0003664187592258166,8,2025Q3
2025-07-31,XLK,0.001824370901776673,0.0012046048092157775,8,2025Q3
2025-07-31,XLP,0.03056584239109128,-0.001660693917195347,8,2025Q3
2025-07-31,XLRE,0.004077822843977952,-0.002373935355399641,8,2025Q3
2025-07-31,XLU,0.010003020556106357,-0.000753083921007072,8,2025Q3
2025-07-31,XLV,-0.011156019156132624,-0.001866030109675589,8,2025Q3
2025-07-31,XLY,0.008582602499363157,-0.000632498292427125,8,2025Q3
2025-08-01,XLB,-0.00607037392753762,-0.0014861875487923108,8,2025Q3
2025-08-01,XLC,-0.010637324869380294,0.0007248271825723336,8,2025Q3
2025-08-01,XLE,-0.03257768060155064,-0.00017532984079162884,8,2025Q3
2025-08-01,XLF,-0.01611163557556261,-0.00027696815286046864,8,2025Q3
2025-08-01,XLI,-0.0175872152963652,0.0003664187592258166,8,2025Q3
2025-08-01,XLK,0.009559921430440044,0.0012046048092157775,8,2025Q3
2025-08-01,XLP,0.00407561637967091,-0.001660693917195347,8,2025Q3
2025-08-01,XLRE,-0.025835256957210673,-0.002373935355399641,8,2025Q3
2025-08-01,XLU,-0.020437594959887617,-0.000753083921007072,8,2025Q3
2025-08-01,XLV,-0.03226373876955935,-0.001866030109675589,8,2025Q3
2025-08-01,XLY,0.010720524536424136,-0.000632498292427125,8,2025Q3
2025-08-04,XLB,-0.004339180679009402,-0.0014861875487923108,8,2025Q3
2025-08-04,XLC,-0.007340794985512433,0.0007248271825723336,8,2025Q3
2025-08-04,XLE,-0.020991748382682807,-0.00017532984079162884,8,2025Q3
2025-08-04,XLF,-0.009066835105018267,-0.00027696815286046864,8,2025Q3
2025-08-04,XLI,-0.012687167318640058,0.0003664187592258166,8,2025Q3
2025-08-04,XLK,-0.0005486960485439063,0.0012046048092157775,8,2025Q3
2025-08-04,XLP,0.015565541444137354,-0.001660693917195347,8,2025Q3
2025-08-04,XLRE,-0.022655389225234246,-0.002373935355399641,8,2025Q3
2025-08-04,XLU,-0.02367320966375497,-0.000753083921007072,8,2025Q3
2025-08-04,XLV,-0.02797529648448771,-0.001866030109675589,8,2025Q3
2025-08-04,XLY,0.018682956809893625,-0.000632498292427125,8,2025Q3
2025-08-05,XLB,-0.014287033544903016,-0.0014861875487923108,8,2025Q3
2025-08-05,XLC,0.003860917919908058,0.0007248271825723336,8,2025Q3
2025-08-05,XLE,-0.03338096807311641,-0.00017532984079162884,8,2025Q3
2025-08-05,XLF,-0.008740416796635841,-0.00027696815286046864,8,2025Q3
2025-08-05,XLI,-0.016212972795659697,0.0003664187592258166,8,2025Q3
2025-08-05,XLK,0.007660420073476892,0.0012046048092157775,8,2025Q3
2025-08-05,XLP,0.0034016912585783654,-0.001660693917195347,8,2025Q3
2025-08-05,XLRE,-0.04019503817619341,-0.002373935355399641,8,2025Q3
2025-08-05,XLU,-0.024713905740548436,-0.000753083921007072,8,2025Q3
2025-08-05,XLV,-0.03332740267306378,-0.001866030109675589,8,2025Q3
2025-08-05,XLY,0.012327513666295253,-0.000632498292427125,8,2025Q3
2025-08-06,XLB,0.020277284692829634,-0.0014861875487923108,8,2025Q3
2025-08-06,XLC,0.012236960127443908,0.0007248271825723336,8,2025Q3
2025-08-06,XLE,-0.008278471774101792,-0.00017532984079162884,8,2025Q3
2025-08-06,XLF,-0.003545857698499022,-0.00027696815286046864,8,2025Q3
2025-08-06,XLI,-0.00886811156922307,0.0003664187592258166,8,2025Q3
2025-08-06,XLK,0.0008584254396859503,0.0012046048092157775,8,2025Q3
2025-08-06,XLP,-0.006763354966879742,-0.001660693917195347,8,2025Q3
2025-08-06,XLRE,-0.02106874089933375,-0.002373935355399641,8,2025Q3
2025-08-06,XLU,-0.009210185989294795,-0.000753083921007072,8,2025Q3
2025-08-06,XLV,0.002163276726315111,-0.001866030109675589,8,2025Q3
2025-08-06,XLY,0.009457948827735096,-0.000632498292427125,8,2025Q3
2025-08-07,XLB,0.004028581839356393,-0.0014861875487923108,8,2025Q3
2025-08-07,XLC,0.01654953375191015,0.0007248271825723336,8,2025Q3
2025-08-07,XLE,-0.006222788985837724,-0.00017532984079162884,8,2025Q3
2025-08-07,XLF,0.011838257293841803,-0.00027696815286046864,8,2025Q3
2025-08-07,XLI,-0.017300181801920056,0.0003664187592258166,8,2025Q3
2025-08-07,XLK,-0.0032234563998181365,0.0012046048092157775,8,2025Q3
2025-08-07,XLP,-0.024342827481371843,-0.001660693917195347,8,2025Q3
2025-08-07,XLRE,-0.032830438849713706,-0.002373935355399641,8,2025Q3
2025-08-07,XLU,-0.02794372111924559,-0.000753083921007072,8,2025Q3
2025-08-07,XLV,0.018282127767474954,-0.001866030109675589,8,2025Q3
2025-08-07,XLY,0.007667161026103209,-0.000632498292427125,8,2025Q3
2025-08-08,XLB,0.009190740759194904,-0.0014861875487923108,8,2025Q3
2025-08-08,XLC,0.025946156526000852,0.0007248271825723336,8,2025Q3
2025-08-08,XLE,-0.0024066658337109637,-0.00017532984079162884,8,2025Q3
2025-08-08,XLF,0.0019401665057243722,-0.00027696815286046864,8,2025Q3
2025-08-08,XLI,-0.012410231878120404,0.0003664187592258166,8,2025Q3
2025-08-08,XLK,-0.010651855862789827,0.0012046048092157775,8,2025Q3
2025-08-08,XLP,-0.015401648978956461,-0.001660693917195347,8,2025Q3
2025-08-08,XLRE,-0.00788514543723462,-0.002373935355399641,8,2025Q3
2025-08-08,XLU,-0.016322566761172497,-0.000753083921007072,8,2025Q3
2025-08-08,XLV,0.03665671446479757,-0.001866030109675589,8,2025Q3
2025-08-08,XLY,0.013680688972643074,-0.000632498292427125,8,2025Q3
2025-08-11,XLB,0.003823013943041742,-0.0014861875487923108,8,2025Q3
2025-08-11,XLC,0.012613661072513382,0.0007248271825723336,8,2025Q3
2025-08-11,XLE,-0.0021096844012626903,-0.00017532984079162884,8,2025Q3
2025-08-11,XLF,0.001321642963764802,-0.00027696815286046864,8,2025Q3
2025-08-11,XLI,-0.007015636449024587,0.0003664187592258166,8,2025Q3
2025-08-11,XLK,-0.003464994077513772,0.0012046048092157775,8,2025Q3
2025-08-11,XLP,-0.017672458214040065,-0.001660693917195347,8,2025Q3
2025-08-11,XLRE,-0.013312134118600216,-0.002373935355399641,8,2025Q3
2025-08-11,XLU,-0.019287691749370728,-0.000753083921007072,8,2025Q3
2025-08-11,XLV,0.0313758089275884,-0.001866030109675589,8,2025Q3
2025-08-11,XLY,0.013354652534977474,-0.000632498292427125,8,2025Q3
2025-08-12,XLB,0.012879821317932527,-0.0014861875487923108,8,2025Q3
2025-08-12,XLC,0.00384624446800641,0.0007248271825723336,8,2025Q3
2025-08-12,XLE,0.00944218565572641,-0.00017532984079162884,8,2025Q3
2025-08-12,XLF,0.007149865064802641,-0.00027696815286046864,8,2025Q3
2025-08-12,XLI,0.0009261947276801852,0.0003664187592258166,8,2025Q3
2025-08-12,XLK,-0.020089134289340227,0.0012046048092157775,8,2025Q3
2025-08-12,XLP,0.005933422152424872,-0.001660693917195347,8,2025Q3
2025-08-12,XLRE,0.018843385161349535,-0.002373935355399641,8,2025Q3
2025-08-12,XLU,0.0021631307960191526,-0.000753083921007072,8,2025Q3
2025-08-12,XLV,0.04693866948588299,-0.001866030109675589,8,2025Q3
2025-08-12,XLY,0.018197315760067334,-0.000632498292427125,8,2025Q3
2025-08-13,XLB,0.0010607939425073543,-0.0014861875487923108,8,2025Q3
2025-08-13,XLC,-0.000826692507648441,0.0007248271825723336,8,2025Q3
2025-08-13,XLE,0.012264938875736986,-0.00017532984079162884,8,2025Q3
2025-08-13,XLF,0.012598333706222542,-0.00027696815286046864,8,2025Q3
2025-08-13,XLI,0.0022500420897081375,0.0003664187592258166,8,2025Q3
2025-08-13,XLK,-0.02101727121638719,0.0012046048092157775,8,2025Q3
2025-08-13,XLP,0.017653684720182916,-0.001660693917195347,8,2025Q3
2025-08-13,XLRE,0.02212164338441669,-0.002373935355399641,8,2025Q3
2025-08-13,XLU,0.007044009536945839,-0.000753083921007072,8,2025Q3
2025-08-13,XLV,0.04209868610467926,-0.001866030109675589,8,2025Q3
2025-08-13,XLY,0.0006374148025568571,-0.000632498292427125,8,2025Q3
2025-08-14,XLB,0.018573440349198722,-0.0014861875487923108,8,2025Q3
2025-08-14,XLC,0.0013553487778039663,0.0007248271825723336,8,2025Q3
2025-08-14,XLE,0.02415869095679557,-0.00017532984079162884,8,2025Q3
2025-08-14,XLF,0.008726820021861426,-0.00027696815286046864,8,2025Q3
2025-08-14,XLI,0.011597204257887683,0.0003664187592258166,8,2025Q3
2025-08-14,XLK,-0.018368864008244,0.0012046048092157775,8,2025Q3
2025-08-14,XLP,0.02165744511514356,-0.001660693917195347,8,2025Q3
2025-08-14,XLRE,0.029674627110617524,-0.002373935355399641,8,2025Q3
2025-08-14,XLU,0.01119757514809927,-0.000753083921007072,8,2025Q3
2025-08-14,XLV,0.03756671113014354,-0.001866030109675589,8,2025Q3
2025-08-14,XLY,-6.001050670101371e-05,-0.000632498292427125,8,2025Q3
2025-08-15,XLB,0.020974674693996498,-0.0014861875487923108,8,2025Q3
2025-08-15,XLC,-0.004431191093833831,0.0007248271825723336,8,2025Q3
2025-08-15,XLE,0.02724802381449387,-0.00017532984079162884,8,2025Q3
2025-08-15,XLF,0.018252724383791552,-0.00027696815286046864,8,2025Q3
2025-08-15,XLI,0.0150411005416482,0.0003664187592258166,8,2025Q3
2025-08-15,XLK,-0.015251003603092617,0.0012046048092157775,8,2025Q3
2025-08-15,XLP,0.0025802128300693727,-0.001660693917195347,8,2025Q3
2025-08-15,XLRE,0.021531200748072354,-0.002373935355399641,8,2025Q3
2025-08-15,XLU,0.0019991420501632717,-0.000753083921007072,8,2025Q3
2025-08-15,XLV,0.011483291669292184,-0.001866030109675589,8,2025Q3
2025-08-15,XLY,0.014819907483827333,-0.000632498292427125,8,2025Q3
2025-08-18,XLB,0.025421604259805552,-0.0014861875487923108,8,2025Q3
2025-08-18,XLC,0.007517659114415154,0.0007248271825723336,8,2025Q3
2025-08-18,XLE,0.04032608354939404,-0.00017532984079162884,8,2025Q3
2025-08-18,XLF,0.015766412767500904,-0.00027696815286046864,8,2025Q3
2025-08-18,XLI,0.005130518921119154,0.0003664187592258166,8,2025Q3
2025-08-18,XLK,-0.015384581479298443,0.0012046048092157775,8,2025Q3
2025-08-18,XLP,-0.009087021024523967,-0.001660693917195347,8,2025Q3
2025-08-18,XLRE,0.030357149501862524,-0.002373935355399641,8,2025Q3
2025-08-18,XLU,-0.0008212146588363334,-0.000753083921007072,8,2025Q3
2025-08-18,XLV,0.003571479190272675,-0.001866030109675589,8,2025Q3
2025-08-18,XLY,0.012900937198250584,-0.000632498292427125,8,2025Q3
2025-08-19,XLB,0.012404383550811415,-0.0014861875487923108,8,2025Q3
2025-08-19,XLC,-0.0009194903906639684,0.0007248271825723336,8,2025Q3
2025-08-19,XLE,0.02866212000658086,-0.00017532984079162884,8,2025Q3
2025-08-19,XLF,0.011980347896770382,-0.00027696815286046864,8,2025Q3
2025-08-19,XLI,0.0035963878167053487,0.0003664187592258166,8,2025Q3
2025-08-19,XLK,-0.0029723612105378994,0.0012046048092157775,8,2025Q3
2025-08-19,XLP,-0.035189651988356996,-0.001660693917195347,8,2025Q3
2025-08-19,XLRE,-0.00020251017420380713,-0.002373935355399641,8,2025Q3
2025-08-19,XLU,-0.017887879731256162,-0.000753083921007072,8,2025Q3
2025-08-19,XLV,-0.006241354355349893,-0.001866030109675589,8,2025Q3
2025-08-19,XLY,0.008388196956869987,-0.000632498292427125,8,2025Q3
2025-08-20,XLB,0.009173591608814036,-0.0014861875487923108,8,2025Q3
2025-08-20,XLC,-0.0011534774829002892,0.0007248271825723336,8,2025Q3
2025-08-20,XLE,0.026629419889630634,-0.00017532984079162884,8,2025Q3
2025-08-20,XLF,0.003860099588297139,-0.00027696815286046864,8,2025Q3
2025-08-20,XLI,-0.0005890678627553658,0.0003664187592258166,8,2025Q3
2025-08-20,XLK,0.004350590766971418,0.0012046048092157775,8,2025Q3
2025-08-20,XLP,-0.04279196837033428,-0.001660693917195347,8,2025Q3
2025-08-20,XLRE,-0.004745666470752585,-0.002373935355399641,8,2025Q3
2025-08-20,XLU,-0.023680350482040535,-0.000753083921007072,8,2025Q3
2025-08-20,XLV,-0.017206475372584573,-0.001866030109675589,8,2025Q3
2025-08-20,XLY,0.013759415542897724,-0.000632498292427125,8,2025Q3
2025-08-21,XLB,-0.001565716735360434,-0.0014861875487923108,8,2025Q3
2025-08-21,XLC,-0.0039039344489819605,0.0007248271825723336,8,2025Q3
2025-08-21,XLE,0.01971327647563359,-0.00017532984079162884,8,2025Q3
2025-08-21,XLF,0.0007847347028830942,-0.00027696815286046864,8,2025Q3
2025-08-21,XLI,-0.0028526656917353677,0.0003664187592258166,8,2025Q3
2025-08-21,XLK,0.008432802720041987,0.0012046048092157775,8,2025Q3
2025-08-21,XLP,-0.04783452055387272,-0.001660693917195347,8,2025Q3
2025-08-21,XLRE,-0.011439968192949124,-0.002373935355399641,8,2025Q3
2025-08-21,XLU,-0.03213762164400846,-0.000753083921007072,8,2025Q3
2025-08-21,XLV,-0.025488152283672294,-0.001866030109675589,8,2025Q3
2025-08-21,XLY,0.013971722370804684,-0.000632498292427125,8,2025Q3
2025-08-22,XLB,0.0014877411503013693,-0.0014861875487923108,8,2025Q3
2025-08-22,XLC,0.0011216206327364642,0.0007248271825723336,8,2025Q3
2025-08-22,XLE,0.025930476905263955,-0.00017532984079162884,8,2025Q3
2025-08-22,XLF,0.00824311620214857,-0.00027696815286046864,8,2025Q3
2025-08-22,XLI,-0.0069759618788436395,0.0003664187592258166,8,2025Q3
2025-08-22,XLK,0.0005172276847422719,0.0012046048092157775,8,2025Q3
2025-08-22,XLP,-0.02008939310048019,-0.001660693917195347,8,2025Q3
2025-08-22,XLRE,-0.0003056427047651855,-0.002373935355399641,8,2025Q3
2025-08-22,XLU,-0.019587794869163844,-0.000753083921007072,8,2025Q3
2025-08-22,XLV,-0.004952814083091783,-0.001866030109675589,8,2025Q3
2025-08-22,XLY,-0.005431498704499216,-0.000632498292427125,8,2025Q3
2025-08-25,XLB,0.0025515888640406104,-0.0014861875487923108,8,2025Q3
2025-08-25,XLC,0.0008231542561832894,0.0007248271825723336,8,2025Q3
2025-08-25,XLE,0.0277538079963644,-0.00017532984079162884,8,2025Q3
2025-08-25,XLF,0.009620303929234186,-0.00027696815286046864,8,2025Q3
2025-08-25,XLI,-0.00350138013161716,0.0003664187592258166,8,2025Q3
2025-08-25,XLK,-0.0043288378525134785,0.0012046048092157775,8,2025Q3
2025-08-25,XLP,-0.0016336973395348897,-0.001660693917195347,8,2025Q3
2025-08-25,XLRE,-0.009393185334145127,-0.002373935355399641,8,2025Q3
2025-08-25,XLU,-0.008683391629118686,-0.000753083921007072,8,2025Q3
2025-08-25,XLV,0.013409600114572706,-0.001866030109675589,8,2025Q3
2025-08-25,XLY,-0.007838235478972,-0.000632498292427125,8,2025Q3
2025-08-26,XLB,-0.00813406957536289,-0.0014861875487923108,8,2025Q3
2025-08-26,XLC,0.020759562960567357,0.0007248271825723336,8,2025Q3
2025-08-26,XLE,0.005147847879284018,-0.00017532984079162884,8,2025Q3
2025-08-26,XLF,-0.0009665007218966348,-0.00027696815286046864,8,2025Q3
2025-08-26,XLI,-0.01980069305832932,0.0003664187592258166,8,2025Q3
2025-08-26,XLK,-0.0041860997305994685,0.0012046048092157775,8,2025Q3
2025-08-26,XLP,0.0029460683533312215,-0.001660693917195347,8,2025Q3
2025-08-26,XLRE,-0.010415039397086767,-0.002373935355399641,8,2025Q3
2025-08-26,XLU,-0.014571221729823391,-0.000753083921007072,8,2025Q3
2025-08-26,XLV,0.0011794794111293916,-0.001866030109675589,8,2025Q3
2025-08-26,XLY,-0.009609008434961708,-0.000632498292427125,8,2025Q3
2025-08-27,XLB,-0.012857787521260433,-0.0014861875487923108,8,2025Q3
2025-08-27,XLC,0.02214081219784414,0.0007248271825723336,8,2025Q3
2025-08-27,XLE,-0.005419888702499098,-0.00017532984079162884,8,2025Q3
2025-08-27,XLF,0.0013556626254054294,-0.00027696815286046864,8,2025Q3
2025-08-27,XLI,-0.014689780490749427,0.0003664187592258166,8,2025Q3
2025-08-27,XLK,-0.010695127829829842,0.0012046048092157775,8,2025Q3
2025-08-27,XLP,-0.005460242285365791,-0.001660693917195347,8,2025Q3
2025-08-27,XLRE,-0.014042722427390575,-0.002373935355399641,8,2025Q3
2025-08-27,XLU,-0.022026155943330905,-0.000753083921007072,8,2025Q3
2025-08-27,XLV,-0.0004923341549358806,-0.001866030109675589,8,2025Q3
2025-08-27,XLY,0.0021813517570030694,-0.000632498292427125,8,2025Q3
2025-08-28,XLB,0.000527061299631093,-0.0014861875487923108,8,2025Q3
2025-08-28,XLC,0.03018501050973954,0.0007248271825723336,8,2025Q3
2025-08-28,XLE,-0.025664698158185728,-0.00017532984079162884,8,2025Q3
2025-08-28,XLF,-0.011895762696003898,-0.00027696815286046864,8,2025Q3
2025-08-28,XLI,-0.013641040011102556,0.0003664187592258166,8,2025Q3
2025-08-28,XLK,-0.011217641145370383,0.0012046048092157775,8,2025Q3
2025-08-28,XLP,0.010189215997892798,-0.001660693917195347,8,2025Q3
2025-08-28,XLRE,0.004965342825247521,-0.002373935355399641,8,2025Q3
2025-08-28,XLU,-0.011117806414408404,-0.000753083921007072,8,2025Q3
2025-08-28,XLV,0.013363673255008757,-0.001866030109675589,8,2025Q3
2025-08-28,XLY,0.006688852908235288,-0.000632498292427125,8,2025Q3
2025-08-29,XLB,-0.00846079108594222,-0.0014861875487923108,8,2025Q3
2025-08-29,XLC,0.02493269944528209,0.0007248271825723336,8,2025Q3
2025-08-29,XLE,-0.04159405222813051,-0.00017532984079162884,8,2025Q3
2025-08-29,XLF,-0.022159325539777286,-0.00027696815286046864,8,2025Q3
2025-08-29,XLI,-0.010728111634715098,0.0003664187592258166,8,2025Q3
2025-08-29,XLK,0.0032083831279337005,0.0012046048092157775,8,2025Q3
2025-08-29,XLP,-0.008459664231421526,-0.001660693917195347,8,2025Q3
2025-08-29,XLRE,-0.015550391376570771,-0.002373935355399641,8,2025Q3
2025-08-29,XLU,-0.02602130117445256,-0.000753083921007072,8,2025Q3
2025-08-29,XLV,-0.0028039095639438294,-0.001866030109675589,8,2025Q3
2025-08-29,XLY,0.0126089629981323,-0.000632498292427125,8,2025Q3
2025-09-02,XLB,-0.02717625508780741,-0.0014861875487923108,8,2025Q3
2025-09-02,XLC,0.022687159126775658,0.0007248271825723336,8,2025Q3
2025-09-02,XLE,-0.04819113161226363,-0.00017532984079162884,8,2025Q3
2025-09-02,XLF,-0.020377170898288055,-0.00027696815286046864,8,2025Q3
2025-09-02,XLI,-0.01777110125747805,0.0003664187592258166,8,2025Q3
2025-09-02,XLK,0.005611974009280596,0.0012046048092157775,8,2025Q3
2025-09-02,XLP,-0.014720180965192897,-0.001660693917195347,8,2025Q3
2025-09-02,XLRE,-0.008739291441550723,-0.002373935355399641,8,2025Q3
2025-09-02,XLU,-0.025826352767183813,-0.000753083921007072,8,2025Q3
2025-09-02,XLV,-0.008224479692439335,-0.001866030109675589,8,2025Q3
2025-09-02,XLY,0.008982457047823189,-0.000632498292427125,8,2025Q3
2025-09-03,XLB,-0.016015571024523778,-0.0014861875487923108,8,2025Q3
2025-09-03,XLC,0.0006404974301317257,0.0007248271825723336,8,2025Q3
2025-09-03,XLE,-0.0061510445357206844,-0.00017532984079162884,8,2025Q3
2025-09-03,XLF,-0.019512626128445287,-0.00027696815286046864,8,2025Q3
2025-09-03,XLI,-0.002743600761288878,0.0003664187592258166,8,2025Q3
2025-09-03,XLK,0.020513836040486844,0.0012046048092157775,8,2025Q3
2025-09-03,XLP,-0.021223002755029863,-0.001660693917195347,8,2025Q3
2025-09-03,XLRE,-0.003996444475762528,-0.002373935355399641,8,2025Q3
2025-09-03,XLU,-0.003733651991869147,-0.000753083921007072,8,2025Q3
2025-09-03,XLV,-0.01008977722777571,-0.001866030109675589,8,2025Q3
2025-09-03,XLY,-0.004800336898487911,-0.000632498292427125,8,2025Q3
2025-09-04,XLB,0.0010160931107541238,-0.0014861875487923108,8,2025Q3
2025-09-04,XLC,0.007051233630443576,0.0007248271825723336,8,2025Q3
2025-09-04,XLE,-0.012548763472558955,-0.00017532984079162884,8,2025Q3
2025-09-04,XLF,-0.013664995648851708,-0.00027696815286046864,8,2025Q3
2025-09-04,XLI,-0.004462621217848239,0.0003664187592258166,8,2025Q3
2025-09-04,XLK,0.018949035601496966,0.0012046048092157775,8,2025Q3
2025-09-04,XLP,-0.013730096374676592,-0.001660693917195347,8,2025Q3
2025-09-04,XLRE,0.005568104227403392,-0.002373935355399641,8,2025Q3
2025-09-04,XLU,0.0028937651160558797,-0.000753083921007072,8,2025Q3
2025-09-04,XLV,0.0035529717587106102,-0.001866030109675589,8,2025Q3
2025-09-04,XLY,-0.0035846271973247745,-0.000632498292427125,8,2025Q3
2025-09-05,XLB,-0.018757675210662406,-0.0014861875487923108,8,2025Q3
2025-09-05,XLC,0.007480081799165372,0.0007248271825723336,8,2025Q3
2025-09-05,XLE,-0.0015187339286590884,-0.00017532984079162884,8,2025Q3
2025-09-05,XLF,-0.001957455749517667,-0.00027696815286046864,8,2025Q3
2025-09-05,XLI,-0.011406240909189291,0.0003664187592258166,8,2025Q3
2025-09-05,XLK,0.0147976648061372,0.0012046048092157775,8,2025Q3
2025-09-05,XLP,-0.02251391182689133,-0.001660693917195347,8,2025Q3
2025-09-05,XLRE,-0.011682526987188968,-0.002373935355399641,8,2025Q3
2025-09-05,XLU,0.008607241888583195,-0.000753083921007072,8,2025Q3
2025-09-05,XLV,-0.01419003048320433,-0.001866030109675589,8,2025Q3
2025-09-05,XLY,-0.0007411577555234139,-0.000632498292427125,8,2025Q3
2025-09-08,XLB,-0.03056945352568996,-0.0014861875487923108,8,2025Q3
2025-09-08,XLC,0.01778667950977919,0.0007248271825723336,8,2025Q3
2025-09-08,XLE,-0.005538733797511464,-0.00017532984079162884,8,2025Q3
2025-09-08,XLF,-0.007885685913743279,-0.00027696815286046864,8,2025Q3
2025-09-08,XLI,-0.01194132494767941,0.0003664187592258166,8,2025Q3
2025-09-08,XLK,0.013440173536896749,0.0012046048092157775,8,2025Q3
2025-09-08,XLP,-0.03313966208479524,-0.001660693917195347,8,2025Q3
2025-09-08,XLRE,-0.009071588635567451,-0.002373935355399641,8,2025Q3
2025-09-08,XLU,0.018660981159491552,-0.000753083921007072,8,2025Q3
2025-09-08,XLV,-0.02529204894358783,-0.001866030109675589,8,2025Q3
2025-09-08,XLY,0.0012107000503758236,-0.000632498292427125,8,2025Q3
2025-09-09,XLB,-0.013543992963066964,-0.0014861875487923108,8,2025Q3
2025-09-09,XLC,0.011544413120738728,0.0007248271825723336,8,2025Q3
2025-09-09,XLE,0.010250516375815089,-0.00017532984079162884,8,2025Q3
2025-09-09,XLF,-0.010744889570672767,-0.00027696815286046864,8,2025Q3
2025-09-09,XLI,-0.004353567021764926,0.0003664187592258166,8,2025Q3
2025-09-09,XLK,0.01162493517809371,0.0012046048092157775,8,2025Q3
2025-09-09,XLP,-0.026884733851564535,-0.001660693917195347,8,2025Q3
2025-09-09,XLRE,-0.010810157200184856,-0.002373935355399641,8,2025Q3
2025-09-09,XLU,-0.0034497322262494468,-0.000753083921007072,8,2025Q3
2025-09-09,XLV,-0.026847150184444946,-0.001866030109675589,8,2025Q3
2025-09-09,XLY,0.012666796383195456,-0.000632498292427125,8,2025Q3
2025-09-10,XLB,-0.008922879140613071,-0.0014861875487923108,8,2025Q3
2025-09-10,XLC,0.02604332256088271,0.0007248271825723336,8,2025Q3
2025-09-10,XLE,-0.0008113071444797448,-0.00017532984079162884,8,2025Q3
2025-09-10,XLF,0.006619503296940055,-0.00027696815286046864,8,2025Q3
2025-09-10,XLI,-0.01214023037236911,0.0003664187592258166,8,2025Q3
2025-09-10,XLK,-0.005948633542011805,0.0012046048092157775,8,2025Q3
2025-09-10,XLP,-0.00693392738931764,-0.001660693917195347,8,2025Q3
2025-09-10,XLRE,-0.006625585765206443,-0.002373935355399641,8,2025Q3
2025-09-10,XLU,-0.013877477051091436,-0.000753083921007072,8,2025Q3
2025-09-10,XLV,-0.011633366918356591,-0.001866030109675589,8,2025Q3
2025-09-10,XLY,0.02667315837332307,-0.000632498292427125,8,2025Q3
2025-09-11,XLB,-0.025828900838326896,-0.0014861875487923108,8,2025Q3
2025-09-11,XLC,0.014784622781253587,0.0007248271825723336,8,2025Q3
2025-09-11,XLE,-0.000533084253931726,-0.00017532984079162884,8,2025Q3
2025-09-11,XLF,-0.005189609453758015,-0.00027696815286046864,8,2025Q3
2025-09-11,XLI,-0.007367658201157479,0.0003664187592258166,8,2025Q3
2025-09-11,XLK,0.011627020630020413,0.0012046048092157775,8,2025Q3
2025-09-11,XLP,-0.02006934484592182,-0.001660693917195347,8,2025Q3
2025-09-11,XLRE,-0.018323930954611378,-0.002373935355399641,8,2025Q3
2025-09-11,XLU,-0.01479874975064821,-0.000753083921007072,8,2025Q3
2025-09-11,XLV,-0.023144068913382165,-0.001866030109675589,8,2025Q3
2025-09-11,XLY,0.005933450670254858,-0.000632498292427125,8,2025Q3
2025-09-12,XLB,-0.01883922830013074,-0.0014861875487923108,8,2025Q3
2025-09-12,XLC,0.007986475078212152,0.0007248271825723336,8,2025Q3
2025-09-12,XLE,-0.010470784128825184,-0.00017532984079162884,8,2025Q3
2025-09-12,XLF,-0.0012035373239212,-0.00027696815286046864,8,2025Q3
2025-09-12,XLI,0.0005918020775064203,0.0003664187592258166,8,2025Q3
2025-09-12,XLK,0.020113189983140378,0.0012046048092157775,8,2025Q3
2025-09-12,XLP,-0.02127103684257514,-0.001660693917195347,8,2025Q3
2025-09-12,XLRE,-0.021374225034318295,-0.002373935355399641,8,2025Q3
2025-09-12,XLU,-0.01600059812959087,-0.000753083921007072,8,2025Q3
2025-09-12,XLV,-0.015505145949554877,-0.001866030109675589,8,2025Q3
2025-09-12,XLY,0.001998173121407376,-0.000632498292427125,8,2025Q3
2025-09-15,XLB,-0.015240346266412463,-0.0014861875487923108,8,2025Q3
2025-09-15,XLC,-0.01250188910655281,0.0007248271825723336,8,2025Q3
2025-09-15,XLE,-0.016107245178766494,-0.00017532984079162884,8,2025Q3
2025-09-15,XLF,-0.0030112254789556037,-0.00027696815286046864,8,2025Q3
2025-09-15,XLI,-0.004244344954140056,0.0003664187592258166,8,2025Q3
2025-09-15,XLK,0.025199921311745976,0.0012046048092157775,8,2025Q3
2025-09-15,XLP,-0.02710849749298061,-0.001660693917195347,8,2025Q3
2025-09-15,XLRE,-0.02386609436312337,-0.002373935355399641,8,2025Q3
2025-09-15,XLU,-0.014806783059466477,-0.000753083921007072,8,2025Q3
2025-09-15,XLV,-0.011163377801936103,-0.001866030109675589,8,2025Q3
2025-09-15,XLY,-0.0111328429421792,-0.000632498292427125,8,2025Q3
2025-09-16,XLB,-0.011261165593726918,-0.0014861875487923108,8,2025Q3
2025-09-16,XLC,-0.005791749762219078,0.0007248271825723336,8,2025Q3
2025-09-16,XLE,-0.011546639259604419,-0.00017532984079162884,8,2025Q3
2025-09-16,XLF,-0.0011295064159144719,-0.00027696815286046864,8,2025Q3
2025-09-16,XLI,0.0031058031410726716,0.0003664187592258166,8,2025Q3
2025-09-16,XLK,0.023957452596234274,0.0012046048092157775,8,2025Q3
2025-09-16,XLP,-0.022541670465943575,-0.001660693917195347,8,2025Q3
2025-09-16,XLRE,-0.006052697005729191,-0.002373935355399641,8,2025Q3
2025-09-16,XLU,0.01296379410938453,-0.000753083921007072,8,2025Q3
2025-09-16,XLV,-0.004790606348300308,-0.001866030109675589,8,2025Q3
2025-09-16,XLY,-0.02245385851245152,-0.000632498292427125,8,2025Q3
2025-09-17,XLB,-0.02371165327599567,-0.0014861875487923108,8,2025Q3
2025-09-17,XLC,-0.014694246379265308,0.0007248271825723336,8,2025Q3
2025-09-17,XLE,0.0009766113053997216,-0.00017532984079162884,8,2025Q3
2025-09-17,XLF,-0.011603538132637814,-0.00027696815286046864,8,2025Q3
2025-09-17,XLI,0.004431474469808405,0.0003664187592258166,8,2025Q3
2025-09-17,XLK,0.02309767968873211,0.0012046048092157775,8,2025Q3
2025-09-17,XLP,-0.024348402651507284,-0.001660693917195347,8,2025Q3
2025-09-17,XLRE,-0.013857273137361181,-0.002373935355399641,8,2025Q3
2025-09-17,XLU,0.019612482919403096,-0.000753083921007072,8,2025Q3
2025-09-17,XLV,-0.00881649981773458,-0.001866030109675589,8,2025Q3
2025-09-17,XLY,-0.011067695862654992,-0.000632498292427125,8,2025Q3
2025-09-18,XLB,-0.02720741280451444,-0.0014861875487923108,8,2025Q3
2025-09-18,XLC,-0.009536017434474964,0.0007248271825723336,8,2025Q3
2025-09-18,XLE,0.022408742117578706,-0.00017532984079162884,8,2025Q3
2025-09-18,XLF,-0.005835849117479142,-0.00027696815286046864,8,2025Q3
2025-09-18,XLI,-0.003659346710562006,0.0003664187592258166,8,2025Q3
2025-09-18,XLK,0.013165653828827173,0.0012046048092157775,8,2025Q3
2025-09-18,XLP,-0.015895934586758642,-0.001660693917195347,8,2025Q3
2025-09-18,XLRE,-0.007670559746572603,-0.002373935355399641,8,2025Q3
2025-09-18,XLU,0.018322426843854656,-0.000753083921007072,8,2025Q3
2025-09-18,XLV,-0.01793919018065049,-0.001866030109675589,8,2025Q3
2025-09-18,XLY,-0.011357550956734186,-0.000632498292427125,8,2025Q3
2025-09-19,XLB,-0.019076455790305813,-0.0014861875487923108,8,2025Q3
2025-09-19,XLC,-0.0075517848244299746,0.0007248271825723336,8,2025Q3
2025-09-19,XLE,0.042032785842775366,-0.00017532984079162884,8,2025Q3
2025-09-19,XLF,-0.004356334999503497,-0.00027696815286046864,8,2025Q3
2025-09-19,XLI,-0.000694040675362606,0.0003664187592258166,8,2025Q3
2025-09-19,XLK,0.002545784498943604,0.0012046048092157775,8,2025Q3
2025-09-19,XLP,-0.015056031843593609,-0.001660693917195347,8,2025Q3
2025-09-19,XLRE,0.0035494509707985067,-0.002373935355399641,8,2025Q3
2025-09-19,XLU,0.024727837582362078,-0.000753083921007072,8,2025Q3
2025-09-19,XLV,-0.010205489451732608,-0.001866030109675589,8,2025Q3
2025-09-19,XLY,-0.004127086692415682,-0.000632498292427125,8,2025Q3
2025-09-22,XLB,-0.008429318834113131,-0.0014861875487923108,8,2025Q3
2025-09-22,XLC,0.004485774160853495,0.0007248271825723336,8,2025Q3
2025-09-22,XLE,0.03473762727930052,-0.00017532984079162884,8,2025Q3
2025-09-22,XLF,0.007146175327748194,-0.00027696815286046864,8,2025Q3
2025-09-22,XLI,0.0050655653059616945,0.0003664187592258166,8,2025Q3
2025-09-22,XLK,-0.003504351021143881,0.0012046048092157775,8,2025Q3
2025-09-22,XLP,0.0066628315427113005,-0.001660693917195347,8,2025Q3
2025-09-22,XLRE,0.011698211164881123,-0.002373935355399641,8,2025Q3
2025-09-22,XLU,0.02656975383583382,-0.000753083921007072,8,2025Q3
2025-09-22,XLV,-0.0006041289544304052,-0.001866030109675589,8,2025Q3
2025-09-22,XLY,0.007153623445363522,-0.000632498292427125,8,2025Q3
2025-09-23,XLB,-0.009584791504519075,-0.0014861875487923108,8,2025Q3
2025-09-23,XLC,-0.004816028875108569,0.0007248271825723336,8,2025Q3
2025-09-23,XLE,-0.0026840953253584043,-0.00017532984079162884,8,2025Q3
2025-09-23,XLF,-0.0024320886160813515,-0.00027696815286046864,8,2025Q3
2025-09-23,XLI,0.003297525334830853,0.0003664187592258166,8,2025Q3
2025-09-23,XLK,0.0013743248609145997,0.0012046048092157775,8,2025Q3
2025-09-23,XLP,-0.004222954731193385,-0.001660693917195347,8,2025Q3
2025-09-23,XLRE,-0.0013829814732240209,-0.002373935355399641,8,2025Q3
2025-09-23,XLU,0.013854335312434518,-0.000753083921007072,8,2025Q3
2025-09-23,XLV,0.011806284593944616,-0.001866030109675589,8,2025Q3
2025-09-23,XLY,0.0027511012116319122,-0.000632498292427125,8,2025Q3
2025-09-24,XLB,-0.014489378080403514,-0.0014861875487923108,8,2025Q3
2025-09-24,XLC,-0.01724914618431539,0.0007248271825723336,8,2025Q3
2025-09-24,XLE,-0.022187127692231856,-0.00017532984079162884,8,2025Q3
2025-09-24,XLF,-0.015221545907205924,-0.00027696815286046864,8,2025Q3
2025-09-24,XLI,-0.0009372099394475697,0.0003664187592258166,8,2025Q3
2025-09-24,XLK,0.010893728440948935,0.0012046048092157775,8,2025Q3
2025-09-24,XLP,-0.014556448278941647,-0.001660693917195347,8,2025Q3
2025-09-24,XLRE,0.0023534193944989568,-0.002373935355399641,8,2025Q3
2025-09-24,XLU,0.00975173130421636,-0.000753083921007072,8,2025Q3
2025-09-24,XLV,0.04079213016043748,-0.001866030109675589,8,2025Q3
2025-09-24,XLY,-0.004690454948233391,-0.000632498292427125,8,2025Q3
2025-09-25,XLB,0.00454689951199283,-0.0014861875487923108,8,2025Q3
2025-09-25,XLC,-0.02193038823253013,0.0007248271825723336,8,2025Q3
2025-09-25,XLE,-0.046705606330444405,-0.00017532984079162884,8,2025Q3
2025-09-25,XLF,-0.019218643154657378,-0.00027696815286046864,8,2025Q3
2025-09-25,XLI,0.002731994000903404,0.0003664187592258166,8,2025Q3
2025-09-25,XLK,0.012378123942605512,0.0012046048092157775,8,2025Q3
2025-09-25,XLP,-0.014788461164003897,-0.001660693917195347,8,2025Q3
2025-09-25,XLRE,-0.00636431446740926,-0.002373935355399641,8,2025Q3
2025-09-25,XLU,0.011941550700613757,-0.000753083921007072,8,2025Q3
2025-09-25,XLV,0.050572016156054556,-0.001866030109675589,8,2025Q3
2025-09-25,XLY,-0.0035123671189520866,-0.000632498292427125,8,2025Q3
2025-09-26,XLB,0.000315136608202371,-0.0014861875487923108,8,2025Q3
2025-09-26,XLC,-0.02622922288091034,0.0007248271825723336,8,2025Q3
2025-09-26,XLE,-0.044648078321439466,-0.00017532984079162884,8,2025Q3
2025-09-26,XLF,-0.013765509715340851,-0.00027696815286046864,8,2025Q3
2025-09-26,XLI,0.0008275301037439231,0.0003664187592258166,8,2025Q3
2025-09-26,XLK,0.009921183813092371,0.0012046048092157775,8,2025Q3
2025-09-26,XLP,-0.010268281757789044,-0.001660693917195347,8,2025Q3
2025-09-26,XLRE,-0.006390628926738806,-0.002373935355399641,8,2025Q3
2025-09-26,XLU,0.013024583318119287,-0.000753083921007072,8,2025Q3
2025-09-26,XLV,0.05761610970798281,-0.001866030109675589,8,2025Q3
2025-09-26,XLY,-0.018883836952657607,-0.000632498292427125,8,2025Q3
2025-09-29,XLB,-0.0052205635001254524,-0.0014861875487923108,8,2025Q3
2025-09-29,XLC,-0.029156458555585796,0.0007248271825723336,8,2025Q3
2025-09-29,XLE,-0.02246901667643808,-0.00017532984079162884,8,2025Q3
2025-09-29,XLF,-0.01989236831810126,-0.00027696815286046864,8,2025Q3
2025-09-29,XLI,0.0016418005457654594,0.0003664187592258166,8,2025Q3
2025-09-29,XLK,0.013985191559947374,0.0012046048092157775,8,2025Q3
2025-09-29,XLP,-0.02027012715853216,-0.001660693917195347,8,2025Q3
2025-09-29,XLRE,-0.019098195760668513,-0.002373935355399641,8,2025Q3
2025-09-29,XLU,0.01917942831853625,-0.000753083921007072,8,2025Q3
2025-09-29,XLV,0.04853712180236336,-0.001866030109675589,8,2025Q3
2025-09-29,XLY,-0.01552055134231789,-0.000632498292427125,8,2025Q3
2025-09-30,XLB,-0.006644866373966107,-0.0014861875487923108,8,2025Q3
2025-09-30,XLC,-0.02392830148622327,0.0007248271825723336,8,2025Q3
2025-09-30,XLE,-0.002734242471147841,-0.00017532984079162884,8,2025Q3
2025-09-30,XLF,-0.006269542424035102,-0.00027696815286046864,8,2025Q3
2025-09-30,XLI,-0.00428354519456664,0.0003664187592258166,8,2025Q3
2025-09-30,XLK,0.009139605993124356,0.0012046048092157775,8,2025Q3
2025-09-30,XLP,-0.006837618742529306,-0.001660693917195347,8,2025Q3
2025-09-30,XLRE,-0.018654854692394474,-0.002373935355399641,8,2025Q3
2025-09-30,XLU,0.02964250590237394,-0.000753083921007072,8,2025Q3
2025-09-30,XLV,0.031945188925186496,-0.001866030109675589,8,2025Q3
2025-09-30,XLY,-0.020854550311461995,-0.000632498292427125,8,2025Q3
2025-10-01,XLB,0.006785978090475542,-0.0018754498533135907,9,2025Q4
2025-10-01,XLC,-0.016653469704808854,0.0007089707870116491,9,2025Q4
2025-10-01,XLE,-0.011112833613334705,-0.00042135958897701435,9,2025Q4
2025-10-01,XLF,-0.00472373972203477,-0.0005767020840371676,9,2025Q4
2025-10-01,XLI,0.004667139913086205,0.00013233821381497448,9,2025Q4
2025-10-01,XLK,0.014355329554575746,0.001349828227594203,9,2025Q4
2025-10-01,XLP,-0.012849945883579128,-0.0022324141181056813,9,2025Q4
2025-10-01,XLRE,-0.026197556239172637,-0.002589969018673652,9,2025Q4
2025-10-01,XLU,0.02426090276653059,-0.000636251098442618,9,2025Q4
2025-10-01,XLV,0.0002775505751431151,-0.0017939932479834066,9,2025Q4
2025-10-01,XLY,-0.026627982637114855,-0.0005218671762454135,9,2025Q4
2025-10-02,XLB,-0.01449180771298797,-0.0018754498533135907,9,2025Q4
2025-10-02,XLC,-0.01603758335502037,0.0007089707870116491,9,2025Q4
2025-10-02,XLE,-0.010587725807984394,-0.00042135958897701435,9,2025Q4
2025-10-02,XLF,-0.003461221497297995,-0.0005767020840371676,9,2025Q4
2025-10-02,XLI,-0.008800323942180777,0.00013233821381497448,9,2025Q4
2025-10-02,XLK,0.011219078733872623,0.001349828227594203,9,2025Q4
2025-10-02,XLP,-0.001615858989093999,-0.0022324141181056813,9,2025Q4
2025-10-02,XLRE,-0.02151020717352592,-0.002589969018673652,9,2025Q4
2025-10-02,XLU,0.027593764057513237,-0.000636251098442618,9,2025Q4
2025-10-02,XLV,0.004084830690326946,-0.0017939932479834066,9,2025Q4
2025-10-02,XLY,-0.020359214683950966,-0.0005218671762454135,9,2025Q4
2025-10-03,XLB,-0.009303845358113683,-0.0018754498533135907,9,2025Q4
2025-10-03,XLC,-0.0066518694450711235,0.0007089707870116491,9,2025Q4
2025-10-03,XLE,-0.017309938291188987,-0.00042135958897701435,9,2025Q4
2025-10-03,XLF,-0.004846759055751049,-0.0005767020840371676,9,2025Q4
2025-10-03,XLI,-0.005015248021724927,0.00013233821381497448,9,2025Q4
2025-10-03,XLK,0.0019603361881921355,0.001349828227594203,9,2025Q4
2025-10-03,XLP,0.025089795693558292,-0.0022324141181056813,9,2025Q4
2025-10-03,XLRE,-0.009077257146116735,-0.002589969018673652,9,2025Q4
2025-10-03,XLU,0.03870175893072081,-0.000636251098442618,9,2025Q4
2025-10-03,XLV,0.0054798198704288925,-0.0017939932479834066,9,2025Q4
2025-10-03,XLY,-0.014107135411089766,-0.0005218671762454135,9,2025Q4
2025-10-06,XLB,0.0065037522887194665,-0.0018754498533135907,9,2025Q4
2025-10-06,XLC,-0.00251283330959573,0.0007089707870116491,9,2025Q4
2025-10-06,XLE,-0.01938554771378609,-0.00042135958897701435,9,2025Q4
2025-10-06,XLF,0.005400330848434831,-0.0005767020840371676,9,2025Q4
2025-10-06,XLI,0.0017831087456535721,0.00013233821381497448,9,2025Q4
2025-10-06,XLK,-0.0072088045377186605,0.001349828227594203,9,2025Q4
2025-10-06,XLP,0.035009557885060105,-0.0022324141181056813,9,2025Q4
2025-10-06,XLRE,0.005325056234664283,-0.002589969018673652,9,2025Q4
2025-10-06,XLU,0.035465826179042925,-0.000636251098442618,9,2025Q4
2025-10-06,XLV,0.0016156200937410548,-0.0017939932479834066,9,2025Q4
2025-10-06,XLY,-0.009168200577213459,-0.0005218671762454135,9,2025Q4
2025-10-07,XLB,-0.0020367822080143982,-0.0018754498533135907,9,2025Q4
2025-10-07,XLC,0.00021656217578391868,0.0007089707870116491,9,2025Q4
2025-10-07,XLE,-0.02951967634064734,-0.00042135958897701435,9,2025Q4
2025-10-07,XLF,-0.003953521526184334,-0.0005767020840371676,9,2025Q4
2025-10-07,XLI,-0.004793644638944161,0.00013233821381497448,9,2025Q4
2025-10-07,XLK,0.001072696274963869,0.001349828227594203,9,2025Q4
2025-10-07,XLP,0.01933382084091717,-0.0022324141181056813,9,2025Q4
2025-10-07,XLRE,0.014812498193500834,-0.002589969018673652,9,2025Q4
2025-10-07,XLU,0.03606517436989576,-0.000636251098442618,9,2025Q4
2025-10-07,XLV,-0.0056754524753606095,-0.0017939932479834066,9,2025Q4
2025-10-07,XLY,0.0016181677561492025,-0.0005218671762454135,9,2025Q4
2025-10-08,XLB,-0.0020524737422820127,-0.0018754498533135907,9,2025Q4
2025-10-08,XLC,0.006326604278113712,0.0007089707870116491,9,2025Q4
2025-10-08,XLE,-0.022948707652976297,-0.00042135958897701435,9,2025Q4
2025-10-08,XLF,-0.01417822072043351,-0.0005767020840371676,9,2025Q4
2025-10-08,XLI,-0.00711837488959588,0.00013233821381497448,9,2025Q4
2025-10-08,XLK,-0.0027338145327934216,0.001349828227594203,9,2025Q4
2025-10-08,XLP,0.029967005987019735,-0.0022324141181056813,9,2025Q4
2025-10-08,XLRE,0.029416556599056842,-0.002589969018673652,9,2025Q4
2025-10-08,XLU,0.03053035201124754,-0.000636251098442618,9,2025Q4
2025-10-08,XLV,0.0033712861477811495,-0.0017939932479834066,9,2025Q4
2025-10-08,XLY,0.0016900753205044694,-0.0005218671762454135,9,2025Q4
2025-10-09,XLB,0.001177574034059936,-0.0018754498533135907,9,2025Q4
2025-10-09,XLC,0.01026104763950153,0.0007089707870116491,9,2025Q4
2025-10-09,XLE,-0.010195575349944419,-0.00042135958897701435,9,2025Q4
2025-10-09,XLF,-0.011293331557455821,-0.0005767020840371676,9,2025Q4
2025-10-09,XLI,-8.977556375389106e-05,0.00013233821381497448,9,2025Q4
2025-10-09,XLK,-0.007797204252025014,0.001349828227594203,9,2025Q4
2025-10-09,XLP,0.03174257477945641,-0.0022324141181056813,9,2025Q4
2025-10-09,XLRE,0.032211983137373945,-0.002589969018673652,9,2025Q4
2025-10-09,XLU,0.0211281971436994,-0.000636251098442618,9,2025Q4
2025-10-09,XLV,0.0037065433159023664,-0.0017939932479834066,9,2025Q4
2025-10-09,XLY,0.0066859421913444406,-0.0005218671762454135,9,2025Q4
2025-10-10,XLB,-0.004043679120226296,-0.0018754498533135907,9,2025Q4
2025-10-10,XLC,0.002503436841507334,0.0007089707870116491,9,2025Q4
2025-10-10,XLE,-0.008396678171616712,-0.00042135958897701435,9,2025Q4
2025-10-10,XLF,-0.015914796200306114,-0.0005767020840371676,9,2025Q4
2025-10-10,XLI,-0.003843584103898179,0.00013233821381497448,9,2025Q4
2025-10-10,XLK,0.007209396820607283,0.001349828227594203,9,2025Q4
2025-10-10,XLP,-0.008018625253823908,-0.0022324141181056813,9,2025Q4
2025-10-10,XLRE,0.016254770551417552,-0.002589969018673652,9,2025Q4
2025-10-10,XLU,-0.013137141227716143,-0.000636251098442618,9,2025Q4
2025-10-10,XLV,-0.00913438642096387,-0.0017939932479834066,9,2025Q4
2025-10-10,XLY,0.004925015727683446,-0.0005218671762454135,9,2025Q4
2025-10-14,XLB,-0.01951653160321931,-0.0018754498533135907,9,2025Q4
2025-10-14,XLC,0.00429608850548191,0.0007089707870116491,9,2025Q4
2025-10-14,XLE,-0.009976057211628975,-0.00042135958897701435,9,2025Q4
2025-10-14,XLF,-0.02326031108174409,-0.0005767020840371676,9,2025Q4
2025-10-14,XLI,-0.0029788808340964756,0.00013233821381497448,9,2025Q4
2025-10-14,XLK,0.010580968188701023,0.001349828227594203,9,2025Q4
2025-10-14,XLP,-0.011152282671804015,-0.0022324141181056813,9,2025Q4
2025-10-14,XLRE,0.011742681443310587,-0.002589969018673652,9,2025Q4
2025-10-14,XLU,-0.025567634065995937,-0.000636251098442618,9,2025Q4
2025-10-14,XLV,0.005919908088511727,-0.0017939932479834066,9,2025Q4
2025-10-14,XLY,0.00688647983265267,-0.0005218671762454135,9,2025Q4
2025-10-15,XLB,-0.008350224102281034,-0.0018754498533135907,9,2025Q4
2025-10-15,XLC,-0.0018741537489965765,0.0007089707870116491,9,2025Q4
2025-10-15,XLE,0.013191628644676268,-0.00042135958897701435,9,2025Q4
2025-10-15,XLF,-0.019168001170893123,-0.0005767020840371676,9,2025Q4
2025-10-15,XLI,-0.0021845448667907608,0.00013233821381497448,9,2025Q4
2025-10-15,XLK,0.00023184285795130322,0.001349828227594203,9,2025Q4
2025-10-15,XLP,0.002483079245962694,-0.0022324141181056813,9,2025Q4
2025-10-15,XLRE,0.011320586554523837,-0.002589969018673652,9,2025Q4
2025-10-15,XLU,-0.030864533072657685,-0.000636251098442618,9,2025Q4
2025-10-15,XLV,0.019895730730304484,-0.0017939932479834066,9,2025Q4
2025-10-15,XLY,0.007167176851722967,-0.0005218671762454135,9,2025Q4
2025-10-16,XLB,-0.0017271088046502125,-0.0018754498533135907,9,2025Q4
2025-10-16,XLC,-0.007372584928726278,0.0007089707870116491,9,2025Q4
2025-10-16,XLE,0.02643706801795931,-0.00042135958897701435,9,2025Q4
2025-10-16,XLF,-0.0017626109738371198,-0.0005767020840371676,9,2025Q4
2025-10-16,XLI,0.004144090546881474,0.00013233821381497448,9,2025Q4
2025-10-16,XLK,-0.000734310303202923,0.001349828227594203,9,2025Q4
2025-10-16,XLP,-0.008316656904804987,-0.0022324141181056813,9,2025Q4
2025-10-16,XLRE,0.0006444951371651353,-0.002589969018673652,9,2025Q4
2025-10-16,XLU,-0.03380898286227385,-0.000636251098442618,9,2025Q4
2025-10-16,XLV,0.009306117181274942,-0.0017939932479834066,9,2025Q4
2025-10-16,XLY,0.008768043771403056,-0.0005218671762454135,9,2025Q4
2025-10-17,XLB,-0.0064976577533897295,-0.0018754498533135907,9,2025Q4
2025-10-17,XLC,-0.014048984328637326,0.0007089707870116491,9,2025Q4
2025-10-17,XLE,0.00495187751446835,-0.00042135958897701435,9,2025Q4
2025-10-17,XLF,-0.0015331804259495208,-0.0005767020840371676,9,2025Q4
2025-10-17,XLI,0.0016021800721131019,0.00013233821381497448,9,2025Q4
2025-10-17,XLK,0.010713019296535009,0.001349828227594203,9,2025Q4
2025-10-17,XLP,-0.027383192518794286,-0.0022324141181056813,9,2025Q4
2025-10-17,XLRE,-0.004846110599953768,-0.002589969018673652,9,2025Q4
2025-10-17,XLU,-0.02132181037864256,-0.000636251098442618,9,2025Q4
2025-10-17,XLV,-9.177498762791281e-05,-0.0017939932479834066,9,2025Q4
2025-10-17,XLY,-0.0055347547836956945,-0.0005218671762454135,9,2025Q4
2025-10-20,XLB,-0.020315886562974228,-0.0018754498533135907,9,2025Q4
2025-10-20,XLC,-0.012851019208653947,0.0007089707870116491,9,2025Q4
2025-10-20,XLE,-0.004768440647203942,-0.00042135958897701435,9,2025Q4
2025-10-20,XLF,-0.01053646845652123,-0.0005767020840371676,9,2025Q4
2025-10-20,XLI,-0.005979331478429328,0.00013233821381497448,9,2025Q4
2025-10-20,XLK,0.016744297523274776,0.001349828227594203,9,2025Q4
2025-10-20,XLP,-0.026289153301950363,-0.0022324141181056813,9,2025Q4
2025-10-20,XLRE,-0.01464515122721921,-0.002589969018673652,9,2025Q4
2025-10-20,XLU,-0.019673259919374297,-0.000636251098442618,9,2025Q4
2025-10-20,XLV,-0.009853322708508694,-0.0017939932479834066,9,2025Q4
2025-10-20,XLY,-0.00045079788411128696,-0.0005218671762454135,9,2025Q4
2025-10-21,XLB,-0.017848104532890208,-0.0018754498533135907,9,2025Q4
2025-10-21,XLC,-0.024092168135029457,0.0007089707870116491,9,2025Q4
2025-10-21,XLE,-0.01576339397845894,-0.00042135958897701435,9,2025Q4
2025-10-21,XLF,-0.018561302966054294,-0.0005767020840371676,9,2025Q4
2025-10-21,XLI,-0.024783404722546476,0.00013233821381497448,9,2025Q4
2025-10-21,XLK,0.023743819651570908,0.001349828227594203,9,2025Q4
2025-10-21,XLP,-0.034338342970989144,-0.0022324141181056813,9,2025Q4
2025-10-21,XLRE,-0.0367152229043648,-0.002589969018673652,9,2025Q4
2025-10-21,XLU,-0.028789510948393326,-0.000636251098442618,9,2025Q4
2025-10-21,XLV,-0.021287162681355776,-0.0017939932479834066,9,2025Q4
2025-10-21,XLY,-0.015255263409458708,-0.0005218671762454135,9,2025Q4
2025-10-22,XLB,-0.04043114477128007,-0.0018754498533135907,9,2025Q4
2025-10-22,XLC,-0.023714237853760034,0.0007089707870116491,9,2025Q4
2025-10-22,XLE,-0.026943330734107374,-0.00042135958897701435,9,2025Q4
2025-10-22,XLF,-0.035819967203950864,-0.0005767020840371676,9,2025Q4
2025-10-22,XLI,-0.014878402339755015,0.00013233821381497448,9,2025Q4
2025-10-22,XLK,0.0359561233555763,0.001349828227594203,9,2025Q4
2025-10-22,XLP,-0.0689639238576587,-0.0022324141181056813,9,2025Q4
2025-10-22,XLRE,-0.07376390319813164,-0.002589969018673652,9,2025Q4
2025-10-22,XLU,-0.03265371434932307,-0.000636251098442618,9,2025Q4
2025-10-22,XLV,-0.04290049065123147,-0.0017939932479834066,9,2025Q4
2025-10-22,XLY,-0.021539091509036545,-0.0005218671762454135,9,2025Q4
2025-10-23,XLB,-0.04792729374386584,-0.0018754498533135907,9,2025Q4
2025-10-23,XLC,-0.02008263332349114,0.0007089707870116491,9,2025Q4
2025-10-23,XLE,-0.028648039732875774,-0.00042135958897701435,9,2025Q4
2025-10-23,XLF,-0.017913485470435142,-0.0005767020840371676,9,2025Q4
2025-10-23,XLI,-0.012594689481009835,0.00013233821381497448,9,2025Q4
2025-10-23,XLK,0.027074954226461,0.001349828227594203,9,2025Q4
2025-10-23,XLP,-0.047930043203385564,-0.0022324141181056813,9,2025Q4
2025-10-23,XLRE,-0.05013086606561179,-0.002589969018673652,9,2025Q4
2025-10-23,XLU,-0.018766235723272295,-0.000636251098442618,9,2025Q4
2025-10-23,XLV,-0.02392776296734689,-0.0017939932479834066,9,2025Q4
2025-10-23,XLY,-0.031394852601619894,-0.0005218671762454135,9,2025Q4
2025-10-24,XLB,-0.04462612547546829,-0.0018754498533135907,9,2025Q4
2025-10-24,XLC,-0.013506405799282084,0.0007089707870116491,9,2025Q4
2025-10-24,XLE,-0.006420975495892156,-0.00042135958897701435,9,2025Q4
2025-10-24,XLF,-0.02103559763931173,-0.0005767020840371676,9,2025Q4
2025-10-24,XLI,-0.006133947576795862,0.00013233821381497448,9,2025Q4
2025-10-24,XLK,0.01708195698015058,0.001349828227594203,9,2025Q4
2025-10-24,XLP,-0.04263139576656405,-0.0022324141181056813,9,2025Q4
2025-10-24,XLRE,-0.0481339047428635,-0.002589969018673652,9,2025Q4
2025-10-24,XLU,-0.032159697863492265,-0.000636251098442618,9,2025Q4
2025-10-24,XLV,-0.019291527929542696,-0.0017939932479834066,9,2025Q4
2025-10-24,XLY,0.002449208315591589,-0.0005218671762454135,9,2025Q4
2025-10-27,XLB,-0.04027546734773746,-0.0018754498533135907,9,2025Q4
2025-10-27,XLC,-0.02769839941045149,0.0007089707870116491,9,2025Q4
2025-10-27,XLE,0.0011868879902163787,-0.00042135958897701435,9,2025Q4
2025-10-27,XLF,-0.019353631746050537,-0.0005767020840371676,9,2025Q4
2025-10-27,XLI,-0.006149516001622057,0.00013233821381497448,9,2025Q4
2025-10-27,XLK,0.01250519262445271,0.001349828227594203,9,2025Q4
2025-10-27,XLP,-0.041912934280090686,-0.0022324141181056813,9,2025Q4
2025-10-27,XLRE,-0.0419160649444521,-0.002589969018673652,9,2025Q4
2025-10-27,XLU,-0.024398789658991782,-0.000636251098442618,9,2025Q4
2025-10-27,XLV,-0.010344690945910173,-0.0017939932479834066,9,2025Q4
2025-10-27,XLY,0.00733555188292867,-0.0005218671762454135,9,2025Q4
2025-10-28,XLB,-0.031847783269054464,-0.0018754498533135907,9,2025Q4
2025-10-28,XLC,-0.015134570792878832,0.0007089707870116491,9,2025Q4
2025-10-28,XLE,0.015257766968861941,-0.00042135958897701435,9,2025Q4
2025-10-28,XLF,0.006446991108878697,-0.0005767020840371676,9,2025Q4
2025-10-28,XLI,0.003821270636128249,0.00013233821381497448,9,2025Q4
2025-10-28,XLK,-0.00935607158142504,0.001349828227594203,9,2025Q4
2025-10-28,XLP,-0.013906806769695135,-0.0022324141181056813,9,2025Q4
2025-10-28,XLRE,-0.0031360565443083743,-0.002589969018673652,9,2025Q4
2025-10-28,XLU,0.0027801273242135105,-0.000636251098442618,9,2025Q4
2025-10-28,XLV,0.014797412467170257,-0.0017939932479834066,9,2025Q4
2025-10-28,XLY,0.004845771338217397,-0.0005218671762454135,9,2025Q4
2025-10-29,XLB,-0.010001581933897219,-0.0018754498533135907,9,2025Q4
2025-10-29,XLC,-0.010408305781086202,0.0007089707870116491,9,2025Q4
2025-10-29,XLE,0.007567590668035806,-0.00042135958897701435,9,2025Q4
2025-10-29,XLF,0.02406212111339512,-0.0005767020840371676,9,2025Q4
2025-10-29,XLI,0.002148598987224304,0.00013233821381497448,9,2025Q4
2025-10-29,XLK,-0.01545275679915259,0.001349828227594203,9,2025Q4
2025-10-29,XLP,0.005914100889443108,-0.0022324141181056813,9,2025Q4
2025-10-29,XLRE,0.021159443209672446,-0.002589969018673652,9,2025Q4
2025-10-29,XLU,0.00039790041111442687,-0.000636251098442618,9,2025Q4
2025-10-29,XLV,0.02593966159110339,-0.0017939932479834066,9,2025Q4
2025-10-29,XLY,0.022257993605588222,-0.0005218671762454135,9,2025Q4
2025-10-30,XLB,-0.0018953038131876987,-0.0018754498533135907,9,2025Q4
2025-10-30,XLC,-0.002791460636327514,0.0007089707870116491,9,2025Q4
2025-10-30,XLE,0.022918805481459636,-0.00042135958897701435,9,2025Q4
2025-10-30,XLF,0.017449796107843807,-0.0005767020840371676,9,2025Q4
2025-10-30,XLI,0.0004279627020985499,0.00013233821381497448,9,2025Q4
2025-10-30,XLK,-0.023381232304980015,0.001349828227594203,9,2025Q4
2025-10-30,XLP,0.0022387949928659445,-0.0022324141181056813,9,2025Q4
2025-10-30,XLRE,0.010334224945668935,-0.002589969018673652,9,2025Q4
2025-10-30,XLU,-4.0190609399970434e-05,-0.000636251098442618,9,2025Q4
2025-10-30,XLV,0.025368712240430136,-0.0017939932479834066,9,2025Q4
2025-10-30,XLY,0.02144735114259866,-0.0005218671762454135,9,2025Q4
2025-10-31,XLB,0.01801047124110411,-0.0018754498533135907,9,2025Q4
2025-10-31,XLC,-0.007257548626821486,0.0007089707870116491,9,2025Q4
2025-10-31,XLE,0.03225865885712842,-0.00042135958897701435,9,2025Q4
2025-10-31,XLF,0.024088476288158467,-0.0005767020840371676,9,2025Q4
2025-10-31,XLI,0.005102595112138064,0.00013233821381497448,9,2025Q4
2025-10-31,XLK,-0.02537938510241533,0.001349828227594203,9,2025Q4
2025-10-31,XLP,0.021896692983550792,-0.0022324141181056813,9,2025Q4
2025-10-31,XLRE,0.02530602137476945,-0.002589969018673652,9,2025Q4
2025-10-31,XLU,0.022881339895483133,-0.000636251098442618,9,2025Q4
2025-10-31,XLV,0.029361819639971976,-0.0017939932479834066,9,2025Q4
2025-10-31,XLY,-0.0007037143499025733,-0.0005218671762454135,9,2025Q4
2025-11-03,XLB,0.020281047946461572,-0.0018754498533135907,9,2025Q4
2025-11-03,XLC,5.134720013322269e-05,0.0007089707870116491,9,2025Q4
2025-11-03,XLE,0.027854206991116626,-0.00042135958897701435,9,2025Q4
2025-11-03,XLF,0.018504334120426624,-0.0005767020840371676,9,2025Q4
2025-11-03,XLI,0.0014851238908675235,0.00013233821381497448,9,2025Q4
2025-11-03,XLK,-0.018351664789422406,0.001349828227594203,9,2025Q4
2025-11-03,XLP,0.012690608669975734,-0.0022324141181056813,9,2025Q4
2025-11-03,XLRE,0.01282209673035506,-0.002589969018673652,9,2025Q4
2025-11-03,XLU,0.008501156135527155,-0.000636251098442618,9,2025Q4
2025-11-03,XLV,0.02237201484942586,-0.0017939932479834066,9,2025Q4
2025-11-03,XLY,-0.010515434936399504,-0.0005218671762454135,9,2025Q4
2025-11-04,XLB,0.02843133479096238,-0.0018754498533135907,9,2025Q4
2025-11-04,XLC,-0.0055839155162595855,0.0007089707870116491,9,2025Q4
2025-11-04,XLE,0.023040794816666654,-0.00042135958897701435,9,2025Q4
2025-11-04,XLF,0.01179088731202138,-0.0005767020840371676,9,2025Q4
2025-11-04,XLI,-0.00039125507270010296,0.00013233821381497448,9,2025Q4
2025-11-04,XLK,-0.012123014143442856,0.001349828227594203,9,2025Q4
2025-11-04,XLP,0.005447329887976249,-0.0022324141181056813,9,2025Q4
2025-11-04,XLRE,-0.001551797668017496,-0.002589969018673652,9,2025Q4
2025-11-04,XLU,0.00021565624528552263,-0.000636251098442618,9,2025Q4
2025-11-04,XLV,0.041149713376535946,-0.0017939932479834066,9,2025Q4
2025-11-04,XLY,-0.012978721786963021,-0.0005218671762454135,9,2025Q4
2025-11-05,XLB,0.03575184277960264,-0.0018754498533135907,9,2025Q4
2025-11-05,XLC,-0.004960856551484261,0.0007089707870116491,9,2025Q4
2025-11-05,XLE,0.04317958803001609,-0.00042135958897701435,9,2025Q4
2025-11-05,XLF,0.015400490921785304,-0.0005767020840371676,9,2025Q4
2025-11-05,XLI,0.00034325814870128646,0.00013233821381497448,9,2025Q4
2025-11-05,XLK,-0.020628615104641757,0.001349828227594203,9,2025Q4
2025-11-05,XLP,0.02634839756411167,-0.0022324141181056813,9,2025Q4
2025-11-05,XLRE,0.005732960621049332,-0.002589969018673652,9,2025Q4
2025-11-05,XLU,0.006262819236050432,-0.000636251098442618,9,2025Q4
2025-11-05,XLV,0.056782499860775104,-0.0017939932479834066,9,2025Q4
2025-11-05,XLY,-0.029407847661386044,-0.0005218671762454135,9,2025Q4
2025-11-06,XLB,0.02081433984501113,-0.0018754498533135907,9,2025Q4
2025-11-06,XLC,-0.011936365184197273,0.0007089707870116491,9,2025Q4
2025-11-06,XLE,0.04006649767550985,-0.00042135958897701435,9,2025Q4
2025-11-06,XLF,-0.0016535791031946356,-0.0005767020840371676,9,2025Q4
2025-11-06,XLI,-0.0062178276849464975,0.00013233821381497448,9,2025Q4
2025-11-06,XLK,-0.005909668146908298,0.001349828227594203,9,2025Q4
2025-11-06,XLP,0.019540879727211635,-0.0022324141181056813,9,2025Q4
2025-11-06,XLRE,0.002984631781324465,-0.002589969018673652,9,2025Q4
2025-11-06,XLU,0.0009745710975974653,-0.000636251098442618,9,2025Q4
2025-11-06,XLV,0.037942259434607495,-0.0017939932479834066,9,2025Q4
2025-11-06,XLY,-0.02195053039343997,-0.0005218671762454135,9,2025Q4
2025-11-07,XLB,0.003587662542506531,-0.0018754498533135907,9,2025Q4
2025-11-07,XLC,-0.000396412258682699,0.0007089707870116491,9,2025Q4
2025-11-07,XLE,0.01683356626742527,-0.00042135958897701435,9,2025Q4
2025-11-07,XLF,-0.017299927113716862,-0.0005767020840371676,9,2025Q4
2025-11-07,XLI,-0.010427473480051797,0.00013233821381497448,9,2025Q4
2025-11-07,XLK,-0.007786718271591275,0.001349828227594203,9,2025Q4
2025-11-07,XLP,0.008681178479811757,-0.0022324141181056813,9,2025Q4
2025-11-07,XLRE,-0.006397086982832811,-0.002589969018673652,9,2025Q4
2025-11-07,XLU,0.006449574928832913,-0.000636251098442618,9,2025Q4
2025-11-07,XLV,0.04594472147186601,-0.0017939932479834066,9,2025Q4
2025-11-07,XLY,-0.02237318349180939,-0.0005218671762454135,9,2025Q4
2025-11-10,XLB,0.018532273000684607,-0.0018754498533135907,9,2025Q4
2025-11-10,XLC,0.018368691325647446,0.0007089707870116491,9,2025Q4
2025-11-10,XLE,0.039203714962539715,-0.00042135958897701435,9,2025Q4
2025-11-10,XLF,0.0011396093860781553,-0.0005767020840371676,9,2025Q4
2025-11-10,XLI,0.003135269509384142,0.00013233821381497448,9,2025Q4
2025-11-10,XLK,-0.024486508998160406,0.001349828227594203,9,2025Q4
2025-11-10,XLP,0.04011157752704575,-0.0022324141181056813,9,2025Q4
2025-11-10,XLRE,0.02140358216718674,-0.002589969018673652,9,2025Q4
2025-11-10,XLU,0.026437958179335808,-0.000636251098442618,9,2025Q4
2025-11-10,XLV,0.06739916136311797,-0.0017939932479834066,9,2025Q4
2025-11-10,XLY,-0.029166833377444523,-0.0005218671762454135,9,2025Q4
2025-11-12,XLB,0.003024018264823347,-0.0018754498533135907,9,2025Q4
2025-11-12,XLC,0.00966622851084209,0.0007089707870116491,9,2025Q4
2025-11-12,XLE,0.026264057042844402,-0.00042135958897701435,9,2025Q4
2025-11-12,XLF,-0.008950548268055636,-0.0005767020840371676,9,2025Q4
2025-11-12,XLI,0.004196282139592888,0.00013233821381497448,9,2025Q4
2025-11-12,XLK,-0.013695828022079803,0.001349828227594203,9,2025Q4
2025-11-12,XLP,0.01988783590623644,-0.0022324141181056813,9,2025Q4
2025-11-12,XLRE,0.009575769398807887,-0.002589969018673652,9,2025Q4
2025-11-12,XLU,0.014238335194676544,-0.000636251098442618,9,2025Q4
2025-11-12,XLV,0.027157393435921606,-0.0017939932479834066,9,2025Q4
2025-11-12,XLY,-0.02607902067152612,-0.0005218671762454135,9,2025Q4
2025-11-13,XLB,-0.0064834355274629996,-0.0018754498533135907,9,2025Q4
2025-11-13,XLC,0.011520065718712336,0.0007089707870116491,9,2025Q4
2025-11-13,XLE,0.011126500775105352,-0.00042135958897701435,9,2025Q4
2025-11-13,XLF,-0.006265328181920493,-0.0005767020840371676,9,2025Q4
2025-11-13,XLI,0.0015967995326093831,0.00013233821381497448,9,2025Q4
2025-11-13,XLK,-0.021354558174439653,0.001349828227594203,9,2025Q4
2025-11-13,XLP,0.02566836132638506,-0.0022324141181056813,9,2025Q4
2025-11-13,XLRE,0.01776478424457284,-0.002589969018673652,9,2025Q4
2025-11-13,XLU,0.021588520207774686,-0.000636251098442618,9,2025Q4
2025-11-13,XLV,0.020388873094148163,-0.0017939932479834066,9,2025Q4
2025-11-13,XLY,-0.017693127872109415,-0.0005218671762454135,9,2025Q4
2025-11-14,XLB,0.014358045786999507,-0.0018754498533135907,9,2025Q4
2025-11-14,XLC,0.024318342177594432,0.0007089707870116491,9,2025Q4
2025-11-14,XLE,-0.009056298825489084,-0.00042135958897701435,9,2025Q4
2025-11-14,XLF,0.004327122402001282,-0.0005767020840371676,9,2025Q4
2025-11-14,XLI,0.0035415637277658174,0.00013233821381497448,9,2025Q4
2025-11-14,XLK,-0.032684271574926926,0.001349828227594203,9,2025Q4
2025-11-14,XLP,0.02748214572586749,-0.0022324141181056813,9,2025Q4
2025-11-14,XLRE,0.017977427186719686,-0.002589969018673652,9,2025Q4
2025-11-14,XLU,0.012325963333363221,-0.000636251098442618,9,2025Q4
2025-11-14,XLV,0.037508380327631374,-0.0017939932479834066,9,2025Q4
2025-11-14,XLY,-0.004146021330249439,-0.0005218671762454135,9,2025Q4
2025-11-17,XLB,0.00792507033239942,-0.0018754498533135907,9,2025Q4
2025-11-17,XLC,0.011862922603020465,0.0007089707870116491,9,2025Q4
2025-11-17,XLE,-0.017547946045621376,-0.00042135958897701435,9,2025Q4
2025-11-17,XLF,0.00395511990133679,-0.0005767020840371676,9,2025Q4
2025-11-17,XLI,-0.008051562730715278,0.00013233821381497448,9,2025Q4
2025-11-17,XLK,-0.018452463919104378,0.001349828227594203,9,2025Q4
2025-11-17,XLP,-0.0016009103598157992,-0.0022324141181056813,9,2025Q4
2025-11-17,XLRE,0.002286116859749443,-0.002589969018673652,9,2025Q4
2025-11-17,XLU,-0.009174808902954523,-0.000636251098442618,9,2025Q4
2025-11-17,XLV,0.01887049748470848,-0.0017939932479834066,9,2025Q4
2025-11-17,XLY,-0.005515025524544526,-0.0005218671762454135,9,2025Q4
2025-11-18,XLB,0.004143741853327665,-0.0018754498533135907,9,2025Q4
2025-11-18,XLC,-0.0003636979778238736,0.0007089707870116491,9,2025Q4
2025-11-18,XLE,-0.049538957307599385,-0.00042135958897701435,9,2025Q4
2025-11-18,XLF,0.00014231909690964883,-0.0005767020840371676,9,2025Q4
2025-11-18,XLI,-0.008819806353438597,0.00013233821381497448,9,2025Q4
2025-11-18,XLK,-0.017508723202768195,0.001349828227594203,9,2025Q4
2025-11-18,XLP,-0.010182258299547886,-0.0022324141181056813,9,2025Q4
2025-11-18,XLRE,-0.01136739435290024,-0.002589969018673652,9,2025Q4
2025-11-18,XLU,-0.027229002368552413,-0.000636251098442618,9,2025Q4
2025-11-18,XLV,0.01786706795123516,-0.0017939932479834066,9,2025Q4
2025-11-18,XLY,0.01701003239399479,-0.0005218671762454135,9,2025Q4
2025-11-19,XLB,0.011008178312544858,-0.0018754498533135907,9,2025Q4
2025-11-19,XLC,0.0036783195311738126,0.0007089707870116491,9,2025Q4
2025-11-19,XLE,-0.03240636741719427,-0.00042135958897701435,9,2025Q4
2025-11-19,XLF,0.0012280828609629868,-0.0005767020840371676,9,2025Q4
2025-11-19,XLI,-0.009435489052825874,0.00013233821381497448,9,2025Q4
2025-11-19,XLK,-0.015729732264312624,0.001349828227594203,9,2025Q4
2025-11-19,XLP,0.005637648574851051,-0.0022324141181056813,9,2025Q4
2025-11-19,XLRE,-0.0020329476118354783,-0.002589969018673652,9,2025Q4
2025-11-19,XLU,-0.008549834694991931,-0.000636251098442618,9,2025Q4
2025-11-19,XLV,0.01424819298181279,-0.0017939932479834066,9,2025Q4
2025-11-19,XLY,0.02099317666631917,-0.0005218671762454135,9,2025Q4
2025-11-20,XLB,0.011196380895535318,-0.0018754498533135907,9,2025Q4
2025-11-20,XLC,0.0019933241817491343,0.0007089707870116491,9,2025Q4
2025-11-20,XLE,-0.029399529445939043,-0.00042135958897701435,9,2025Q4
2025-11-20,XLF,-0.0038571179097930397,-0.0005767020840371676,9,2025Q4
2025-11-20,XLI,-0.007652717600316272,0.00013233821381497448,9,2025Q4
2025-11-20,XLK,0.004406585687722453,0.001349828227594203,9,2025Q4
2025-11-20,XLP,-0.01731620319542926,-0.0022324141181056813,9,2025Q4
2025-11-20,XLRE,-0.01509071447864696,-0.002589969018673652,9,2025Q4
2025-11-20,XLU,-0.017640493035179228,-0.000636251098442618,9,2025Q4
2025-11-20,XLV,-0.006149006442948801,-0.0017939932479834066,9,2025Q4
2025-11-20,XLY,0.02188783889451229,-0.0005218671762454135,9,2025Q4
2025-11-21,XLB,0.0005444105131051646,-0.0018754498533135907,9,2025Q4
2025-11-21,XLC,-0.005866361367860451,0.0007089707870116491,9,2025Q4
2025-11-21,XLE,-0.01098114237440262,-0.00042135958897701435,9,2025Q4
2025-11-21,XLF,-0.008617805406842205,-0.0005767020840371676,9,2025Q4
2025-11-21,XLI,-0.020132680606193665,0.00013233821381497448,9,2025Q4
2025-11-21,XLK,0.015904050406928327,0.001349828227594203,9,2025Q4
2025-11-21,XLP,-0.01438579635761017,-0.0022324141181056813,9,2025Q4
2025-11-21,XLRE,-0.027583708545199315,-0.002589969018673652,9,2025Q4
2025-11-21,XLU,-0.028145237501593368,-0.000636251098442618,9,2025Q4
2025-11-21,XLV,-0.027831022197707167,-0.0017939932479834066,9,2025Q4
2025-11-21,XLY,0.016994761467106878,-0.0005218671762454135,9,2025Q4
2025-11-24,XLB,0.002241579993692122,-0.0018754498533135907,9,2025Q4
2025-11-24,XLC,0.0005035199175091876,0.0007089707870116491,9,2025Q4
2025-11-24,XLE,-0.008262661334784926,-0.00042135958897701435,9,2025Q4
2025-11-24,XLF,-0.000832800205468498,-0.0005767020840371676,9,2025Q4
2025-11-24,XLI,-0.0007407593498123255,0.00013233821381497448,9,2025Q4
2025-11-24,XLK,0.01514475064268006,0.001349828227594203,9,2025Q4
2025-11-24,XLP,0.0038462536372005918,-0.0022324141181056813,9,2025Q4
2025-11-24,XLRE,-0.018408337474812297,-0.002589969018673652,9,2025Q4
2025-11-24,XLU,-0.03338641274297005,-0.000636251098442618,9,2025Q4
2025-11-24,XLV,-0.024937487418857596,-0.0017939932479834066,9,2025Q4
2025-11-24,XLY,0.01556231710198408,-0.0005218671762454135,9,2025Q4
2025-11-25,XLB,0.00029775360243489146,-0.0018754498533135907,9,2025Q4
2025-11-25,XLC,-0.005878759096033193,0.0007089707870116491,9,2025Q4
2025-11-25,XLE,0.02319866225834799,-0.00042135958897701435,9,2025Q4
2025-11-25,XLF,0.006083097403917881,-0.0005767020840371676,9,2025Q4
2025-11-25,XLI,0.0019333716151161973,0.00013233821381497448,9,2025Q4
2025-11-25,XLK,0.020839538783422373,0.001349828227594203,9,2025Q4
2025-11-25,XLP,-0.0032761443767548304,-0.0022324141181056813,9,2025Q4
2025-11-25,XLRE,-0.01846851802329741,-0.002589969018673652,9,2025Q4
2025-11-25,XLU,-0.026764943222240656,-0.000636251098442618,9,2025Q4
2025-11-25,XLV,-0.0363815178642124,-0.0017939932479834066,9,2025Q4
2025-11-25,XLY,0.010809948517314538,-0.0005218671762454135,9,2025Q4
2025-11-26,XLB,-0.01165467257665631,-0.0018754498533135907,9,2025Q4
2025-11-26,XLC,0.0046900481973326524,0.0007089707870116491,9,2025Q4
2025-11-26,XLE,0.02600037588846371,-0.00042135958897701435,9,2025Q4
2025-11-26,XLF,0.006479144659976566,-0.0005767020840371676,9,2025Q4
2025-11-26,XLI,0.007533619146922188,0.00013233821381497448,9,2025Q4
2025-11-26,XLK,0.018759182309006084,0.001349828227594203,9,2025Q4
2025-11-26,XLP,-0.01275915756669066,-0.0022324141181056813,9,2025Q4
2025-11-26,XLRE,-0.01826322573053274,-0.002589969018673652,9,2025Q4
2025-11-26,XLU,-0.035488460386056575,-0.000636251098442618,9,2025Q4
2025-11-26,XLV,-0.03546148267995308,-0.0017939932479834066,9,2025Q4
2025-11-26,XLY,0.00643197048924149,-0.0005218671762454135,9,2025Q4
2025-11-28,XLB,-0.017012107000588195,-0.0018754498533135907,9,2025Q4
2025-11-28,XLC,0.011713721737396376,0.0007089707870116491,9,2025Q4
2025-11-28,XLE,0.012002031850272932,-0.00042135958897701435,9,2025Q4
2025-11-28,XLF,0.0031973356197769753,-0.0005767020840371676,9,2025Q4
2025-11-28,XLI,0.002425303178797522,0.00013233821381497448,9,2025Q4
2025-11-28,XLK,0.02102126073940669,0.001349828227594203,9,2025Q4
2025-11-28,XLP,-0.014830863714182185,-0.0022324141181056813,9,2025Q4
2025-11-28,XLRE,-0.019684269066549187,-0.002589969018673652,9,2025Q4
2025-11-28,XLU,-0.047832086754540315,-0.000636251098442618,9,2025Q4
2025-11-28,XLV,-0.031212069963314826,-0.0017939932479834066,9,2025Q4
2025-11-28,XLY,0.009321560682752139,-0.0005218671762454135,9,2025Q4
2025-12-01,XLB,-0.029832689184633332,-0.0018754498533135907,9,2025Q4
2025-12-01,XLC,0.007337667579159657,0.0007089707870116491,9,2025Q4
2025-12-01,XLE,-0.010195457098689631,-0.00042135958897701435,9,2025Q4
2025-12-01,XLF,0.006216012519780545,-0.0005767020840371676,9,2025Q4
2025-12-01,XLI,0.01454044660074083,0.00013233821381497448,9,2025Q4
2025-12-01,XLK,0.026176552105928508,0.001349828227594203,9,2025Q4
2025-12-01,XLP,-0.02360487302376324,-0.0022324141181056813,9,2025Q4
2025-12-01,XLRE,-0.013457102875451654,-0.002589969018673652,9,2025Q4
2025-12-01,XLU,-0.03962456160012251,-0.000636251098442618,9,2025Q4
2025-12-01,XLV,-0.029795934997316587,-0.0017939932479834066,9,2025Q4
2025-12-01,XLY,-0.0075596717781778455,-0.0005218671762454135,9,2025Q4
2025-12-02,XLB,-0.020208134530315225,-0.0018754498533135907,9,2025Q4
2025-12-02,XLC,0.007851219747731397,0.0007089707870116491,9,2025Q4
2025-12-02,XLE,0.011762652917894911,-0.00042135958897701435,9,2025Q4
2025-12-02,XLF,0.006111421852819321,-0.0005767020840371676,9,2025Q4
2025-12-02,XLI,0.001057505015237492,0.00013233821381497448,9,2025Q4
2025-12-02,XLK,0.021082011804340217,0.001349828227594203,9,2025Q4
2025-12-02,XLP,-0.012117850176624367,-0.0022324141181056813,9,2025Q4
2025-12-02,XLRE,-0.014169738283171474,-0.002589969018673652,9,2025Q4
2025-12-02,XLU,-0.029297988198806357,-0.000636251098442618,9,2025Q4
2025-12-02,XLV,-0.03072039711633545,-0.0017939932479834066,9,2025Q4
2025-12-02,XLY,-0.004245716476250827,-0.0005218671762454135,9,2025Q4
2025-12-03,XLB,-0.011111963330820651,-0.0018754498533135907,9,2025Q4
2025-12-03,XLC,0.011469534485369026,0.0007089707870116491,9,2025Q4
2025-12-03,XLE,0.00039055203524540616,-0.00042135958897701435,9,2025Q4
2025-12-03,XLF,0.0009682240274877518,-0.0005767020840371676,9,2025Q4
2025-12-03,XLI,0.006615645653120783,0.00013233821381497448,9,2025Q4
2025-12-03,XLK,0.02037852662686568,0.001349828227594203,9,2025Q4
2025-12-03,XLP,-0.013119153068895995,-0.0022324141181056813,9,2025Q4
2025-12-03,XLRE,-0.01731183209040621,-0.002589969018673652,9,2025Q4
2025-12-03,XLU,-0.029810206066010814,-0.000636251098442618,9,2025Q4
2025-12-03,XLV,-0.024338939505108015,-0.0017939932479834066,9,2025Q4
2025-12-03,XLY,-0.003581743859858433,-0.0005218671762454135,9,2025Q4
2025-12-04,XLB,0.013022460155167392,-0.0018754498533135907,9,2025Q4
2025-12-04,XLC,0.0018247290631316915,0.0007089707870116491,9,2025Q4
2025-12-04,XLE,-0.010237412240732935,-0.00042135958897701435,9,2025Q4
2025-12-04,XLF,0.0155650632119535,-0.0005767020840371676,9,2025Q4
2025-12-04,XLI,0.010562933210986447,0.00013233821381497448,9,2025Q4
2025-12-04,XLK,0.009747048655895041,0.001349828227594203,9,2025Q4
2025-12-04,XLP,-0.0025228813969158104,-0.0022324141181056813,9,2025Q4
2025-12-04,XLRE,-0.011862370585306814,-0.002589969018673652,9,2025Q4
2025-12-04,XLU,-0.022312621964965307,-0.000636251098442618,9,2025Q4
2025-12-04,XLV,-0.009063594059529723,-0.0017939932479834066,9,2025Q4
2025-12-04,XLY,0.002337925612666769,-0.0005218671762454135,9,2025Q4
2025-12-05,XLB,0.029773185808193436,-0.0018754498533135907,9,2025Q4
2025-12-05,XLC,0.0007796899905823107,0.0007089707870116491,9,2025Q4
2025-12-05,XLE,-0.003197118439611346,-0.00042135958897701435,9,2025Q4
2025-12-05,XLF,0.029390171319809588,-0.0005767020840371676,9,2025Q4
2025-12-05,XLI,0.01970480012313025,0.00013233821381497448,9,2025Q4
2025-12-05,XLK,-0.014118478798215817,0.001349828227594203,9,2025Q4
2025-12-05,XLP,0.017966987019039204,-0.0022324141181056813,9,2025Q4
2025-12-05,XLRE,-0.00012363361752931734,-0.002589969018673652,9,2025Q4
2025-12-05,XLU,-0.005123050475243085,-0.000636251098442618,9,2025Q4
2025-12-05,XLV,0.010951340761373163,-0.0017939932479834066,9,2025Q4
2025-12-05,XLY,0.013833014836450386,-0.0005218671762454135,9,2025Q4
2025-12-08,XLB,0.041960552024213116,-0.0018754498533135907,9,2025Q4
2025-12-08,XLC,0.006908498059579826,0.0007089707870116491,9,2025Q4
2025-12-08,XLE,-0.0008217877610154911,-0.00042135958897701435,9,2025Q4
2025-12-08,XLF,0.032476914914948085,-0.0005767020840371676,9,2025Q4
2025-12-08,XLI,0.021082529706152653,0.00013233821381497448,9,2025Q4
2025-12-08,XLK,-0.03186171218201461,0.001349828227594203,9,2025Q4
2025-12-08,XLP,0.027760888678013296,-0.0022324141181056813,9,2025Q4
2025-12-08,XLRE,0.008414863905738534,-0.002589969018673652,9,2025Q4
2025-12-08,XLU,0.01594618061405073,-0.000636251098442618,9,2025Q4
2025-12-08,XLV,0.035081392468281236,-0.0017939932479834066,9,2025Q4
2025-12-08,XLY,0.03593966225551537,-0.0005218671762454135,9,2025Q4
2025-12-09,XLB,0.04321038354028739,-0.0018754498533135907,9,2025Q4
2025-12-09,XLC,0.008338928622038444,0.0007089707870116491,9,2025Q4
2025-12-09,XLE,-0.035251614227654215,-0.00042135958897701435,9,2025Q4
2025-12-09,XLF,0.031630585258484056,-0.0005767020840371676,9,2025Q4
2025-12-09,XLI,0.024374666936403666,0.00013233821381497448,9,2025Q4
2025-12-09,XLK,-0.030781847441747723,0.001349828227594203,9,2025Q4
2025-12-09,XLP,0.02264564185887219,-0.0022324141181056813,9,2025Q4
2025-12-09,XLRE,0.007339627634192936,-0.002589969018673652,9,2025Q4
2025-12-09,XLU,0.01288868546395261,-0.000636251098442618,9,2025Q4
2025-12-09,XLV,0.03351236834858928,-0.0017939932479834066,9,2025Q4
2025-12-09,XLY,0.03958531062293991,-0.0005218671762454135,9,2025Q4
2025-12-10,XLB,0.04499138486534093,-0.0018754498533135907,9,2025Q4
2025-12-10,XLC,0.012754813987899793,0.0007089707870116491,9,2025Q4
2025-12-10,XLE,-0.006798548699128992,-0.00042135958897701435,9,2025Q4
2025-12-10,XLF,0.03724928111572323,-0.0005767020840371676,9,2025Q4
2025-12-10,XLI,0.007305892036622019,0.00013233821381497448,9,2025Q4
2025-12-10,XLK,-0.03928075396311714,0.001349828227594203,9,2025Q4
2025-12-10,XLP,0.0417993748486174,-0.0022324141181056813,9,2025Q4
2025-12-10,XLRE,0.02721400764872528,-0.002589969018673652,9,2025Q4
2025-12-10,XLU,0.02421968832594512,-0.000636251098442618,9,2025Q4
2025-12-10,XLV,0.034362879569823646,-0.0017939932479834066,9,2025Q4
2025-12-10,XLY,0.030283957497544645,-0.0005218671762454135,9,2025Q4
2025-12-11,XLB,0.019536120101093846,-0.0018754498533135907,9,2025Q4
2025-12-11,XLC,0.015517254373213052,0.0007089707870116491,9,2025Q4
2025-12-11,XLE,-0.02138926830325405,-0.00042135958897701435,9,2025Q4
2025-12-11,XLF,0.012413748654463763,-0.0005767020840371676,9,2025Q4
2025-12-11,XLI,-0.0018598695670389853,0.00013233821381497448,9,2025Q4
2025-12-11,XLK,-0.02502679026937138,0.001349828227594203,9,2025Q4
2025-12-11,XLP,0.023377202651405304,-0.0022324141181056813,9,2025Q4
2025-12-11,XLRE,0.010584826817823134,-0.002589969018673652,9,2025Q4
2025-12-11,XLU,0.0216807521768142,-0.000636251098442618,9,2025Q4
2025-12-11,XLV,0.020576681353620896,-0.0017939932479834066,9,2025Q4
2025-12-11,XLY,0.03640100451206607,-0.0005218671762454135,9,2025Q4
2025-12-12,XLB,0.006588793177608299,-0.0018754498533135907,9,2025Q4
2025-12-12,XLC,0.0014587461870962937,0.0007089707870116491,9,2025Q4
2025-12-12,XLE,-0.028606859488265357,-0.00042135958897701435,9,2025Q4
2025-12-12,XLF,-0.0002856733917181442,-0.0005767020840371676,9,2025Q4
2025-12-12,XLI,-0.0038982468182314767,0.00013233821381497448,9,2025Q4
2025-12-12,XLK,0.008049224598856597,0.001349828227594203,9,2025Q4
2025-12-12,XLP,-0.006342277126392348,-0.0022324141181056813,9,2025Q4
2025-12-12,XLRE,-0.008590602021761096,-0.002589969018673652,9,2025Q4
2025-12-12,XLU,-0.002953477650763703,-0.000636251098442618,9,2025Q4
2025-12-12,XLV,0.007428206680768046,-0.0017939932479834066,9,2025Q4
2025-12-12,XLY,0.011243901208373819,-0.0005218671762454135,9,2025Q4
2025-12-15,XLB,0.006166770356979212,-0.0018754498533135907,9,2025Q4
2025-12-15,XLC,-0.005250877669926934,0.0007089707870116491,9,2025Q4
2025-12-15,XLE,-0.02770915971918464,-0.00042135958897701435,9,2025Q4
2025-12-15,XLF,-2.1854847603419714e-05,-0.0005767020840371676,9,2025Q4
2025-12-15,XLI,-0.005640756006673131,0.00013233821381497448,9,2025Q4
2025-12-15,XLK,0.014075437741338348,0.001349828227594203,9,2025Q4
2025-12-15,XLP,-0.028122393468889784,-0.0022324141181056813,9,2025Q4
2025-12-15,XLRE,-0.02362255485265763,-0.002589969018673652,9,2025Q4
2025-12-15,XLU,-0.02337602323411503,-0.000636251098442618,9,2025Q4
2025-12-15,XLV,-0.011147865878203711,-0.0017939932479834066,9,2025Q4
2025-12-15,XLY,-0.0010118558376044362,-0.0005218671762454135,9,2025Q4
2025-12-16,XLB,0.003276768748066594,-0.0018754498533135907,9,2025Q4
2025-12-16,XLC,-0.007046134523829295,0.0007089707870116491,9,2025Q4
2025-12-16,XLE,0.0023599308876085523,-0.00042135958897701435,9,2025Q4
2025-12-16,XLF,0.001068374409364914,-0.0005767020840371676,9,2025Q4
2025-12-16,XLI,-0.007430651474924499,0.00013233821381497448,9,2025Q4
2025-12-16,XLK,0.010389563360861276,0.001349828227594203,9,2025Q4
2025-12-16,XLP,-0.035715831319205416,-0.0022324141181056813,9,2025Q4
2025-12-16,XLRE,-0.02251443552649146,-0.002589969018673652,9,2025Q4
2025-12-16,XLU,-0.023148262230867744,-0.000636251098442618,9,2025Q4
2025-12-16,XLV,-0.007418586177183606,-0.0017939932479834066,9,2025Q4
2025-12-16,XLY,-0.011421555427006513,-0.0005218671762454135,9,2025Q4
2025-12-17,XLB,-0.013885574843923276,-0.0018754498533135907,9,2025Q4
2025-12-17,XLC,-0.008581869006369258,0.0007089707870116491,9,2025Q4
2025-12-17,XLE,-0.037425161212470526,-0.00042135958897701435,9,2025Q4
2025-12-17,XLF,-0.008133831346042841,-0.0005767020840371676,9,2025Q4
2025-12-17,XLI,-0.002411149580245464,0.00013233821381497448,9,2025Q4
2025-12-17,XLK,0.021303852055670758,0.001349828227594203,9,2025Q4
2025-12-17,XLP,-0.04747832760283344,-0.0022324141181056813,9,2025Q4
2025-12-17,XLRE,-0.0353893469794363,-0.002589969018673652,9,2025Q4
2025-12-17,XLU,-0.027099970936008022,-0.000636251098442618,9,2025Q4
2025-12-17,XLV,-0.015199517588590394,-0.0017939932479834066,9,2025Q4
2025-12-17,XLY,-0.01109371553572669,-0.0005218671762454135,9,2025Q4
2025-12-18,XLB,0.00035112407928061806,-0.0018754498533135907,9,2025Q4
2025-12-18,XLC,-0.0075802953018466734,0.0007089707870116491,9,2025Q4
2025-12-18,XLE,-0.01887292570098631,-0.00042135958897701435,9,2025Q4
2025-12-18,XLF,-0.0006571680273264047,-0.0005767020840371676,9,2025Q4
2025-12-18,XLI,-0.003116237463681726,0.00013233821381497448,9,2025Q4
2025-12-18,XLK,0.014795903350180106,0.001349828227594203,9,2025Q4
2025-12-18,XLP,-0.03258189099589803,-0.0022324141181056813,9,2025Q4
2025-12-18,XLRE,-0.019471005932856,-0.002589969018673652,9,2025Q4
2025-12-18,XLU,-0.029722696164206752,-0.000636251098442618,9,2025Q4
2025-12-18,XLV,-0.0065549184806901195,-0.0017939932479834066,9,2025Q4
2025-12-18,XLY,-0.022829591252974235,-0.0005218671762454135,9,2025Q4
2025-12-19,XLB,-0.002512046596710782,-0.0018754498533135907,9,2025Q4
2025-12-19,XLC,0.0010904229633719176,0.0007089707870116491,9,2025Q4
2025-12-19,XLE,0.000436342460186534,-0.00042135958897701435,9,2025Q4
2025-12-19,XLF,-0.0019144799805730361,-0.0005767020840371676,9,2025Q4
2025-12-19,XLI,-0.004187040694741295,0.00013233821381497448,9,2025Q4
2025-12-19,XLK,-0.0018843659710514604,0.001349828227594203,9,2025Q4
2025-12-19,XLP,-0.017014003735338568,-0.0022324141181056813,9,2025Q4
2025-12-19,XLRE,-0.0032285839184897913,-0.002589969018673652,9,2025Q4
2025-12-19,XLU,-0.005271953657435269,-0.000636251098442618,9,2025Q4
2025-12-19,XLV,-0.005052138406408169,-0.0017939932479834066,9,2025Q4
2025-12-19,XLY,-0.018874026864004745,-0.0005218671762454135,9,2025Q4
2025-12-22,XLB,-0.0018694990435550451,-0.0018754498533135907,9,2025Q4
2025-12-22,XLC,0.0107889552235243,0.0007089707870116491,9,2025Q4
2025-12-22,XLE,0.013781215911597533,-0.00042135958897701435,9,2025Q4
2025-12-22,XLF,-0.005714002057331857,-0.0005767020840371676,9,2025Q4
2025-12-22,XLI,-0.007194733078926596,0.00013233821381497448,9,2025Q4
2025-12-22,XLK,-0.001461034229874647,0.001349828227594203,9,2025Q4
2025-12-22,XLP,0.00028360035006524953,-0.0022324141181056813,9,2025Q4
2025-12-22,XLRE,0.010004088278936063,-0.002589969018673652,9,2025Q4
2025-12-22,XLU,0.008354284160952297,-0.000636251098442618,9,2025Q4
2025-12-22,XLV,-0.000736394748640512,-0.0017939932479834066,9,2025Q4
2025-12-22,XLY,-0.019367675880541335,-0.0005218671762454135,9,2025Q4
2025-12-23,XLB,3.6410809244658005e-05,-0.0018754498533135907,9,2025Q4
2025-12-23,XLC,0.011590722554177701,0.0007089707870116491,9,2025Q4
2025-12-23,XLE,0.013498681331747142,-0.00042135958897701435,9,2025Q4
2025-12-23,XLF,-0.0031273294075797597,-0.0005767020840371676,9,2025Q4
2025-12-23,XLI,-0.003132006517117425,0.00013233821381497448,9,2025Q4
2025-12-23,XLK,-0.004786709617130791,0.001349828227594203,9,2025Q4
2025-12-23,XLP,0.01097284559326328,-0.0022324141181056813,9,2025Q4
2025-12-23,XLRE,0.013010540885105448,-0.002589969018673652,9,2025Q4
2025-12-23,XLU,0.010422001606556264,-0.000636251098442618,9,2025Q4
2025-12-23,XLV,0.007553694667149058,-0.0017939932479834066,9,2025Q4
2025-12-23,XLY,-0.013811890693051554,-0.0005218671762454135,9,2025Q4
2025-12-24,XLB,0.016551726299707803,-0.0018754498533135907,9,2025Q4
2025-12-24,XLC,0.00036646398683604087,0.0007089707870116491,9,2025Q4
2025-12-24,XLE,0.0392918447939975,-0.00042135958897701435,9,2025Q4
2025-12-24,XLF,-0.003911401677396786,-0.0005767020840371676,9,2025Q4
2025-12-24,XLI,0.01349114290404596,0.00013233821381497448,9,2025Q4
2025-12-24,XLK,-0.0032270161299025046,0.001349828227594203,9,2025Q4
2025-12-24,XLP,0.004939171577881041,-0.0022324141181056813,9,2025Q4
2025-12-24,XLRE,0.008959844331204558,-0.002589969018673652,9,2025Q4
2025-12-24,XLU,0.019086364314263915,-0.000636251098442618,9,2025Q4
2025-12-24,XLV,0.008582163137556553,-0.0017939932479834066,9,2025Q4
2025-12-24,XLY,-0.02414331030622907,-0.0005218671762454135,9,2025Q4
2025-12-26,XLB,0.01394495423450759,-0.0018754498533135907,9,2025Q4
2025-12-26,XLC,0.0018870566333859529,0.0007089707870116491,9,2025Q4
2025-12-26,XLE,0.06461166604209745,-0.00042135958897701435,9,2025Q4
2025-12-26,XLF,0.012921301073605784,-0.0005767020840371676,9,2025Q4
2025-12-26,XLI,0.020544762419223206,0.00013233821381497448,9,2025Q4
2025-12-26,XLK,-0.00928293586945339,0.001349828227594203,9,2025Q4
2025-12-26,XLP,-0.007496943967949643,-0.0022324141181056813,9,2025Q4
2025-12-26,XLRE,0.0015308121651225193,-0.002589969018673652,9,2025Q4
2025-12-26,XLU,0.001881904809737489,-0.000636251098442618,9,2025Q4
2025-12-26,XLV,-0.0027203469888810172,-0.0017939932479834066,9,2025Q4
2025-12-26,XLY,-0.010586448372104873,-0.0005218671762454135,9,2025Q4
2025-12-29,XLB,0.03272128679634867,-0.0018754498533135907,9,2025Q4
2025-12-29,XLC,-0.010507259984326223,0.0007089707870116491,9,2025Q4
2025-12-29,XLE,0.017102635040090686,-0.00042135958897701435,9,2025Q4
2025-12-29,XLF,0.01376570744422434,-0.0005767020840371676,9,2025Q4
2025-12-29,XLI,0.02707266249646878,0.00013233821381497448,9,2025Q4
2025-12-29,XLK,-0.0004098421455136503,0.001349828227594203,9,2025Q4
2025-12-29,XLP,-0.01610453974673698,-0.0022324141181056813,9,2025Q4
2025-12-29,XLRE,-0.004034204250274787,-0.002589969018673652,9,2025Q4
2025-12-29,XLU,-0.00459048023436992,-0.000636251098442618,9,2025Q4
2025-12-29,XLV,0.008876137982781529,-0.0017939932479834066,9,2025Q4
2025-12-29,XLY,-0.003936630568245114,-0.0005218671762454135,9,2025Q4
2025-12-30,XLB,0.01703326087747503,-0.0018754498533135907,9,2025Q4
2025-12-30,XLC,-0.013885408002301536,0.0007089707870116491,9,2025Q4
2025-12-30,XLE,4.0290767445050335e-05,-0.00042135958897701435,9,2025Q4
2025-12-30,XLF,0.004051830484114616,-0.0005767020840371676,9,2025Q4
2025-12-30,XLI,0.01256141511511566,0.00013233821381497448,9,2025Q4
2025-12-30,XLK,0.003961510824806336,0.001349828227594203,9,2025Q4
2025-12-30,XLP,-0.023318583147350802,-0.0022324141181056813,9,2025Q4
2025-12-30,XLRE,-0.017984462953828384,-0.002589969018673652,9,2025Q4
2025-12-30,XLU,-0.029113287501175478,-0.000636251098442618,9,2025Q4
2025-12-30,XLV,0.021824414053462693,-0.0017939932479834066,9,2025Q4
2025-12-30,XLY,0.0007456923562727535,-0.0005218671762454135,9,2025Q4
2025-12-31,XLB,0.036278702924280815,-0.0018754498533135907,9,2025Q4
2025-12-31,XLC,-0.013169073853234958,0.0007089707870116491,9,2025Q4
2025-12-31,XLE,0.030023766357697212,-0.00042135958897701435,9,2025Q4
2025-12-31,XLF,0.00950139483083845,-0.0005767020840371676,9,2025Q4
2025-12-31,XLI,0.02142510307939771,0.00013233821381497448,9,2025Q4
2025-12-31,XLK,-0.009254947163147564,0.001349828227594203,9,2025Q4
2025-12-31,XLP,-0.0013466097542000899,-0.0022324141181056813,9,2025Q4
2025-12-31,XLRE,-0.008899854598169554,-0.002589969018673652,9,2025Q4
2025-12-31,XLU,-0.027527620605548475,-0.000636251098442618,9,2025Q4
2025-12-31,XLV,0.010316690554227792,-0.0017939932479834066,9,2025Q4
2025-12-31,XLY,0.018264185202224725,-0.0005218671762454135,9,2025Q4
2026-01-02,XLB,0.030445660687884457,-0.0016498788447196773,10,2026Q1
2026-01-02,XLC,-0.007315170023385331,0.0005585923252170772,10,2026Q1
2026-01-02,XLE,0.006388887984835501,-0.00036739775473591303,10,2026Q1
2026-01-02,XLF,-0.0013910426208603166,-0.00047327398791637107,10,2026Q1
2026-01-02,XLI,0.009048131803323312,0.00015910616226850677,10,2026Q1
2026-01-02,XLK,-0.00313452033375361,0.0012266733071131931,10,2026Q1
2026-01-02,XLP,0.0041247711963579015,-0.0022627274581975723,10,2026Q1
2026-01-02,XLRE,-0.012983264952186158,-0.002747727173483426,10,2026Q1
2026-01-02,XLU,-0.03147147595185795,-0.0009702424850108644,10,2026Q1
2026-01-02,XLV,-0.004380214814609706,-0.0013607408775657055,10,2026Q1
2026-01-02,XLY,0.03524902261252705,-0.0005645418767242177,10,2026Q1
2026-01-05,XLB,0.03083041999104119,-0.0016498788447196773,10,2026Q1
2026-01-05,XLC,-0.012516870108224332,0.0005585923252170772,10,2026Q1
2026-01-05,XLE,-0.022547936175575267,-0.00036739775473591303,10,2026Q1
2026-01-05,XLF,-0.02578361552746844,-0.00047327398791637107,10,2026Q1
2026-01-05,XLI,0.0099511150716185,0.00015910616226850677,10,2026Q1
2026-01-05,XLK,0.004186483963255494,0.0012266733071131931,10,2026Q1
2026-01-05,XLP,0.0257685861614958,-0.0022627274581975723,10,2026Q1
2026-01-05,XLRE,-0.006118875724074879,-0.002747727173483426,10,2026Q1
2026-01-05,XLU,-0.013628660757448507,-0.0009702424850108644,10,2026Q1
2026-01-05,XLV,0.004274522949166304,-0.0013607408775657055,10,2026Q1
2026-01-05,XLY,0.024260612935758097,-0.0005645418767242177,10,2026Q1
2026-01-06,XLB,0.023061589012498773,-0.0016498788447196773,10,2026Q1
2026-01-06,XLC,-0.006583254366723912,0.0005585923252170772,10,2026Q1
2026-01-06,XLE,0.026965274606852718,-0.00036739775473591303,10,2026Q1
2026-01-06,XLF,-0.041308325134570945,-0.00047327398791637107,10,2026Q1
2026-01-06,XLI,0.009449286437767768,0.00015910616226850677,10,2026Q1
2026-01-06,XLK,-0.0039923704685427275,0.0012266733071131931,10,2026Q1
2026-01-06,XLP,0.04415278220782737,-0.0022627274581975723,10,2026Q1
2026-01-06,XLRE,0.002817957821499073,-0.002747727173483426,10,2026Q1
2026-01-06,XLU,-0.004231423289872027,-0.0009702424850108644,10,2026Q1
2026-01-06,XLV,-0.011372587389350874,-0.0013607408775657055,10,2026Q1
2026-01-06,XLY,0.02310226143775962,-0.0005645418767242177,10,2026Q1
2026-01-07,XLB,0.04321334971527313,-0.0016498788447196773,10,2026Q1
2026-01-07,XLC,-0.004974320832792478,0.0005585923252170772,10,2026Q1
2026-01-07,XLE,0.06379243088438358,-0.00036739775473591303,10,2026Q1
2026-01-07,XLF,-0.02738539410704066,-0.00047327398791637107,10,2026Q1
2026-01-07,XLI,0.032208500535956475,0.00015910616226850677,10,2026Q1
2026-01-07,XLK,-0.013620033413233368,0.0012266733071131931,10,2026Q1
2026-01-07,XLP,0.07208735752196982,-0.0022627274581975723,10,2026Q1
2026-01-07,XLRE,0.030009883184890507,-0.002747727173483426,10,2026Q1
2026-01-07,XLU,0.029917360108564273,-0.0009702424850108644,10,2026Q1
2026-01-07,XLV,-0.012405080451401651,-0.0013607408775657055,10,2026Q1
2026-01-07,XLY,0.010035129809297993,-0.0005645418767242177,10,2026Q1
2026-01-08,XLB,0.026777508665574157,-0.0016498788447196773,10,2026Q1
2026-01-08,XLC,-0.014769684137680206,0.0005585923252170772,10,2026Q1
2026-01-08,XLE,0.0188118803089683,-0.00036739775473591303,10,2026Q1
2026-01-08,XLF,-0.03132963755417917,-0.00047327398791637107,10,2026Q1
2026-01-08,XLI,0.031065952194324842,0.00015910616226850677,10,2026Q1
2026-01-08,XLK,0.004498791906955457,0.0012266733071131931,10,2026Q1
2026-01-08,XLP,0.04614265534154516,-0.0022627274581975723,10,2026Q1
2026-01-08,XLRE,0.027197936589984595,-0.002747727173483426,10,2026Q1
2026-01-08,XLU,0.03462128099231854,-0.0009702424850108644,10,2026Q1
2026-01-08,XLV,-0.011295533793850399,-0.0013607408775657055,10,2026Q1
2026-01-08,XLY,-0.005749115411703309,-0.0005645418767242177,10,2026Q1
2026-01-09,XLB,0.012175131760179037,-0.0016498788447196773,10,2026Q1
2026-01-09,XLC,-0.019765790680155937,0.0005585923252170772,10,2026Q1
2026-01-09,XLE,0.025327853993357907,-0.00036739775473591303,10,2026Q1
2026-01-09,XLF,-0.01967504517409402,-0.00047327398791637107,10,2026Q1
2026-01-09,XLI,0.03416454668876945,0.00015910616226850677,10,2026Q1
2026-01-09,XLK,-0.00015413897215110772,0.0012266733071131931,10,2026Q1
2026-01-09,XLP,0.039560600324906714,-0.0022627274581975723,10,2026Q1
2026-01-09,XLRE,0.045694494471419045,-0.002747727173483426,10,2026Q1
2026-01-09,XLU,0.02417328377589656,-0.0009702424850108644,10,2026Q1
2026-01-09,XLV,-0.006508021438426215,-0.0013607408775657055,10,2026Q1
2026-01-09,XLY,-0.013487779193613214,-0.0005645418767242177,10,2026Q1
2026-01-12,XLB,0.018487823024319616,-0.0016498788447196773,10,2026Q1
2026-01-12,XLC,-0.009419492555551412,0.0005585923252170772,10,2026Q1
2026-01-12,XLE,0.0524794743942969,-0.00036739775473591303,10,2026Q1
2026-01-12,XLF,-0.012511545217210318,-0.00047327398791637107,10,2026Q1
2026-01-12,XLI,0.027495429988586784,0.00015910616226850677,10,2026Q1
2026-01-12,XLK,-0.00843250109569016,0.0012266733071131931,10,2026Q1
2026-01-12,XLP,0.05247796721144016,-0.0022627274581975723,10,2026Q1
2026-01-12,XLRE,0.04449150543581215,-0.002747727173483426,10,2026Q1
2026-01-12,XLU,0.03421351971009856,-0.0009702424850108644,10,2026Q1
2026-01-12,XLV,0.012708127962027582,-0.0013607408775657055,10,2026Q1
2026-01-12,XLY,-0.018077385397454293,-0.0005645418767242177,10,2026Q1
2026-01-13,XLB,0.022530349195228894,-0.0016498788447196773,10,2026Q1
2026-01-13,XLC,-0.007269899914254974,0.0005585923252170772,10,2026Q1
2026-01-13,XLE,0.04929855961215912,-0.00036739775473591303,10,2026Q1
2026-01-13,XLF,-0.0021342659024926602,-0.00047327398791637107,10,2026Q1
2026-01-13,XLI,0.026392911669052666,0.00015910616226850677,10,2026Q1
2026-01-13,XLK,-0.006163227342998345,0.0012266733071131931,10,2026Q1
2026-01-13,XLP,0.02846200195602111,-0.0022627274581975723,10,2026Q1
2026-01-13,XLRE,0.027212330398816098,-0.002747727173483426,10,2026Q1
2026-01-13,XLU,0.01603184494694898,-0.0009702424850108644,10,2026Q1
2026-01-13,XLV,0.021762105421861522,-0.0013607408775657055,10,2026Q1
2026-01-13,XLY,-0.01055846015703732,-0.0005645418767242177,10,2026Q1
2026-01-14,XLB,0.01779382886075065,-0.0016498788447196773,10,2026Q1
2026-01-14,XLC,-0.0013446643332982733,0.0005585923252170772,10,2026Q1
2026-01-14,XLE,0.01968518261727259,-0.00036739775473591303,10,2026Q1
2026-01-14,XLF,-0.004279897966438906,-0.00047327398791637107,10,2026Q1
2026-01-14,XLI,0.009486629799792423,0.00015910616226850677,10,2026Q1
2026-01-14,XLK,0.003242910072098537,0.0012266733071131931,10,2026Q1
2026-01-14,XLP,0.0024853975377259196,-0.0022627274581975723,10,2026Q1
2026-01-14,XLRE,-0.004041149239992214,-0.002747727173483426,10,2026Q1
2026-01-14,XLU,-0.008656590768265415,-0.0009702424850108644,10,2026Q1
2026-01-14,XLV,0.004722889664383612,-0.0013607408775657055,10,2026Q1
2026-01-14,XLY,0.005025541932954347,-0.0005645418767242177,10,2026Q1
2026-01-15,XLB,0.02497728790271836,-0.0016498788447196773,10,2026Q1
2026-01-15,XLC,0.010802036512542967,0.0005585923252170772,10,2026Q1
2026-01-15,XLE,0.037534508333423755,-0.00036739775473591303,10,2026Q1
2026-01-15,XLF,-0.019562041684796805,-0.00047327398791637107,10,2026Q1
2026-01-15,XLI,-0.005061858591927315,0.00015910616226850677,10,2026Q1
2026-01-15,XLK,0.0018045483224460312,0.0012266733071131931,10,2026Q1
2026-01-15,XLP,0.010903987808531301,-0.0022627274581975723,10,2026Q1
2026-01-15,XLRE,-0.006443163971076804,-0.002747727173483426,10,2026Q1
2026-01-15,XLU,-0.019728843613558533,-0.0009702424850108644,10,2026Q1
2026-01-15,XLV,0.007661148908894466,-0.0013607408775657055,10,2026Q1
2026-01-15,XLY,0.007852685412985672,-0.0005645418767242177,10,2026Q1
2026-01-16,XLB,0.026185125321380953,-0.0016498788447196773,10,2026Q1
2026-01-16,XLC,0.021028320572243908,0.0005585923252170772,10,2026Q1
2026-01-16,XLE,0.03053519466300858,-0.00036739775473591303,10,2026Q1
2026-01-16,XLF,-0.0204669146922154,-0.00047327398791637107,10,2026Q1
2026-01-16,XLI,-0.016645864456447113,0.00015910616226850677,10,2026Q1
2026-01-16,XLK,0.0016119038809010444,0.0012266733071131931,10,2026Q1
2026-01-16,XLP,0.006612782790713423,-0.0022627274581975723,10,2026Q1
2026-01-16,XLRE,-0.02500116064519431,-0.002747727173483426,10,2026Q1
2026-01-16,XLU,-0.013531331048896367,-0.0009702424850108644,10,2026Q1
2026-01-16,XLV,0.01360645803368743,-0.0013607408775657055,10,2026Q1
2026-01-16,XLY,-0.001383470565049505,-0.0005645418767242177,10,2026Q1
2026-01-20,XLB,0.01071233261988902,-0.0016498788447196773,10,2026Q1
2026-01-20,XLC,0.0037959509674259095,0.0005585923252170772,10,2026Q1
2026-01-20,XLE,0.017055091761312813,-0.00036739775473591303,10,2026Q1
2026-01-20,XLF,-0.030191701692911077,-0.00047327398791637107,10,2026Q1
2026-01-20,XLI,-0.017076221743725917,0.00015910616226850677,10,2026Q1
2026-01-20,XLK,0.017349422691654404,0.0012266733071131931,10,2026Q1
2026-01-20,XLP,-0.016718850064081803,-0.0022627274581975723,10,2026Q1
2026-01-20,XLRE,-0.030055491602467566,-0.002747727173483426,10,2026Q1
2026-01-20,XLU,-0.015491893513243982,-0.0009702424850108644,10,2026Q1
2026-01-20,XLV,-0.026110552874920145,-0.0013607408775657055,10,2026Q1
2026-01-20,XLY,0.003537475178077676,-0.0005645418767242177,10,2026Q1
2026-01-21,XLB,-0.0002000290615191691,-0.0016498788447196773,10,2026Q1
2026-01-21,XLC,0.0038750854966542736,0.0005585923252170772,10,2026Q1
2026-01-21,XLE,0.012047466199786028,-0.00036739775473591303,10,2026Q1
2026-01-21,XLF,-0.023410820369611618,-0.00047327398791637107,10,2026Q1
2026-01-21,XLI,-0.027963754446202693,0.00015910616226850677,10,2026Q1
2026-01-21,XLK,0.023069416458228797,0.0012266733071131931,10,2026Q1
2026-01-21,XLP,-0.01607480454257204,-0.0022627274581975723,10,2026Q1
2026-01-21,XLRE,-0.031466372548709654,-0.002747727173483426,10,2026Q1
2026-01-21,XLU,-0.007413249746285544,-0.0009702424850108644,10,2026Q1
2026-01-21,XLV,-0.03957812881264067,-0.0013607408775657055,10,2026Q1
2026-01-21,XLY,-0.011571424519599027,-0.0005645418767242177,10,2026Q1
2026-01-22,XLB,0.0023488633498205402,-0.0016498788447196773,10,2026Q1
2026-01-22,XLC,0.02310742294125334,0.0005585923252170772,10,2026Q1
2026-01-22,XLE,0.025368956633815554,-0.00036739775473591303,10,2026Q1
2026-01-22,XLF,-0.012176005609621843,-0.00047327398791637107,10,2026Q1
2026-01-22,XLI,-0.005168963375869806,0.00015910616226850677,10,2026Q1
2026-01-22,XLK,0.006391315283748034,0.0012266733071131931,10,2026Q1
2026-01-22,XLP,-0.009045903830940616,-0.0022627274581975723,10,2026Q1
2026-01-22,XLRE,-0.0017535239434991468,-0.002747727173483426,10,2026Q1
2026-01-22,XLU,0.007172316710937654,-0.0009702424850108644,10,2026Q1
2026-01-22,XLV,-0.03558349756194734,-0.0013607408775657055,10,2026Q1
2026-01-22,XLY,-0.01900623530530976,-0.0005645418767242177,10,2026Q1
2026-01-23,XLB,-0.01798385590848428,-0.0016498788447196773,10,2026Q1
2026-01-23,XLC,0.0227003357282487,0.0005585923252170772,10,2026Q1
2026-01-23,XLE,0.03383711266371403,-0.00036739775473591303,10,2026Q1
2026-01-23,XLF,0.0029964730086697866,-0.00047327398791637107,10,2026Q1
2026-01-23,XLI,0.0034536077144950994,0.00015910616226850677,10,2026Q1
2026-01-23,XLK,-0.012315102116406296,0.0012266733071131931,10,2026Q1
2026-01-23,XLP,0.0032613118893358717,-0.0022627274581975723,10,2026Q1
2026-01-23,XLRE,0.00038818549817776216,-0.002747727173483426,10,2026Q1
2026-01-23,XLU,0.012236955149578899,-0.0009702424850108644,10,2026Q1
2026-01-23,XLV,-0.021374485663528064,-0.0013607408775657055,10,2026Q1
2026-01-23,XLY,-0.019893586169608568,-0.0005645418767242177,10,2026Q1
2026-01-26,XLB,-0.01146419390725506,-0.0016498788447196773,10,2026Q1
2026-01-26,XLC,0.012264389694897515,0.0005585923252170772,10,2026Q1
2026-01-26,XLE,0.012994312622309545,-0.00036739775473591303,10,2026Q1
2026-01-26,XLF,0.007739561877095014,-0.00047327398791637107,10,2026Q1
2026-01-26,XLI,0.015294164023600398,0.00015910616226850677,10,2026Q1
2026-01-26,XLK,-0.009482113713969231,0.0012266733071131931,10,2026Q1
2026-01-26,XLP,0.016909214519300608,-0.0022627274581975723,10,2026Q1
2026-01-26,XLRE,-0.010176368834225014,-0.002747727173483426,10,2026Q1
2026-01-26,XLU,-0.009700335031071483,-0.0009702424850108644,10,2026Q1
2026-01-26,XLV,-0.019112267934438987,-0.0013607408775657055,10,2026Q1
2026-01-26,XLY,-0.006730098458703315,-0.0005645418767242177,10,2026Q1
2026-01-27,XLB,0.022975260069088455,-0.0016498788447196773,10,2026Q1
2026-01-27,XLC,0.015755126506681316,0.0005585923252170772,10,2026Q1
2026-01-27,XLE,0.04883525174040959,-0.00036739775473591303,10,2026Q1
2026-01-27,XLF,0.018569497764166387,-0.00047327398791637107,10,2026Q1
2026-01-27,XLI,0.03207610142344186,0.00015910616226850677,10,2026Q1
2026-01-27,XLK,-0.03175471702813348,0.0012266733071131931,10,2026Q1
2026-01-27,XLP,0.0411572803519491,-0.0022627274581975723,10,2026Q1
2026-01-27,XLRE,-0.002097168902500224,-0.002747727173483426,10,2026Q1
2026-01-27,XLU,0.004194641673906263,-0.0009702424850108644,10,2026Q1
2026-01-27,XLV,-0.00011496669385868685,-0.0013607408775657055,10,2026Q1
2026-01-27,XLY,-0.005286562224422808,-0.0005645418767242177,10,2026Q1
2026-01-28,XLB,0.05211139355397476,-0.0016498788447196773,10,2026Q1
2026-01-28,XLC,0.013700820239761269,0.0005585923252170772,10,2026Q1
2026-01-28,XLE,0.06881701025959153,-0.00036739775473591303,10,2026Q1
2026-01-28,XLF,0.03157789534544353,-0.00047327398791637107,10,2026Q1
2026-01-28,XLI,0.04525744566188883,0.00015910616226850677,10,2026Q1
2026-01-28,XLK,-0.061176282650004965,0.0012266733071131931,10,2026Q1
2026-01-28,XLP,0.0700023895061952,-0.0022627274581975723,10,2026Q1
2026-01-28,XLRE,0.028205235253691674,-0.002747727173483426,10,2026Q1
2026-01-28,XLU,0.00750288012478284,-0.0009702424850108644,10,2026Q1
2026-01-28,XLV,0.02441894833836189,-0.0013607408775657055,10,2026Q1
2026-01-28,XLY,-0.00044182485290211737,-0.0005645418767242177,10,2026Q1
2026-01-29,XLB,0.033658578756267654,-0.0016498788447196773,10,2026Q1
2026-01-29,XLC,-0.006227054435150814,0.0005585923252170772,10,2026Q1
2026-01-29,XLE,0.05731528039950662,-0.00036739775473591303,10,2026Q1
2026-01-29,XLF,0.018803303312756925,-0.00047327398791637107,10,2026Q1
2026-01-29,XLI,0.03879182366160949,0.00015910616226850677,10,2026Q1
2026-01-29,XLK,-0.052871686103812765,0.0012266733071131931,10,2026Q1
2026-01-29,XLP,0.08198075092234591,-0.0022627274581975723,10,2026Q1
2026-01-29,XLRE,0.020274484001614468,-0.002747727173483426,10,2026Q1
2026-01-29,XLU,0.018350478133142833,-0.0009702424850108644,10,2026Q1
2026-01-29,XLV,0.030289706047907372,-0.0013607408775657055,10,2026Q1
2026-01-29,XLY,-0.006706962955094653,-0.0005645418767242177,10,2026Q1
2026-01-30,XLB,0.04741472268828972,-0.0016498788447196773,10,2026Q1
2026-01-30,XLC,-0.03402506435848929,0.0005585923252170772,10,2026Q1
2026-01-30,XLE,0.0450459565280108,-0.00036739775473591303,10,2026Q1
2026-01-30,XLF,0.017295263008096695,-0.00047327398791637107,10,2026Q1
2026-01-30,XLI,0.0487352843194393,0.00015910616226850677,10,2026Q1
2026-01-30,XLK,-0.01716219821624365,0.0012266733071131931,10,2026Q1
2026-01-30,XLP,0.054998490847711246,-0.0022627274581975723,10,2026Q1
2026-01-30,XLRE,0.015467726914462077,-0.002747727173483426,10,2026Q1
2026-01-30,XLU,0.004263090359174937,-0.0009702424850108644,10,2026Q1
2026-01-30,XLV,0.021144437478078704,-0.0013607408775657055,10,2026Q1
2026-01-30,XLY,-0.024293168200790416,-0.0005645418767242177,10,2026Q1
2026-02-02,XLB,0.05305617775992888,-0.0016498788447196773,10,2026Q1
2026-02-02,XLC,-0.021214632931203847,0.0005585923252170772,10,2026Q1
2026-02-02,XLE,0.07382775261005381,-0.00036739775473591303,10,2026Q1
2026-02-02,XLF,0.00043373962692339063,-0.00047327398791637107,10,2026Q1
2026-02-02,XLI,0.038928705498268434,0.00015910616226850677,10,2026Q1
2026-02-02,XLK,-0.011049355687128948,0.0012266733071131931,10,2026Q1
2026-02-02,XLP,0.03677403709479965,-0.0022627274581975723,10,2026Q1
2026-02-02,XLRE,0.03359362150678191,-0.002747727173483426,10,2026Q1
2026-02-02,XLU,0.022277800919322854,-0.0009702424850108644,10,2026Q1
2026-02-02,XLV,0.00614598354733531,-0.0013607408775657055,10,2026Q1
2026-02-02,XLY,-0.0341389384016485,-0.0005645418767242177,10,2026Q1
2026-02-03,XLB,0.039833561842756326,-0.0016498788447196773,10,2026Q1
2026-02-03,XLC,-0.005115108195093088,0.0005585923252170772,10,2026Q1
2026-02-03,XLE,0.03320917532675005,-0.00036739775473591303,10,2026Q1
2026-02-03,XLF,-0.0033825594790999336,-0.00047327398791637107,10,2026Q1
2026-02-03,XLI,0.0256625467956908,0.00015910616226850677,10,2026Q1
2026-02-03,XLK,-0.0004481862514915669,0.0012266733071131931,10,2026Q1
2026-02-03,XLP,0.011150071892235047,-0.0022627274581975723,10,2026Q1
2026-02-03,XLRE,0.04598652837308159,-0.002747727173483426,10,2026Q1
2026-02-03,XLU,0.01844548337789731,-0.0009702424850108644,10,2026Q1
2026-02-03,XLV,0.0042256482335452095,-0.0013607408775657055,10,2026Q1
2026-02-03,XLY,-0.025741469787320947,-0.0005645418767242177,10,2026Q1
2026-02-04,XLB,0.02493100741546206,-0.0016498788447196773,10,2026Q1
2026-02-04,XLC,-0.008922448393322124,0.0005585923252170772,10,2026Q1
2026-02-04,XLE,0.032287824153150346,-0.00036739775473591303,10,2026Q1
2026-02-04,XLF,-0.0310180900152236,-0.00047327398791637107,10,2026Q1
2026-02-04,XLI,0.023765522625976088,0.00015910616226850677,10,2026Q1
2026-02-04,XLK,0.02670564351801974,0.0012266733071131931,10,2026Q1
2026-02-04,XLP,0.00780000986435847,-0.0022627274581975723,10,2026Q1
2026-02-04,XLRE,0.023911558968122026,-0.002747727173483426,10,2026Q1
2026-02-04,XLU,0.026642318017687794,-0.0009702424850108644,10,2026Q1
2026-02-04,XLV,-0.0069987645039399915,-0.0013607408775657055,10,2026Q1
2026-02-04,XLY,-0.027892513293576338,-0.0005645418767242177,10,2026Q1
2026-02-05,XLB,0.04075211405323409,-0.0016498788447196773,10,2026Q1
2026-02-05,XLC,-0.01889652476297521,0.0005585923252170772,10,2026Q1
2026-02-05,XLE,0.028515051618777543,-0.00036739775473591303,10,2026Q1
2026-02-05,XLF,-0.03541089462894398,-0.00047327398791637107,10,2026Q1
2026-02-05,XLI,0.020627635726681914,0.00015910616226850677,10,2026Q1
2026-02-05,XLK,0.021008840455801314,0.0012266733071131931,10,2026Q1
2026-02-05,XLP,0.02095956553929379,-0.0022627274581975723,10,2026Q1
2026-02-05,XLRE,0.03439036170045817,-0.002747727173483426,10,2026Q1
2026-02-05,XLU,0.04449749091110533,-0.0009702424850108644,10,2026Q1
2026-02-05,XLV,0.002105104428479221,-0.0013607408775657055,10,2026Q1
2026-02-05,XLY,-0.017130181196970184,-0.0005645418767242177,10,2026Q1
2026-02-06,XLB,0.047788202836555604,-0.0016498788447196773,10,2026Q1
2026-02-06,XLC,0.002650028097905821,0.0005585923252170772,10,2026Q1
2026-02-06,XLE,0.033500808894178724,-0.00036739775473591303,10,2026Q1
2026-02-06,XLF,-0.03525820050068429,-0.00047327398791637107,10,2026Q1
2026-02-06,XLI,0.018560127348694277,0.00015910616226850677,10,2026Q1
2026-02-06,XLK,0.0017190367525544703,0.0012266733071131931,10,2026Q1
2026-02-06,XLP,0.030696613545450835,-0.0022627274581975723,10,2026Q1
2026-02-06,XLRE,0.04880447498055951,-0.002747727173483426,10,2026Q1
2026-02-06,XLU,0.08550789176046514,-0.0009702424850108644,10,2026Q1
2026-02-06,XLV,0.012589901818345739,-0.0013607408775657055,10,2026Q1
2026-02-06,XLY,-0.0024967511759632632,-0.0005645418767242177,10,2026Q1
2026-02-09,XLB,0.02596089274129698,-0.0016498788447196773,10,2026Q1
2026-02-09,XLC,-0.005222954883507325,0.0005585923252170772,10,2026Q1
2026-02-09,XLE,0.018046097143313733,-0.00036739775473591303,10,2026Q1
2026-02-09,XLF,-0.01626267579936247,-0.00047327398791637107,10,2026Q1
2026-02-09,XLI,0.023940121013830473,0.00015910616226850677,10,2026Q1
2026-02-09,XLK,-0.01100147211336966,0.0012266733071131931,10,2026Q1
2026-02-09,XLP,0.02480243435327567,-0.0022627274581975723,10,2026Q1
2026-02-09,XLRE,0.05599538871676646,-0.002747727173483426,10,2026Q1
2026-02-09,XLU,0.08269272082348234,-0.0009702424850108644,10,2026Q1
2026-02-09,XLV,0.022712379504893465,-0.0013607408775657055,10,2026Q1
2026-02-09,XLY,0.0031497910987315914,-0.0005645418767242177,10,2026Q1
2026-02-10,XLB,0.010502396866033492,-0.0016498788447196773,10,2026Q1
2026-02-10,XLC,-0.017006100025011572,0.0005585923252170772,10,2026Q1
2026-02-10,XLE,0.03081981136037959,-0.00036739775473591303,10,2026Q1
2026-02-10,XLF,-0.009503776081316029,-0.00047327398791637107,10,2026Q1
2026-02-10,XLI,0.014921008495271004,0.00015910616226850677,10,2026Q1
2026-02-10,XLK,-0.0030813403936071904,0.0012266733071131931,10,2026Q1
2026-02-10,XLP,0.018635672469188402,-0.0022627274581975723,10,2026Q1
2026-02-10,XLRE,0.02032815669179311,-0.002747727173483426,10,2026Q1
2026-02-10,XLU,0.040323847275718916,-0.0009702424850108644,10,2026Q1
2026-02-10,XLV,0.02348809574627919,-0.0013607408775657055,10,2026Q1
2026-02-10,XLY,-0.0026473395998528604,-0.0005645418767242177,10,2026Q1
2026-02-11,XLB,-0.003923435063903025,-0.0016498788447196773,10,2026Q1
2026-02-11,XLC,-0.0028957973181739094,0.0005585923252170772,10,2026Q1
2026-02-11,XLE,0.01444755983451651,-0.00036739775473591303,10,2026Q1
2026-02-11,XLF,-0.00037708146987480706,-0.00047327398791637107,10,2026Q1
2026-02-11,XLI,0.019389145880780778,0.00015910616226850677,10,2026Q1
2026-02-11,XLK,-0.008494875845006966,0.0012266733071131931,10,2026Q1
2026-02-11,XLP,0.002551954851050642,-0.0022627274581975723,10,2026Q1
2026-02-11,XLRE,0.0201556677956104,-0.002747727173483426,10,2026Q1
2026-02-11,XLU,0.044898234022059724,-0.0009702424850108644,10,2026Q1
2026-02-11,XLV,0.017273873403086948,-0.0013607408775657055,10,2026Q1
2026-02-11,XLY,-0.002097735292565295,-0.0005645418767242177,10,2026Q1
2026-02-12,XLB,-0.009516906940520542,-0.0016498788447196773,10,2026Q1
2026-02-12,XLC,0.006863961053158674,0.0005585923252170772,10,2026Q1
2026-02-12,XLE,0.004695211778725339,-0.00036739775473591303,10,2026Q1
2026-02-12,XLF,0.003499251393864755,-0.00047327398791637107,10,2026Q1
2026-02-12,XLI,0.013955799797335189,0.00015910616226850677,10,2026Q1
2026-02-12,XLK,1.863462162954299e-05,0.0012266733071131931,10,2026Q1
2026-02-12,XLP,-0.02677417748678801,-0.0022627274581975723,10,2026Q1
2026-02-12,XLRE,0.004117541434033978,-0.002747727173483426,10,2026Q1
2026-02-12,XLU,0.011889773300385542,-0.0009702424850108644,10,2026Q1
2026-02-12,XLV,-0.006721219758121455,-0.0013607408775657055,10,2026Q1
2026-02-12,XLY,-0.0006110580692977319,-0.0005645418767242177,10,2026Q1
2026-02-13,XLB,-0.007504132893124238,-0.0016498788447196773,10,2026Q1
2026-02-13,XLC,0.0058687102200649655,0.0005585923252170772,10,2026Q1
2026-02-13,XLE,0.013780650680830009,-0.00036739775473591303,10,2026Q1
2026-02-13,XLF,-0.018750958025779974,-0.00047327398791637107,10,2026Q1
2026-02-13,XLI,0.002850640617065636,0.00015910616226850677,10,2026Q1
2026-02-13,XLK,-0.008390752517498767,0.0012266733071131931,10,2026Q1
2026-02-13,XLP,-0.006971606034844813,-0.0022627274581975723,10,2026Q1
2026-02-13,XLRE,0.0015899750894630138,-0.002747727173483426,10,2026Q1
2026-02-13,XLU,0.0029322071992146093,-0.0009702424850108644,10,2026Q1
2026-02-13,XLV,0.004579093202442985,-0.0013607408775657055,10,2026Q1
2026-02-13,XLY,-0.011181487345957364,-0.0005645418767242177,10,2026Q1
2026-02-17,XLB,0.0059336920727517395,-0.0016498788447196773,10,2026Q1
2026-02-17,XLC,0.008794588292281746,0.0005585923252170772,10,2026Q1
2026-02-17,XLE,0.01852625197743385,-0.00036739775473591303,10,2026Q1
2026-02-17,XLF,-0.029961674601912236,-0.00047327398791637107,10,2026Q1
2026-02-17,XLI,0.00426215476738756,0.00015910616226850677,10,2026Q1
2026-02-17,XLK,-0.0005676582939395658,0.0012266733071131931,10,2026Q1
2026-02-17,XLP,0.010870290367983815,-0.0022627274581975723,10,2026Q1
2026-02-17,XLRE,-0.01136927151654843,-0.002747727173483426,10,2026Q1
2026-02-17,XLU,0.011090007405294644,-0.0009702424850108644,10,2026Q1
2026-02-17,XLV,-0.0034128014457681655,-0.0013607408775657055,10,2026Q1
2026-02-17,XLY,-0.0005576244725473689,-0.0005645418767242177,10,2026Q1
2026-02-18,XLB,-0.009241342091390603,-0.0016498788447196773,10,2026Q1
2026-02-18,XLC,0.006672346746405378,0.0005585923252170772,10,2026Q1
2026-02-18,XLE,-0.008352839003217483,-0.00036739775473591303,10,2026Q1
2026-02-18,XLF,-0.02368659012553076,-0.00047327398791637107,10,2026Q1
2026-02-18,XLI,-0.006796505642518547,0.00015910616226850677,10,2026Q1
2026-02-18,XLK,0.0049073552761353945,0.0012266733071131931,10,2026Q1
2026-02-18,XLP,0.001021944837444444,-0.0022627274581975723,10,2026Q1
2026-02-18,XLRE,-0.007919649813618701,-0.002747727173483426,10,2026Q1
2026-02-18,XLU,0.028373004395491508,-0.0009702424850108644,10,2026Q1
2026-02-18,XLV,-0.008980996680832298,-0.0013607408775657055,10,2026Q1
2026-02-18,XLY,-0.00939758603721974,-0.0005645418767242177,10,2026Q1
2026-02-19,XLB,-0.0038239733469895842,-0.0016498788447196773,10,2026Q1
2026-02-19,XLC,0.00668058289183171,0.0005585923252170772,10,2026Q1
2026-02-19,XLE,-0.009397768042401444,-0.00036739775473591303,10,2026Q1
2026-02-19,XLF,-0.0003304325862614199,-0.00047327398791637107,10,2026Q1
2026-02-19,XLI,-0.005000331264303437,0.00015910616226850677,10,2026Q1
2026-02-19,XLK,-0.0013361148586343852,0.0012266733071131931,10,2026Q1
2026-02-19,XLP,0.006531786396914319,-0.0022627274581975723,10,2026Q1
2026-02-19,XLRE,0.0029118617214689557,-0.002747727173483426,10,2026Q1
2026-02-19,XLU,0.01616353646061941,-0.0009702424850108644,10,2026Q1
2026-02-19,XLV,-0.006024418606932702,-0.0013607408775657055,10,2026Q1
2026-02-19,XLY,-7.350061953670384e-05,-0.0005645418767242177,10,2026Q1
2026-02-20,XLB,0.013486607965869424,-0.0016498788447196773,10,2026Q1
2026-02-20,XLC,0.015691683908426124,0.0005585923252170772,10,2026Q1
2026-02-20,XLE,0.023940066431689888,-0.00036739775473591303,10,2026Q1
2026-02-20,XLF,-0.015204693614233045,-0.00047327398791637107,10,2026Q1
2026-02-20,XLI,0.004481814409848739,0.00015910616226850677,10,2026Q1
2026-02-20,XLK,-0.010058638915623086,0.0012266733071131931,10,2026Q1
2026-02-20,XLP,0.029110689530335354,-0.0022627274581975723,10,2026Q1
2026-02-20,XLRE,0.01141754463273037,-0.002747727173483426,10,2026Q1
2026-02-20,XLU,0.03520763040896291,-0.0009702424850108644,10,2026Q1
2026-02-20,XLV,0.026543002408128236,-0.0013607408775657055,10,2026Q1
2026-02-20,XLY,-3.378510491092168e-05,-0.0005645418767242177,10,2026Q1
2026-02-23,XLB,-0.00037126541958087955,-0.0016498788447196773,10,2026Q1
2026-02-23,XLC,0.015910878799383354,0.0005585923252170772,10,2026Q1
2026-02-23,XLE,0.028423076022188853,-0.00036739775473591303,10,2026Q1
2026-02-23,XLF,0.00538885882088902,-0.00047327398791637107,10,2026Q1
2026-02-23,XLI,0.017432661243402814,0.00015910616226850677,10,2026Q1
2026-02-23,XLK,0.001516461373718636,0.0012266733071131931,10,2026Q1
2026-02-23,XLP,-0.008769429606089951,-0.0022627274581975723,10,2026Q1
2026-02-23,XLRE,0.0012613651267820991,-0.002747727173483426,10,2026Q1
2026-02-23,XLU,0.008934394767279752,-0.0009702424850108644,10,2026Q1
2026-02-23,XLV,-0.00591017179981701,-0.0013607408775657055,10,2026Q1
2026-02-23,XLY,-0.002107640630455432,-0.0005645418767242177,10,2026Q1
2026-02-24,XLB,-0.01639855674112467,-0.0016498788447196773,10,2026Q1
2026-02-24,XLC,0.025709005180393874,0.0005585923252170772,10,2026Q1
2026-02-24,XLE,0.03598446227568264,-0.00036739775473591303,10,2026Q1
2026-02-24,XLF,0.01472471057774638,-0.00047327398791637107,10,2026Q1
2026-02-24,XLI,0.001511589214262421,0.00015910616226850677,10,2026Q1
2026-02-24,XLK,-0.009883783910892063,0.0012266733071131931,10,2026Q1
2026-02-24,XLP,-0.012073468338145377,-0.0022627274581975723,10,2026Q1
2026-02-24,XLRE,0.009527109513331133,-0.002747727173483426,10,2026Q1
2026-02-24,XLU,0.007458900123663237,-0.0009702424850108644,10,2026Q1
2026-02-24,XLV,0.0030553493583371782,-0.0013607408775657055,10,2026Q1
2026-02-24,XLY,-0.010174047786076779,-0.0005645418767242177,10,2026Q1
2026-02-25,XLB,-0.009914744030479317,-0.0016498788447196773,10,2026Q1
2026-02-25,XLC,0.031227019524909472,0.0005585923252170772,10,2026Q1
2026-02-25,XLE,0.03562722883743985,-0.00036739775473591303,10,2026Q1
2026-02-25,XLF,0.00443714950486096,-0.00047327398791637107,10,2026Q1
2026-02-25,XLI,0.013677428667811298,0.00015910616226850677,10,2026Q1
2026-02-25,XLK,-0.010595914913781868,0.0012266733071131931,10,2026Q1
2026-02-25,XLP,-0.009213814388240205,-0.0022627274581975723,10,2026Q1
2026-02-25,XLRE,0.018936849668998446,-0.002747727173483426,10,2026Q1
2026-02-25,XLU,0.009670029326556695,-0.0009702424850108644,10,2026Q1
2026-02-25,XLV,0.0066283409336398424,-0.0013607408775657055,10,2026Q1
2026-02-25,XLY,0.005592059879399924,-0.0005645418767242177,10,2026Q1
2026-02-26,XLB,-0.029351926619567537,-0.0016498788447196773,10,2026Q1
2026-02-26,XLC,0.026327590237416487,0.0005585923252170772,10,2026Q1
2026-02-26,XLE,0.03756785471129809,-0.00036739775473591303,10,2026Q1
2026-02-26,XLF,-0.012599006583628669,-0.00047327398791637107,10,2026Q1
2026-02-26,XLI,-0.014667726771194212,0.00015910616226850677,10,2026Q1
2026-02-26,XLK,0.005705362238575873,0.0012266733071131931,10,2026Q1
2026-02-26,XLP,-0.027233648556555634,-0.0022627274581975723,10,2026Q1
2026-02-26,XLRE,0.004944666948126453,-0.002747727173483426,10,2026Q1
2026-02-26,XLU,0.005656751505957347,-0.0009702424850108644,10,2026Q1
2026-02-26,XLV,-0.010705570159382893,-0.0013607408775657055,10,2026Q1
2026-02-26,XLY,0.007319790837091,-0.0005645418767242177,10,2026Q1
2026-02-27,XLB,-0.046627014396262045,-0.0016498788447196773,10,2026Q1
2026-02-27,XLC,0.014842057104433981,0.0005585923252170772,10,2026Q1
2026-02-27,XLE,0.03146368756944751,-0.00036739775473591303,10,2026Q1
2026-02-27,XLF,0.003118181628764538,-0.00047327398791637107,10,2026Q1
2026-02-27,XLI,-0.020805877510297388,0.00015910616226850677,10,2026Q1
2026-02-27,XLK,0.009246108282478738,0.0012266733071131931,10,2026Q1
2026-02-27,XLP,-0.027154839000243736,-0.0022627274581975723,10,2026Q1
2026-02-27,XLRE,-0.0018297686714805472,-0.002747727173483426,10,2026Q1
2026-02-27,XLU,-0.0009017325467459703,-0.0009702424850108644,10,2026Q1
2026-02-27,XLV,-0.026976540043032515,-0.0013607408775657055,10,2026Q1
2026-02-27,XLY,-0.0008686007757765513,-0.0005645418767242177,10,2026Q1
2026-03-02,XLB,-0.04940504493397824,-0.0016498788447196773,10,2026Q1
2026-03-02,XLC,0.009185596223563297,0.0005585923252170772,10,2026Q1
2026-03-02,XLE,-0.0008071085545987566,-0.00036739775473591303,10,2026Q1
2026-03-02,XLF,-0.007092769723259784,-0.00047327398791637107,10,2026Q1
2026-03-02,XLI,-0.03267851845631231,0.00015910616226850677,10,2026Q1
2026-03-02,XLK,0.013392221200692167,0.0012266733071131931,10,2026Q1
2026-03-02,XLP,-0.019071548067308708,-0.0022627274581975723,10,2026Q1
2026-03-02,XLRE,-0.009586937748057855,-0.002747727173483426,10,2026Q1
2026-03-02,XLU,0.0008382004789680986,-0.0009702424850108644,10,2026Q1
2026-03-02,XLV,-0.015119352647836592,-0.0013607408775657055,10,2026Q1
2026-03-02,XLY,0.0046244842889535676,-0.0005645418767242177,10,2026Q1
2026-03-03,XLB,-0.03503104149987757,-0.0016498788447196773,10,2026Q1
2026-03-03,XLC,-0.00028681501218474903,0.0005585923252170772,10,2026Q1
2026-03-03,XLE,-0.011647317942754642,-0.00036739775473591303,10,2026Q1
2026-03-03,XLF,-0.017826445476812558,-0.00047327398791637107,10,2026Q1
2026-03-03,XLI,-0.02626364687199567,0.00015910616226850677,10,2026Q1
2026-03-03,XLK,0.021066469614344996,0.0012266733071131931,10,2026Q1
2026-03-03,XLP,-0.01839246069628342,-0.0022627274581975723,10,2026Q1
2026-03-03,XLRE,-0.013218864273734865,-0.002747727173483426,10,2026Q1
2026-03-03,XLU,-0.006204820726926075,-0.0009702424850108644,10,2026Q1
2026-03-03,XLV,-0.01827406653701158,-0.0013607408775657055,10,2026Q1
2026-03-03,XLY,0.005329651273539238,-0.0005645418767242177,10,2026Q1
2026-03-04,XLB,-0.027217355553657896,-0.0016498788447196773,10,2026Q1
2026-03-04,XLC,-0.0022243307404120616,0.0005585923252170772,10,2026Q1
2026-03-04,XLE,0.026903718910019303,-0.00036739775473591303,10,2026Q1
2026-03-04,XLF,-0.02327222712605459,-0.00047327398791637107,10,2026Q1
2026-03-04,XLI,-0.02398018098623922,0.00015910616226850677,10,2026Q1
2026-03-04,XLK,0.01706338527980178,0.0012266733071131931,10,2026Q1
2026-03-04,XLP,-0.016641725025242304,-0.0022627274581975723,10,2026Q1
2026-03-04,XLRE,-0.018005813679363936,-0.002747727173483426,10,2026Q1
2026-03-04,XLU,-0.010426295573991662,-0.0009702424850108644,10,2026Q1
2026-03-04,XLV,-0.013898797725362955,-0.0013607408775657055,10,2026Q1
2026-03-04,XLY,-0.006487279965645687,-0.0005645418767242177,10,2026Q1
2026-03-05,XLB,-0.00024108466581307386,-0.0016498788447196773,10,2026Q1
2026-03-05,XLC,-0.004381256828513536,0.0005585923252170772,10,2026Q1
2026-03-05,XLE,0.040619893632675486,-0.00036739775473591303,10,2026Q1
2026-03-05,XLF,-0.024464200540190273,-0.00047327398791637107,10,2026Q1
2026-03-05,XLI,-0.017253986089761253,0.00015910616226850677,10,2026Q1
2026-03-05,XLK,0.005690526210700431,0.0012266733071131931,10,2026Q1
2026-03-05,XLP,0.008801801895203964,-0.0022627274581975723,10,2026Q1
2026-03-05,XLRE,-0.005304698269289476,-0.002747727173483426,10,2026Q1
2026-03-05,XLU,0.013854565075139491,-0.0009702424850108644,10,2026Q1
2026-03-05,XLV,-0.0019815388479158536,-0.0013607408775657055,10,2026Q1
2026-03-05,XLY,-0.02077409343411607,-0.0005645418767242177,10,2026Q1
2026-03-06,XLB,0.0015687698422115481,-0.0016498788447196773,10,2026Q1
2026-03-06,XLC,-0.010619349741251338,0.0005585923252170772,10,2026Q1
2026-03-06,XLE,0.03498164709349483,-0.00036739775473591303,10,2026Q1
2026-03-06,XLF,-0.018214882244021346,-0.00047327398791637107,10,2026Q1
2026-03-06,XLI,-0.016122238442206283,0.00015910616226850677,10,2026Q1
2026-03-06,XLK,0.011437307859812562,0.0012266733071131931,10,2026Q1
2026-03-06,XLP,0.002882356955842935,-0.0022627274581975723,10,2026Q1
2026-03-06,XLRE,8.450197799270143e-05,-0.002747727173483426,10,2026Q1
2026-03-06,XLU,0.019713284367349204,-0.0009702424850108644,10,2026Q1
2026-03-06,XLV,-0.0040505792665306295,-0.0013607408775657055,10,2026Q1
2026-03-06,XLY,-0.016276373069650796,-0.0005645418767242177,10,2026Q1
2026-03-09,XLB,0.0018205330658771501,-0.0016498788447196773,10,2026Q1
2026-03-09,XLC,-0.005346143549473159,0.0005585923252170772,10,2026Q1
2026-03-09,XLE,0.04167687081069893,-0.00036739775473591303,10,2026Q1
2026-03-09,XLF,-0.006842037914442489,-0.00047327398791637107,10,2026Q1
2026-03-09,XLI,-0.014925135010056878,0.00015910616226850677,10,2026Q1
2026-03-09,XLK,0.006610872931217315,0.0012266733071131931,10,2026Q1
2026-03-09,XLP,0.0021072485455324586,-0.0022627274581975723,10,2026Q1
2026-03-09,XLRE,0.004316239280177325,-0.002747727173483426,10,2026Q1
2026-03-09,XLU,0.022374227582795392,-0.0009702424850108644,10,2026Q1
2026-03-09,XLV,-0.007445432664543561,-0.0013607408775657055,10,2026Q1
2026-03-09,XLY,-0.0072340747838715025,-0.0005645418767242177,10,2026Q1
2026-03-10,XLB,0.0022188696919981377,-0.0016498788447196773,10,2026Q1
2026-03-10,XLC,-0.007687679923825352,0.0005585923252170772,10,2026Q1
2026-03-10,XLE,0.061774320760173085,-0.00036739775473591303,10,2026Q1
2026-03-10,XLF,-0.0005518231189702849,-0.00047327398791637107,10,2026Q1
2026-03-10,XLI,-0.011267255389564634,0.00015910616226850677,10,2026Q1
2026-03-10,XLK,0.007862064188784657,0.0012266733071131931,10,2026Q1
2026-03-10,XLP,-0.0024630154557816475,-0.0022627274581975723,10,2026Q1
2026-03-10,XLRE,0.004776359017731213,-0.002747727173483426,10,2026Q1
2026-03-10,XLU,0.021678459305007447,-0.0009702424850108644,10,2026Q1
2026-03-10,XLV,-0.013482515886082846,-0.0013607408775657055,10,2026Q1
2026-03-10,XLY,-0.0015739450522029852,-0.0005645418767242177,10,2026Q1
2026-03-11,XLB,-0.00525665391862451,-0.0016498788447196773,10,2026Q1
2026-03-11,XLC,-0.006516343043482031,0.0005585923252170772,10,2026Q1
2026-03-11,XLE,0.04747819095105199,-0.00036739775473591303,10,2026Q1
2026-03-11,XLF,0.008533485809731123,-0.00047327398791637107,10,2026Q1
2026-03-11,XLI,-0.0033985633595332576,0.00015910616226850677,10,2026Q1
2026-03-11,XLK,0.004441831208860103,0.0012266733071131931,10,2026Q1
2026-03-11,XLP,-0.0010217047530050039,-0.0022627274581975723,10,2026Q1
2026-03-11,XLRE,0.01283472115077966,-0.002747727173483426,10,2026Q1
2026-03-11,XLU,0.03415975365600632,-0.0009702424850108644,10,2026Q1
2026-03-11,XLV,-0.015326220332260276,-0.0013607408775657055,10,2026Q1
2026-03-11,XLY,-0.009246713154262287,-0.0005645418767242177,10,2026Q1
2026-03-12,XLB,-0.014756036689039354,-0.0016498788447196773,10,2026Q1
2026-03-12,XLC,-0.004568654743101752,0.0005585923252170772,10,2026Q1
2026-03-12,XLE,0.02539577055809361,-0.00036739775473591303,10,2026Q1
2026-03-12,XLF,0.012265642586689163,-0.00047327398791637107,10,2026Q1
2026-03-12,XLI,0.009035444476695909,0.00015910616226850677,10,2026Q1
2026-03-12,XLK,0.01026912726216378,0.0012266733071131931,10,2026Q1
2026-03-12,XLP,-0.009711239601924992,-0.0022627274581975723,10,2026Q1
2026-03-12,XLRE,0.006550901994759273,-0.002747727173483426,10,2026Q1
2026-03-12,XLU,0.014344789242081157,-0.0009702424850108644,10,2026Q1
2026-03-12,XLV,-0.010713327977687315,-0.0013607408775657055,10,2026Q1
2026-03-12,XLY,0.0008799013199571881,-0.0005645418767242177,10,2026Q1
