date,ticker,y_true,y_pred,fold_id,fold_quarter,en_alpha,en_l1_ratio,val_ic_inner,y_raw
2023-07-05,XLB,1.2649110640673518,-0.03888046303485713,0,2023Q3,0.1,0.9,0.0,0.01776022832813373
2023-07-05,XLC,0.31622776601683794,-0.10886529649759993,0,2023Q3,0.1,0.9,0.0,0.008827755884380561
2023-07-05,XLE,1.5811388300841895,0.06220874085577138,0,2023Q3,0.1,0.9,0.0,0.03142160570588293
2023-07-05,XLF,0.6324555320336759,-0.05961670998678093,0,2023Q3,0.1,0.9,0.0,0.009144779946223869
2023-07-05,XLI,0.9486832980505138,-0.015552185213942851,0,2023Q3,0.1,0.9,0.0,0.012492824025744698
2023-07-05,XLK,-0.31622776601683794,0.1425616977944761,0,2023Q3,0.1,0.9,0.0,0.0025258860951580253
2023-07-05,XLP,-1.2649110640673518,-0.04924858651081903,0,2023Q3,0.1,0.9,0.0,-0.018582897810653032
2023-07-05,XLRE,0.0,0.018144216082933328,0,2023Q3,0.1,0.9,0.0,0.002645315006822635
2023-07-05,XLU,-0.9486832980505138,0.023328277820914272,0,2023Q3,0.1,0.9,0.0,-0.003522388068591953
2023-07-05,XLV,-1.5811388300841895,0.002592030868990465,0,2023Q3,0.1,0.9,0.0,-0.020734754670288513
2023-07-05,XLY,-0.6324555320336759,0.02332827782091427,0,2023Q3,0.1,0.9,0.0,-0.001170773240623868
2023-07-12,XLB,-0.6324555320336759,-0.03888046303485713,0,2023Q3,0.1,0.9,0.0,-0.015287211168537373
2023-07-12,XLC,0.0,-0.10886529649759993,0,2023Q3,0.1,0.9,0.0,-0.009356172288411457
2023-07-12,XLE,-1.5811388300841895,0.06220874085577138,0,2023Q3,0.1,0.9,0.0,-0.03713359657518278
2023-07-12,XLF,0.6324555320336759,-0.05961670998678093,0,2023Q3,0.1,0.9,0.0,0.0015367060441280334
2023-07-12,XLI,-0.31622776601683794,-0.015552185213942851,0,2023Q3,0.1,0.9,0.0,-0.013320339832832984
2023-07-12,XLK,1.5811388300841895,0.1425616977944761,0,2023Q3,0.1,0.9,0.0,0.012927562124490644
2023-07-12,XLP,0.31622776601683794,-0.04924858651081903,0,2023Q3,0.1,0.9,0.0,-0.006881548345731847
2023-07-12,XLRE,-0.9486832980505138,0.018144216082933328,0,2023Q3,0.1,0.9,0.0,-0.019803422613008825
2023-07-12,XLU,-1.2649110640673518,0.023328277820914272,0,2023Q3,0.1,0.9,0.0,-0.03015141467040028
2023-07-12,XLV,0.9486832980505138,0.002592030868990465,0,2023Q3,0.1,0.9,0.0,0.002394062009313469
2023-07-12,XLY,1.2649110640673518,0.02332827782091427,0,2023Q3,0.1,0.9,0.0,0.003253659009935017
2023-07-19,XLB,0.6324555320336759,-0.03888046303485713,0,2023Q3,0.1,0.9,0.0,0.019548810689384633
2023-07-19,XLC,-0.9486832980505138,-0.10886529649759993,0,2023Q3,0.1,0.9,0.0,-0.010154080314991876
2023-07-19,XLE,1.5811388300841895,0.06220874085577138,0,2023Q3,0.1,0.9,0.0,0.04230239270319358
2023-07-19,XLF,0.0,-0.05961670998678093,0,2023Q3,0.1,0.9,0.0,0.012416930553942995
2023-07-19,XLI,-0.31622776601683794,-0.015552185213942851,0,2023Q3,0.1,0.9,0.0,0.007075870611258583
2023-07-19,XLK,-1.2649110640673518,0.1425616977944761,0,2023Q3,0.1,0.9,0.0,-0.021536366643212346
2023-07-19,XLP,0.31622776601683794,-0.04924858651081903,0,2023Q3,0.1,0.9,0.0,0.016179679182490858
2023-07-19,XLRE,-0.6324555320336759,0.018144216082933328,0,2023Q3,0.1,0.9,0.0,0.006061719257049791
2023-07-19,XLU,1.2649110640673518,0.023328277820914272,0,2023Q3,0.1,0.9,0.0,0.031927676320012255
2023-07-19,XLV,0.9486832980505138,0.002592030868990465,0,2023Q3,0.1,0.9,0.0,0.0227588359587636
2023-07-19,XLY,-1.5811388300841895,0.02332827782091427,0,2023Q3,0.1,0.9,0.0,-0.03068610493989199
2023-07-26,XLB,0.0,-0.03888046303485713,0,2023Q3,0.1,0.9,0.0,0.0006646272065329306
2023-07-26,XLC,1.5811388300841895,-0.10886529649759993,0,2023Q3,0.1,0.9,0.0,0.01913311292349762
2023-07-26,XLE,1.2649110640673518,0.06220874085577138,0,2023Q3,0.1,0.9,0.0,0.009373045387240264
2023-07-26,XLF,-0.31622776601683794,-0.05961670998678093,0,2023Q3,0.1,0.9,0.0,-0.003647185349473059
2023-07-26,XLI,0.6324555320336759,-0.015552185213942851,0,2023Q3,0.1,0.9,0.0,0.004204308557756553
2023-07-26,XLK,0.31622776601683794,0.1425616977944761,0,2023Q3,0.1,0.9,0.0,0.001416753390303116
2023-07-26,XLP,0.9486832980505138,-0.04924858651081903,0,2023Q3,0.1,0.9,0.0,0.006810279209966907
2023-07-26,XLRE,-1.2649110640673518,0.018144216082933328,0,2023Q3,0.1,0.9,0.0,-0.010342591917426702
2023-07-26,XLU,-1.5811388300841895,0.023328277820914272,0,2023Q3,0.1,0.9,0.0,-0.019621811346731688
2023-07-26,XLV,-0.6324555320336759,0.002592030868990465,0,2023Q3,0.1,0.9,0.0,-0.004758766026924488
2023-07-26,XLY,-0.9486832980505138,0.02332827782091427,0,2023Q3,0.1,0.9,0.0,-0.0054907055909638736
2023-08-02,XLB,-0.9486832980505138,-0.03888046303485713,0,2023Q3,0.1,0.9,0.0,-0.006762121275495914
2023-08-02,XLC,0.6324555320336759,-0.10886529649759993,0,2023Q3,0.1,0.9,0.0,0.006763603438790233
2023-08-02,XLE,1.5811388300841895,0.06220874085577138,0,2023Q3,0.1,0.9,0.0,0.040220455960497836
2023-08-02,XLF,0.0,-0.05961670998678093,0,2023Q3,0.1,0.9,0.0,0.003735660746314373
2023-08-02,XLI,0.31622776601683794,-0.015552185213942851,0,2023Q3,0.1,0.9,0.0,0.004438068602529488
2023-08-02,XLK,-1.5811388300841895,0.1425616977944761,0,2023Q3,0.1,0.9,0.0,-0.025338065205722793
2023-08-02,XLP,-0.31622776601683794,-0.04924858651081903,0,2023Q3,0.1,0.9,0.0,-0.0005855734609702123
2023-08-02,XLRE,-0.6324555320336759,0.018144216082933328,0,2023Q3,0.1,0.9,0.0,-0.003968107843426716
2023-08-02,XLU,-1.2649110640673518,0.023328277820914272,0,2023Q3,0.1,0.9,0.0,-0.017892119215874303
2023-08-02,XLV,1.2649110640673518,0.002592030868990465,0,2023Q3,0.1,0.9,0.0,0.020064504620952106
2023-08-02,XLY,0.9486832980505138,0.02332827782091427,0,2023Q3,0.1,0.9,0.0,0.016844162699037102
2023-08-09,XLB,-0.9486832980505138,-0.03888046303485713,0,2023Q3,0.1,0.9,0.0,-0.009094067934400374
2023-08-09,XLC,0.9486832980505138,-0.10886529649759993,0,2023Q3,0.1,0.9,0.0,-0.001171503285797848
2023-08-09,XLE,0.0,0.06220874085577138,0,2023Q3,0.1,0.9,0.0,-0.004926305375475004
2023-08-09,XLF,-0.31622776601683794,-0.05961670998678093,0,2023Q3,0.1,0.9,0.0,-0.005247388782241513
2023-08-09,XLI,-0.6324555320336759,-0.015552185213942851,0,2023Q3,0.1,0.9,0.0,-0.005281848573118975
2023-08-09,XLK,1.2649110640673518,0.1425616977944761,0,2023Q3,0.1,0.9,0.0,0.002822152912970055
2023-08-09,XLP,0.31622776601683794,-0.04924858651081903,0,2023Q3,0.1,0.9,0.0,-0.004600930177199647
2023-08-09,XLRE,-1.5811388300841895,0.018144216082933328,0,2023Q3,0.1,0.9,0.0,-0.015138918848958127
2023-08-09,XLU,0.6324555320336759,0.023328277820914272,0,2023Q3,0.1,0.9,0.0,-0.0036786700012519935
2023-08-09,XLV,1.5811388300841895,0.002592030868990465,0,2023Q3,0.1,0.9,0.0,0.010964869150768441
2023-08-09,XLY,-1.2649110640673518,0.02332827782091427,0,2023Q3,0.1,0.9,0.0,-0.01013171962049797
2023-08-16,XLB,-0.6324555320336759,-0.03888046303485713,0,2023Q3,0.1,0.9,0.0,-0.008945422236599776
2023-08-16,XLC,1.2649110640673518,-0.10886529649759993,0,2023Q3,0.1,0.9,0.0,-0.0019715400323896404
2023-08-16,XLE,0.9486832980505138,0.06220874085577138,0,2023Q3,0.1,0.9,0.0,-0.00253248839750575
2023-08-16,XLF,-0.9486832980505138,-0.05961670998678093,0,2023Q3,0.1,0.9,0.0,-0.013858395318971595
2023-08-16,XLI,-0.31622776601683794,-0.015552185213942851,0,2023Q3,0.1,0.9,0.0,-0.007617343955713007
2023-08-16,XLK,1.5811388300841895,0.1425616977944761,0,2023Q3,0.1,0.9,0.0,0.0203124783966091
2023-08-16,XLP,-1.5811388300841895,-0.04924858651081903,0,2023Q3,0.1,0.9,0.0,-0.01941790579194025
2023-08-16,XLRE,0.6324555320336759,0.018144216082933328,0,2023Q3,0.1,0.9,0.0,-0.003310414291360697
2023-08-16,XLU,0.31622776601683794,0.023328277820914272,0,2023Q3,0.1,0.9,0.0,-0.004235340907245089
2023-08-16,XLV,-1.2649110640673518,0.002592030868990465,0,2023Q3,0.1,0.9,0.0,-0.014771426613328975
2023-08-16,XLY,0.0,0.02332827782091427,0,2023Q3,0.1,0.9,0.0,-0.006203377249016873
2023-08-23,XLB,1.5811388300841895,-0.03888046303485713,0,2023Q3,0.1,0.9,0.0,0.007080382823899445
2023-08-23,XLC,-0.6324555320336759,-0.10886529649759993,0,2023Q3,0.1,0.9,0.0,-0.0019438454712730202
2023-08-23,XLE,0.31622776601683794,0.06220874085577138,0,2023Q3,0.1,0.9,0.0,-0.000725546889265738
2023-08-23,XLF,-0.31622776601683794,-0.05961670998678093,0,2023Q3,0.1,0.9,0.0,-0.0015174788610112788
2023-08-23,XLI,0.0,-0.015552185213942851,0,2023Q3,0.1,0.9,0.0,-0.0014625346005177065
2023-08-23,XLK,0.9486832980505138,0.1425616977944761,0,2023Q3,0.1,0.9,0.0,0.004567377445318321
2023-08-23,XLP,-1.2649110640673518,-0.04924858651081903,0,2023Q3,0.1,0.9,0.0,-0.010712048739742297
2023-08-23,XLRE,0.6324555320336759,0.018144216082933328,0,2023Q3,0.1,0.9,0.0,0.003072013127561446
2023-08-23,XLU,-1.5811388300841895,0.023328277820914272,0,2023Q3,0.1,0.9,0.0,-0.01722517056944306
2023-08-23,XLV,-0.9486832980505138,0.002592030868990465,0,2023Q3,0.1,0.9,0.0,-0.008880587694889863
2023-08-23,XLY,1.2649110640673518,0.02332827782091427,0,2023Q3,0.1,0.9,0.0,0.006612878981246739
2023-08-30,XLB,0.6324555320336759,-0.03888046303485713,0,2023Q3,0.1,0.9,0.0,0.0004915826034069815
2023-08-30,XLC,0.0,-0.10886529649759993,0,2023Q3,0.1,0.9,0.0,-0.0009076223003223749
2023-08-30,XLE,1.5811388300841895,0.06220874085577138,0,2023Q3,0.1,0.9,0.0,0.03762938493468515
2023-08-30,XLF,0.9486832980505138,-0.05961670998678093,0,2023Q3,0.1,0.9,0.0,0.005114956545806404
2023-08-30,XLI,-0.6324555320336759,-0.015552185213942851,0,2023Q3,0.1,0.9,0.0,-0.009706839570067016
2023-08-30,XLK,1.2649110640673518,0.1425616977944761,0,2023Q3,0.1,0.9,0.0,0.011478681562747894
2023-08-30,XLP,-0.9486832980505138,-0.04924858651081903,0,2023Q3,0.1,0.9,0.0,-0.012488923890358383
2023-08-30,XLRE,-0.31622776601683794,0.018144216082933328,0,2023Q3,0.1,0.9,0.0,-0.008955686830694143
2023-08-30,XLU,-1.5811388300841895,0.023328277820914272,0,2023Q3,0.1,0.9,0.0,-0.016908101428420808
2023-08-30,XLV,-1.2649110640673518,0.002592030868990465,0,2023Q3,0.1,0.9,0.0,-0.014227338326810224
2023-08-30,XLY,0.31622776601683794,0.02332827782091427,0,2023Q3,0.1,0.9,0.0,-0.0005440421130872286
2023-09-06,XLB,-0.6324555320336759,-0.03888046303485713,0,2023Q3,0.1,0.9,0.0,-0.008080772193876817
2023-09-06,XLC,0.0,-0.10886529649759993,0,2023Q3,0.1,0.9,0.0,0.008321388231050664
2023-09-06,XLE,0.9486832980505138,0.06220874085577138,0,2023Q3,0.1,0.9,0.0,0.010526953695725316
2023-09-06,XLF,0.6324555320336759,-0.05961670998678093,0,2023Q3,0.1,0.9,0.0,0.010130982145907685
2023-09-06,XLI,-1.2649110640673518,-0.015552185213942851,0,2023Q3,0.1,0.9,0.0,-0.018770267920021788
2023-09-06,XLK,-1.5811388300841895,0.1425616977944761,0,2023Q3,0.1,0.9,0.0,-0.023455116255005515
2023-09-06,XLP,-0.31622776601683794,-0.04924858651081903,0,2023Q3,0.1,0.9,0.0,0.00606902133702647
2023-09-06,XLRE,-0.9486832980505138,0.018144216082933328,0,2023Q3,0.1,0.9,0.0,-0.008582069936947434
2023-09-06,XLU,1.5811388300841895,0.023328277820914272,0,2023Q3,0.1,0.9,0.0,0.03914304363127874
2023-09-06,XLV,0.31622776601683794,0.002592030868990465,0,2023Q3,0.1,0.9,0.0,0.009618598684942858
2023-09-06,XLY,1.2649110640673518,0.02332827782091427,0,2023Q3,0.1,0.9,0.0,0.027873985121855904
2023-09-13,XLB,-0.6324555320336759,-0.03888046303485713,0,2023Q3,0.1,0.9,0.0,0.00019799550074095507
2023-09-13,XLC,-0.31622776601683794,-0.10886529649759993,0,2023Q3,0.1,0.9,0.0,0.003399147630326893
2023-09-13,XLE,-0.9486832980505138,0.06220874085577138,0,2023Q3,0.1,0.9,0.0,-0.0027471934069376314
2023-09-13,XLF,1.2649110640673518,-0.05961670998678093,0,2023Q3,0.1,0.9,0.0,0.011860234848251827
2023-09-13,XLI,0.31622776601683794,-0.015552185213942851,0,2023Q3,0.1,0.9,0.0,0.01054966235470578
2023-09-13,XLK,-1.2649110640673518,0.1425616977944761,0,2023Q3,0.1,0.9,0.0,-0.0079344546797806
2023-09-13,XLP,0.6324555320336759,-0.04924858651081903,0,2023Q3,0.1,0.9,0.0,0.010951502779597111
2023-09-13,XLRE,0.9486832980505138,0.018144216082933328,0,2023Q3,0.1,0.9,0.0,0.011835676077563528
2023-09-13,XLU,1.5811388300841895,0.023328277820914272,0,2023Q3,0.1,0.9,0.0,0.014514197414374208
2023-09-13,XLV,0.0,0.002592030868990465,0,2023Q3,0.1,0.9,0.0,0.008214351845274193
2023-09-13,XLY,-1.5811388300841895,0.02332827782091427,0,2023Q3,0.1,0.9,0.0,-0.016982688537412027
2023-09-20,XLB,0.0,-0.03888046303485713,0,2023Q3,0.1,0.9,0.0,0.0009731496289328012
2023-09-20,XLC,0.9486832980505138,-0.10886529649759993,0,2023Q3,0.1,0.9,0.0,0.00915935813851576
2023-09-20,XLE,1.5811388300841895,0.06220874085577138,0,2023Q3,0.1,0.9,0.0,0.04806075980625546
2023-09-20,XLF,-0.31622776601683794,-0.05961670998678093,0,2023Q3,0.1,0.9,0.0,-0.007540036371679881
2023-09-20,XLI,0.6324555320336759,-0.015552185213942851,0,2023Q3,0.1,0.9,0.0,0.006071382002418302
2023-09-20,XLK,0.31622776601683794,0.1425616977944761,0,2023Q3,0.1,0.9,0.0,0.0024118365201268865
2023-09-20,XLP,-0.6324555320336759,-0.04924858651081903,0,2023Q3,0.1,0.9,0.0,-0.008251734619415196
2023-09-20,XLRE,-1.5811388300841895,0.018144216082933328,0,2023Q3,0.1,0.9,0.0,-0.03951728121681819
2023-09-20,XLU,-1.2649110640673518,0.023328277820914272,0,2023Q3,0.1,0.9,0.0,-0.03293934515104335
2023-09-20,XLV,1.2649110640673518,0.002592030868990465,0,2023Q3,0.1,0.9,0.0,0.009929076143801896
2023-09-20,XLY,-0.9486832980505138,0.02332827782091427,0,2023Q3,0.1,0.9,0.0,-0.023544939152018718
2023-09-27,XLB,0.6324555320336759,-0.03888046303485713,0,2023Q3,0.1,0.9,0.0,0.00801586805731025
2023-09-27,XLC,0.9486832980505138,-0.10886529649759993,0,2023Q3,0.1,0.9,0.0,0.012002178286299015
2023-09-27,XLE,-1.5811388300841895,0.06220874085577138,0,2023Q3,0.1,0.9,0.0,-0.06618945259431519
2023-09-27,XLF,-0.9486832980505138,-0.05961670998678093,0,2023Q3,0.1,0.9,0.0,-0.015690540719742407
2023-09-27,XLI,-0.6324555320336759,-0.015552185213942851,0,2023Q3,0.1,0.9,0.0,-0.011320189636798705
2023-09-27,XLK,1.5811388300841895,0.1425616977944761,0,2023Q3,0.1,0.9,0.0,0.01984494680956106
2023-09-27,XLP,0.31622776601683794,-0.04924858651081903,0,2023Q3,0.1,0.9,0.0,-0.002696774453265993
2023-09-27,XLRE,-0.31622776601683794,0.018144216082933328,0,2023Q3,0.1,0.9,0.0,-0.008939853080065618
2023-09-27,XLU,-1.2649110640673518,0.023328277820914272,0,2023Q3,0.1,0.9,0.0,-0.052450094778607625
2023-09-27,XLV,0.0,0.002592030868990465,0,2023Q3,0.1,0.9,0.0,-0.005567836186553654
2023-09-27,XLY,1.2649110640673518,0.02332827782091427,0,2023Q3,0.1,0.9,0.0,0.015449948938241032
2023-10-04,XLB,-1.2649110640673518,-0.0327939905498943,1,2023Q4,0.1,0.9,0.0,-0.0159497800636772
2023-10-04,XLC,0.9486832980505138,-0.06324555320336758,1,2023Q4,0.1,0.9,0.0,0.01586239351718488
2023-10-04,XLE,-0.31622776601683794,0.110094111131788,1,2023Q4,0.1,0.9,0.0,-0.006349388205470818
2023-10-04,XLF,0.0,-0.04684855792842044,1,2023Q4,0.1,0.9,0.0,-0.004764834289279651
2023-10-04,XLI,0.31622776601683794,-0.023424278964210205,1,2023Q4,0.1,0.9,0.0,0.008439150433376508
2023-10-04,XLK,0.6324555320336759,0.1499153853709454,1,2023Q4,0.1,0.9,0.0,0.008986861110128919
2023-10-04,XLP,-1.5811388300841895,-0.07027283689263066,1,2023Q4,0.1,0.9,0.0,-0.04851296982469555
2023-10-04,XLRE,1.2649110640673518,-0.028109134757052245,1,2023Q4,0.1,0.9,0.0,0.021352622569139834
2023-10-04,XLU,1.5811388300841895,-0.018739423171368164,1,2023Q4,0.1,0.9,0.0,0.02150364180037223
2023-10-04,XLV,-0.6324555320336759,0.007027283689263068,1,2023Q4,0.1,0.9,0.0,-0.007607306815240467
2023-10-04,XLY,-0.9486832980505138,0.016396995274947163,1,2023Q4,0.1,0.9,0.0,-0.009801760518263203
2023-10-11,XLB,-0.6324555320336759,-0.0327939905498943,1,2023Q4,0.1,0.9,0.0,-0.01115136399874328
2023-10-11,XLC,-0.31622776601683794,-0.06324555320336758,1,2023Q4,0.1,0.9,0.0,-0.006829849651631914
2023-10-11,XLE,1.5811388300841895,0.110094111131788,1,2023Q4,0.1,0.9,0.0,0.0642547399631086
2023-10-11,XLF,0.31622776601683794,-0.04684855792842044,1,2023Q4,0.1,0.9,0.0,0.007706632107488676
2023-10-11,XLI,-0.9486832980505138,-0.023424278964210205,1,2023Q4,0.1,0.9,0.0,-0.014374894696676743
2023-10-11,XLK,0.0,0.1499153853709454,1,2023Q4,0.1,0.9,0.0,-0.004718725538986446
2023-10-11,XLP,1.2649110640673518,-0.07027283689263066,1,2023Q4,0.1,0.9,0.0,0.03013492505586135
2023-10-11,XLRE,-1.2649110640673518,-0.028109134757052245,1,2023Q4,0.1,0.9,0.0,-0.01644753614018879
2023-10-11,XLU,0.6324555320336759,-0.018739423171368164,1,2023Q4,0.1,0.9,0.0,0.008462852385529573
2023-10-11,XLV,0.9486832980505138,0.007027283689263068,1,2023Q4,0.1,0.9,0.0,0.009022640769824175
2023-10-11,XLY,-1.5811388300841895,0.016396995274947163,1,2023Q4,0.1,0.9,0.0,-0.016648796847969827
2023-10-18,XLB,-0.31622776601683794,-0.0327939905498943,1,2023Q4,0.1,0.9,0.0,-0.005064212344044083
2023-10-18,XLC,-0.6324555320336759,-0.06324555320336758,1,2023Q4,0.1,0.9,0.0,-0.0074717820410546976
2023-10-18,XLE,-1.5811388300841895,0.110094111131788,1,2023Q4,0.1,0.9,0.0,-0.020268030890444155
2023-10-18,XLF,0.0,-0.04684855792842044,1,2023Q4,0.1,0.9,0.0,-0.0019545267902385532
2023-10-18,XLI,0.31622776601683794,-0.023424278964210205,1,2023Q4,0.1,0.9,0.0,0.00012091230629285299
2023-10-18,XLK,0.6324555320336759,0.1499153853709454,1,2023Q4,0.1,0.9,0.0,0.0031336658623719593
2023-10-18,XLP,1.2649110640673518,-0.07027283689263066,1,2023Q4,0.1,0.9,0.0,0.028104543141545424
2023-10-18,XLRE,-0.9486832980505138,-0.028109134757052245,1,2023Q4,0.1,0.9,0.0,-0.01679473332145298
2023-10-18,XLU,1.5811388300841895,-0.018739423171368164,1,2023Q4,0.1,0.9,0.0,0.03145348923843616
2023-10-18,XLV,0.9486832980505138,0.007027283689263068,1,2023Q4,0.1,0.9,0.0,0.003705501992798621
2023-10-18,XLY,-1.2649110640673518,0.016396995274947163,1,2023Q4,0.1,0.9,0.0,-0.0194594324248063
2023-10-25,XLB,0.6324555320336759,-0.0327939905498943,1,2023Q4,0.1,0.9,0.0,0.009787193132830607
2023-10-25,XLC,-0.31622776601683794,-0.06324555320336758,1,2023Q4,0.1,0.9,0.0,0.002283804711271431
2023-10-25,XLE,-1.5811388300841895,0.110094111131788,1,2023Q4,0.1,0.9,0.0,-0.039701151786842304
2023-10-25,XLF,0.0,-0.04684855792842044,1,2023Q4,0.1,0.9,0.0,0.002403689225570549
2023-10-25,XLI,-0.6324555320336759,-0.023424278964210205,1,2023Q4,0.1,0.9,0.0,-0.002310719328447064
2023-10-25,XLK,0.9486832980505138,0.1499153853709454,1,2023Q4,0.1,0.9,0.0,0.011459207551572259
2023-10-25,XLP,-0.9486832980505138,-0.07027283689263066,1,2023Q4,0.1,0.9,0.0,-0.014445885761338095
2023-10-25,XLRE,1.5811388300841895,-0.028109134757052245,1,2023Q4,0.1,0.9,0.0,0.021312736848766
2023-10-25,XLU,0.31622776601683794,-0.018739423171368164,1,2023Q4,0.1,0.9,0.0,0.004948128333560398
2023-10-25,XLV,-1.2649110640673518,0.007027283689263068,1,2023Q4,0.1,0.9,0.0,-0.02575477336872023
2023-10-25,XLY,1.2649110640673518,0.016396995274947163,1,2023Q4,0.1,0.9,0.0,0.01163321271372264
2023-11-01,XLB,-0.9486832980505138,-0.0327939905498943,1,2023Q4,0.1,0.9,0.0,-0.021116055358799013
2023-11-01,XLC,-0.31622776601683794,-0.06324555320336758,1,2023Q4,0.1,0.9,0.0,-0.007871078433396406
2023-11-01,XLE,-1.5811388300841895,0.110094111131788,1,2023Q4,0.1,0.9,0.0,-0.06087551380324152
2023-11-01,XLF,0.6324555320336759,-0.04684855792842044,1,2023Q4,0.1,0.9,0.0,-0.0007460608014380199
2023-11-01,XLI,0.0,-0.023424278964210205,1,2023Q4,0.1,0.9,0.0,-0.00786766810566486
2023-11-01,XLK,1.5811388300841895,0.1499153853709454,1,2023Q4,0.1,0.9,0.0,0.016862272311817694
2023-11-01,XLP,-0.6324555320336759,-0.07027283689263066,1,2023Q4,0.1,0.9,0.0,-0.020210576798686875
2023-11-01,XLRE,0.9486832980505138,-0.028109134757052245,1,2023Q4,0.1,0.9,0.0,0.003653055886864598
2023-11-01,XLU,-1.2649110640673518,-0.018739423171368164,1,2023Q4,0.1,0.9,0.0,-0.027396728831647232
2023-11-01,XLV,0.31622776601683794,0.007027283689263068,1,2023Q4,0.1,0.9,0.0,-0.007516266787755743
2023-11-01,XLY,1.2649110640673518,0.016396995274947163,1,2023Q4,0.1,0.9,0.0,0.016136457425512285
2023-11-08,XLB,0.6324555320336759,-0.0327939905498943,1,2023Q4,0.1,0.9,0.0,0.007360708786763537
2023-11-08,XLC,0.0,-0.06324555320336758,1,2023Q4,0.1,0.9,0.0,0.006428452822725639
2023-11-08,XLE,-0.9486832980505138,0.110094111131788,1,2023Q4,0.1,0.9,0.0,-0.006071177487697144
2023-11-08,XLF,-0.31622776601683794,-0.04684855792842044,1,2023Q4,0.1,0.9,0.0,0.0018663573380552911
2023-11-08,XLI,0.31622776601683794,-0.023424278964210205,1,2023Q4,0.1,0.9,0.0,0.007205532058337516
2023-11-08,XLK,1.2649110640673518,0.1499153853709454,1,2023Q4,0.1,0.9,0.0,0.00855247155105121
2023-11-08,XLP,-0.6324555320336759,-0.07027283689263066,1,2023Q4,0.1,0.9,0.0,-0.003849429791344283
2023-11-08,XLRE,1.5811388300841895,-0.028109134757052245,1,2023Q4,0.1,0.9,0.0,0.014421197918373707
2023-11-08,XLU,-1.2649110640673518,-0.018739423171368164,1,2023Q4,0.1,0.9,0.0,-0.012144778219132846
2023-11-08,XLV,-1.5811388300841895,0.007027283689263068,1,2023Q4,0.1,0.9,0.0,-0.030066121890983122
2023-11-08,XLY,0.9486832980505138,0.016396995274947163,1,2023Q4,0.1,0.9,0.0,0.008474292676365236
2023-11-15,XLB,0.0,-0.0327939905498943,1,2023Q4,0.1,0.9,0.0,-0.0007333986213262644
2023-11-15,XLC,1.5811388300841895,-0.06324555320336758,1,2023Q4,0.1,0.9,0.0,0.0086208039595983
2023-11-15,XLE,-1.2649110640673518,0.110094111131788,1,2023Q4,0.1,0.9,0.0,-0.012111517809564876
2023-11-15,XLF,0.9486832980505138,-0.04684855792842044,1,2023Q4,0.1,0.9,0.0,0.004844404520399914
2023-11-15,XLI,-0.31622776601683794,-0.023424278964210205,1,2023Q4,0.1,0.9,0.0,-0.0008190684909801238
2023-11-15,XLK,0.6324555320336759,0.1499153853709454,1,2023Q4,0.1,0.9,0.0,0.001840804758687531
2023-11-15,XLP,-1.5811388300841895,-0.07027283689263066,1,2023Q4,0.1,0.9,0.0,-0.016133450437872954
2023-11-15,XLRE,-0.6324555320336759,-0.028109134757052245,1,2023Q4,0.1,0.9,0.0,-0.00743313451055716
2023-11-15,XLU,0.31622776601683794,-0.018739423171368164,1,2023Q4,0.1,0.9,0.0,0.00010093671401212312
2023-11-15,XLV,1.2649110640673518,0.007027283689263068,1,2023Q4,0.1,0.9,0.0,0.00742779596830756
2023-11-15,XLY,-0.9486832980505138,0.016396995274947163,1,2023Q4,0.1,0.9,0.0,-0.00990789807542547
2023-11-22,XLB,1.2649110640673518,-0.0327939905498943,1,2023Q4,0.1,0.9,0.0,0.011177151902738713
2023-11-22,XLC,-1.5811388300841895,-0.06324555320336758,1,2023Q4,0.1,0.9,0.0,-0.013424783402532281
2023-11-22,XLE,-1.2649110640673518,0.110094111131788,1,2023Q4,0.1,0.9,0.0,-0.0057198912852363115
2023-11-22,XLF,0.9486832980505138,-0.04684855792842044,1,2023Q4,0.1,0.9,0.0,0.007422182061321059
2023-11-22,XLI,-0.31622776601683794,-0.023424278964210205,1,2023Q4,0.1,0.9,0.0,-0.0008900417617100365
2023-11-22,XLK,0.31622776601683794,0.1499153853709454,1,2023Q4,0.1,0.9,0.0,0.0015505153746292466
2023-11-22,XLP,-0.6324555320336759,-0.07027283689263066,1,2023Q4,0.1,0.9,0.0,-0.0018074225305647618
2023-11-22,XLRE,1.5811388300841895,-0.028109134757052245,1,2023Q4,0.1,0.9,0.0,0.021630744202886354
2023-11-22,XLU,0.0,-0.018739423171368164,1,2023Q4,0.1,0.9,0.0,0.0002613663467117
2023-11-22,XLV,-0.9486832980505138,0.007027283689263068,1,2023Q4,0.1,0.9,0.0,-0.004849151546967301
2023-11-22,XLY,0.6324555320336759,0.016396995274947163,1,2023Q4,0.1,0.9,0.0,0.00649363425839955
2023-11-29,XLB,-0.6324555320336759,-0.0327939905498943,1,2023Q4,0.1,0.9,0.0,-0.006702502166261004
2023-11-29,XLC,-1.2649110640673518,-0.06324555320336758,1,2023Q4,0.1,0.9,0.0,-0.021276091647650763
2023-11-29,XLE,-1.5811388300841895,0.110094111131788,1,2023Q4,0.1,0.9,0.0,-0.025443021463720572
2023-11-29,XLF,0.0,-0.04684855792842044,1,2023Q4,0.1,0.9,0.0,0.0072756806561637966
2023-11-29,XLI,1.2649110640673518,-0.023424278964210205,1,2023Q4,0.1,0.9,0.0,0.024507141952034184
2023-11-29,XLK,-0.9486832980505138,0.1499153853709454,1,2023Q4,0.1,0.9,0.0,-0.011309454471765235
2023-11-29,XLP,-0.31622776601683794,-0.07027283689263066,1,2023Q4,0.1,0.9,0.0,0.0045299668076064226
2023-11-29,XLRE,1.5811388300841895,-0.028109134757052245,1,2023Q4,0.1,0.9,0.0,0.026748303013650165
2023-11-29,XLU,0.9486832980505138,-0.018739423171368164,1,2023Q4,0.1,0.9,0.0,0.01855306813675206
2023-11-29,XLV,0.6324555320336759,0.007027283689263068,1,2023Q4,0.1,0.9,0.0,0.01763735098659769
2023-11-29,XLY,0.31622776601683794,0.016396995274947163,1,2023Q4,0.1,0.9,0.0,0.01132547224679148
2023-12-06,XLB,0.6324555320336759,-0.0327939905498943,1,2023Q4,0.1,0.9,0.0,0.0014021502225889382
2023-12-06,XLC,-0.31622776601683794,-0.06324555320336758,1,2023Q4,0.1,0.9,0.0,-0.0028841127200447403
2023-12-06,XLE,-1.5811388300841895,0.110094111131788,1,2023Q4,0.1,0.9,0.0,-0.029484084244747688
2023-12-06,XLF,1.2649110640673518,-0.04684855792842044,1,2023Q4,0.1,0.9,0.0,0.005365971594647467
2023-12-06,XLI,-0.9486832980505138,-0.023424278964210205,1,2023Q4,0.1,0.9,0.0,-0.005031862336575932
2023-12-06,XLK,1.5811388300841895,0.1499153853709454,1,2023Q4,0.1,0.9,0.0,0.01105168571524695
2023-12-06,XLP,-1.2649110640673518,-0.07027283689263066,1,2023Q4,0.1,0.9,0.0,-0.006162161161212154
2023-12-06,XLRE,0.9486832980505138,-0.028109134757052245,1,2023Q4,0.1,0.9,0.0,0.004143939130595964
2023-12-06,XLU,0.31622776601683794,-0.018739423171368164,1,2023Q4,0.1,0.9,0.0,0.0013550400190378564
2023-12-06,XLV,-0.6324555320336759,0.007027283689263068,1,2023Q4,0.1,0.9,0.0,-0.004613935850034112
2023-12-06,XLY,0.0,0.016396995274947163,1,2023Q4,0.1,0.9,0.0,-0.0025630054786782708
2023-12-13,XLB,0.6324555320336759,-0.0327939905498943,1,2023Q4,0.1,0.9,0.0,0.00690374981023234
2023-12-13,XLC,1.2649110640673518,-0.06324555320336758,1,2023Q4,0.1,0.9,0.0,0.0188672546366232
2023-12-13,XLE,1.5811388300841895,0.110094111131788,1,2023Q4,0.1,0.9,0.0,0.029903610996052543
2023-12-13,XLF,-0.6324555320336759,-0.04684855792842044,1,2023Q4,0.1,0.9,0.0,-0.0033036234616572457
2023-12-13,XLI,0.31622776601683794,-0.023424278964210205,1,2023Q4,0.1,0.9,0.0,0.002165349840918429
2023-12-13,XLK,-0.31622776601683794,0.1499153853709454,1,2023Q4,0.1,0.9,0.0,-0.0032930794052152823
2023-12-13,XLP,-1.2649110640673518,-0.07027283689263066,1,2023Q4,0.1,0.9,0.0,-0.02442306307259723
2023-12-13,XLRE,0.0,-0.028109134757052245,1,2023Q4,0.1,0.9,0.0,0.0006999789617914143
2023-12-13,XLU,-1.5811388300841895,-0.018739423171368164,1,2023Q4,0.1,0.9,0.0,-0.05072728198392862
2023-12-13,XLV,-0.9486832980505138,0.007027283689263068,1,2023Q4,0.1,0.9,0.0,-0.01906789309418999
2023-12-13,XLY,0.9486832980505138,0.016396995274947163,1,2023Q4,0.1,0.9,0.0,0.013997590123033254
2023-12-20,XLB,1.2649110640673518,-0.0327939905498943,1,2023Q4,0.1,0.9,0.0,0.006496574565790558
2023-12-20,XLC,-0.9486832980505138,-0.06324555320336758,1,2023Q4,0.1,0.9,0.0,-0.0035691752213515837
2023-12-20,XLE,-1.2649110640673518,0.110094111131788,1,2023Q4,0.1,0.9,0.0,-0.0065994597727232485
2023-12-20,XLF,0.0,-0.04684855792842044,1,2023Q4,0.1,0.9,0.0,0.001622775293229406
2023-12-20,XLI,0.9486832980505138,-0.023424278964210205,1,2023Q4,0.1,0.9,0.0,0.006250929614973533
2023-12-20,XLK,-0.31622776601683794,0.1499153853709454,1,2023Q4,0.1,0.9,0.0,-0.0009051783355451537
2023-12-20,XLP,0.31622776601683794,-0.07027283689263066,1,2023Q4,0.1,0.9,0.0,0.006031675487089494
2023-12-20,XLRE,1.5811388300841895,-0.028109134757052245,1,2023Q4,0.1,0.9,0.0,0.008120624675392873
2023-12-20,XLU,-1.5811388300841895,-0.018739423171368164,1,2023Q4,0.1,0.9,0.0,-0.007024516637153866
2023-12-20,XLV,0.6324555320336759,0.007027283689263068,1,2023Q4,0.1,0.9,0.0,0.006189312859456342
2023-12-20,XLY,-0.6324555320336759,0.016396995274947163,1,2023Q4,0.1,0.9,0.0,-0.002121505271417856
2023-12-27,XLB,-0.6324555320336759,-0.0327939905498943,1,2023Q4,0.1,0.9,0.0,-0.003982144359744977
2023-12-27,XLC,0.0,-0.06324555320336758,1,2023Q4,0.1,0.9,0.0,0.003581101607570192
2023-12-27,XLE,0.9486832980505138,0.110094111131788,1,2023Q4,0.1,0.9,0.0,0.025459303189840243
2023-12-27,XLF,0.31622776601683794,-0.04684855792842044,1,2023Q4,0.1,0.9,0.0,0.011681054594127382
2023-12-27,XLI,-0.9486832980505138,-0.023424278964210205,1,2023Q4,0.1,0.9,0.0,-0.00956574212323169
2023-12-27,XLK,-1.2649110640673518,0.1499153853709454,1,2023Q4,0.1,0.9,0.0,-0.02170594417891092
2023-12-27,XLP,0.6324555320336759,-0.07027283689263066,1,2023Q4,0.1,0.9,0.0,0.022046640524667094
2023-12-27,XLRE,-0.31622776601683794,-0.028109134757052245,1,2023Q4,0.1,0.9,0.0,-0.003177752945165202
2023-12-27,XLU,1.5811388300841895,-0.018739423171368164,1,2023Q4,0.1,0.9,0.0,0.04050227262563988
2023-12-27,XLV,1.2649110640673518,0.007027283689263068,1,2023Q4,0.1,0.9,0.0,0.03577578501415446
2023-12-27,XLY,-1.5811388300841895,0.016396995274947163,1,2023Q4,0.1,0.9,0.0,-0.0241062910615355
2024-01-03,XLB,-1.2649110640673518,-0.025640089136500382,2,2024Q1,0.1,0.9,0.0,-0.026637329804886756
2024-01-03,XLC,1.2649110640673518,-0.07051024512537604,2,2024Q1,0.1,0.9,0.0,0.0071820134199338526
2024-01-03,XLE,-1.5811388300841895,0.04059680779945891,2,2024Q1,0.1,0.9,0.0,-0.06964007564929331
2024-01-03,XLF,0.0,-0.019230066852375292,2,2024Q1,0.1,0.9,0.0,-0.006692107002880476
2024-01-03,XLI,0.31622776601683794,-0.025640089136500375,2,2024Q1,0.1,0.9,0.0,-0.00559941471056602
2024-01-03,XLK,1.5811388300841895,0.16879725348196079,2,2024Q1,0.1,0.9,0.0,0.01102202946731956
2024-01-03,XLP,-0.31622776601683794,-0.10042368245129314,2,2024Q1,0.1,0.9,0.0,-0.012285115592464368
2024-01-03,XLRE,-0.6324555320336759,0.027776763231208736,2,2024Q1,0.1,0.9,0.0,-0.013027587915571903
2024-01-03,XLU,-0.9486832980505138,-0.006410022284125099,2,2024Q1,0.1,0.9,0.0,-0.01703977403666168
2024-01-03,XLV,0.9486832980505138,0.006410022284125082,2,2024Q1,0.1,0.9,0.0,0.000892032913900831
2024-01-03,XLY,0.6324555320336759,0.004273348189416724,2,2024Q1,0.1,0.9,0.0,-0.0007884474778434569
2024-01-10,XLB,-0.6324555320336759,-0.025640089136500382,2,2024Q1,0.1,0.9,0.0,-0.011728783419818534
2024-01-10,XLC,0.9486832980505138,-0.07051024512537604,2,2024Q1,0.1,0.9,0.0,-0.0012177247429803195
2024-01-10,XLE,0.0,0.04059680779945891,2,2024Q1,0.1,0.9,0.0,-0.0095562006972717
2024-01-10,XLF,0.31622776601683794,-0.019230066852375292,2,2024Q1,0.1,0.9,0.0,-0.005321888992243062
2024-01-10,XLI,-0.31622776601683794,-0.025640089136500375,2,2024Q1,0.1,0.9,0.0,-0.01017147106018712
2024-01-10,XLK,1.5811388300841895,0.16879725348196079,2,2024Q1,0.1,0.9,0.0,0.014834686395080454
2024-01-10,XLP,1.2649110640673518,-0.10042368245129314,2,2024Q1,0.1,0.9,0.0,0.005791129946484674
2024-01-10,XLRE,-1.2649110640673518,0.027776763231208736,2,2024Q1,0.1,0.9,0.0,-0.01704348745746942
2024-01-10,XLU,-1.5811388300841895,-0.006410022284125099,2,2024Q1,0.1,0.9,0.0,-0.03354693407000864
2024-01-10,XLV,0.6324555320336759,0.006410022284125082,2,2024Q1,0.1,0.9,0.0,-0.002177074369816512
2024-01-10,XLY,-0.9486832980505138,0.004273348189416724,2,2024Q1,0.1,0.9,0.0,-0.014124293079283423
2024-01-17,XLB,-0.31622776601683794,-0.025640089136500382,2,2024Q1,0.1,0.9,0.0,-0.031034301240986162
2024-01-17,XLC,1.2649110640673518,-0.07051024512537604,2,2024Q1,0.1,0.9,0.0,0.016819974909686897
2024-01-17,XLE,0.6324555320336759,0.04059680779945891,2,2024Q1,0.1,0.9,0.0,-0.0058731274012362444
2024-01-17,XLF,0.9486832980505138,-0.019230066852375292,2,2024Q1,0.1,0.9,0.0,0.0004355977639514119
2024-01-17,XLI,0.31622776601683794,-0.025640089136500375,2,2024Q1,0.1,0.9,0.0,-0.0068717322446911755
2024-01-17,XLK,1.5811388300841895,0.16879725348196079,2,2024Q1,0.1,0.9,0.0,0.03212618263764844
2024-01-17,XLP,-0.9486832980505138,-0.10042368245129314,2,2024Q1,0.1,0.9,0.0,-0.038241687419775516
2024-01-17,XLRE,-1.2649110640673518,0.027776763231208736,2,2024Q1,0.1,0.9,0.0,-0.03914206835844025
2024-01-17,XLU,-1.5811388300841895,-0.006410022284125099,2,2024Q1,0.1,0.9,0.0,-0.05641509556167956
2024-01-17,XLV,-0.6324555320336759,0.006410022284125082,2,2024Q1,0.1,0.9,0.0,-0.032830452182174286
2024-01-17,XLY,0.0,0.004273348189416724,2,2024Q1,0.1,0.9,0.0,-0.023092513527959158
2024-01-24,XLB,0.0,-0.025640089136500382,2,2024Q1,0.1,0.9,0.0,0.012399719964381939
2024-01-24,XLC,-0.9486832980505138,-0.07051024512537604,2,2024Q1,0.1,0.9,0.0,0.0011023240983678573
2024-01-24,XLE,1.2649110640673518,0.04059680779945891,2,2024Q1,0.1,0.9,0.0,0.024977921878134746
2024-01-24,XLF,0.31622776601683794,-0.019230066852375292,2,2024Q1,0.1,0.9,0.0,0.016653354225500294
2024-01-24,XLI,-0.31622776601683794,-0.025640089136500375,2,2024Q1,0.1,0.9,0.0,0.008370246422375827
2024-01-24,XLK,-1.5811388300841895,0.16879725348196079,2,2024Q1,0.1,0.9,0.0,-0.022233574518526034
2024-01-24,XLP,0.9486832980505138,-0.10042368245129314,2,2024Q1,0.1,0.9,0.0,0.02374911321727713
2024-01-24,XLRE,-0.6324555320336759,0.027776763231208736,2,2024Q1,0.1,0.9,0.0,0.004908907603725754
2024-01-24,XLU,1.5811388300841895,-0.006410022284125099,2,2024Q1,0.1,0.9,0.0,0.030191950237138387
2024-01-24,XLV,0.6324555320336759,0.006410022284125082,2,2024Q1,0.1,0.9,0.0,0.01735654909198958
2024-01-24,XLY,-1.2649110640673518,0.004273348189416724,2,2024Q1,0.1,0.9,0.0,-0.007080403014550374
2024-01-31,XLB,-0.31622776601683794,-0.025640089136500382,2,2024Q1,0.1,0.9,0.0,-0.021058203550057497
2024-01-31,XLC,1.2649110640673518,-0.07051024512537604,2,2024Q1,0.1,0.9,0.0,0.006699021300068164
2024-01-31,XLE,-0.9486832980505138,0.04059680779945891,2,2024Q1,0.1,0.9,0.0,-0.027442968175044324
2024-01-31,XLF,-0.6324555320336759,-0.019230066852375292,2,2024Q1,0.1,0.9,0.0,-0.022231292328587893
2024-01-31,XLI,0.6324555320336759,-0.025640089136500375,2,2024Q1,0.1,0.9,0.0,0.0026733588195337887
2024-01-31,XLK,0.9486832980505138,0.16879725348196079,2,2024Q1,0.1,0.9,0.0,0.0026774634802810837
2024-01-31,XLP,0.0,-0.10042368245129314,2,2024Q1,0.1,0.9,0.0,-0.019314061689471806
2024-01-31,XLRE,-1.2649110640673518,0.027776763231208736,2,2024Q1,0.1,0.9,0.0,-0.03230600008655127
2024-01-31,XLU,-1.5811388300841895,-0.006410022284125099,2,2024Q1,0.1,0.9,0.0,-0.0474671431675745
2024-01-31,XLV,0.31622776601683794,0.006410022284125082,2,2024Q1,0.1,0.9,0.0,-0.003096365767025766
2024-01-31,XLY,1.5811388300841895,0.004273348189416724,2,2024Q1,0.1,0.9,0.0,0.00902606631837033
2024-02-07,XLB,0.31622776601683794,-0.025640089136500382,2,2024Q1,0.1,0.9,0.0,1.945759118826551e-05
2024-02-07,XLC,1.5811388300841895,-0.07051024512537604,2,2024Q1,0.1,0.9,0.0,0.00883046870313331
2024-02-07,XLE,-0.9486832980505138,0.04059680779945891,2,2024Q1,0.1,0.9,0.0,-0.0063167199537346175
2024-02-07,XLF,0.0,-0.019230066852375292,2,2024Q1,0.1,0.9,0.0,-0.001454833069138961
2024-02-07,XLI,1.2649110640673518,-0.025640089136500375,2,2024Q1,0.1,0.9,0.0,0.00856390902130455
2024-02-07,XLK,0.9486832980505138,0.16879725348196079,2,2024Q1,0.1,0.9,0.0,0.0012086350750737385
2024-02-07,XLP,-1.5811388300841895,-0.10042368245129314,2,2024Q1,0.1,0.9,0.0,-0.015982198279488213
2024-02-07,XLRE,-1.2649110640673518,0.027776763231208736,2,2024Q1,0.1,0.9,0.0,-0.007767732607003586
2024-02-07,XLU,-0.6324555320336759,-0.006410022284125099,2,2024Q1,0.1,0.9,0.0,-0.003920268277931349
2024-02-07,XLV,-0.31622776601683794,0.006410022284125082,2,2024Q1,0.1,0.9,0.0,-0.0028137802641517995
2024-02-07,XLY,0.6324555320336759,0.004273348189416724,2,2024Q1,0.1,0.9,0.0,6.850321353280009e-05
2024-02-14,XLB,0.9486832980505138,-0.025640089136500382,2,2024Q1,0.1,0.9,0.0,0.030508919972938475
2024-02-14,XLC,-1.2649110640673518,-0.07051024512537604,2,2024Q1,0.1,0.9,0.0,-0.007454473786229099
2024-02-14,XLE,1.5811388300841895,0.04059680779945891,2,2024Q1,0.1,0.9,0.0,0.0397025914282918
2024-02-14,XLF,0.0,-0.019230066852375292,2,2024Q1,0.1,0.9,0.0,0.0165385432003049
2024-02-14,XLI,-0.9486832980505138,-0.025640089136500375,2,2024Q1,0.1,0.9,0.0,0.005018655067390521
2024-02-14,XLK,-1.5811388300841895,0.16879725348196079,2,2024Q1,0.1,0.9,0.0,-0.02475169868291094
2024-02-14,XLP,0.6324555320336759,-0.10042368245129314,2,2024Q1,0.1,0.9,0.0,0.02501115777092222
2024-02-14,XLRE,0.31622776601683794,0.027776763231208736,2,2024Q1,0.1,0.9,0.0,0.022019556269196272
2024-02-14,XLU,1.2649110640673518,-0.006410022284125099,2,2024Q1,0.1,0.9,0.0,0.03109071410147779
2024-02-14,XLV,-0.31622776601683794,0.006410022284125082,2,2024Q1,0.1,0.9,0.0,0.012096295613643893
2024-02-14,XLY,-0.6324555320336759,0.004273348189416724,2,2024Q1,0.1,0.9,0.0,0.00615419032319986
2024-02-21,XLB,0.31622776601683794,-0.025640089136500382,2,2024Q1,0.1,0.9,0.0,-0.001351576432580881
2024-02-21,XLC,-1.2649110640673518,-0.07051024512537604,2,2024Q1,0.1,0.9,0.0,-0.019217566763204186
2024-02-21,XLE,-1.5811388300841895,0.04059680779945891,2,2024Q1,0.1,0.9,0.0,-0.02584222229082045
2024-02-21,XLF,0.6324555320336759,-0.019230066852375292,2,2024Q1,0.1,0.9,0.0,-3.8093490029700305e-05
2024-02-21,XLI,0.9486832980505138,-0.025640089136500375,2,2024Q1,0.1,0.9,0.0,0.002961560639154426
2024-02-21,XLK,1.5811388300841895,0.16879725348196079,2,2024Q1,0.1,0.9,0.0,0.009151007414345491
2024-02-21,XLP,-0.6324555320336759,-0.10042368245129314,2,2024Q1,0.1,0.9,0.0,-0.014837732653697477
2024-02-21,XLRE,0.0,0.027776763231208736,2,2024Q1,0.1,0.9,0.0,-0.012238380909577184
2024-02-21,XLU,-0.9486832980505138,-0.006410022284125099,2,2024Q1,0.1,0.9,0.0,-0.01691124215055506
2024-02-21,XLV,-0.31622776601683794,0.006410022284125082,2,2024Q1,0.1,0.9,0.0,-0.014351444414940184
2024-02-21,XLY,1.2649110640673518,0.004273348189416724,2,2024Q1,0.1,0.9,0.0,0.007156697696027781
2024-02-28,XLB,1.2649110640673518,-0.025640089136500382,2,2024Q1,0.1,0.9,0.0,0.01474037115157123
2024-02-28,XLC,-1.2649110640673518,-0.07051024512537604,2,2024Q1,0.1,0.9,0.0,-0.0096905381792598
2024-02-28,XLE,0.6324555320336759,0.04059680779945891,2,2024Q1,0.1,0.9,0.0,0.009438553528212212
2024-02-28,XLF,-0.6324555320336759,-0.019230066852375292,2,2024Q1,0.1,0.9,0.0,-0.0006994392544295014
2024-02-28,XLI,-0.31622776601683794,-0.025640089136500375,2,2024Q1,0.1,0.9,0.0,0.0010645283596009136
2024-02-28,XLK,0.31622776601683794,0.16879725348196079,2,2024Q1,0.1,0.9,0.0,0.005368155615967707
2024-02-28,XLP,0.0,-0.10042368245129314,2,2024Q1,0.1,0.9,0.0,0.003298075136968004
2024-02-28,XLRE,1.5811388300841895,0.027776763231208736,2,2024Q1,0.1,0.9,0.0,0.016302185299839955
2024-02-28,XLU,0.9486832980505138,-0.006410022284125099,2,2024Q1,0.1,0.9,0.0,0.010825381176128523
2024-02-28,XLV,-0.9486832980505138,0.006410022284125082,2,2024Q1,0.1,0.9,0.0,-0.006825202529125329
2024-02-28,XLY,-1.5811388300841895,0.004273348189416724,2,2024Q1,0.1,0.9,0.0,-0.026329188068035858
2024-03-06,XLB,1.2649110640673518,-0.025640089136500382,2,2024Q1,0.1,0.9,0.0,0.015506883622481427
2024-03-06,XLC,0.9486832980505138,-0.07051024512537604,2,2024Q1,0.1,0.9,0.0,0.011255359850583124
2024-03-06,XLE,1.5811388300841895,0.04059680779945891,2,2024Q1,0.1,0.9,0.0,0.024988022811376354
2024-03-06,XLF,0.6324555320336759,-0.019230066852375292,2,2024Q1,0.1,0.9,0.0,0.0013414023681763698
2024-03-06,XLI,-0.31622776601683794,-0.025640089136500375,2,2024Q1,0.1,0.9,0.0,-0.004388917305083284
2024-03-06,XLK,-0.9486832980505138,0.16879725348196079,2,2024Q1,0.1,0.9,0.0,-0.004818246310738239
2024-03-06,XLP,0.0,-0.10042368245129314,2,2024Q1,0.1,0.9,0.0,-0.001316622424516689
2024-03-06,XLRE,-1.5811388300841895,0.027776763231208736,2,2024Q1,0.1,0.9,0.0,-0.014217173183377785
2024-03-06,XLU,0.31622776601683794,-0.006410022284125099,2,2024Q1,0.1,0.9,0.0,-0.001122604309351738
2024-03-06,XLV,-1.2649110640673518,0.006410022284125082,2,2024Q1,0.1,0.9,0.0,-0.009188773981998466
2024-03-06,XLY,-0.6324555320336759,0.004273348189416724,2,2024Q1,0.1,0.9,0.0,-0.004518745986584083
2024-03-13,XLB,-0.31622776601683794,-0.025640089136500382,2,2024Q1,0.1,0.9,0.0,-0.005233584595184526
2024-03-13,XLC,1.2649110640673518,-0.07051024512537604,2,2024Q1,0.1,0.9,0.0,0.007950761207220713
2024-03-13,XLE,1.5811388300841895,0.04059680779945891,2,2024Q1,0.1,0.9,0.0,0.009962147649493547
2024-03-13,XLF,0.31622776601683794,-0.019230066852375292,2,2024Q1,0.1,0.9,0.0,0.0009773547188514087
2024-03-13,XLI,0.9486832980505138,-0.025640089136500375,2,2024Q1,0.1,0.9,0.0,0.006519504895156736
2024-03-13,XLK,0.0,0.16879725348196079,2,2024Q1,0.1,0.9,0.0,-0.004189702043491561
2024-03-13,XLP,-0.9486832980505138,-0.10042368245129314,2,2024Q1,0.1,0.9,0.0,-0.01110457400986753
2024-03-13,XLRE,-1.5811388300841895,0.027776763231208736,2,2024Q1,0.1,0.9,0.0,-0.02615626500869639
2024-03-13,XLU,-0.6324555320336759,-0.006410022284125099,2,2024Q1,0.1,0.9,0.0,-0.008897361783726243
2024-03-13,XLV,-1.2649110640673518,0.006410022284125082,2,2024Q1,0.1,0.9,0.0,-0.01563689910581323
2024-03-13,XLY,0.6324555320336759,0.004273348189416724,2,2024Q1,0.1,0.9,0.0,0.0038013111347863227
2024-03-20,XLB,0.31622776601683794,-0.025640089136500382,2,2024Q1,0.1,0.9,0.0,0.006627237726724022
2024-03-20,XLC,-1.2649110640673518,-0.07051024512537604,2,2024Q1,0.1,0.9,0.0,-0.0030854833413718197
2024-03-20,XLE,0.9486832980505138,0.04059680779945891,2,2024Q1,0.1,0.9,0.0,0.009497636243684937
2024-03-20,XLF,-0.31622776601683794,-0.019230066852375292,2,2024Q1,0.1,0.9,0.0,0.002772021058816909
2024-03-20,XLI,0.6324555320336759,-0.025640089136500375,2,2024Q1,0.1,0.9,0.0,0.007129740601893753
2024-03-20,XLK,-1.5811388300841895,0.16879725348196079,2,2024Q1,0.1,0.9,0.0,-0.009794182472487867
2024-03-20,XLP,-0.9486832980505138,-0.10042368245129314,2,2024Q1,0.1,0.9,0.0,-0.0013510098777400614
2024-03-20,XLRE,0.0,0.027776763231208736,2,2024Q1,0.1,0.9,0.0,0.0038221895827117436
2024-03-20,XLU,1.5811388300841895,-0.006410022284125099,2,2024Q1,0.1,0.9,0.0,0.01565524165262122
2024-03-20,XLV,1.2649110640673518,0.006410022284125082,2,2024Q1,0.1,0.9,0.0,0.010369679383137376
2024-03-20,XLY,-0.6324555320336759,0.004273348189416724,2,2024Q1,0.1,0.9,0.0,0.001379767596052961
2024-03-27,XLB,0.9486832980505138,-0.025640089136500382,2,2024Q1,0.1,0.9,0.0,0.009777630013763194
2024-03-27,XLC,1.2649110640673518,-0.07051024512537604,2,2024Q1,0.1,0.9,0.0,0.019657918658953943
2024-03-27,XLE,1.5811388300841895,0.04059680779945891,2,2024Q1,0.1,0.9,0.0,0.046801517466470766
2024-03-27,XLF,0.31622776601683794,-0.019230066852375292,2,2024Q1,0.1,0.9,0.0,0.0014576654383948728
2024-03-27,XLI,-0.31622776601683794,-0.025640089136500375,2,2024Q1,0.1,0.9,0.0,0.00012009920503031069
2024-03-27,XLK,0.0,0.16879725348196079,2,2024Q1,0.1,0.9,0.0,0.0008147831921789805
2024-03-27,XLP,-0.9486832980505138,-0.10042368245129314,2,2024Q1,0.1,0.9,0.0,-0.015498592997505889
2024-03-27,XLRE,-0.6324555320336759,0.027776763231208736,2,2024Q1,0.1,0.9,0.0,-0.014452554762995673
2024-03-27,XLU,0.6324555320336759,-0.006410022284125099,2,2024Q1,0.1,0.9,0.0,0.005653214107345206
2024-03-27,XLV,-1.5811388300841895,0.006410022284125082,2,2024Q1,0.1,0.9,0.0,-0.017726725776517682
2024-03-27,XLY,-1.2649110640673518,0.004273348189416724,2,2024Q1,0.1,0.9,0.0,-0.017208576468229597
2024-04-03,XLB,-0.6324555320336759,-0.007856590460045684,3,2024Q2,0.1,0.5,-0.01114638447971781,-0.0034889247143379265
2024-04-03,XLC,0.0,-0.04124709991523974,3,2024Q2,0.1,0.5,-0.01114638447971781,4.0930112475634495e-05
2024-04-03,XLE,1.5811388300841895,0.06678101891038811,3,2024Q2,0.1,0.5,-0.01114638447971781,0.017290708773963215
2024-04-03,XLF,-1.2649110640673518,-0.005892442845034276,3,2024Q2,0.1,0.5,-0.01114638447971781,-0.008062666355697301
2024-04-03,XLI,0.31622776601683794,-0.00785659046004568,3,2024Q2,0.1,0.5,-0.01114638447971781,0.0025077033355618283
2024-04-03,XLK,-0.31622776601683794,0.17284499012100454,3,2024Q2,0.1,0.5,-0.01114638447971781,-0.0027378805756250735
2024-04-03,XLP,1.2649110640673518,-0.11392056167066211,3,2024Q2,0.1,0.5,-0.01114638447971781,0.007232801086613061
2024-04-03,XLRE,-1.5811388300841895,-0.025533918995148418,3,2024Q2,0.1,0.5,-0.01114638447971781,-0.011673290933397196
2024-04-03,XLU,0.9486832980505138,-0.01571318092009134,3,2024Q2,0.1,0.5,-0.01114638447971781,0.005883557295053299
2024-04-03,XLV,-0.9486832980505138,-0.011784885690068518,3,2024Q2,0.1,0.5,-0.01114638447971781,-0.006756282523264101
2024-04-03,XLY,0.6324555320336759,-0.009820738075057097,3,2024Q2,0.1,0.5,-0.01114638447971781,0.002571829718793772
2024-04-10,XLB,0.0,-0.007856590460045684,3,2024Q2,0.1,0.5,-0.01114638447971781,-0.00209572343964215
2024-04-10,XLC,0.31622776601683794,-0.04124709991523974,3,2024Q2,0.1,0.5,-0.01114638447971781,0.0018734497626006208
2024-04-10,XLE,-1.2649110640673518,0.06678101891038811,3,2024Q2,0.1,0.5,-0.01114638447971781,-0.011032523746397516
2024-04-10,XLF,-0.6324555320336759,-0.005892442845034276,3,2024Q2,0.1,0.5,-0.01114638447971781,-0.0029524125704057935
2024-04-10,XLI,0.6324555320336759,-0.00785659046004568,3,2024Q2,0.1,0.5,-0.01114638447971781,0.0023797880954895545
2024-04-10,XLK,-0.31622776601683794,0.17284499012100454,3,2024Q2,0.1,0.5,-0.01114638447971781,-0.0022312449311138183
2024-04-10,XLP,1.2649110640673518,-0.11392056167066211,3,2024Q2,0.1,0.5,-0.01114638447971781,0.013879476761558207
2024-04-10,XLRE,-1.5811388300841895,-0.025533918995148418,3,2024Q2,0.1,0.5,-0.01114638447971781,-0.02308662896902436
2024-04-10,XLU,1.5811388300841895,-0.01571318092009134,3,2024Q2,0.1,0.5,-0.01114638447971781,0.014978386484169048
2024-04-10,XLV,0.9486832980505138,-0.011784885690068518,3,2024Q2,0.1,0.5,-0.01114638447971781,0.004147282191686363
2024-04-10,XLY,-0.9486832980505138,-0.009820738075057097,3,2024Q2,0.1,0.5,-0.01114638447971781,-0.008657738512179103
2024-04-17,XLB,-1.5811388300841895,-0.007856590460045684,3,2024Q2,0.1,0.5,-0.01114638447971781,-0.017125050085355586
2024-04-17,XLC,-0.31622776601683794,-0.04124709991523974,3,2024Q2,0.1,0.5,-0.01114638447971781,0.0012961830030988608
2024-04-17,XLE,0.31622776601683794,0.06678101891038811,3,2024Q2,0.1,0.5,-0.01114638447971781,0.012175307894344956
2024-04-17,XLF,1.2649110640673518,-0.005892442845034276,3,2024Q2,0.1,0.5,-0.01114638447971781,0.02631990675714002
2024-04-17,XLI,-0.9486832980505138,-0.00785659046004568,3,2024Q2,0.1,0.5,-0.01114638447971781,-0.001617502392154302
2024-04-17,XLK,-1.2649110640673518,0.17284499012100454,3,2024Q2,0.1,0.5,-0.01114638447971781,-0.013833031088483105
2024-04-17,XLP,0.9486832980505138,-0.11392056167066211,3,2024Q2,0.1,0.5,-0.01114638447971781,0.025041293497839234
2024-04-17,XLRE,0.6324555320336759,-0.025533918995148418,3,2024Q2,0.1,0.5,-0.01114638447971781,0.015759473982481564
2024-04-17,XLU,1.5811388300841895,-0.01571318092009134,3,2024Q2,0.1,0.5,-0.01114638447971781,0.03180129198705384
2024-04-17,XLV,0.0,-0.011784885690068518,3,2024Q2,0.1,0.5,-0.01114638447971781,0.007771177217917868
2024-04-17,XLY,-0.6324555320336759,-0.009820738075057097,3,2024Q2,0.1,0.5,-0.01114638447971781,0.0010839257690444803
2024-04-24,XLB,1.2649110640673518,-0.007856590460045684,3,2024Q2,0.1,0.5,-0.01114638447971781,0.018501598979324463
2024-04-24,XLC,-1.2649110640673518,-0.04124709991523974,3,2024Q2,0.1,0.5,-0.01114638447971781,-0.017944783508739293
2024-04-24,XLE,-1.5811388300841895,0.06678101891038811,3,2024Q2,0.1,0.5,-0.01114638447971781,-0.03323606515952526
2024-04-24,XLF,-0.6324555320336759,-0.005892442845034276,3,2024Q2,0.1,0.5,-0.01114638447971781,-0.008470816581706453
2024-04-24,XLI,0.31622776601683794,-0.00785659046004568,3,2024Q2,0.1,0.5,-0.01114638447971781,0.002885782954324956
2024-04-24,XLK,-0.9486832980505138,0.17284499012100454,3,2024Q2,0.1,0.5,-0.01114638447971781,-0.009025845877075334
2024-04-24,XLP,-0.31622776601683794,-0.11392056167066211,3,2024Q2,0.1,0.5,-0.01114638447971781,-0.001973049080306377
2024-04-24,XLRE,0.0,-0.025533918995148418,3,2024Q2,0.1,0.5,-0.01114638447971781,-0.0017241341695949375
2024-04-24,XLU,1.5811388300841895,-0.01571318092009134,3,2024Q2,0.1,0.5,-0.01114638447971781,0.021548982650811066
2024-04-24,XLV,0.6324555320336759,-0.011784885690068518,3,2024Q2,0.1,0.5,-0.01114638447971781,0.00802388439633217
2024-04-24,XLY,0.9486832980505138,-0.009820738075057097,3,2024Q2,0.1,0.5,-0.01114638447971781,0.011906156726432693
2024-05-01,XLB,-0.9486832980505138,-0.007856590460045684,3,2024Q2,0.1,0.5,-0.01114638447971781,-0.01536033542935944
2024-05-01,XLC,0.9486832980505138,-0.04124709991523974,3,2024Q2,0.1,0.5,-0.01114638447971781,0.00044892983158151267
2024-05-01,XLE,-1.2649110640673518,0.06678101891038811,3,2024Q2,0.1,0.5,-0.01114638447971781,-0.02202979700583607
2024-05-01,XLF,0.31622776601683794,-0.005892442845034276,3,2024Q2,0.1,0.5,-0.01114638447971781,-0.00887943355409404
2024-05-01,XLI,0.6324555320336759,-0.00785659046004568,3,2024Q2,0.1,0.5,-0.01114638447971781,-0.007835618845063008
2024-05-01,XLK,1.5811388300841895,0.17284499012100454,3,2024Q2,0.1,0.5,-0.01114638447971781,0.02080665021152539
2024-05-01,XLP,-0.31622776601683794,-0.11392056167066211,3,2024Q2,0.1,0.5,-0.01114638447971781,-0.013661772403146255
2024-05-01,XLRE,0.0,-0.025533918995148418,3,2024Q2,0.1,0.5,-0.01114638447971781,-0.009906095283150007
2024-05-01,XLU,1.2649110640673518,-0.01571318092009134,3,2024Q2,0.1,0.5,-0.01114638447971781,0.007226391681355304
2024-05-01,XLV,-1.5811388300841895,-0.011784885690068518,3,2024Q2,0.1,0.5,-0.01114638447971781,-0.02298635939903959
2024-05-01,XLY,-0.6324555320336759,-0.009820738075057097,3,2024Q2,0.1,0.5,-0.01114638447971781,-0.014575532859292917
2024-05-08,XLB,-0.31622776601683794,-0.007856590460045684,3,2024Q2,0.1,0.5,-0.01114638447971781,-0.009903049473049208
2024-05-08,XLC,0.0,-0.04124709991523974,3,2024Q2,0.1,0.5,-0.01114638447971781,-0.008714239065886309
2024-05-08,XLE,-1.2649110640673518,0.06678101891038811,3,2024Q2,0.1,0.5,-0.01114638447971781,-0.015642762512261044
2024-05-08,XLF,0.31622776601683794,-0.005892442845034276,3,2024Q2,0.1,0.5,-0.01114638447971781,-0.00451716598432883
2024-05-08,XLI,-0.6324555320336759,-0.00785659046004568,3,2024Q2,0.1,0.5,-0.01114638447971781,-0.01155659499973516
2024-05-08,XLK,1.2649110640673518,0.17284499012100454,3,2024Q2,0.1,0.5,-0.01114638447971781,0.015639340561139248
2024-05-08,XLP,-0.9486832980505138,-0.11392056167066211,3,2024Q2,0.1,0.5,-0.01114638447971781,-0.014149671259747754
2024-05-08,XLRE,1.5811388300841895,-0.025533918995148418,3,2024Q2,0.1,0.5,-0.01114638447971781,0.023134660060703638
2024-05-08,XLU,0.9486832980505138,-0.01571318092009134,3,2024Q2,0.1,0.5,-0.01114638447971781,0.007818577413821304
2024-05-08,XLV,0.6324555320336759,-0.011784885690068518,3,2024Q2,0.1,0.5,-0.01114638447971781,0.004654663001329773
2024-05-08,XLY,-1.5811388300841895,-0.009820738075057097,3,2024Q2,0.1,0.5,-0.01114638447971781,-0.018158097397528383
2024-05-15,XLB,-0.31622776601683794,-0.007856590460045684,3,2024Q2,0.1,0.5,-0.01114638447971781,-0.007157293065833681
2024-05-15,XLC,0.9486832980505138,-0.04124709991523974,3,2024Q2,0.1,0.5,-0.01114638447971781,0.0036618310643332652
2024-05-15,XLE,-1.5811388300841895,0.06678101891038811,3,2024Q2,0.1,0.5,-0.01114638447971781,-0.019581121424665282
2024-05-15,XLF,0.0,-0.005892442845034276,3,2024Q2,0.1,0.5,-0.01114638447971781,-0.005784279225489408
2024-05-15,XLI,0.31622776601683794,-0.00785659046004568,3,2024Q2,0.1,0.5,-0.01114638447971781,-0.005096760885454743
2024-05-15,XLK,1.5811388300841895,0.17284499012100454,3,2024Q2,0.1,0.5,-0.01114638447971781,0.009810329458306066
2024-05-15,XLP,1.2649110640673518,-0.11392056167066211,3,2024Q2,0.1,0.5,-0.01114638447971781,0.0066326587174239116
2024-05-15,XLRE,-1.2649110640673518,-0.025533918995148418,3,2024Q2,0.1,0.5,-0.01114638447971781,-0.01734907877299363
2024-05-15,XLU,-0.6324555320336759,-0.01571318092009134,3,2024Q2,0.1,0.5,-0.01114638447971781,-0.007263825924074263
2024-05-15,XLV,0.6324555320336759,-0.011784885690068518,3,2024Q2,0.1,0.5,-0.01114638447971781,0.002026004238188772
2024-05-15,XLY,-0.9486832980505138,-0.009820738075057097,3,2024Q2,0.1,0.5,-0.01114638447971781,-0.012947130964156117
2024-05-22,XLB,0.31622776601683794,-0.007856590460045684,3,2024Q2,0.1,0.5,-0.01114638447971781,-0.011235339810738987
2024-05-22,XLC,1.2649110640673518,-0.04124709991523974,3,2024Q2,0.1,0.5,-0.01114638447971781,0.004746415978675644
2024-05-22,XLE,0.9486832980505138,0.06678101891038811,3,2024Q2,0.1,0.5,-0.01114638447971781,-0.008164176326380113
2024-05-22,XLF,-0.6324555320336759,-0.005892442845034276,3,2024Q2,0.1,0.5,-0.01114638447971781,-0.019664822444060204
2024-05-22,XLI,-0.9486832980505138,-0.00785659046004568,3,2024Q2,0.1,0.5,-0.01114638447971781,-0.025758665364547406
2024-05-22,XLK,1.5811388300841895,0.17284499012100454,3,2024Q2,0.1,0.5,-0.01114638447971781,0.00513425816038271
2024-05-22,XLP,-0.31622776601683794,-0.11392056167066211,3,2024Q2,0.1,0.5,-0.01114638447971781,-0.016989818427234016
2024-05-22,XLRE,-1.5811388300841895,-0.025533918995148418,3,2024Q2,0.1,0.5,-0.01114638447971781,-0.0291235280522516
2024-05-22,XLU,0.0,-0.01571318092009134,3,2024Q2,0.1,0.5,-0.01114638447971781,-0.013790446256309652
2024-05-22,XLV,-1.2649110640673518,-0.011784885690068518,3,2024Q2,0.1,0.5,-0.01114638447971781,-0.026746095726383756
2024-05-22,XLY,0.6324555320336759,-0.009820738075057097,3,2024Q2,0.1,0.5,-0.01114638447971781,-0.008187857723794156
2024-05-29,XLB,-0.9486832980505138,-0.007856590460045684,3,2024Q2,0.1,0.5,-0.01114638447971781,-0.006368822676443342
2024-05-29,XLC,0.9486832980505138,-0.04124709991523974,3,2024Q2,0.1,0.5,-0.01114638447971781,0.011296528128256877
2024-05-29,XLE,-1.5811388300841895,0.06678101891038811,3,2024Q2,0.1,0.5,-0.01114638447971781,-0.02511191079299724
2024-05-29,XLF,-0.6324555320336759,-0.005892442845034276,3,2024Q2,0.1,0.5,-0.01114638447971781,-0.004285759121062993
2024-05-29,XLI,0.0,-0.00785659046004568,3,2024Q2,0.1,0.5,-0.01114638447971781,-0.002015751375555652
2024-05-29,XLK,-1.2649110640673518,0.17284499012100454,3,2024Q2,0.1,0.5,-0.01114638447971781,-0.01121353663631508
2024-05-29,XLP,0.6324555320336759,-0.11392056167066211,3,2024Q2,0.1,0.5,-0.01114638447971781,0.008200117150072517
2024-05-29,XLRE,1.5811388300841895,-0.025533918995148418,3,2024Q2,0.1,0.5,-0.01114638447971781,0.02259014722409236
2024-05-29,XLU,-0.31622776601683794,-0.01571318092009134,3,2024Q2,0.1,0.5,-0.01114638447971781,-0.00295823641969184
2024-05-29,XLV,1.2649110640673518,-0.011784885690068518,3,2024Q2,0.1,0.5,-0.01114638447971781,0.013591643639164763
2024-05-29,XLY,0.31622776601683794,-0.009820738075057097,3,2024Q2,0.1,0.5,-0.01114638447971781,0.001760447697559231
2024-06-05,XLB,-0.6324555320336759,-0.007856590460045684,3,2024Q2,0.1,0.5,-0.01114638447971781,-0.02090091179180864
2024-06-05,XLC,0.0,-0.04124709991523974,3,2024Q2,0.1,0.5,-0.01114638447971781,-0.016515687653192
2024-06-05,XLE,-0.31622776601683794,0.06678101891038811,3,2024Q2,0.1,0.5,-0.01114638447971781,-0.01651773127444489
2024-06-05,XLF,-0.9486832980505138,-0.005892442845034276,3,2024Q2,0.1,0.5,-0.01114638447971781,-0.02461599769535494
2024-06-05,XLI,0.6324555320336759,-0.00785659046004568,3,2024Q2,0.1,0.5,-0.01114638447971781,-0.01056006022585887
2024-06-05,XLK,1.5811388300841895,0.17284499012100454,3,2024Q2,0.1,0.5,-0.01114638447971781,0.03020839501954553
2024-06-05,XLP,-1.2649110640673518,-0.11392056167066211,3,2024Q2,0.1,0.5,-0.01114638447971781,-0.026649391206060913
2024-06-05,XLRE,0.9486832980505138,-0.025533918995148418,3,2024Q2,0.1,0.5,-0.01114638447971781,-0.009895274882270266
2024-06-05,XLU,-1.5811388300841895,-0.01571318092009134,3,2024Q2,0.1,0.5,-0.01114638447971781,-0.03350609270993943
2024-06-05,XLV,0.31622776601683794,-0.011784885690068518,3,2024Q2,0.1,0.5,-0.01114638447971781,-0.01072900375692143
2024-06-05,XLY,1.2649110640673518,-0.009820738075057097,3,2024Q2,0.1,0.5,-0.01114638447971781,0.0016603929174949794
2024-06-12,XLB,-0.6324555320336759,-0.007856590460045684,3,2024Q2,0.1,0.5,-0.01114638447971781,-0.01650980328425833
2024-06-12,XLC,-0.9486832980505138,-0.04124709991523974,3,2024Q2,0.1,0.5,-0.01114638447971781,-0.019790701339799877
2024-06-12,XLE,-1.2649110640673518,0.06678101891038811,3,2024Q2,0.1,0.5,-0.01114638447971781,-0.02300073901191879
2024-06-12,XLF,0.9486832980505138,-0.005892442845034276,3,2024Q2,0.1,0.5,-0.01114638447971781,-0.0018987863504538183
2024-06-12,XLI,0.0,-0.00785659046004568,3,2024Q2,0.1,0.5,-0.01114638447971781,-0.013332910673498288
2024-06-12,XLK,1.5811388300841895,0.17284499012100454,3,2024Q2,0.1,0.5,-0.01114638447971781,0.01513554544804574
2024-06-12,XLP,1.2649110640673518,-0.11392056167066211,3,2024Q2,0.1,0.5,-0.01114638447971781,0.000778104255245049
2024-06-12,XLRE,0.31622776601683794,-0.025533918995148418,3,2024Q2,0.1,0.5,-0.01114638447971781,-0.008733049785536018
2024-06-12,XLU,-1.5811388300841895,-0.01571318092009134,3,2024Q2,0.1,0.5,-0.01114638447971781,-0.02389247771714742
2024-06-12,XLV,-0.31622776601683794,-0.011784885690068518,3,2024Q2,0.1,0.5,-0.01114638447971781,-0.014060639599296043
2024-06-12,XLY,0.6324555320336759,-0.009820738075057097,3,2024Q2,0.1,0.5,-0.01114638447971781,-0.006266686246715558
2024-06-19,XLB,-0.6324555320336759,-0.007856590460045684,3,2024Q2,0.1,0.5,-0.01114638447971781,-0.005176685194883901
2024-06-19,XLC,1.5811388300841895,-0.04124709991523974,3,2024Q2,0.1,0.5,-0.01114638447971781,0.028401085765639822
2024-06-19,XLE,1.2649110640673518,0.06678101891038811,3,2024Q2,0.1,0.5,-0.01114638447971781,0.027432195615096466
2024-06-19,XLF,0.0,-0.005892442845034276,3,2024Q2,0.1,0.5,-0.01114638447971781,-0.0006245708667931282
2024-06-19,XLI,-0.9486832980505138,-0.00785659046004568,3,2024Q2,0.1,0.5,-0.01114638447971781,-0.00642236267796592
2024-06-19,XLK,-1.5811388300841895,0.17284499012100454,3,2024Q2,0.1,0.5,-0.01114638447971781,-0.01690820085095679
2024-06-19,XLP,-0.31622776601683794,-0.11392056167066211,3,2024Q2,0.1,0.5,-0.01114638447971781,-0.0013809928837985597
2024-06-19,XLRE,-1.2649110640673518,-0.025533918995148418,3,2024Q2,0.1,0.5,-0.01114638447971781,-0.013277920568846469
2024-06-19,XLU,0.31622776601683794,-0.01571318092009134,3,2024Q2,0.1,0.5,-0.01114638447971781,-0.0004917573491572957
2024-06-19,XLV,0.6324555320336759,-0.011784885690068518,3,2024Q2,0.1,0.5,-0.01114638447971781,0.006735181475505669
2024-06-19,XLY,0.9486832980505138,-0.009820738075057097,3,2024Q2,0.1,0.5,-0.01114638447971781,0.01914611998347726
2024-06-26,XLB,-0.9486832980505138,-0.007856590460045684,3,2024Q2,0.1,0.5,-0.01114638447971781,-0.020276227705690042
2024-06-26,XLC,0.0,-0.04124709991523974,3,2024Q2,0.1,0.5,-0.01114638447971781,-0.00939489311529118
2024-06-26,XLE,0.31622776601683794,0.06678101891038811,3,2024Q2,0.1,0.5,-0.01114638447971781,-0.0005308031936355206
2024-06-26,XLF,0.9486832980505138,-0.005892442845034276,3,2024Q2,0.1,0.5,-0.01114638447971781,0.002013302140220663
2024-06-26,XLI,-0.31622776601683794,-0.00785659046004568,3,2024Q2,0.1,0.5,-0.01114638447971781,-0.011153752495294045
2024-06-26,XLK,1.5811388300841895,0.17284499012100454,3,2024Q2,0.1,0.5,-0.01114638447971781,0.015303878820999595
2024-06-26,XLP,-1.2649110640673518,-0.11392056167066211,3,2024Q2,0.1,0.5,-0.01114638447971781,-0.021392661325386753
2024-06-26,XLRE,0.6324555320336759,-0.025533918995148418,3,2024Q2,0.1,0.5,-0.01114638447971781,-0.0003140040931999266
2024-06-26,XLU,-0.6324555320336759,-0.01571318092009134,3,2024Q2,0.1,0.5,-0.01114638447971781,-0.016140543228519544
2024-06-26,XLV,-1.5811388300841895,-0.011784885690068518,3,2024Q2,0.1,0.5,-0.01114638447971781,-0.03013930984728108
2024-06-26,XLY,1.2649110640673518,-0.009820738075057097,3,2024Q2,0.1,0.5,-0.01114638447971781,0.013311397724583562
2024-07-03,XLB,-0.9486832980505138,-0.041800221944754454,4,2024Q3,0.1,0.9,0.0,-0.010245352347349579
2024-07-03,XLC,0.9486832980505138,-0.018174009541197588,4,2024Q3,0.1,0.9,0.0,0.0018669666700912302
2024-07-03,XLE,-1.5811388300841895,0.029078415265916112,4,2024Q3,0.1,0.9,0.0,-0.04158788381458434
2024-07-03,XLF,-0.6324555320336759,-0.010904405724718572,4,2024Q3,0.1,0.9,0.0,-0.009215550031220099
2024-07-03,XLI,-1.2649110640673518,-0.012721806678838321,4,2024Q3,0.1,0.9,0.0,-0.015742706556091557
2024-07-03,XLK,1.5811388300841895,0.1890096992284548,4,2024Q3,0.1,0.9,0.0,0.005852799766614236
2024-07-03,XLP,-0.31622776601683794,-0.09450484961422743,4,2024Q3,0.1,0.9,0.0,-0.005320940257290907
2024-07-03,XLRE,0.0,-0.03271321717415565,4,2024Q3,0.1,0.9,0.0,-0.004515030084803806
2024-07-03,XLU,0.31622776601683794,0.005452202862359262,4,2024Q3,0.1,0.9,0.0,-0.002681797391430596
2024-07-03,XLV,1.2649110640673518,-0.014539207632958082,4,2024Q3,0.1,0.9,0.0,0.0031948585685466213
2024-07-03,XLY,0.6324555320336759,0.0018174009541197488,4,2024Q3,0.1,0.9,0.0,0.0017186349469839879
2024-07-10,XLB,0.6324555320336759,-0.041800221944754454,4,2024Q3,0.1,0.9,0.0,0.04625152603289595
2024-07-10,XLC,-1.2649110640673518,-0.018174009541197588,4,2024Q3,0.1,0.9,0.0,-0.01782630704818311
2024-07-10,XLE,0.9486832980505138,0.029078415265916112,4,2024Q3,0.1,0.9,0.0,0.05099909657891066
2024-07-10,XLF,1.2649110640673518,-0.010904405724718572,4,2024Q3,0.1,0.9,0.0,0.05337688442501576
2024-07-10,XLI,0.31622776601683794,-0.012721806678838321,4,2024Q3,0.1,0.9,0.0,0.04577875748633753
2024-07-10,XLK,-1.5811388300841895,0.1890096992284548,4,2024Q3,0.1,0.9,0.0,-0.04823870108739936
2024-07-10,XLP,-0.31622776601683794,-0.09450484961422743,4,2024Q3,0.1,0.9,0.0,0.025115697200268405
2024-07-10,XLRE,1.5811388300841895,-0.03271321717415565,4,2024Q3,0.1,0.9,0.0,0.06547047816341722
2024-07-10,XLU,-0.6324555320336759,0.005452202862359262,4,2024Q3,0.1,0.9,0.0,0.017015645461169182
2024-07-10,XLV,0.0,-0.014539207632958082,4,2024Q3,0.1,0.9,0.0,0.03664393236640473
2024-07-10,XLY,-0.9486832980505138,0.0018174009541197488,4,2024Q3,0.1,0.9,0.0,0.007803035701560601
2024-07-17,XLB,0.31622776601683794,-0.041800221944754454,4,2024Q3,0.1,0.9,0.0,0.004032600221209326
2024-07-17,XLC,-0.31622776601683794,-0.018174009541197588,4,2024Q3,0.1,0.9,0.0,-8.315168243011595e-05
2024-07-17,XLE,-0.9486832980505138,0.029078415265916112,4,2024Q3,0.1,0.9,0.0,-0.002686951403093496
2024-07-17,XLF,-0.6324555320336759,-0.010904405724718572,4,2024Q3,0.1,0.9,0.0,-8.987461757392623e-05
2024-07-17,XLI,0.0,-0.012721806678838321,4,2024Q3,0.1,0.9,0.0,0.001656935949198246
2024-07-17,XLK,-1.2649110640673518,0.1890096992284548,4,2024Q3,0.1,0.9,0.0,-0.009588692249372754
2024-07-17,XLP,0.9486832980505138,-0.09450484961422743,4,2024Q3,0.1,0.9,0.0,0.016142682265613995
2024-07-17,XLRE,0.6324555320336759,-0.03271321717415565,4,2024Q3,0.1,0.9,0.0,0.013048782190283159
2024-07-17,XLU,1.5811388300841895,0.005452202862359262,4,2024Q3,0.1,0.9,0.0,0.04190047490229443
2024-07-17,XLV,1.2649110640673518,-0.014539207632958082,4,2024Q3,0.1,0.9,0.0,0.023757062048644695
2024-07-17,XLY,-1.5811388300841895,0.0018174009541197488,4,2024Q3,0.1,0.9,0.0,-0.02480874698642188
2024-07-24,XLB,0.31622776601683794,-0.041800221944754454,4,2024Q3,0.1,0.9,0.0,0.010533032977167567
2024-07-24,XLC,0.9486832980505138,-0.018174009541197588,4,2024Q3,0.1,0.9,0.0,0.014421809805942987
2024-07-24,XLE,0.6324555320336759,0.029078415265916112,4,2024Q3,0.1,0.9,0.0,0.014068450035570557
2024-07-24,XLF,0.0,-0.010904405724718572,4,2024Q3,0.1,0.9,0.0,0.009542413902359437
2024-07-24,XLI,1.5811388300841895,-0.012721806678838321,4,2024Q3,0.1,0.9,0.0,0.02020849806834457
2024-07-24,XLK,-0.9486832980505138,0.1890096992284548,4,2024Q3,0.1,0.9,0.0,-0.0041743901290365315
2024-07-24,XLP,-1.2649110640673518,-0.09450484961422743,4,2024Q3,0.1,0.9,0.0,-0.01692911574433742
2024-07-24,XLRE,-0.6324555320336759,-0.03271321717415565,4,2024Q3,0.1,0.9,0.0,0.00489143389067026
2024-07-24,XLU,-0.31622776601683794,0.005452202862359262,4,2024Q3,0.1,0.9,0.0,0.006501068376943753
2024-07-24,XLV,-1.5811388300841895,-0.014539207632958082,4,2024Q3,0.1,0.9,0.0,-0.01930181097980954
2024-07-24,XLY,1.2649110640673518,0.0018174009541197488,4,2024Q3,0.1,0.9,0.0,0.016441882460554336
2024-07-31,XLB,-0.6324555320336759,-0.041800221944754454,4,2024Q3,0.1,0.9,0.0,0.0056227628724949685
2024-07-31,XLC,0.31622776601683794,-0.018174009541197588,4,2024Q3,0.1,0.9,0.0,0.02398229233972038
2024-07-31,XLE,-0.9486832980505138,0.029078415265916112,4,2024Q3,0.1,0.9,0.0,-0.004714775706131991
2024-07-31,XLF,-0.31622776601683794,-0.010904405724718572,4,2024Q3,0.1,0.9,0.0,0.008299997342733567
2024-07-31,XLI,0.0,-0.012721806678838321,4,2024Q3,0.1,0.9,0.0,0.008313837068410934
2024-07-31,XLK,-1.5811388300841895,0.1890096992284548,4,2024Q3,0.1,0.9,0.0,-0.039711854308497774
2024-07-31,XLP,1.2649110640673518,-0.09450484961422743,4,2024Q3,0.1,0.9,0.0,0.06440583557231416
2024-07-31,XLRE,0.9486832980505138,-0.03271321717415565,4,2024Q3,0.1,0.9,0.0,0.0598252486872507
2024-07-31,XLU,1.5811388300841895,0.005452202862359262,4,2024Q3,0.1,0.9,0.0,0.06510027836235699
2024-07-31,XLV,0.6324555320336759,-0.014539207632958082,4,2024Q3,0.1,0.9,0.0,0.034175575025113814
2024-07-31,XLY,-1.2649110640673518,0.0018174009541197488,4,2024Q3,0.1,0.9,0.0,-0.03464970986067195
2024-08-07,XLB,-0.6324555320336759,-0.041800221944754454,4,2024Q3,0.1,0.9,0.0,-0.028095097735287178
2024-08-07,XLC,0.0,-0.018174009541197588,4,2024Q3,0.1,0.9,0.0,-0.019523861055388725
2024-08-07,XLE,-0.31622776601683794,0.029078415265916112,4,2024Q3,0.1,0.9,0.0,-0.023526381120170248
2024-08-07,XLF,0.6324555320336759,-0.010904405724718572,4,2024Q3,0.1,0.9,0.0,-0.01227357473945978
2024-08-07,XLI,0.31622776601683794,-0.012721806678838321,4,2024Q3,0.1,0.9,0.0,-0.015442005046773843
2024-08-07,XLK,1.5811388300841895,0.1890096992284548,4,2024Q3,0.1,0.9,0.0,0.04035545269729002
2024-08-07,XLP,-1.2649110640673518,-0.09450484961422743,4,2024Q3,0.1,0.9,0.0,-0.03369130741444315
2024-08-07,XLRE,-0.9486832980505138,-0.03271321717415565,4,2024Q3,0.1,0.9,0.0,-0.030192839590132747
2024-08-07,XLU,-1.5811388300841895,0.005452202862359262,4,2024Q3,0.1,0.9,0.0,-0.036911775675881
2024-08-07,XLV,0.9486832980505138,-0.014539207632958082,4,2024Q3,0.1,0.9,0.0,-0.008993793447589438
2024-08-07,XLY,1.2649110640673518,0.0018174009541197488,4,2024Q3,0.1,0.9,0.0,-0.0072102943494281035
2024-08-14,XLB,0.9486832980505138,-0.041800221944754454,4,2024Q3,0.1,0.9,0.0,-0.0011544282883826362
2024-08-14,XLC,0.31622776601683794,-0.018174009541197588,4,2024Q3,0.1,0.9,0.0,-0.0038048250777815706
2024-08-14,XLE,-1.5811388300841895,0.029078415265916112,4,2024Q3,0.1,0.9,0.0,-0.038511320875875055
2024-08-14,XLF,-0.6324555320336759,-0.010904405724718572,4,2024Q3,0.1,0.9,0.0,-0.013603684568865404
2024-08-14,XLI,0.0,-0.012721806678838321,4,2024Q3,0.1,0.9,0.0,-0.009504483912993411
2024-08-14,XLK,1.2649110640673518,0.1890096992284548,4,2024Q3,0.1,0.9,0.0,0.018916532518009177
2024-08-14,XLP,0.6324555320336759,-0.09450484961422743,4,2024Q3,0.1,0.9,0.0,-0.0025868829269775073
2024-08-14,XLRE,-1.2649110640673518,-0.03271321717415565,4,2024Q3,0.1,0.9,0.0,-0.02412052545155996
2024-08-14,XLU,-0.9486832980505138,0.005452202862359262,4,2024Q3,0.1,0.9,0.0,-0.015105157836624139
2024-08-14,XLV,-0.31622776601683794,-0.014539207632958082,4,2024Q3,0.1,0.9,0.0,-0.011784380661540528
2024-08-14,XLY,1.5811388300841895,0.0018174009541197488,4,2024Q3,0.1,0.9,0.0,0.02827999363774758
2024-08-21,XLB,0.9486832980505138,-0.041800221944754454,4,2024Q3,0.1,0.9,0.0,0.015478369254570246
2024-08-21,XLC,-0.9486832980505138,-0.018174009541197588,4,2024Q3,0.1,0.9,0.0,-0.0030576125832455503
2024-08-21,XLE,0.6324555320336759,0.029078415265916112,4,2024Q3,0.1,0.9,0.0,0.01472028606272835
2024-08-21,XLF,1.5811388300841895,-0.010904405724718572,4,2024Q3,0.1,0.9,0.0,0.02948074123414257
2024-08-21,XLI,0.31622776601683794,-0.012721806678838321,4,2024Q3,0.1,0.9,0.0,0.011941022047509464
2024-08-21,XLK,-1.5811388300841895,0.1890096992284548,4,2024Q3,0.1,0.9,0.0,-0.02316910992578991
2024-08-21,XLP,-0.31622776601683794,-0.09450484961422743,4,2024Q3,0.1,0.9,0.0,0.010745396488915593
2024-08-21,XLRE,1.2649110640673518,-0.03271321717415565,4,2024Q3,0.1,0.9,0.0,0.028020990070455443
2024-08-21,XLU,-0.6324555320336759,0.005452202862359262,4,2024Q3,0.1,0.9,0.0,0.0042710776055520094
2024-08-21,XLV,0.0,-0.014539207632958082,4,2024Q3,0.1,0.9,0.0,0.011314380988863726
2024-08-21,XLY,-1.2649110640673518,0.0018174009541197488,4,2024Q3,0.1,0.9,0.0,-0.014150180930905698
2024-08-28,XLB,-0.6324555320336759,-0.041800221944754454,4,2024Q3,0.1,0.9,0.0,0.002491110625102211
2024-08-28,XLC,-0.9486832980505138,-0.018174009541197588,4,2024Q3,0.1,0.9,0.0,-0.0053578144948768225
2024-08-28,XLE,-1.2649110640673518,0.029078415265916112,4,2024Q3,0.1,0.9,0.0,-0.009002796986052664
2024-08-28,XLF,0.9486832980505138,-0.010904405724718572,4,2024Q3,0.1,0.9,0.0,0.02518901316873412
2024-08-28,XLI,-0.31622776601683794,-0.012721806678838321,4,2024Q3,0.1,0.9,0.0,0.009448644230175551
2024-08-28,XLK,-1.5811388300841895,0.1890096992284548,4,2024Q3,0.1,0.9,0.0,-0.031270364432517295
2024-08-28,XLP,1.2649110640673518,-0.09450484961422743,4,2024Q3,0.1,0.9,0.0,0.02787263494005099
2024-08-28,XLRE,0.6324555320336759,-0.03271321717415565,4,2024Q3,0.1,0.9,0.0,0.023557574772310574
2024-08-28,XLU,1.5811388300841895,0.005452202862359262,4,2024Q3,0.1,0.9,0.0,0.03334820766980606
2024-08-28,XLV,0.31622776601683794,-0.014539207632958082,4,2024Q3,0.1,0.9,0.0,0.018556838748644
2024-08-28,XLY,0.0,0.0018174009541197488,4,2024Q3,0.1,0.9,0.0,0.018107393923291082
2024-09-04,XLB,-0.31622776601683794,-0.041800221944754454,4,2024Q3,0.1,0.9,0.0,-0.014362728307995787
2024-09-04,XLC,-0.9486832980505138,-0.018174009541197588,4,2024Q3,0.1,0.9,0.0,-0.01626187411777491
2024-09-04,XLE,-1.5811388300841895,0.029078415265916112,4,2024Q3,0.1,0.9,0.0,-0.04537317230655524
2024-09-04,XLF,-1.2649110640673518,-0.010904405724718572,4,2024Q3,0.1,0.9,0.0,-0.03204078643638919
2024-09-04,XLI,0.31622776601683794,-0.012721806678838321,4,2024Q3,0.1,0.9,0.0,-0.009484410500380847
2024-09-04,XLK,1.5811388300841895,0.1890096992284548,4,2024Q3,0.1,0.9,0.0,0.03123696214258942
2024-09-04,XLP,0.0,-0.09450484961422743,4,2024Q3,0.1,0.9,0.0,-0.014084508297794396
2024-09-04,XLRE,1.2649110640673518,-0.03271321717415565,4,2024Q3,0.1,0.9,0.0,0.017930359249608063
2024-09-04,XLU,0.6324555320336759,0.005452202862359262,4,2024Q3,0.1,0.9,0.0,-0.0004411251036022801
2024-09-04,XLV,-0.6324555320336759,-0.014539207632958082,4,2024Q3,0.1,0.9,0.0,-0.014917250677335403
2024-09-04,XLY,0.9486832980505138,0.0018174009541197488,4,2024Q3,0.1,0.9,0.0,0.015427994382134935
2024-09-11,XLB,0.6324555320336759,-0.041800221944754454,4,2024Q3,0.1,0.9,0.0,0.012789304159059212
2024-09-11,XLC,1.2649110640673518,-0.018174009541197588,4,2024Q3,0.1,0.9,0.0,0.025890020314475848
2024-09-11,XLE,1.5811388300841895,0.029078415265916112,4,2024Q3,0.1,0.9,0.0,0.02961536439165724
2024-09-11,XLF,0.31622776601683794,-0.010904405724718572,4,2024Q3,0.1,0.9,0.0,0.00796130542862139
2024-09-11,XLI,0.9486832980505138,-0.012721806678838321,4,2024Q3,0.1,0.9,0.0,0.015320144186832918
2024-09-11,XLK,-1.5811388300841895,0.1890096992284548,4,2024Q3,0.1,0.9,0.0,-0.014290570042847062
2024-09-11,XLP,-0.6324555320336759,-0.09450484961422743,4,2024Q3,0.1,0.9,0.0,-0.00884712807886956
2024-09-11,XLRE,-0.9486832980505138,-0.03271321717415565,4,2024Q3,0.1,0.9,0.0,-0.01125074658180436
2024-09-11,XLU,-0.31622776601683794,0.005452202862359262,4,2024Q3,0.1,0.9,0.0,0.0029382168954585897
2024-09-11,XLV,-1.2649110640673518,-0.014539207632958082,4,2024Q3,0.1,0.9,0.0,-0.012074535063735015
2024-09-11,XLY,0.0,0.0018174009541197488,4,2024Q3,0.1,0.9,0.0,0.00698180850502661
2024-09-18,XLB,0.6324555320336759,-0.041800221944754454,4,2024Q3,0.1,0.9,0.0,0.0037891602139132896
2024-09-18,XLC,0.0,-0.018174009541197588,4,2024Q3,0.1,0.9,0.0,-0.0010245734426899133
2024-09-18,XLE,-0.9486832980505138,0.029078415265916112,4,2024Q3,0.1,0.9,0.0,-0.02392154881010078
2024-09-18,XLF,-1.2649110640673518,-0.010904405724718572,4,2024Q3,0.1,0.9,0.0,-0.024241612010185598
2024-09-18,XLI,0.31622776601683794,-0.012721806678838321,4,2024Q3,0.1,0.9,0.0,0.0006887813242235641
2024-09-18,XLK,1.2649110640673518,0.1890096992284548,4,2024Q3,0.1,0.9,0.0,0.017211091821292657
2024-09-18,XLP,-0.6324555320336759,-0.09450484961422743,4,2024Q3,0.1,0.9,0.0,-0.020922932368038438
2024-09-18,XLRE,-0.31622776601683794,-0.03271321717415565,4,2024Q3,0.1,0.9,0.0,-0.019847417338089812
2024-09-18,XLU,0.9486832980505138,0.005452202862359262,4,2024Q3,0.1,0.9,0.0,0.006271473638606473
2024-09-18,XLV,-1.5811388300841895,-0.014539207632958082,4,2024Q3,0.1,0.9,0.0,-0.033219653345670674
2024-09-18,XLY,1.5811388300841895,0.0018174009541197488,4,2024Q3,0.1,0.9,0.0,0.02061509187934374
2024-09-25,XLB,0.0,-0.041800221944754454,4,2024Q3,0.1,0.9,0.0,0.008903503680469771
2024-09-25,XLC,0.9486832980505138,-0.018174009541197588,4,2024Q3,0.1,0.9,0.0,0.015782517528609374
2024-09-25,XLE,1.5811388300841895,0.029078415265916112,4,2024Q3,0.1,0.9,0.0,0.04291445422104945
2024-09-25,XLF,0.31622776601683794,-0.010904405724718572,4,2024Q3,0.1,0.9,0.0,0.00966101030281441
2024-09-25,XLI,0.6324555320336759,-0.012721806678838321,4,2024Q3,0.1,0.9,0.0,0.011699051596027688
2024-09-25,XLK,-1.5811388300841895,0.1890096992284548,4,2024Q3,0.1,0.9,0.0,-0.008453938611517331
2024-09-25,XLP,-0.6324555320336759,-0.09450484961422743,4,2024Q3,0.1,0.9,0.0,-0.005912553280960631
2024-09-25,XLRE,-1.2649110640673518,-0.03271321717415565,4,2024Q3,0.1,0.9,0.0,-0.007556117129119078
2024-09-25,XLU,1.2649110640673518,0.005452202862359262,4,2024Q3,0.1,0.9,0.0,0.018158830372872026
2024-09-25,XLV,-0.31622776601683794,-0.014539207632958082,4,2024Q3,0.1,0.9,0.0,0.004101618088649839
2024-09-25,XLY,-0.9486832980505138,0.0018174009541197488,4,2024Q3,0.1,0.9,0.0,-0.007044096723368809
2024-10-02,XLB,-0.9486832980505138,-0.032130093873368556,5,2024Q4,0.03,0.9,0.0007319249650535986,-0.02207343854627808
2024-10-02,XLC,0.31622776601683794,-0.015219518150542998,5,2024Q4,0.03,0.9,0.0007319249650535986,-0.011339992559157963
2024-10-02,XLE,0.6324555320336759,0.006764230289130218,5,2024Q4,0.03,0.9,0.0007319249650535986,-0.004634791722124332
2024-10-02,XLF,1.2649110640673518,-0.008455287861412789,5,2024Q4,0.03,0.9,0.0007319249650535986,-0.00037417248809479275
2024-10-02,XLI,0.9486832980505138,0.00507317271684767,5,2024Q4,0.03,0.9,0.0007319249650535986,-0.003983195384441807
2024-10-02,XLK,1.5811388300841895,0.15219518150543002,5,2024Q4,0.03,0.9,0.0007319249650535986,0.024112381730759358
2024-10-02,XLP,-0.6324555320336759,-0.09469922404782312,5,2024Q4,0.03,0.9,0.0007319249650535986,-0.020285736323324866
2024-10-02,XLRE,-1.2649110640673518,-0.025365863584238334,5,2024Q4,0.03,0.9,0.0007319249650535986,-0.0346729673299202
2024-10-02,XLU,-1.5811388300841895,0.02367480601195578,5,2024Q4,0.03,0.9,0.0007319249650535986,-0.047328226446367916
2024-10-02,XLV,0.0,-0.02029269086739067,5,2024Q4,0.03,0.9,0.0007319249650535986,-0.011677728801032572
2024-10-02,XLY,-0.31622776601683794,0.008455287861412782,5,2024Q4,0.03,0.9,0.0007319249650535986,-0.011876900337609353
2024-10-09,XLB,0.6324555320336759,-0.032130093873368556,5,2024Q4,0.03,0.9,0.0007319249650535986,0.01252174989673649
2024-10-09,XLC,-0.31622776601683794,-0.015219518150542998,5,2024Q4,0.03,0.9,0.0007319249650535986,-0.003304033545455942
2024-10-09,XLE,-1.5811388300841895,0.006764230289130218,5,2024Q4,0.03,0.9,0.0007319249650535986,-0.024330291234202717
2024-10-09,XLF,1.2649110640673518,-0.008455287861412789,5,2024Q4,0.03,0.9,0.0007319249650535986,0.028420078306619523
2024-10-09,XLI,0.31622776601683794,0.00507317271684767,5,2024Q4,0.03,0.9,0.0007319249650535986,0.009787871446633511
2024-10-09,XLK,-1.2649110640673518,0.15219518150543002,5,2024Q4,0.03,0.9,0.0007319249650535986,-0.01362671459890008
2024-10-09,XLP,0.0,-0.09469922404782312,5,2024Q4,0.03,0.9,0.0007319249650535986,0.0018502874923933543
2024-10-09,XLRE,0.9486832980505138,-0.025365863584238334,5,2024Q4,0.03,0.9,0.0007319249650535986,0.022662591207113225
2024-10-09,XLU,1.5811388300841895,0.02367480601195578,5,2024Q4,0.03,0.9,0.0007319249650535986,0.03433347335513526
2024-10-09,XLV,-0.9486832980505138,-0.02029269086739067,5,2024Q4,0.03,0.9,0.0007319249650535986,-0.009331925655324924
2024-10-09,XLY,-0.6324555320336759,0.008455287861412782,5,2024Q4,0.03,0.9,0.0007319249650535986,-0.006370073803862786
2024-10-16,XLB,-0.6324555320336759,-0.032130093873368556,5,2024Q4,0.03,0.9,0.0007319249650535986,-0.006605938812930479
2024-10-16,XLC,0.31622776601683794,-0.015219518150542998,5,2024Q4,0.03,0.9,0.0007319249650535986,-7.166573835837298e-05
2024-10-16,XLE,0.9486832980505138,0.006764230289130218,5,2024Q4,0.03,0.9,0.0007319249650535986,0.002967584766005671
2024-10-16,XLF,0.0,-0.008455287861412789,5,2024Q4,0.03,0.9,0.0007319249650535986,-0.000391071862863801
2024-10-16,XLI,-0.9486832980505138,0.00507317271684767,5,2024Q4,0.03,0.9,0.0007319249650535986,-0.010910704810460525
2024-10-16,XLK,1.2649110640673518,0.15219518150543002,5,2024Q4,0.03,0.9,0.0007319249650535986,0.0032166705570255694
2024-10-16,XLP,0.6324555320336759,-0.09469922404782312,5,2024Q4,0.03,0.9,0.0007319249650535986,0.0003654097797766154
2024-10-16,XLRE,-0.31622776601683794,-0.025365863584238334,5,2024Q4,0.03,0.9,0.0007319249650535986,-0.0015428608469836291
2024-10-16,XLU,1.5811388300841895,0.02367480601195578,5,2024Q4,0.03,0.9,0.0007319249650535986,0.006306925652489137
2024-10-16,XLV,-1.2649110640673518,-0.02029269086739067,5,2024Q4,0.03,0.9,0.0007319249650535986,-0.011387461068823268
2024-10-16,XLY,-1.5811388300841895,0.008455287861412782,5,2024Q4,0.03,0.9,0.0007319249650535986,-0.0169812037514121
2024-10-23,XLB,-0.31622776601683794,-0.032130093873368556,5,2024Q4,0.03,0.9,0.0007319249650535986,-0.014881060480424035
2024-10-23,XLC,1.2649110640673518,-0.015219518150542998,5,2024Q4,0.03,0.9,0.0007319249650535986,0.024630475876877167
2024-10-23,XLE,-1.2649110640673518,0.006764230289130218,5,2024Q4,0.03,0.9,0.0007319249650535986,-0.023203143174284402
2024-10-23,XLF,0.6324555320336759,-0.008455287861412789,5,2024Q4,0.03,0.9,0.0007319249650535986,-0.003070331838879836
2024-10-23,XLI,0.0,0.00507317271684767,5,2024Q4,0.03,0.9,0.0007319249650535986,-0.013077898683089617
2024-10-23,XLK,0.9486832980505138,0.15219518150543002,5,2024Q4,0.03,0.9,0.0007319249650535986,0.0016708261211071385
2024-10-23,XLP,-0.9486832980505138,-0.09469922404782312,5,2024Q4,0.03,0.9,0.0007319249650535986,-0.022676299597567673
2024-10-23,XLRE,0.31622776601683794,-0.025365863584238334,5,2024Q4,0.03,0.9,0.0007319249650535986,-0.011391982066820128
2024-10-23,XLU,-1.5811388300841895,0.02367480601195578,5,2024Q4,0.03,0.9,0.0007319249650535986,-0.04039209372871844
2024-10-23,XLV,-0.6324555320336759,-0.02029269086739067,5,2024Q4,0.03,0.9,0.0007319249650535986,-0.01865444462154786
2024-10-23,XLY,1.5811388300841895,0.008455287861412782,5,2024Q4,0.03,0.9,0.0007319249650535986,0.02685656754621779
2024-10-30,XLB,-0.31622776601683794,-0.032130093873368556,5,2024Q4,0.03,0.9,0.0007319249650535986,-0.015530015783824291
2024-10-30,XLC,0.31622776601683794,-0.015219518150542998,5,2024Q4,0.03,0.9,0.0007319249650535986,0.008446737548589711
2024-10-30,XLE,1.5811388300841895,0.006764230289130218,5,2024Q4,0.03,0.9,0.0007319249650535986,0.04368185978337924
2024-10-30,XLF,1.2649110640673518,-0.008455287861412789,5,2024Q4,0.03,0.9,0.0007319249650535986,0.03233042365106531
2024-10-30,XLI,0.6324555320336759,0.00507317271684767,5,2024Q4,0.03,0.9,0.0007319249650535986,0.025594948526723726
2024-10-30,XLK,0.0,0.15219518150543002,5,2024Q4,0.03,0.9,0.0007319249650535986,-0.002728424324190737
2024-10-30,XLP,-0.9486832980505138,-0.09469922404782312,5,2024Q4,0.03,0.9,0.0007319249650535986,-0.02798552336696214
2024-10-30,XLRE,-1.5811388300841895,-0.025365863584238334,5,2024Q4,0.03,0.9,0.0007319249650535986,-0.049264809794418274
2024-10-30,XLU,-1.2649110640673518,0.02367480601195578,5,2024Q4,0.03,0.9,0.0007319249650535986,-0.03848840167951639
2024-10-30,XLV,-0.6324555320336759,-0.02029269086739067,5,2024Q4,0.03,0.9,0.0007319249650535986,-0.019557016120989035
2024-10-30,XLY,0.9486832980505138,0.008455287861412782,5,2024Q4,0.03,0.9,0.0007319249650535986,0.028344926958623784
2024-11-06,XLB,-1.5811388300841895,-0.032130093873368556,5,2024Q4,0.03,0.9,0.0007319249650535986,-0.03451826486510812
2024-11-06,XLC,1.2649110640673518,-0.015219518150542998,5,2024Q4,0.03,0.9,0.0007319249650535986,0.008462537414062332
2024-11-06,XLE,0.0,0.006764230289130218,5,2024Q4,0.03,0.9,0.0007319249650535986,-0.0002514751860651643
2024-11-06,XLF,-0.9486832980505138,-0.008455287861412789,5,2024Q4,0.03,0.9,0.0007319249650535986,-0.005965427477508944
2024-11-06,XLI,-0.6324555320336759,0.00507317271684767,5,2024Q4,0.03,0.9,0.0007319249650535986,-0.004536759524619294
2024-11-06,XLK,-0.31622776601683794,0.15219518150543002,5,2024Q4,0.03,0.9,0.0007319249650535986,-0.0019202789076828708
2024-11-06,XLP,0.9486832980505138,-0.09469922404782312,5,2024Q4,0.03,0.9,0.0007319249650535986,0.006060173468968033
2024-11-06,XLRE,0.6324555320336759,-0.025365863584238334,5,2024Q4,0.03,0.9,0.0007319249650535986,0.005542080052739706
2024-11-06,XLU,0.31622776601683794,0.02367480601195578,5,2024Q4,0.03,0.9,0.0007319249650535986,-8.946190469738546e-05
2024-11-06,XLV,-1.2649110640673518,-0.02029269086739067,5,2024Q4,0.03,0.9,0.0007319249650535986,-0.018578853744879775
2024-11-06,XLY,1.5811388300841895,0.008455287861412782,5,2024Q4,0.03,0.9,0.0007319249650535986,0.03237944719002939
2024-11-13,XLB,0.31622776601683794,-0.032130093873368556,5,2024Q4,0.03,0.9,0.0007319249650535986,0.00861290941752868
2024-11-13,XLC,0.6324555320336759,-0.015219518150542998,5,2024Q4,0.03,0.9,0.0007319249650535986,0.012642794095282017
2024-11-13,XLE,1.2649110640673518,0.006764230289130218,5,2024Q4,0.03,0.9,0.0007319249650535986,0.03056549524433172
2024-11-13,XLF,0.0,-0.008455287861412789,5,2024Q4,0.03,0.9,0.0007319249650535986,0.0065812070913601195
2024-11-13,XLI,-1.2649110640673518,0.00507317271684767,5,2024Q4,0.03,0.9,0.0007319249650535986,-0.012064792257648671
2024-11-13,XLK,-0.9486832980505138,0.15219518150543002,5,2024Q4,0.03,0.9,0.0007319249650535986,-0.006644813412885919
2024-11-13,XLP,-0.31622776601683794,-0.09469922404782312,5,2024Q4,0.03,0.9,0.0007319249650535986,0.0031648736814285927
2024-11-13,XLRE,0.9486832980505138,-0.025365863584238334,5,2024Q4,0.03,0.9,0.0007319249650535986,0.014665068755291166
2024-11-13,XLU,1.5811388300841895,0.02367480601195578,5,2024Q4,0.03,0.9,0.0007319249650535986,0.038515802464922144
2024-11-13,XLV,-1.5811388300841895,-0.02029269086739067,5,2024Q4,0.03,0.9,0.0007319249650535986,-0.015699394415885193
2024-11-13,XLY,-0.6324555320336759,0.008455287861412782,5,2024Q4,0.03,0.9,0.0007319249650535986,-0.006015229050840398
2024-11-20,XLB,-0.6324555320336759,-0.032130093873368556,5,2024Q4,0.03,0.9,0.0007319249650535986,0.006014470424736462
2024-11-20,XLC,-0.9486832980505138,-0.015219518150542998,5,2024Q4,0.03,0.9,0.0007319249650535986,-0.008661856700685311
2024-11-20,XLE,-1.5811388300841895,0.006764230289130218,5,2024Q4,0.03,0.9,0.0007319249650535986,-0.02677017274235327
2024-11-20,XLF,1.2649110640673518,-0.008455287861412789,5,2024Q4,0.03,0.9,0.0007319249650535986,0.02061272940519321
2024-11-20,XLI,0.6324555320336759,0.00507317271684767,5,2024Q4,0.03,0.9,0.0007319249650535986,0.01633591600728712
2024-11-20,XLK,-1.2649110640673518,0.15219518150543002,5,2024Q4,0.03,0.9,0.0007319249650535986,-0.012159732988018757
2024-11-20,XLP,0.9486832980505138,-0.09469922404782312,5,2024Q4,0.03,0.9,0.0007319249650535986,0.018054866475363696
2024-11-20,XLRE,1.5811388300841895,-0.025365863584238334,5,2024Q4,0.03,0.9,0.0007319249650535986,0.02592091599859514
2024-11-20,XLU,0.31622776601683794,0.02367480601195578,5,2024Q4,0.03,0.9,0.0007319249650535986,0.015834918406723242
2024-11-20,XLV,0.0,-0.02029269086739067,5,2024Q4,0.03,0.9,0.0007319249650535986,0.01437875308282588
2024-11-20,XLY,-0.31622776601683794,0.008455287861412782,5,2024Q4,0.03,0.9,0.0007319249650535986,0.011147247944913286
2024-11-27,XLB,-0.31622776601683794,-0.032130093873368556,5,2024Q4,0.03,0.9,0.0007319249650535986,-0.023228983332627462
2024-11-27,XLC,0.9486832980505138,-0.015219518150542998,5,2024Q4,0.03,0.9,0.0007319249650535986,0.009470376228571054
2024-11-27,XLE,-1.5811388300841895,0.006764230289130218,5,2024Q4,0.03,0.9,0.0007319249650535986,-0.045128094752527326
2024-11-27,XLF,-0.6324555320336759,-0.008455287861412789,5,2024Q4,0.03,0.9,0.0007319249650535986,-0.03425380884322804
2024-11-27,XLI,0.31622776601683794,0.00507317271684767,5,2024Q4,0.03,0.9,0.0007319249650535986,-0.018447054542594432
2024-11-27,XLK,1.5811388300841895,0.15219518150543002,5,2024Q4,0.03,0.9,0.0007319249650535986,0.02649302868001424
2024-11-27,XLP,0.0,-0.09469922404782312,5,2024Q4,0.03,0.9,0.0007319249650535986,-0.018851700429363794
2024-11-27,XLRE,-0.9486832980505138,-0.025365863584238334,5,2024Q4,0.03,0.9,0.0007319249650535986,-0.042836550517038385
2024-11-27,XLU,-1.2649110640673518,0.02367480601195578,5,2024Q4,0.03,0.9,0.0007319249650535986,-0.04441972662937199
2024-11-27,XLV,0.6324555320336759,-0.02029269086739067,5,2024Q4,0.03,0.9,0.0007319249650535986,-0.01617447773867875
2024-11-27,XLY,1.2649110640673518,0.008455287861412782,5,2024Q4,0.03,0.9,0.0007319249650535986,0.013022258367763273
2024-12-04,XLB,-0.9486832980505138,-0.032130093873368556,5,2024Q4,0.03,0.9,0.0007319249650535986,-0.03036605574359874
2024-12-04,XLC,1.2649110640673518,-0.015219518150542998,5,2024Q4,0.03,0.9,0.0007319249650535986,0.01758771083159405
2024-12-04,XLE,0.0,0.006764230289130218,5,2024Q4,0.03,0.9,0.0007319249650535986,-0.019512568675405406
2024-12-04,XLF,0.31622776601683794,-0.008455287861412789,5,2024Q4,0.03,0.9,0.0007319249650535986,-0.008823276058921636
2024-12-04,XLI,-0.6324555320336759,0.00507317271684767,5,2024Q4,0.03,0.9,0.0007319249650535986,-0.027501222591142627
2024-12-04,XLK,0.6324555320336759,0.15219518150543002,5,2024Q4,0.03,0.9,0.0007319249650535986,-0.00696983593982714
2024-12-04,XLP,0.9486832980505138,-0.09469922404782312,5,2024Q4,0.03,0.9,0.0007319249650535986,-0.0051280599433336516
2024-12-04,XLRE,-0.31622776601683794,-0.025365863584238334,5,2024Q4,0.03,0.9,0.0007319249650535986,-0.020153344681601126
2024-12-04,XLU,-1.5811388300841895,0.02367480601195578,5,2024Q4,0.03,0.9,0.0007319249650535986,-0.03460373779711723
2024-12-04,XLV,-1.2649110640673518,-0.02029269086739067,5,2024Q4,0.03,0.9,0.0007319249650535986,-0.031018830960268584
2024-12-04,XLY,1.5811388300841895,0.008455287861412782,5,2024Q4,0.03,0.9,0.0007319249650535986,0.046183652757573634
2024-12-11,XLB,-1.2649110640673518,-0.032130093873368556,5,2024Q4,0.03,0.9,0.0007319249650535986,-0.02228897401751706
2024-12-11,XLC,0.0,-0.015219518150542998,5,2024Q4,0.03,0.9,0.0007319249650535986,-0.007008568025490436
2024-12-11,XLE,-1.5811388300841895,0.006764230289130218,5,2024Q4,0.03,0.9,0.0007319249650535986,-0.03537686956481201
2024-12-11,XLF,-0.31622776601683794,-0.008455287861412789,5,2024Q4,0.03,0.9,0.0007319249650535986,-0.008707803921708446
2024-12-11,XLI,-0.6324555320336759,0.00507317271684767,5,2024Q4,0.03,0.9,0.0007319249650535986,-0.010129180225886936
2024-12-11,XLK,1.2649110640673518,0.15219518150543002,5,2024Q4,0.03,0.9,0.0007319249650535986,0.005079970310953419
2024-12-11,XLP,1.5811388300841895,-0.09469922404782312,5,2024Q4,0.03,0.9,0.0007319249650535986,0.013161823104871129
2024-12-11,XLRE,-0.9486832980505138,-0.025365863584238334,5,2024Q4,0.03,0.9,0.0007319249650535986,-0.018107484428120824
2024-12-11,XLU,0.31622776601683794,0.02367480601195578,5,2024Q4,0.03,0.9,0.0007319249650535986,-0.00042913986447479235
2024-12-11,XLV,0.6324555320336759,-0.02029269086739067,5,2024Q4,0.03,0.9,0.0007319249650535986,0.0009562639157028041
2024-12-11,XLY,0.9486832980505138,0.008455287861412782,5,2024Q4,0.03,0.9,0.0007319249650535986,0.0015500718227711152
2024-12-18,XLB,-1.2649110640673518,-0.032130093873368556,5,2024Q4,0.03,0.9,0.0007319249650535986,-0.024682938069759963
2024-12-18,XLC,0.31622776601683794,-0.015219518150542998,5,2024Q4,0.03,0.9,0.0007319249650535986,-0.010573098716058382
2024-12-18,XLE,-0.6324555320336759,0.006764230289130218,5,2024Q4,0.03,0.9,0.0007319249650535986,-0.018599526909541142
2024-12-18,XLF,1.2649110640673518,-0.008455287861412789,5,2024Q4,0.03,0.9,0.0007319249650535986,0.0029342746290139665
2024-12-18,XLI,-0.31622776601683794,0.00507317271684767,5,2024Q4,0.03,0.9,0.0007319249650535986,-0.012632145094449765
2024-12-18,XLK,1.5811388300841895,0.15219518150543002,5,2024Q4,0.03,0.9,0.0007319249650535986,0.010076673816573845
2024-12-18,XLP,-1.5811388300841895,-0.09469922404782312,5,2024Q4,0.03,0.9,0.0007319249650535986,-0.03546584884551607
2024-12-18,XLRE,-0.9486832980505138,-0.025365863584238334,5,2024Q4,0.03,0.9,0.0007319249650535986,-0.02439246524534866
2024-12-18,XLU,0.6324555320336759,0.02367480601195578,5,2024Q4,0.03,0.9,0.0007319249650535986,-0.004388019077590233
2024-12-18,XLV,0.0,-0.02029269086739067,5,2024Q4,0.03,0.9,0.0007319249650535986,-0.011054637254197752
2024-12-18,XLY,0.9486832980505138,0.008455287861412782,5,2024Q4,0.03,0.9,0.0007319249650535986,-0.00012055766158858283
2024-12-25,XLB,-0.31622776601683794,-0.032130093873368556,5,2024Q4,0.03,0.9,0.0007319249650535986,0.0090602167574525
2024-12-25,XLC,-0.9486832980505138,-0.015219518150542998,5,2024Q4,0.03,0.9,0.0007319249650535986,0.0015143049693965294
2024-12-25,XLE,1.5811388300841895,0.006764230289130218,5,2024Q4,0.03,0.9,0.0007319249650535986,0.03736286407805112
2024-12-25,XLF,0.0,-0.008455287861412789,5,2024Q4,0.03,0.9,0.0007319249650535986,0.011839687209657446
2024-12-25,XLI,-0.6324555320336759,0.00507317271684767,5,2024Q4,0.03,0.9,0.0007319249650535986,0.007422736723979195
2024-12-25,XLK,-1.2649110640673518,0.15219518150543002,5,2024Q4,0.03,0.9,0.0007319249650535986,-0.007989634896920284
2024-12-25,XLP,0.6324555320336759,-0.09469922404782312,5,2024Q4,0.03,0.9,0.0007319249650535986,0.014863687421797778
2024-12-25,XLRE,1.2649110640673518,-0.025365863584238334,5,2024Q4,0.03,0.9,0.0007319249650535986,0.021881292648090134
2024-12-25,XLU,0.9486832980505138,0.02367480601195578,5,2024Q4,0.03,0.9,0.0007319249650535986,0.014982326472558816
2024-12-25,XLV,0.31622776601683794,-0.02029269086739067,5,2024Q4,0.03,0.9,0.0007319249650535986,0.012750813757482549
2024-12-25,XLY,-1.5811388300841895,0.008455287861412782,5,2024Q4,0.03,0.9,0.0007319249650535986,-0.017849347624438683
2025-01-01,XLB,-0.6324555320336759,-0.06798896969362016,6,2025Q1,0.1,0.9,0.0,-0.005580619245344698
2025-01-01,XLC,0.31622776601683794,0.00790569415042096,6,2025Q1,0.1,0.9,0.0,-0.0011700381819685912
2025-01-01,XLE,1.5811388300841895,-0.004743416490252566,6,2025Q1,0.1,0.9,0.0,0.02184920444609917
2025-01-01,XLF,-0.31622776601683794,0.01897366596101028,6,2025Q1,0.1,0.9,0.0,-0.0025077451753428015
2025-01-01,XLI,0.9486832980505138,-0.00632455532033675,6,2025Q1,0.1,0.9,0.0,0.0022266118577594085
2025-01-01,XLK,0.6324555320336759,0.16127616066858735,6,2025Q1,0.1,0.9,0.0,3.0640910995360926e-05
2025-01-01,XLP,-1.5811388300841895,-0.08221921916437785,6,2025Q1,0.1,0.9,0.0,-0.021465182584951004
2025-01-01,XLRE,-1.2649110640673518,-0.026879360111431213,6,2025Q1,0.1,0.9,0.0,-0.018604155544775125
2025-01-01,XLU,0.0,0.022135943621178662,6,2025Q1,0.1,0.9,0.0,-0.001590547146432808
2025-01-01,XLV,1.2649110640673518,-0.04901530373260987,6,2025Q1,0.1,0.9,0.0,0.014971097978839554
2025-01-01,XLY,-0.9486832980505138,0.026879360111431237,6,2025Q1,0.1,0.9,0.0,-0.011791128659303318
2025-01-08,XLB,1.2649110640673518,-0.06798896969362016,6,2025Q1,0.1,0.9,0.0,0.028639436796142892
2025-01-08,XLC,-0.9486832980505138,0.00790569415042096,6,2025Q1,0.1,0.9,0.0,-0.007226170579798463
2025-01-08,XLE,1.5811388300841895,-0.004743416490252566,6,2025Q1,0.1,0.9,0.0,0.045992231751543766
2025-01-08,XLF,0.9486832980505138,0.01897366596101028,6,2025Q1,0.1,0.9,0.0,0.014835485215047628
2025-01-08,XLI,0.31622776601683794,-0.00632455532033675,6,2025Q1,0.1,0.9,0.0,0.013015501374808558
2025-01-08,XLK,-1.2649110640673518,0.16127616066858735,6,2025Q1,0.1,0.9,0.0,-0.01237945365562454
2025-01-08,XLP,-1.5811388300841895,-0.08221921916437785,6,2025Q1,0.1,0.9,0.0,-0.02044281689828109
2025-01-08,XLRE,-0.6324555320336759,-0.026879360111431213,6,2025Q1,0.1,0.9,0.0,-0.004584831513286369
2025-01-08,XLU,0.0,0.022135943621178662,6,2025Q1,0.1,0.9,0.0,0.004680712133638298
2025-01-08,XLV,-0.31622776601683794,-0.04901530373260987,6,2025Q1,0.1,0.9,0.0,-0.004584157547033119
2025-01-08,XLY,0.6324555320336759,0.026879360111431237,6,2025Q1,0.1,0.9,0.0,0.013566027924130086
2025-01-15,XLB,0.0,-0.06798896969362016,6,2025Q1,0.1,0.9,0.0,-0.0035127123469080868
2025-01-15,XLC,0.6324555320336759,0.00790569415042096,6,2025Q1,0.1,0.9,0.0,-0.000901840822705946
2025-01-15,XLE,-1.5811388300841895,-0.004743416490252566,6,2025Q1,0.1,0.9,0.0,-0.031578044662992855
2025-01-15,XLF,-0.31622776601683794,0.01897366596101028,6,2025Q1,0.1,0.9,0.0,-0.004248489428557045
2025-01-15,XLI,1.2649110640673518,-0.00632455532033675,6,2025Q1,0.1,0.9,0.0,0.01361802301786419
2025-01-15,XLK,1.5811388300841895,0.16127616066858735,6,2025Q1,0.1,0.9,0.0,0.01613120662291423
2025-01-15,XLP,-0.6324555320336759,-0.08221921916437785,6,2025Q1,0.1,0.9,0.0,-0.010056949359894984
2025-01-15,XLRE,0.9486832980505138,-0.026879360111431213,6,2025Q1,0.1,0.9,0.0,-0.0004015139766664344
2025-01-15,XLU,0.31622776601683794,0.022135943621178662,6,2025Q1,0.1,0.9,0.0,-0.0031194930149638367
2025-01-15,XLV,-1.2649110640673518,-0.04901530373260987,6,2025Q1,0.1,0.9,0.0,-0.01159059391836692
2025-01-15,XLY,-0.9486832980505138,0.026879360111431237,6,2025Q1,0.1,0.9,0.0,-0.010944349534517839
2025-01-22,XLB,0.0,-0.06798896969362016,6,2025Q1,0.1,0.9,0.0,0.006057078113590575
2025-01-22,XLC,1.5811388300841895,0.00790569415042096,6,2025Q1,0.1,0.9,0.0,0.03403270555151394
2025-01-22,XLE,-1.2649110640673518,-0.004743416490252566,6,2025Q1,0.1,0.9,0.0,-0.015028168853549628
2025-01-22,XLF,0.6324555320336759,0.01897366596101028,6,2025Q1,0.1,0.9,0.0,0.024893201125090192
2025-01-22,XLI,-0.6324555320336759,-0.00632455532033675,6,2025Q1,0.1,0.9,0.0,-0.009905386287007767
2025-01-22,XLK,-1.5811388300841895,0.16127616066858735,6,2025Q1,0.1,0.9,0.0,-0.032342080362519066
2025-01-22,XLP,0.9486832980505138,-0.08221921916437785,6,2025Q1,0.1,0.9,0.0,0.030038243068386317
2025-01-22,XLRE,-0.31622776601683794,-0.026879360111431213,6,2025Q1,0.1,0.9,0.0,0.004471703633233681
2025-01-22,XLU,-0.9486832980505138,0.022135943621178662,6,2025Q1,0.1,0.9,0.0,-0.012538925913276988
2025-01-22,XLV,1.2649110640673518,-0.04901530373260987,6,2025Q1,0.1,0.9,0.0,0.03211073698220801
2025-01-22,XLY,0.31622776601683794,0.026879360111431237,6,2025Q1,0.1,0.9,0.0,0.011590726403245766
2025-01-29,XLB,-0.6324555320336759,-0.06798896969362016,6,2025Q1,0.1,0.9,0.0,0.0013001542412516276
2025-01-29,XLC,0.0,0.00790569415042096,6,2025Q1,0.1,0.9,0.0,0.002376095095361075
2025-01-29,XLE,-0.31622776601683794,-0.004743416490252566,6,2025Q1,0.1,0.9,0.0,0.0019039980043848992
2025-01-29,XLF,0.31622776601683794,0.01897366596101028,6,2025Q1,0.1,0.9,0.0,0.003795725847411724
2025-01-29,XLI,-1.2649110640673518,-0.00632455532033675,6,2025Q1,0.1,0.9,0.0,-0.008867058042563492
2025-01-29,XLK,0.6324555320336759,0.16127616066858735,6,2025Q1,0.1,0.9,0.0,0.006567606809816828
2025-01-29,XLP,-0.9486832980505138,-0.08221921916437785,6,2025Q1,0.1,0.9,0.0,-0.0019779870517060427
2025-01-29,XLRE,1.5811388300841895,-0.026879360111431213,6,2025Q1,0.1,0.9,0.0,0.02113576043000087
2025-01-29,XLU,1.2649110640673518,0.022135943621178662,6,2025Q1,0.1,0.9,0.0,0.017496586626174482
2025-01-29,XLV,0.9486832980505138,-0.04901530373260987,6,2025Q1,0.1,0.9,0.0,0.015149608534917425
2025-01-29,XLY,-1.5811388300841895,0.026879360111431237,6,2025Q1,0.1,0.9,0.0,-0.0116689145620551
2025-02-05,XLB,-0.31622776601683794,-0.06798896969362016,6,2025Q1,0.1,0.9,0.0,-0.0036288834991801133
2025-02-05,XLC,0.9486832980505138,0.00790569415042096,6,2025Q1,0.1,0.9,0.0,0.010787349162238447
2025-02-05,XLE,-0.9486832980505138,-0.004743416490252566,6,2025Q1,0.1,0.9,0.0,-0.011765195600357048
2025-02-05,XLF,-0.6324555320336759,0.01897366596101028,6,2025Q1,0.1,0.9,0.0,-0.004768627833566352
2025-02-05,XLI,0.31622776601683794,-0.00632455532033675,6,2025Q1,0.1,0.9,0.0,0.006017838383455376
2025-02-05,XLK,0.6324555320336759,0.16127616066858735,6,2025Q1,0.1,0.9,0.0,0.00838348318422677
2025-02-05,XLP,1.5811388300841895,-0.08221921916437785,6,2025Q1,0.1,0.9,0.0,0.019625825474970937
2025-02-05,XLRE,0.0,-0.026879360111431213,6,2025Q1,0.1,0.9,0.0,-0.0009576297501224795
2025-02-05,XLU,1.2649110640673518,0.022135943621178662,6,2025Q1,0.1,0.9,0.0,0.012394109721019952
2025-02-05,XLV,-1.2649110640673518,-0.04901530373260987,6,2025Q1,0.1,0.9,0.0,-0.016293080198405474
2025-02-05,XLY,-1.5811388300841895,0.026879360111431237,6,2025Q1,0.1,0.9,0.0,-0.02227087818079454
2025-02-12,XLB,0.6324555320336759,-0.06798896969362016,6,2025Q1,0.1,0.9,0.0,-0.001191802547575005
2025-02-12,XLC,0.31622776601683794,0.00790569415042096,6,2025Q1,0.1,0.9,0.0,-0.0017521708352052912
2025-02-12,XLE,1.5811388300841895,-0.004743416490252566,6,2025Q1,0.1,0.9,0.0,0.01760692681629772
2025-02-12,XLF,0.9486832980505138,0.01897366596101028,6,2025Q1,0.1,0.9,0.0,0.00029925873054814645
2025-02-12,XLI,-1.2649110640673518,-0.00632455532033675,6,2025Q1,0.1,0.9,0.0,-0.008456458713238302
2025-02-12,XLK,1.2649110640673518,0.16127616066858735,6,2025Q1,0.1,0.9,0.0,0.01110854526330951
2025-02-12,XLP,-0.31622776601683794,-0.08221921916437785,6,2025Q1,0.1,0.9,0.0,-0.0034465281203657216
2025-02-12,XLRE,-0.9486832980505138,-0.026879360111431213,6,2025Q1,0.1,0.9,0.0,-0.0065533015115353255
2025-02-12,XLU,0.0,0.022135943621178662,6,2025Q1,0.1,0.9,0.0,-0.0031166979112551285
2025-02-12,XLV,-1.5811388300841895,-0.04901530373260987,6,2025Q1,0.1,0.9,0.0,-0.011883670891641884
2025-02-12,XLY,-0.6324555320336759,0.026879360111431237,6,2025Q1,0.1,0.9,0.0,-0.0046874936664680344
2025-02-19,XLB,0.31622776601683794,-0.06798896969362016,6,2025Q1,0.1,0.9,0.0,0.015434920828041765
2025-02-19,XLC,-0.9486832980505138,0.00790569415042096,6,2025Q1,0.1,0.9,0.0,-0.0026819178399786203
2025-02-19,XLE,-0.6324555320336759,-0.004743416490252566,6,2025Q1,0.1,0.9,0.0,-0.001402789873871213
2025-02-19,XLF,0.0,0.01897366596101028,6,2025Q1,0.1,0.9,0.0,0.004328009419616974
2025-02-19,XLI,-0.31622776601683794,-0.00632455532033675,6,2025Q1,0.1,0.9,0.0,0.0028361709956941095
2025-02-19,XLK,-1.2649110640673518,0.16127616066858735,6,2025Q1,0.1,0.9,0.0,-0.01616058407419707
2025-02-19,XLP,0.9486832980505138,-0.08221921916437785,6,2025Q1,0.1,0.9,0.0,0.03552151322927155
2025-02-19,XLRE,1.2649110640673518,-0.026879360111431213,6,2025Q1,0.1,0.9,0.0,0.03875253943166734
2025-02-19,XLU,0.6324555320336759,0.022135943621178662,6,2025Q1,0.1,0.9,0.0,0.024272053128492233
2025-02-19,XLV,1.5811388300841895,-0.04901530373260987,6,2025Q1,0.1,0.9,0.0,0.039702879718032436
2025-02-19,XLY,-1.5811388300841895,0.026879360111431237,6,2025Q1,0.1,0.9,0.0,-0.017291481896114846
2025-02-26,XLB,0.31622776601683794,-0.06798896969362016,6,2025Q1,0.1,0.9,0.0,0.012876363107263145
2025-02-26,XLC,0.6324555320336759,0.00790569415042096,6,2025Q1,0.1,0.9,0.0,0.01891499580143119
2025-02-26,XLE,-1.2649110640673518,-0.004743416490252566,6,2025Q1,0.1,0.9,0.0,-0.019174068903041297
2025-02-26,XLF,-0.31622776601683794,0.01897366596101028,6,2025Q1,0.1,0.9,0.0,0.006723008283938459
2025-02-26,XLI,0.0,-0.00632455532033675,6,2025Q1,0.1,0.9,0.0,0.01079052713021833
2025-02-26,XLK,-1.5811388300841895,0.16127616066858735,6,2025Q1,0.1,0.9,0.0,-0.02151346517377395
2025-02-26,XLP,0.9486832980505138,-0.08221921916437785,6,2025Q1,0.1,0.9,0.0,0.024674899307273512
2025-02-26,XLRE,1.5811388300841895,-0.026879360111431213,6,2025Q1,0.1,0.9,0.0,0.037124329286805424
2025-02-26,XLU,-0.9486832980505138,0.022135943621178662,6,2025Q1,0.1,0.9,0.0,-0.009638322772315688
2025-02-26,XLV,1.2649110640673518,-0.04901530373260987,6,2025Q1,0.1,0.9,0.0,0.03189191670813363
2025-02-26,XLY,-0.6324555320336759,0.026879360111431237,6,2025Q1,0.1,0.9,0.0,0.00014786906898378582
2025-03-05,XLB,0.0,-0.06798896969362016,6,2025Q1,0.1,0.9,0.0,0.006163159185554878
2025-03-05,XLC,-0.9486832980505138,0.00790569415042096,6,2025Q1,0.1,0.9,0.0,-0.004239789795187021
2025-03-05,XLE,1.5811388300841895,-0.004743416490252566,6,2025Q1,0.1,0.9,0.0,0.06575872331069799
2025-03-05,XLF,-1.2649110640673518,0.01897366596101028,6,2025Q1,0.1,0.9,0.0,-0.008900357325426156
2025-03-05,XLI,0.9486832980505138,-0.00632455532033675,6,2025Q1,0.1,0.9,0.0,0.013546285712923822
2025-03-05,XLK,-0.31622776601683794,0.16127616066858735,6,2025Q1,0.1,0.9,0.0,-0.003147995154204164
2025-03-05,XLP,0.6324555320336759,-0.08221921916437785,6,2025Q1,0.1,0.9,0.0,0.008251718463779922
2025-03-05,XLRE,-0.6324555320336759,-0.026879360111431213,6,2025Q1,0.1,0.9,0.0,-0.003422168115318258
2025-03-05,XLU,1.2649110640673518,0.022135943621178662,6,2025Q1,0.1,0.9,0.0,0.037358446420225566
2025-03-05,XLV,0.31622776601683794,-0.04901530373260987,6,2025Q1,0.1,0.9,0.0,0.007548941509366136
2025-03-05,XLY,-1.5811388300841895,0.026879360111431237,6,2025Q1,0.1,0.9,0.0,-0.024166404065158242
2025-03-12,XLB,0.6324555320336759,-0.06798896969362016,6,2025Q1,0.1,0.9,0.0,0.01194806998683573
2025-03-12,XLC,-0.9486832980505138,0.00790569415042096,6,2025Q1,0.1,0.9,0.0,-0.012507800439239602
2025-03-12,XLE,1.5811388300841895,-0.004743416490252566,6,2025Q1,0.1,0.9,0.0,0.04275036553657041
2025-03-12,XLF,1.2649110640673518,0.01897366596101028,6,2025Q1,0.1,0.9,0.0,0.024859438172400328
2025-03-12,XLI,0.9486832980505138,-0.00632455532033675,6,2025Q1,0.1,0.9,0.0,0.012274207631799428
2025-03-12,XLK,-0.31622776601683794,0.16127616066858735,6,2025Q1,0.1,0.9,0.0,0.0004790577577438171
2025-03-12,XLP,-1.2649110640673518,-0.08221921916437785,6,2025Q1,0.1,0.9,0.0,-0.014152471000420608
2025-03-12,XLRE,-0.6324555320336759,-0.026879360111431213,6,2025Q1,0.1,0.9,0.0,-0.0027229149639331762
2025-03-12,XLU,0.31622776601683794,0.022135943621178662,6,2025Q1,0.1,0.9,0.0,0.008156550666127638
2025-03-12,XLV,0.0,-0.04901530373260987,6,2025Q1,0.1,0.9,0.0,0.0012644364550964404
2025-03-12,XLY,-1.5811388300841895,0.026879360111431237,6,2025Q1,0.1,0.9,0.0,-0.01639983066009698
2025-03-19,XLB,-0.31622776601683794,-0.06798896969362016,6,2025Q1,0.1,0.9,0.0,-0.008537668418013955
2025-03-19,XLC,1.2649110640673518,0.00790569415042096,6,2025Q1,0.1,0.9,0.0,0.01844572706998293
2025-03-19,XLE,0.6324555320336759,-0.004743416490252566,6,2025Q1,0.1,0.9,0.0,0.0076593949720045185
2025-03-19,XLF,0.9486832980505138,0.01897366596101028,6,2025Q1,0.1,0.9,0.0,0.011748813676623726
2025-03-19,XLI,0.0,-0.00632455532033675,6,2025Q1,0.1,0.9,0.0,-0.002798866152138202
2025-03-19,XLK,-0.6324555320336759,0.16127616066858735,6,2025Q1,0.1,0.9,0.0,-0.009228313830068391
2025-03-19,XLP,0.31622776601683794,-0.08221921916437785,6,2025Q1,0.1,0.9,0.0,-0.0006934879227735724
2025-03-19,XLRE,-0.9486832980505138,-0.026879360111431213,6,2025Q1,0.1,0.9,0.0,-0.013058044483923892
2025-03-19,XLU,-1.5811388300841895,0.022135943621178662,6,2025Q1,0.1,0.9,0.0,-0.021702817654572604
2025-03-19,XLV,-1.2649110640673518,-0.04901530373260987,6,2025Q1,0.1,0.9,0.0,-0.01741237274440255
2025-03-19,XLY,1.5811388300841895,0.026879360111431237,6,2025Q1,0.1,0.9,0.0,0.027951469738163537
2025-03-26,XLB,0.6324555320336759,-0.06798896969362016,6,2025Q1,0.1,0.9,0.0,0.010965164250367976
2025-03-26,XLC,-1.5811388300841895,0.00790569415042096,6,2025Q1,0.1,0.9,0.0,-0.015447654327625737
2025-03-26,XLE,0.31622776601683794,-0.004743416490252566,6,2025Q1,0.1,0.9,0.0,0.010890196700220955
2025-03-26,XLF,-0.31622776601683794,0.01897366596101028,6,2025Q1,0.1,0.9,0.0,0.004771422806514547
2025-03-26,XLI,-0.9486832980505138,-0.00632455532033675,6,2025Q1,0.1,0.9,0.0,0.0030412911843176182
2025-03-26,XLK,-1.2649110640673518,0.16127616066858735,6,2025Q1,0.1,0.9,0.0,-0.01134484660194246
2025-03-26,XLP,1.2649110640673518,-0.08221921916437785,6,2025Q1,0.1,0.9,0.0,0.027808871168279237
2025-03-26,XLRE,0.9486832980505138,-0.026879360111431213,6,2025Q1,0.1,0.9,0.0,0.020401496129591856
2025-03-26,XLU,1.5811388300841895,0.022135943621178662,6,2025Q1,0.1,0.9,0.0,0.032858690481035846
2025-03-26,XLV,-0.6324555320336759,-0.04901530373260987,6,2025Q1,0.1,0.9,0.0,0.0041181239772090095
2025-03-26,XLY,0.0,0.026879360111431237,6,2025Q1,0.1,0.9,0.0,0.007551700322248833
2025-04-02,XLB,-1.2649110640673518,-0.0549315837681831,7,2025Q2,0.1,0.5,0.0,-0.04366530289250137
2025-04-02,XLC,0.9486832980505138,0.008907824394840525,7,2025Q2,0.1,0.5,0.0,-0.0039459914977133526
2025-04-02,XLE,-1.5811388300841895,0.008907824394840513,7,2025Q2,0.1,0.5,0.0,-0.09687431737048202
2025-04-02,XLF,-0.6324555320336759,0.02672347318452152,7,2025Q2,0.1,0.5,0.0,-0.030247556999208225
2025-04-02,XLI,-0.31622776601683794,-0.004453912197420238,7,2025Q2,0.1,0.5,0.0,-0.019109939202538673
2025-04-02,XLK,1.5811388300841895,0.13510200332174765,7,2025Q2,0.1,0.5,0.0,0.001104957031015652
2025-04-02,XLP,1.2649110640673518,-0.07571650735614428,7,2025Q2,0.1,0.5,0.0,0.0006977099919137641
2025-04-02,XLRE,-0.9486832980505138,-0.02078492358796116,7,2025Q2,0.1,0.5,0.0,-0.04003790090251991
2025-04-02,XLU,0.0,0.03563129757936204,7,2025Q2,0.1,0.5,0.0,-0.015274418411111212
2025-04-02,XLV,0.31622776601683794,-0.04453912197420251,7,2025Q2,0.1,0.5,0.0,-0.010226717241526462
2025-04-02,XLY,0.6324555320336759,-0.014846373991400822,7,2025Q2,0.1,0.5,0.0,-0.010051979218182794
2025-04-09,XLB,0.6324555320336759,-0.0549315837681831,7,2025Q2,0.1,0.5,0.0,0.034916335352231265
2025-04-09,XLC,-0.9486832980505138,0.008907824394840525,7,2025Q2,0.1,0.5,0.0,-0.0019942156084364893
2025-04-09,XLE,-0.6324555320336759,0.008907824394840513,7,2025Q2,0.1,0.5,0.0,0.009553229491227944
2025-04-09,XLF,0.31622776601683794,0.02672347318452152,7,2025Q2,0.1,0.5,0.0,0.027029372865744916
2025-04-09,XLI,0.0,-0.004453912197420238,7,2025Q2,0.1,0.5,0.0,0.024968163902430618
2025-04-09,XLK,-1.2649110640673518,0.13510200332174765,7,2025Q2,0.1,0.5,0.0,-0.006957544336881449
2025-04-09,XLP,0.9486832980505138,-0.07571650735614428,7,2025Q2,0.1,0.5,0.0,0.052567899058989065
2025-04-09,XLRE,1.5811388300841895,-0.02078492358796116,7,2025Q2,0.1,0.5,0.0,0.05740771695917646
2025-04-09,XLU,1.2649110640673518,0.03563129757936204,7,2025Q2,0.1,0.5,0.0,0.05514518275771696
2025-04-09,XLV,-0.31622776601683794,-0.04453912197420251,7,2025Q2,0.1,0.5,0.0,0.02404994227556312
2025-04-09,XLY,-1.5811388300841895,-0.014846373991400822,7,2025Q2,0.1,0.5,0.0,-0.01593822657943933
2025-04-16,XLB,-0.9486832980505138,-0.0549315837681831,7,2025Q2,0.1,0.5,0.0,-0.0026070348991500403
2025-04-16,XLC,1.2649110640673518,0.008907824394840525,7,2025Q2,0.1,0.5,0.0,0.007093916337619133
2025-04-16,XLE,0.0,0.008907824394840513,7,2025Q2,0.1,0.5,0.0,0.0007553245723090907
2025-04-16,XLF,0.9486832980505138,0.02672347318452152,7,2025Q2,0.1,0.5,0.0,0.00700776326554986
2025-04-16,XLI,-1.2649110640673518,-0.004453912197420238,7,2025Q2,0.1,0.5,0.0,-0.005968835821335228
2025-04-16,XLK,0.6324555320336759,0.13510200332174765,7,2025Q2,0.1,0.5,0.0,0.0027314059102800936
2025-04-16,XLP,0.31622776601683794,-0.07571650735614428,7,2025Q2,0.1,0.5,0.0,0.0015176956895477378
2025-04-16,XLRE,-0.6324555320336759,-0.02078492358796116,7,2025Q2,0.1,0.5,0.0,-0.0022436790997986122
2025-04-16,XLU,-0.31622776601683794,0.03563129757936204,7,2025Q2,0.1,0.5,0.0,-0.0010301120464999425
2025-04-16,XLV,-1.5811388300841895,-0.04453912197420251,7,2025Q2,0.1,0.5,0.0,-0.022676020114591244
2025-04-16,XLY,1.5811388300841895,-0.014846373991400822,7,2025Q2,0.1,0.5,0.0,0.014433299566465996
2025-04-23,XLB,0.0,-0.0549315837681831,7,2025Q2,0.1,0.5,0.0,-0.006132473010099115
2025-04-23,XLC,0.9486832980505138,0.008907824394840525,7,2025Q2,0.1,0.5,0.0,0.002470941329246079
2025-04-23,XLE,-1.5811388300841895,0.008907824394840513,7,2025Q2,0.1,0.5,0.0,-0.04481909690816199
2025-04-23,XLF,-0.31622776601683794,0.02672347318452152,7,2025Q2,0.1,0.5,0.0,-0.01391648636570264
2025-04-23,XLI,1.2649110640673518,-0.004453912197420238,7,2025Q2,0.1,0.5,0.0,0.004150244259832014
2025-04-23,XLK,1.5811388300841895,0.13510200332174765,7,2025Q2,0.1,0.5,0.0,0.02453007196799617
2025-04-23,XLP,-1.2649110640673518,-0.07571650735614428,7,2025Q2,0.1,0.5,0.0,-0.03497651807609681
2025-04-23,XLRE,-0.6324555320336759,-0.02078492358796116,7,2025Q2,0.1,0.5,0.0,-0.015201264489305366
2025-04-23,XLU,-0.9486832980505138,0.03563129757936204,7,2025Q2,0.1,0.5,0.0,-0.028433378115514607
2025-04-23,XLV,0.31622776601683794,-0.04453912197420251,7,2025Q2,0.1,0.5,0.0,-0.0007880113577838355
2025-04-23,XLY,0.6324555320336759,-0.014846373991400822,7,2025Q2,0.1,0.5,0.0,0.0007546177032549117
2025-04-30,XLB,-1.2649110640673518,-0.0549315837681831,7,2025Q2,0.1,0.5,0.0,-0.019787234839275802
2025-04-30,XLC,0.6324555320336759,0.008907824394840525,7,2025Q2,0.1,0.5,0.0,0.009140562678668918
2025-04-30,XLE,-0.6324555320336759,0.008907824394840513,7,2025Q2,0.1,0.5,0.0,-0.011298671362555135
2025-04-30,XLF,0.31622776601683794,0.02672347318452152,7,2025Q2,0.1,0.5,0.0,0.002231154021249182
2025-04-30,XLI,0.9486832980505138,-0.004453912197420238,7,2025Q2,0.1,0.5,0.0,0.010409123900438022
2025-04-30,XLK,1.5811388300841895,0.13510200332174765,7,2025Q2,0.1,0.5,0.0,0.015893707791284406
2025-04-30,XLP,-0.9486832980505138,-0.07571650735614428,7,2025Q2,0.1,0.5,0.0,-0.016196949340760103
2025-04-30,XLRE,-0.31622776601683794,-0.02078492358796116,7,2025Q2,0.1,0.5,0.0,-0.005624389859238743
2025-04-30,XLU,1.2649110640673518,0.03563129757936204,7,2025Q2,0.1,0.5,0.0,0.011527612399420573
2025-04-30,XLV,-1.5811388300841895,-0.04453912197420251,7,2025Q2,0.1,0.5,0.0,-0.048297663654182865
2025-04-30,XLY,0.0,-0.014846373991400822,7,2025Q2,0.1,0.5,0.0,-0.002642693156788223
2025-05-07,XLB,-0.31622776601683794,-0.0549315837681831,7,2025Q2,0.1,0.5,0.0,-0.02224668666666063
2025-05-07,XLC,0.31622776601683794,0.008907824394840525,7,2025Q2,0.1,0.5,0.0,-0.01386970711350255
2025-05-07,XLE,0.9486832980505138,0.008907824394840513,7,2025Q2,0.1,0.5,0.0,0.01123132513687719
2025-05-07,XLF,0.0,0.02672347318452152,7,2025Q2,0.1,0.5,0.0,-0.016986080603109466
2025-05-07,XLI,0.6324555320336759,-0.004453912197420238,7,2025Q2,0.1,0.5,0.0,0.000962980387202439
2025-05-07,XLK,1.2649110640673518,0.13510200332174765,7,2025Q2,0.1,0.5,0.0,0.03777195961398783
2025-05-07,XLP,-1.2649110640673518,-0.07571650735614428,7,2025Q2,0.1,0.5,0.0,-0.07129523883010613
2025-05-07,XLRE,-0.9486832980505138,-0.02078492358796116,7,2025Q2,0.1,0.5,0.0,-0.0668480366139349
2025-05-07,XLU,-0.6324555320336759,0.03563129757936204,7,2025Q2,0.1,0.5,0.0,-0.06507418285481315
2025-05-07,XLV,-1.5811388300841895,-0.04453912197420251,7,2025Q2,0.1,0.5,0.0,-0.09580251468773293
2025-05-07,XLY,1.5811388300841895,-0.014846373991400822,7,2025Q2,0.1,0.5,0.0,0.038371448327437774
2025-05-14,XLB,0.6324555320336759,-0.0549315837681831,7,2025Q2,0.1,0.5,0.0,0.01578722808510613
2025-05-14,XLC,0.0,0.008907824394840525,7,2025Q2,0.1,0.5,0.0,0.009837495774974725
2025-05-14,XLE,-1.5811388300841895,0.008907824394840513,7,2025Q2,0.1,0.5,0.0,-0.029486826227256957
2025-05-14,XLF,-0.6324555320336759,0.02672347318452152,7,2025Q2,0.1,0.5,0.0,-0.004710279269016127
2025-05-14,XLI,0.31622776601683794,-0.004453912197420238,7,2025Q2,0.1,0.5,0.0,0.013170741048307066
2025-05-14,XLK,-1.2649110640673518,0.13510200332174765,7,2025Q2,0.1,0.5,0.0,-0.01266515673592361
2025-05-14,XLP,1.5811388300841895,-0.07571650735614428,7,2025Q2,0.1,0.5,0.0,0.03483891379843551
2025-05-14,XLRE,-0.31622776601683794,-0.02078492358796116,7,2025Q2,0.1,0.5,0.0,0.008786207689275516
2025-05-14,XLU,1.2649110640673518,0.03563129757936204,7,2025Q2,0.1,0.5,0.0,0.03276609800345698
2025-05-14,XLV,0.9486832980505138,-0.04453912197420251,7,2025Q2,0.1,0.5,0.0,0.029871683580290576
2025-05-14,XLY,-0.9486832980505138,-0.014846373991400822,7,2025Q2,0.1,0.5,0.0,-0.012587807575546672
2025-05-21,XLB,-0.6324555320336759,-0.0549315837681831,7,2025Q2,0.1,0.5,0.0,-0.007773685308146705
2025-05-21,XLC,0.9486832980505138,0.008907824394840525,7,2025Q2,0.1,0.5,0.0,0.0008644366464831688
2025-05-21,XLE,-1.2649110640673518,0.008907824394840513,7,2025Q2,0.1,0.5,0.0,-0.01323042737232405
2025-05-21,XLF,0.0,0.02672347318452152,7,2025Q2,0.1,0.5,0.0,-0.00238995052318014
2025-05-21,XLI,0.6324555320336759,-0.004453912197420238,7,2025Q2,0.1,0.5,0.0,0.0007021070515194072
2025-05-21,XLK,0.31622776601683794,0.13510200332174765,7,2025Q2,0.1,0.5,0.0,0.00019314845182272222
2025-05-21,XLP,-0.31622776601683794,-0.07571650735614428,7,2025Q2,0.1,0.5,0.0,-0.006640505535368657
2025-05-21,XLRE,1.2649110640673518,-0.02078492358796116,7,2025Q2,0.1,0.5,0.0,0.004889681913323951
2025-05-21,XLU,-1.5811388300841895,0.03563129757936204,7,2025Q2,0.1,0.5,0.0,-0.017338860921139343
2025-05-21,XLV,-0.9486832980505138,-0.04453912197420251,7,2025Q2,0.1,0.5,0.0,-0.009115345119307672
2025-05-21,XLY,1.5811388300841895,-0.014846373991400822,7,2025Q2,0.1,0.5,0.0,0.006905692977447808
2025-05-28,XLB,1.2649110640673518,-0.0549315837681831,7,2025Q2,0.1,0.5,0.0,0.00999871865167612
2025-05-28,XLC,-0.6324555320336759,0.008907824394840525,7,2025Q2,0.1,0.5,0.0,-0.009433320707753046
2025-05-28,XLE,-1.2649110640673518,0.008907824394840513,7,2025Q2,0.1,0.5,0.0,-0.010277765526490512
2025-05-28,XLF,-0.9486832980505138,0.02672347318452152,7,2025Q2,0.1,0.5,0.0,-0.009998634290385722
2025-05-28,XLI,0.31622776601683794,-0.004453912197420238,7,2025Q2,0.1,0.5,0.0,-0.005396585035409185
2025-05-28,XLK,1.5811388300841895,0.13510200332174765,7,2025Q2,0.1,0.5,0.0,0.010092298241117126
2025-05-28,XLP,0.0,-0.07571650735614428,7,2025Q2,0.1,0.5,0.0,-0.008571696175789567
2025-05-28,XLRE,0.6324555320336759,-0.02078492358796116,7,2025Q2,0.1,0.5,0.0,-0.002816666430043524
2025-05-28,XLU,-0.31622776601683794,0.03563129757936204,7,2025Q2,0.1,0.5,0.0,-0.008612359770426625
2025-05-28,XLV,0.9486832980505138,-0.04453912197420251,7,2025Q2,0.1,0.5,0.0,-0.0001856324579769808
2025-05-28,XLY,-1.5811388300841895,-0.014846373991400822,7,2025Q2,0.1,0.5,0.0,-0.013998522357287047
2025-06-04,XLB,-0.6324555320336759,-0.0549315837681831,7,2025Q2,0.1,0.5,0.0,-0.009452446562637662
2025-06-04,XLC,1.2649110640673518,0.008907824394840525,7,2025Q2,0.1,0.5,0.0,0.012597559843064543
2025-06-04,XLE,1.5811388300841895,0.008907824394840513,7,2025Q2,0.1,0.5,0.0,0.04384731298162059
2025-06-04,XLF,0.0,0.02672347318452152,7,2025Q2,0.1,0.5,0.0,-0.004977136254313619
2025-06-04,XLI,-0.31622776601683794,-0.004453912197420238,7,2025Q2,0.1,0.5,0.0,-0.0061914913708811525
2025-06-04,XLK,0.6324555320336759,0.13510200332174765,7,2025Q2,0.1,0.5,0.0,0.005837515890447786
2025-06-04,XLP,-1.5811388300841895,-0.07571650735614428,7,2025Q2,0.1,0.5,0.0,-0.01811205168369412
2025-06-04,XLRE,0.31622776601683794,-0.02078492358796116,7,2025Q2,0.1,0.5,0.0,-0.0036054641676568355
2025-06-04,XLU,-0.9486832980505138,0.03563129757936204,7,2025Q2,0.1,0.5,0.0,-0.00972939736668288
2025-06-04,XLV,0.9486832980505138,-0.04453912197420251,7,2025Q2,0.1,0.5,0.0,0.009344189765538191
2025-06-04,XLY,-1.2649110640673518,-0.014846373991400822,7,2025Q2,0.1,0.5,0.0,-0.009809904957355897
2025-06-11,XLB,0.0,-0.0549315837681831,7,2025Q2,0.1,0.5,0.0,-0.0051806696884608705
2025-06-11,XLC,0.31622776601683794,0.008907824394840525,7,2025Q2,0.1,0.5,0.0,-0.0031483639635815353
2025-06-11,XLE,1.5811388300841895,0.008907824394840513,7,2025Q2,0.1,0.5,0.0,0.027262560716665107
2025-06-11,XLF,-0.9486832980505138,0.02672347318452152,7,2025Q2,0.1,0.5,0.0,-0.008775559711712289
2025-06-11,XLI,-0.6324555320336759,-0.004453912197420238,7,2025Q2,0.1,0.5,0.0,-0.00755520801029963
2025-06-11,XLK,1.2649110640673518,0.13510200332174765,7,2025Q2,0.1,0.5,0.0,0.011802738679292601
2025-06-11,XLP,-0.31622776601683794,-0.07571650735614428,7,2025Q2,0.1,0.5,0.0,-0.006368040002797781
2025-06-11,XLRE,0.9486832980505138,-0.02078492358796116,7,2025Q2,0.1,0.5,0.0,0.0027090341258227957
2025-06-11,XLU,0.6324555320336759,0.03563129757936204,7,2025Q2,0.1,0.5,0.0,0.0021927638431453733
2025-06-11,XLV,-1.2649110640673518,-0.04453912197420251,7,2025Q2,0.1,0.5,0.0,-0.011971313151209584
2025-06-11,XLY,-1.5811388300841895,-0.014846373991400822,7,2025Q2,0.1,0.5,0.0,-0.013460950261374727
2025-06-18,XLB,-0.6324555320336759,-0.0549315837681831,7,2025Q2,0.1,0.5,0.0,-0.018386120896655478
2025-06-18,XLC,0.9486832980505138,0.008907824394840525,7,2025Q2,0.1,0.5,0.0,0.0006140046958644785
2025-06-18,XLE,-1.5811388300841895,0.008907824394840513,7,2025Q2,0.1,0.5,0.0,-0.05639319954056443
2025-06-18,XLF,1.2649110640673518,0.02672347318452152,7,2025Q2,0.1,0.5,0.0,0.007493274903760394
2025-06-18,XLI,0.31622776601683794,-0.004453912197420238,7,2025Q2,0.1,0.5,0.0,-0.00516245259477488
2025-06-18,XLK,1.5811388300841895,0.13510200332174765,7,2025Q2,0.1,0.5,0.0,0.01583263403927959
2025-06-18,XLP,-0.9486832980505138,-0.07571650735614428,7,2025Q2,0.1,0.5,0.0,-0.01856476646914107
2025-06-18,XLRE,-1.2649110640673518,-0.02078492358796116,7,2025Q2,0.1,0.5,0.0,-0.030781813750139553
2025-06-18,XLU,-0.31622776601683794,0.03563129757936204,7,2025Q2,0.1,0.5,0.0,-0.016947250340279885
2025-06-18,XLV,0.0,-0.04453912197420251,7,2025Q2,0.1,0.5,0.0,-0.011248996418542712
2025-06-18,XLY,0.6324555320336759,-0.014846373991400822,7,2025Q2,0.1,0.5,0.0,-0.0037517676522331733
2025-06-25,XLB,1.5811388300841895,-0.0549315837681831,7,2025Q2,0.1,0.5,0.0,0.031142243731143937
2025-06-25,XLC,-0.31622776601683794,0.008907824394840525,7,2025Q2,0.1,0.5,0.0,-0.0006653688713404993
2025-06-25,XLE,0.6324555320336759,0.008907824394840513,7,2025Q2,0.1,0.5,0.0,0.006314520415616531
2025-06-25,XLF,0.0,0.02672347318452152,7,2025Q2,0.1,0.5,0.0,0.0015801562878980935
2025-06-25,XLI,0.9486832980505138,-0.004453912197420238,7,2025Q2,0.1,0.5,0.0,0.008507086977382894
2025-06-25,XLK,-0.6324555320336759,0.13510200332174765,7,2025Q2,0.1,0.5,0.0,-0.004831596939233851
2025-06-25,XLP,0.31622776601683794,-0.07571650735614428,7,2025Q2,0.1,0.5,0.0,0.0027198513827342286
2025-06-25,XLRE,-0.9486832980505138,-0.02078492358796116,7,2025Q2,0.1,0.5,0.0,-0.008616319585321941
2025-06-25,XLU,-1.5811388300841895,0.03563129757936204,7,2025Q2,0.1,0.5,0.0,-0.012887797719647986
2025-06-25,XLV,-1.2649110640673518,-0.04453912197420251,7,2025Q2,0.1,0.5,0.0,-0.011052461253665768
2025-06-25,XLY,1.2649110640673518,-0.014846373991400822,7,2025Q2,0.1,0.5,0.0,0.010712267001402598
2025-07-02,XLB,0.31622776601683794,-0.0587679919146336,8,2025Q3,0.1,0.5,0.0,-0.0019902924571642
2025-07-02,XLC,-0.31622776601683794,0.03358170966550492,8,2025Q3,0.1,0.5,0.0,-0.009447952804185533
2025-07-02,XLE,1.2649110640673518,-0.01539161693002309,8,2025Q3,0.1,0.5,0.0,0.007180607040582876
2025-07-02,XLF,-0.6324555320336759,0.022387806443669937,8,2025Q3,0.1,0.5,0.0,-0.009999277446002153
2025-07-02,XLI,0.9486832980505138,0.008395427416376229,8,2025Q3,0.1,0.5,0.0,0.005925702831516277
2025-07-02,XLK,1.5811388300841895,0.1665093104247952,8,2025Q3,0.1,0.5,0.0,0.010781279608936822
2025-07-02,XLP,-1.5811388300841895,-0.08115579835830353,8,2025Q3,0.1,0.5,0.0,-0.02284584487303032
2025-07-02,XLRE,-1.2649110640673518,-0.025186282249128684,8,2025Q3,0.1,0.5,0.0,-0.014913618534023954
2025-07-02,XLU,0.6324555320336759,0.023787044346399316,8,2025Q3,0.1,0.5,0.0,0.0024298265247650885
2025-07-02,XLV,0.0,-0.06436494352555108,8,2025Q3,0.1,0.5,0.0,-0.004857955752392673
2025-07-02,XLY,-0.9486832980505138,-0.009794665319105594,8,2025Q3,0.1,0.5,0.0,-0.010636320463517479
2025-07-09,XLB,-1.5811388300841895,-0.0587679919146336,8,2025Q3,0.1,0.5,0.0,-0.026405873509810274
2025-07-09,XLC,-0.31622776601683794,0.03358170966550492,8,2025Q3,0.1,0.5,0.0,-0.007261803126832778
2025-07-09,XLE,-1.2649110640673518,-0.01539161693002309,8,2025Q3,0.1,0.5,0.0,-0.022173260461999744
2025-07-09,XLF,-0.6324555320336759,0.022387806443669937,8,2025Q3,0.1,0.5,0.0,-0.007699133695551419
2025-07-09,XLI,0.9486832980505138,0.008395427416376229,8,2025Q3,0.1,0.5,0.0,0.0031458825748373886
2025-07-09,XLK,1.2649110640673518,0.1665093104247952,8,2025Q3,0.1,0.5,0.0,0.0031567160521817073
2025-07-09,XLP,0.0,-0.08115579835830353,8,2025Q3,0.1,0.5,0.0,-0.006071777833594472
2025-07-09,XLRE,1.5811388300841895,-0.025186282249128684,8,2025Q3,0.1,0.5,0.0,0.008439266569964632
2025-07-09,XLU,0.31622776601683794,0.023787044346399316,8,2025Q3,0.1,0.5,0.0,0.0013309159833532203
2025-07-09,XLV,-0.9486832980505138,-0.06436494352555108,8,2025Q3,0.1,0.5,0.0,-0.009408352538777587
2025-07-09,XLY,0.6324555320336759,-0.009794665319105594,8,2025Q3,0.1,0.5,0.0,0.002118585850721777
2025-07-16,XLB,1.2649110640673518,-0.0587679919146336,8,2025Q3,0.1,0.5,0.0,0.015994236932103778
2025-07-16,XLC,-0.31622776601683794,0.03358170966550492,8,2025Q3,0.1,0.5,0.0,0.004125836090755675
2025-07-16,XLE,-1.2649110640673518,-0.01539161693002309,8,2025Q3,0.1,0.5,0.0,-0.008108930580450924
2025-07-16,XLF,0.0,0.022387806443669937,8,2025Q3,0.1,0.5,0.0,0.004953535213253701
2025-07-16,XLI,0.31622776601683794,0.008395427416376229,8,2025Q3,0.1,0.5,0.0,0.006069027507142666
2025-07-16,XLK,-1.5811388300841895,0.1665093104247952,8,2025Q3,0.1,0.5,0.0,-0.00989674865304524
2025-07-16,XLP,-0.6324555320336759,-0.08115579835830353,8,2025Q3,0.1,0.5,0.0,0.00017524297205318007
2025-07-16,XLRE,0.6324555320336759,-0.025186282249128684,8,2025Q3,0.1,0.5,0.0,0.01009755960879799
2025-07-16,XLU,0.9486832980505138,0.023787044346399316,8,2025Q3,0.1,0.5,0.0,0.013009802489754918
2025-07-16,XLV,-0.9486832980505138,-0.06436494352555108,8,2025Q3,0.1,0.5,0.0,-0.0009574180234288576
2025-07-16,XLY,1.5811388300841895,-0.009794665319105594,8,2025Q3,0.1,0.5,0.0,0.016255561374458827
2025-07-23,XLB,-1.5811388300841895,-0.0587679919146336,8,2025Q3,0.1,0.5,0.0,-0.037146142629548295
2025-07-23,XLC,-1.2649110640673518,0.03358170966550492,8,2025Q3,0.1,0.5,0.0,-0.0188358693912144
2025-07-23,XLE,1.2649110640673518,-0.01539161693002309,8,2025Q3,0.1,0.5,0.0,0.009627695680892945
2025-07-23,XLF,0.6324555320336759,0.022387806443669937,8,2025Q3,0.1,0.5,0.0,-0.007927147883997843
2025-07-23,XLI,0.31622776601683794,0.008395427416376229,8,2025Q3,0.1,0.5,0.0,-0.011647687588273059
2025-07-23,XLK,1.5811388300841895,0.1665093104247952,8,2025Q3,0.1,0.5,0.0,0.016471612328336604
2025-07-23,XLP,0.0,-0.08115579835830353,8,2025Q3,0.1,0.5,0.0,-0.014846120163593768
2025-07-23,XLRE,-0.9486832980505138,-0.025186282249128684,8,2025Q3,0.1,0.5,0.0,-0.01673024720783378
2025-07-23,XLU,0.9486832980505138,0.023787044346399316,8,2025Q3,0.1,0.5,0.0,0.009083358854812262
2025-07-23,XLV,-0.6324555320336759,-0.06436494352555108,8,2025Q3,0.1,0.5,0.0,-0.015658005684445975
2025-07-23,XLY,-0.31622776601683794,-0.009794665319105594,8,2025Q3,0.1,0.5,0.0,-0.01518121393078764
2025-07-30,XLB,-0.6324555320336759,-0.0587679919146336,8,2025Q3,0.1,0.5,0.0,-0.012208578651892732
2025-07-30,XLC,1.2649110640673518,0.03358170966550492,8,2025Q3,0.1,0.5,0.0,0.01467234567922815
2025-07-30,XLE,-1.5811388300841895,-0.01539161693002309,8,2025Q3,0.1,0.5,0.0,-0.031111203020857237
2025-07-30,XLF,-0.31622776601683794,0.022387806443669937,8,2025Q3,0.1,0.5,0.0,-0.011583577984499382
2025-07-30,XLI,0.0,0.008395427416376229,8,2025Q3,0.1,0.5,0.0,-0.004391552617476369
2025-07-30,XLK,0.31622776601683794,0.1665093104247952,8,2025Q3,0.1,0.5,0.0,-0.0035104588637480116
2025-07-30,XLP,1.5811388300841895,-0.08115579835830353,8,2025Q3,0.1,0.5,0.0,0.016938961205916536
2025-07-30,XLRE,-0.9486832980505138,-0.025186282249128684,8,2025Q3,0.1,0.5,0.0,-0.01443392946707378
2025-07-30,XLU,0.9486832980505138,0.023787044346399316,8,2025Q3,0.1,0.5,0.0,0.0074595628928109114
2025-07-30,XLV,-1.2649110640673518,-0.06436494352555108,8,2025Q3,0.1,0.5,0.0,-0.024775881004955425
2025-07-30,XLY,0.6324555320336759,-0.009794665319105594,8,2025Q3,0.1,0.5,0.0,0.003812795618705511
2025-08-06,XLB,1.5811388300841895,-0.0587679919146336,8,2025Q3,0.1,0.5,0.0,0.020277284692829634
2025-08-06,XLC,1.2649110640673518,0.03358170966550492,8,2025Q3,0.1,0.5,0.0,0.012236960127443908
2025-08-06,XLE,-0.6324555320336759,-0.01539161693002309,8,2025Q3,0.1,0.5,0.0,-0.008278471774101792
2025-08-06,XLF,0.0,0.022387806443669937,8,2025Q3,0.1,0.5,0.0,-0.003545857698499022
2025-08-06,XLI,-0.9486832980505138,0.008395427416376229,8,2025Q3,0.1,0.5,0.0,-0.00886811156922307
2025-08-06,XLK,0.31622776601683794,0.1665093104247952,8,2025Q3,0.1,0.5,0.0,0.0008584254396859503
2025-08-06,XLP,-0.31622776601683794,-0.08115579835830353,8,2025Q3,0.1,0.5,0.0,-0.006763354966879742
2025-08-06,XLRE,-1.5811388300841895,-0.025186282249128684,8,2025Q3,0.1,0.5,0.0,-0.02106874089933375
2025-08-06,XLU,-1.2649110640673518,0.023787044346399316,8,2025Q3,0.1,0.5,0.0,-0.009210185989294795
2025-08-06,XLV,0.6324555320336759,-0.06436494352555108,8,2025Q3,0.1,0.5,0.0,0.002163276726315111
2025-08-06,XLY,0.9486832980505138,-0.009794665319105594,8,2025Q3,0.1,0.5,0.0,0.009457948827735096
2025-08-13,XLB,-0.6324555320336759,-0.0587679919146336,8,2025Q3,0.1,0.5,0.0,0.0010607939425073543
2025-08-13,XLC,-1.2649110640673518,0.03358170966550492,8,2025Q3,0.1,0.5,0.0,-0.000826692507648441
2025-08-13,XLE,0.31622776601683794,-0.01539161693002309,8,2025Q3,0.1,0.5,0.0,0.012264938875736986
2025-08-13,XLF,0.6324555320336759,0.022387806443669937,8,2025Q3,0.1,0.5,0.0,0.012598333706222542
2025-08-13,XLI,-0.31622776601683794,0.008395427416376229,8,2025Q3,0.1,0.5,0.0,0.0022500420897081375
2025-08-13,XLK,-1.5811388300841895,0.1665093104247952,8,2025Q3,0.1,0.5,0.0,-0.02101727121638719
2025-08-13,XLP,0.9486832980505138,-0.08115579835830353,8,2025Q3,0.1,0.5,0.0,0.017653684720182916
2025-08-13,XLRE,1.2649110640673518,-0.025186282249128684,8,2025Q3,0.1,0.5,0.0,0.02212164338441669
2025-08-13,XLU,0.0,0.023787044346399316,8,2025Q3,0.1,0.5,0.0,0.007044009536945839
2025-08-13,XLV,1.5811388300841895,-0.06436494352555108,8,2025Q3,0.1,0.5,0.0,0.04209868610467926
2025-08-13,XLY,-0.9486832980505138,-0.009794665319105594,8,2025Q3,0.1,0.5,0.0,0.0006374148025568571
2025-08-20,XLB,0.9486832980505138,-0.0587679919146336,8,2025Q3,0.1,0.5,0.0,0.009173591608814036
2025-08-20,XLC,-0.31622776601683794,0.03358170966550492,8,2025Q3,0.1,0.5,0.0,-0.0011534774829002892
2025-08-20,XLE,1.5811388300841895,-0.01539161693002309,8,2025Q3,0.1,0.5,0.0,0.026629419889630634
2025-08-20,XLF,0.31622776601683794,0.022387806443669937,8,2025Q3,0.1,0.5,0.0,0.003860099588297139
2025-08-20,XLI,0.0,0.008395427416376229,8,2025Q3,0.1,0.5,0.0,-0.0005890678627553658
2025-08-20,XLK,0.6324555320336759,0.1665093104247952,8,2025Q3,0.1,0.5,0.0,0.004350590766971418
2025-08-20,XLP,-1.5811388300841895,-0.08115579835830353,8,2025Q3,0.1,0.5,0.0,-0.04279196837033428
2025-08-20,XLRE,-0.6324555320336759,-0.025186282249128684,8,2025Q3,0.1,0.5,0.0,-0.004745666470752585
2025-08-20,XLU,-1.2649110640673518,0.023787044346399316,8,2025Q3,0.1,0.5,0.0,-0.023680350482040535
2025-08-20,XLV,-0.9486832980505138,-0.06436494352555108,8,2025Q3,0.1,0.5,0.0,-0.017206475372584573
2025-08-20,XLY,1.2649110640673518,-0.009794665319105594,8,2025Q3,0.1,0.5,0.0,0.013759415542897724
2025-08-27,XLB,-0.6324555320336759,-0.0587679919146336,8,2025Q3,0.1,0.5,0.0,-0.008335883318218662
2025-08-27,XLC,1.5811388300841895,0.03358170966550492,8,2025Q3,0.1,0.5,0.0,0.021287384758300054
2025-08-27,XLE,0.31622776601683794,-0.01539161693002309,8,2025Q3,0.1,0.5,0.0,-0.00371269638785221
2025-08-27,XLF,0.6324555320336759,0.022387806443669937,8,2025Q3,0.1,0.5,0.0,-0.0007370708495831879
2025-08-27,XLI,-1.5811388300841895,0.008395427416376229,8,2025Q3,0.1,0.5,0.0,-0.01740465417809034
2025-08-27,XLK,0.0,0.1665093104247952,8,2025Q3,0.1,0.5,0.0,-0.007253117225506811
2025-08-27,XLP,0.9486832980505138,-0.08115579835830353,8,2025Q3,0.1,0.5,0.0,0.002240775376032733
2025-08-27,XLRE,-0.9486832980505138,-0.025186282249128684,8,2025Q3,0.1,0.5,0.0,-0.012359306797024239
2025-08-27,XLU,-1.2649110640673518,0.023787044346399316,8,2025Q3,0.1,0.5,0.0,-0.012533488678595384
2025-08-27,XLV,1.2649110640673518,-0.06436494352555108,8,2025Q3,0.1,0.5,0.0,0.004031273452113182
2025-08-27,XLY,-0.31622776601683794,-0.009794665319105594,8,2025Q3,0.1,0.5,0.0,-0.007552064794015156
2025-09-03,XLB,-0.9486832980505138,-0.0587679919146336,8,2025Q3,0.1,0.5,0.0,-0.016015571024523778
2025-09-03,XLC,1.2649110640673518,0.03358170966550492,8,2025Q3,0.1,0.5,0.0,0.0006404974301317257
2025-09-03,XLE,-0.31622776601683794,-0.01539161693002309,8,2025Q3,0.1,0.5,0.0,-0.0061510445357206844
2025-09-03,XLF,-1.2649110640673518,0.022387806443669937,8,2025Q3,0.1,0.5,0.0,-0.019512626128445287
2025-09-03,XLI,0.9486832980505138,0.008395427416376229,8,2025Q3,0.1,0.5,0.0,-0.002743600761288878
2025-09-03,XLK,1.5811388300841895,0.1665093104247952,8,2025Q3,0.1,0.5,0.0,0.020513836040486844
2025-09-03,XLP,-1.5811388300841895,-0.08115579835830353,8,2025Q3,0.1,0.5,0.0,-0.021223002755029863
2025-09-03,XLRE,0.31622776601683794,-0.025186282249128684,8,2025Q3,0.1,0.5,0.0,-0.003996444475762528
2025-09-03,XLU,0.6324555320336759,0.023787044346399316,8,2025Q3,0.1,0.5,0.0,-0.003733651991869147
2025-09-03,XLV,-0.6324555320336759,-0.06436494352555108,8,2025Q3,0.1,0.5,0.0,-0.01008977722777571
2025-09-03,XLY,0.0,-0.009794665319105594,8,2025Q3,0.1,0.5,0.0,-0.004800336898487911
2025-09-10,XLB,-0.6324555320336759,-0.0587679919146336,8,2025Q3,0.1,0.5,0.0,-0.008922879140613071
2025-09-10,XLC,1.2649110640673518,0.03358170966550492,8,2025Q3,0.1,0.5,0.0,0.02604332256088271
2025-09-10,XLE,0.6324555320336759,-0.01539161693002309,8,2025Q3,0.1,0.5,0.0,-0.0008113071444797448
2025-09-10,XLF,0.9486832980505138,0.022387806443669937,8,2025Q3,0.1,0.5,0.0,0.006619503296940055
2025-09-10,XLI,-1.2649110640673518,0.008395427416376229,8,2025Q3,0.1,0.5,0.0,-0.01214023037236911
2025-09-10,XLK,0.31622776601683794,0.1665093104247952,8,2025Q3,0.1,0.5,0.0,-0.005948633542011805
2025-09-10,XLP,-0.31622776601683794,-0.08115579835830353,8,2025Q3,0.1,0.5,0.0,-0.00693392738931764
2025-09-10,XLRE,0.0,-0.025186282249128684,8,2025Q3,0.1,0.5,0.0,-0.006625585765206443
2025-09-10,XLU,-1.5811388300841895,0.023787044346399316,8,2025Q3,0.1,0.5,0.0,-0.013877477051091436
2025-09-10,XLV,-0.9486832980505138,-0.06436494352555108,8,2025Q3,0.1,0.5,0.0,-0.011633366918356591
2025-09-10,XLY,1.5811388300841895,-0.009794665319105594,8,2025Q3,0.1,0.5,0.0,0.02667315837332307
2025-09-17,XLB,-1.2649110640673518,-0.0587679919146336,8,2025Q3,0.1,0.5,0.0,-0.02371165327599567
2025-09-17,XLC,-0.9486832980505138,0.03358170966550492,8,2025Q3,0.1,0.5,0.0,-0.014694246379265308
2025-09-17,XLE,0.6324555320336759,-0.01539161693002309,8,2025Q3,0.1,0.5,0.0,0.0009766113053997216
2025-09-17,XLF,-0.31622776601683794,0.022387806443669937,8,2025Q3,0.1,0.5,0.0,-0.011603538132637814
2025-09-17,XLI,0.9486832980505138,0.008395427416376229,8,2025Q3,0.1,0.5,0.0,0.004431474469808405
2025-09-17,XLK,1.5811388300841895,0.1665093104247952,8,2025Q3,0.1,0.5,0.0,0.02309767968873211
2025-09-17,XLP,-1.5811388300841895,-0.08115579835830353,8,2025Q3,0.1,0.5,0.0,-0.024348402651507284
2025-09-17,XLRE,-0.6324555320336759,-0.025186282249128684,8,2025Q3,0.1,0.5,0.0,-0.013857273137361181
2025-09-17,XLU,1.2649110640673518,0.023787044346399316,8,2025Q3,0.1,0.5,0.0,0.019612482919403096
2025-09-17,XLV,0.31622776601683794,-0.06436494352555108,8,2025Q3,0.1,0.5,0.0,-0.00881649981773458
2025-09-17,XLY,0.0,-0.009794665319105594,8,2025Q3,0.1,0.5,0.0,-0.011067695862654992
2025-09-24,XLB,-0.31622776601683794,-0.0587679919146336,8,2025Q3,0.1,0.5,0.0,-0.014489378080403514
2025-09-24,XLC,-1.2649110640673518,0.03358170966550492,8,2025Q3,0.1,0.5,0.0,-0.01724914618431539
2025-09-24,XLE,-1.5811388300841895,-0.01539161693002309,8,2025Q3,0.1,0.5,0.0,-0.022187127692231856
2025-09-24,XLF,-0.9486832980505138,0.022387806443669937,8,2025Q3,0.1,0.5,0.0,-0.015221545907205924
2025-09-24,XLI,0.31622776601683794,0.008395427416376229,8,2025Q3,0.1,0.5,0.0,-0.0009372099394475697
2025-09-24,XLK,1.2649110640673518,0.1665093104247952,8,2025Q3,0.1,0.5,0.0,0.010893728440948935
2025-09-24,XLP,-0.6324555320336759,-0.08115579835830353,8,2025Q3,0.1,0.5,0.0,-0.014556448278941647
2025-09-24,XLRE,0.6324555320336759,-0.025186282249128684,8,2025Q3,0.1,0.5,0.0,0.0023534193944989568
2025-09-24,XLU,0.9486832980505138,0.023787044346399316,8,2025Q3,0.1,0.5,0.0,0.00975173130421636
2025-09-24,XLV,1.5811388300841895,-0.06436494352555108,8,2025Q3,0.1,0.5,0.0,0.04079213016043748
2025-09-24,XLY,0.0,-0.009794665319105594,8,2025Q3,0.1,0.5,0.0,-0.004690454948233391
2025-10-01,XLB,0.9486832980505138,-0.07277208004571584,9,2025Q4,0.1,0.9,0.0,0.006785978090475542
2025-10-01,XLC,-0.9486832980505138,0.03440134693070205,9,2025Q4,0.1,0.9,0.0,-0.016653469704808854
2025-10-01,XLE,-0.31622776601683794,-0.017200673465351018,9,2025Q4,0.1,0.9,0.0,-0.011112833613334705
2025-10-01,XLF,0.0,0.017200673465351018,9,2025Q4,0.1,0.9,0.0,-0.00472373972203477
2025-10-01,XLI,0.6324555320336759,0.010585029824831402,9,2025Q4,0.1,0.9,0.0,0.004667139913086205
2025-10-01,XLK,1.2649110640673518,0.18788427939075725,9,2025Q4,0.1,0.9,0.0,0.014355329554575746
2025-10-01,XLP,-0.6324555320336759,-0.09658839715158647,9,2025Q4,0.1,0.9,0.0,-0.012849945883579128
2025-10-01,XLRE,-1.2649110640673518,-0.03440134693070203,9,2025Q4,0.1,0.9,0.0,-0.026197556239172637
2025-10-01,XLU,1.5811388300841895,0.02778570329018242,9,2025Q4,0.1,0.9,0.0,0.02426090276653059
2025-10-01,XLV,0.31622776601683794,-0.06483330767709228,9,2025Q4,0.1,0.9,0.0,0.0002775505751431151
2025-10-01,XLY,-1.5811388300841895,0.007938772368623557,9,2025Q4,0.1,0.9,0.0,-0.026627982637114855
2025-10-08,XLB,-0.31622776601683794,-0.07277208004571584,9,2025Q4,0.1,0.9,0.0,-0.001440938182301288
2025-10-08,XLC,0.6324555320336759,0.03440134693070205,9,2025Q4,0.1,0.9,0.0,0.010238628874286948
2025-10-08,XLE,-1.5811388300841895,-0.017200673465351018,9,2025Q4,0.1,0.9,0.0,-0.017989329154849076
2025-10-08,XLF,0.31622776601683794,0.017200673465351018,9,2025Q4,0.1,0.9,0.0,0.0067502059054112
2025-10-08,XLI,-0.9486832980505138,0.010585029824831402,9,2025Q4,0.1,0.9,0.0,-0.007421181600354432
2025-10-08,XLK,-1.2649110640673518,0.18788427939075725,9,2025Q4,0.1,0.9,0.0,-0.010186188589726086
2025-10-08,XLP,1.2649110640673518,-0.09658839715158647,9,2025Q4,0.1,0.9,0.0,0.030307368523482814
2025-10-08,XLRE,0.9486832980505138,-0.03440134693070203,9,2025Q4,0.1,0.9,0.0,0.025832777799853823
2025-10-08,XLU,1.5811388300841895,0.02778570329018242,9,2025Q4,0.1,0.9,0.0,0.03492374504379947
2025-10-08,XLV,-0.6324555320336759,-0.06483330767709228,9,2025Q4,0.1,0.9,0.0,-0.0016978841165075087
2025-10-08,XLY,0.0,0.007938772368623557,9,2025Q4,0.1,0.9,0.0,0.004562489201763498
2025-10-15,XLB,-0.9486832980505138,-0.07277208004571584,9,2025Q4,0.1,0.9,0.0,-0.008350224102281034
2025-10-15,XLC,-0.31622776601683794,0.03440134693070205,9,2025Q4,0.1,0.9,0.0,-0.0018741537489965765
2025-10-15,XLE,1.2649110640673518,-0.017200673465351018,9,2025Q4,0.1,0.9,0.0,0.013191628644676268
2025-10-15,XLF,-1.2649110640673518,0.017200673465351018,9,2025Q4,0.1,0.9,0.0,-0.019168001170893123
2025-10-15,XLI,-0.6324555320336759,0.010585029824831402,9,2025Q4,0.1,0.9,0.0,-0.0021845448667907608
2025-10-15,XLK,0.0,0.18788427939075725,9,2025Q4,0.1,0.9,0.0,0.00023184285795130322
2025-10-15,XLP,0.31622776601683794,-0.09658839715158647,9,2025Q4,0.1,0.9,0.0,0.002483079245962694
2025-10-15,XLRE,0.9486832980505138,-0.03440134693070203,9,2025Q4,0.1,0.9,0.0,0.011320586554523837
2025-10-15,XLU,-1.5811388300841895,0.02778570329018242,9,2025Q4,0.1,0.9,0.0,-0.030864533072657685
2025-10-15,XLV,1.5811388300841895,-0.06483330767709228,9,2025Q4,0.1,0.9,0.0,0.019895730730304484
2025-10-15,XLY,0.6324555320336759,0.007938772368623557,9,2025Q4,0.1,0.9,0.0,0.007167176851722967
2025-10-22,XLB,-0.6324555320336759,-0.07277208004571584,9,2025Q4,0.1,0.9,0.0,-0.04043114477128007
2025-10-22,XLC,0.6324555320336759,0.03440134693070205,9,2025Q4,0.1,0.9,0.0,-0.023714237853760034
2025-10-22,XLE,0.31622776601683794,-0.017200673465351018,9,2025Q4,0.1,0.9,0.0,-0.026943330734107374
2025-10-22,XLF,-0.31622776601683794,0.017200673465351018,9,2025Q4,0.1,0.9,0.0,-0.035819967203950864
2025-10-22,XLI,1.2649110640673518,0.010585029824831402,9,2025Q4,0.1,0.9,0.0,-0.014878402339755015
2025-10-22,XLK,1.5811388300841895,0.18788427939075725,9,2025Q4,0.1,0.9,0.0,0.0359561233555763
2025-10-22,XLP,-1.2649110640673518,-0.09658839715158647,9,2025Q4,0.1,0.9,0.0,-0.0689639238576587
2025-10-22,XLRE,-1.5811388300841895,-0.03440134693070203,9,2025Q4,0.1,0.9,0.0,-0.07376390319813164
2025-10-22,XLU,0.0,0.02778570329018242,9,2025Q4,0.1,0.9,0.0,-0.03265371434932307
2025-10-22,XLV,-0.9486832980505138,-0.06483330767709228,9,2025Q4,0.1,0.9,0.0,-0.04290049065123147
2025-10-22,XLY,0.9486832980505138,0.007938772368623557,9,2025Q4,0.1,0.9,0.0,-0.021539091509036545
2025-10-29,XLB,-0.9486832980505138,-0.07277208004571584,9,2025Q4,0.1,0.9,0.0,-0.010001581933897219
2025-10-29,XLC,-1.2649110640673518,0.03440134693070205,9,2025Q4,0.1,0.9,0.0,-0.010408305781086202
2025-10-29,XLE,0.31622776601683794,-0.017200673465351018,9,2025Q4,0.1,0.9,0.0,0.007567590668035806
2025-10-29,XLF,1.2649110640673518,0.017200673465351018,9,2025Q4,0.1,0.9,0.0,0.02406212111339512
2025-10-29,XLI,-0.31622776601683794,0.010585029824831402,9,2025Q4,0.1,0.9,0.0,0.002148598987224304
2025-10-29,XLK,-1.5811388300841895,0.18788427939075725,9,2025Q4,0.1,0.9,0.0,-0.01545275679915259
2025-10-29,XLP,0.0,-0.09658839715158647,9,2025Q4,0.1,0.9,0.0,0.005914100889443108
2025-10-29,XLRE,0.6324555320336759,-0.03440134693070203,9,2025Q4,0.1,0.9,0.0,0.021159443209672446
2025-10-29,XLU,-0.6324555320336759,0.02778570329018242,9,2025Q4,0.1,0.9,0.0,0.00039790041111442687
2025-10-29,XLV,1.5811388300841895,-0.06483330767709228,9,2025Q4,0.1,0.9,0.0,0.02593966159110339
2025-10-29,XLY,0.9486832980505138,0.007938772368623557,9,2025Q4,0.1,0.9,0.0,0.022257993605588222
2025-11-05,XLB,1.2649110640673518,-0.07277208004571584,9,2025Q4,0.1,0.9,0.0,0.025821725714521904
2025-11-05,XLC,-0.9486832980505138,0.03440134693070205,9,2025Q4,0.1,0.9,0.0,-0.007501860389195425
2025-11-05,XLE,0.9486832980505138,-0.017200673465351018,9,2025Q4,0.1,0.9,0.0,0.023812579967105174
2025-11-05,XLF,0.6324555320336759,0.017200673465351018,9,2025Q4,0.1,0.9,0.0,0.011782330474467528
2025-11-05,XLI,-0.6324555320336759,0.010585029824831402,9,2025Q4,0.1,0.9,0.0,-0.0007922508278386253
2025-11-05,XLK,-1.2649110640673518,0.18788427939075725,9,2025Q4,0.1,0.9,0.0,-0.012524766915553265
2025-11-05,XLP,0.31622776601683794,-0.09658839715158647,9,2025Q4,0.1,0.9,0.0,0.009612366394360361
2025-11-05,XLRE,-0.31622776601683794,-0.03440134693070203,9,2025Q4,0.1,0.9,0.0,0.00219018623116618
2025-11-05,XLU,0.0,0.02778570329018242,9,2025Q4,0.1,0.9,0.0,0.003482893862585046
2025-11-05,XLV,1.5811388300841895,-0.06483330767709228,9,2025Q4,0.1,0.9,0.0,0.040595692911811865
2025-11-05,XLY,-1.5811388300841895,0.007938772368623557,9,2025Q4,0.1,0.9,0.0,-0.021502710657238744
2025-11-12,XLB,-0.6324555320336759,-0.07277208004571584,9,2025Q4,0.1,0.9,0.0,0.003024018264823347
2025-11-12,XLC,0.31622776601683794,0.03440134693070205,9,2025Q4,0.1,0.9,0.0,0.00966622851084209
2025-11-12,XLE,1.2649110640673518,-0.017200673465351018,9,2025Q4,0.1,0.9,0.0,0.026264057042844402
2025-11-12,XLF,-0.9486832980505138,0.017200673465351018,9,2025Q4,0.1,0.9,0.0,-0.008950548268055636
2025-11-12,XLI,-0.31622776601683794,0.010585029824831402,9,2025Q4,0.1,0.9,0.0,0.004196282139592888
2025-11-12,XLK,-1.2649110640673518,0.18788427939075725,9,2025Q4,0.1,0.9,0.0,-0.013695828022079803
2025-11-12,XLP,0.9486832980505138,-0.09658839715158647,9,2025Q4,0.1,0.9,0.0,0.01988783590623644
2025-11-12,XLRE,0.0,-0.03440134693070203,9,2025Q4,0.1,0.9,0.0,0.009575769398807887
2025-11-12,XLU,0.6324555320336759,0.02778570329018242,9,2025Q4,0.1,0.9,0.0,0.014238335194676544
2025-11-12,XLV,1.5811388300841895,-0.06483330767709228,9,2025Q4,0.1,0.9,0.0,0.027157393435921606
2025-11-12,XLY,-1.5811388300841895,0.007938772368623557,9,2025Q4,0.1,0.9,0.0,-0.02607902067152612
2025-11-19,XLB,0.9486832980505138,-0.07277208004571584,9,2025Q4,0.1,0.9,0.0,0.011008178312544858
2025-11-19,XLC,0.31622776601683794,0.03440134693070205,9,2025Q4,0.1,0.9,0.0,0.0036783195311738126
2025-11-19,XLE,-1.5811388300841895,-0.017200673465351018,9,2025Q4,0.1,0.9,0.0,-0.03240636741719427
2025-11-19,XLF,0.0,0.017200673465351018,9,2025Q4,0.1,0.9,0.0,0.0012280828609629868
2025-11-19,XLI,-0.9486832980505138,0.010585029824831402,9,2025Q4,0.1,0.9,0.0,-0.009435489052825874
2025-11-19,XLK,-1.2649110640673518,0.18788427939075725,9,2025Q4,0.1,0.9,0.0,-0.015729732264312624
2025-11-19,XLP,0.6324555320336759,-0.09658839715158647,9,2025Q4,0.1,0.9,0.0,0.005637648574851051
2025-11-19,XLRE,-0.31622776601683794,-0.03440134693070203,9,2025Q4,0.1,0.9,0.0,-0.0020329476118354783
2025-11-19,XLU,-0.6324555320336759,0.02778570329018242,9,2025Q4,0.1,0.9,0.0,-0.008549834694991931
2025-11-19,XLV,1.2649110640673518,-0.06483330767709228,9,2025Q4,0.1,0.9,0.0,0.01424819298181279
2025-11-19,XLY,1.5811388300841895,0.007938772368623557,9,2025Q4,0.1,0.9,0.0,0.02099317666631917
2025-11-26,XLB,-0.31622776601683794,-0.07277208004571584,9,2025Q4,0.1,0.9,0.0,-0.00506910539942429
2025-11-26,XLC,0.0,0.03440134693070205,9,2025Q4,0.1,0.9,0.0,-0.0003405180363835747
2025-11-26,XLE,1.5811388300841895,-0.017200673465351018,9,2025Q4,0.1,0.9,0.0,0.022367736619889333
2025-11-26,XLF,0.6324555320336759,0.017200673465351018,9,2025Q4,0.1,0.9,0.0,0.005137353422106861
2025-11-26,XLI,0.31622776601683794,0.010585029824831402,9,2025Q4,0.1,0.9,0.0,0.0030336573539995193
2025-11-26,XLK,1.2649110640673518,0.18788427939075725,9,2025Q4,0.1,0.9,0.0,0.015689057581076193
2025-11-26,XLP,-0.6324555320336759,-0.09658839715158647,9,2025Q4,0.1,0.9,0.0,-0.0072079045420169185
2025-11-26,XLRE,-0.9486832980505138,-0.03440134693070203,9,2025Q4,0.1,0.9,0.0,-0.015839618224006036
2025-11-26,XLU,-1.5811388300841895,0.02778570329018242,9,2025Q4,0.1,0.9,0.0,-0.03275259783782225
2025-11-26,XLV,-1.2649110640673518,-0.06483330767709228,9,2025Q4,0.1,0.9,0.0,-0.02727728790318995
2025-11-26,XLY,0.9486832980505138,0.007938772368623557,9,2025Q4,0.1,0.9,0.0,0.010784632067155409
2025-12-03,XLB,-0.31622776601683794,-0.07277208004571584,9,2025Q4,0.1,0.9,0.0,-0.011111963330820651
2025-12-03,XLC,1.2649110640673518,0.03440134693070205,9,2025Q4,0.1,0.9,0.0,0.011469534485369026
2025-12-03,XLE,0.31622776601683794,-0.017200673465351018,9,2025Q4,0.1,0.9,0.0,0.00039055203524540616
2025-12-03,XLF,0.6324555320336759,0.017200673465351018,9,2025Q4,0.1,0.9,0.0,0.0009682240274877518
2025-12-03,XLI,0.9486832980505138,0.010585029824831402,9,2025Q4,0.1,0.9,0.0,0.006615645653120783
2025-12-03,XLK,1.5811388300841895,0.18788427939075725,9,2025Q4,0.1,0.9,0.0,0.02037852662686568
2025-12-03,XLP,-0.6324555320336759,-0.09658839715158647,9,2025Q4,0.1,0.9,0.0,-0.013119153068895995
2025-12-03,XLRE,-0.9486832980505138,-0.03440134693070203,9,2025Q4,0.1,0.9,0.0,-0.01731183209040621
2025-12-03,XLU,-1.5811388300841895,0.02778570329018242,9,2025Q4,0.1,0.9,0.0,-0.029810206066010814
2025-12-03,XLV,-1.2649110640673518,-0.06483330767709228,9,2025Q4,0.1,0.9,0.0,-0.024338939505108015
2025-12-03,XLY,0.0,0.007938772368623557,9,2025Q4,0.1,0.9,0.0,-0.003581743859858433
2025-12-10,XLB,1.5811388300841895,-0.07277208004571584,9,2025Q4,0.1,0.9,0.0,0.04499138486534093
2025-12-10,XLC,-0.6324555320336759,0.03440134693070205,9,2025Q4,0.1,0.9,0.0,0.012754813987899793
2025-12-10,XLE,-1.2649110640673518,-0.017200673465351018,9,2025Q4,0.1,0.9,0.0,-0.006798548699128992
2025-12-10,XLF,0.9486832980505138,0.017200673465351018,9,2025Q4,0.1,0.9,0.0,0.03724928111572323
2025-12-10,XLI,-0.9486832980505138,0.010585029824831402,9,2025Q4,0.1,0.9,0.0,0.007305892036622019
2025-12-10,XLK,-1.5811388300841895,0.18788427939075725,9,2025Q4,0.1,0.9,0.0,-0.03928075396311714
2025-12-10,XLP,1.2649110640673518,-0.09658839715158647,9,2025Q4,0.1,0.9,0.0,0.0417993748486174
2025-12-10,XLRE,0.0,-0.03440134693070203,9,2025Q4,0.1,0.9,0.0,0.02721400764872528
2025-12-10,XLU,-0.31622776601683794,0.02778570329018242,9,2025Q4,0.1,0.9,0.0,0.02421968832594512
2025-12-10,XLV,0.6324555320336759,-0.06483330767709228,9,2025Q4,0.1,0.9,0.0,0.034362879569823646
2025-12-10,XLY,0.31622776601683794,0.007938772368623557,9,2025Q4,0.1,0.9,0.0,0.030283957497544645
2025-12-17,XLB,0.0,-0.07277208004571584,9,2025Q4,0.1,0.9,0.0,-0.013885574843923276
2025-12-17,XLC,0.6324555320336759,0.03440134693070205,9,2025Q4,0.1,0.9,0.0,-0.008581869006369258
2025-12-17,XLE,-1.2649110640673518,-0.017200673465351018,9,2025Q4,0.1,0.9,0.0,-0.037425161212470526
2025-12-17,XLF,0.9486832980505138,0.017200673465351018,9,2025Q4,0.1,0.9,0.0,-0.008133831346042841
2025-12-17,XLI,1.2649110640673518,0.010585029824831402,9,2025Q4,0.1,0.9,0.0,-0.002411149580245464
2025-12-17,XLK,1.5811388300841895,0.18788427939075725,9,2025Q4,0.1,0.9,0.0,0.021303852055670758
2025-12-17,XLP,-1.5811388300841895,-0.09658839715158647,9,2025Q4,0.1,0.9,0.0,-0.04747832760283344
2025-12-17,XLRE,-0.9486832980505138,-0.03440134693070203,9,2025Q4,0.1,0.9,0.0,-0.0353893469794363
2025-12-17,XLU,-0.6324555320336759,0.02778570329018242,9,2025Q4,0.1,0.9,0.0,-0.027099970936008022
2025-12-17,XLV,-0.31622776601683794,-0.06483330767709228,9,2025Q4,0.1,0.9,0.0,-0.015199517588590394
2025-12-17,XLY,0.31622776601683794,0.007938772368623557,9,2025Q4,0.1,0.9,0.0,-0.01109371553572669
2025-12-24,XLB,-0.31622776601683794,-0.07277208004571584,9,2025Q4,0.1,0.9,0.0,0.0015647666431725105
2025-12-24,XLC,0.6324555320336759,0.03440134693070205,9,2025Q4,0.1,0.9,0.0,0.009120917430049835
2025-12-24,XLE,1.5811388300841895,-0.017200673465351018,9,2025Q4,0.1,0.9,0.0,0.019916956167956523
2025-12-24,XLF,-1.2649110640673518,0.017200673465351018,9,2025Q4,0.1,0.9,0.0,-0.004971789721674114
2025-12-24,XLI,-0.6324555320336759,0.010585029824831402,9,2025Q4,0.1,0.9,0.0,-0.002856990192196762
2025-12-24,XLK,-0.9486832980505138,0.18788427939075725,9,2025Q4,0.1,0.9,0.0,-0.0036720581651595863
2025-12-24,XLP,0.31622776601683794,-0.09658839715158647,9,2025Q4,0.1,0.9,0.0,0.006621760447844238
2025-12-24,XLRE,1.2649110640673518,-0.03440134693070203,9,2025Q4,0.1,0.9,0.0,0.010028601631080547
2025-12-24,XLU,0.9486832980505138,0.02778570329018242,9,2025Q4,0.1,0.9,0.0,0.009451037527183348
2025-12-24,XLV,0.0,-0.06483330767709228,9,2025Q4,0.1,0.9,0.0,0.005835635681430307
2025-12-24,XLY,-1.5811388300841895,0.007938772368623557,9,2025Q4,0.1,0.9,0.0,-0.013686004703077792
2025-12-31,XLB,1.2649110640673518,-0.07277208004571584,9,2025Q4,0.1,0.9,0.0,0.018094463935282024
2025-12-31,XLC,-0.9486832980505138,0.03440134693070205,9,2025Q4,0.1,0.9,0.0,-0.016584671164131648
2025-12-31,XLE,-0.31622776601683794,-0.017200673465351018,9,2025Q4,0.1,0.9,0.0,-0.0018391175898571088
2025-12-31,XLF,0.31622776601683794,0.017200673465351018,9,2025Q4,0.1,0.9,0.0,0.004103874039357525
2025-12-31,XLI,0.9486832980505138,0.010585029824831402,9,2025Q4,0.1,0.9,0.0,0.0135865053778923
2025-12-31,XLK,0.6324555320336759,0.18788427939075725,9,2025Q4,0.1,0.9,0.0,0.006548493046302006
2025-12-31,XLP,-1.2649110640673518,-0.09658839715158647,9,2025Q4,0.1,0.9,0.0,-0.024878715262557916
2025-12-31,XLRE,-0.6324555320336759,-0.03440134693070203,9,2025Q4,0.1,0.9,0.0,-0.016437450173487966
2025-12-31,XLU,-1.5811388300841895,0.02778570329018242,9,2025Q4,0.1,0.9,0.0,-0.030441234697692443
2025-12-31,XLV,1.5811388300841895,-0.06483330767709228,9,2025Q4,0.1,0.9,0.0,0.020162359630264026
2025-12-31,XLY,0.0,0.007938772368623557,9,2025Q4,0.1,0.9,0.0,0.0012450277095610307
2026-01-07,XLB,0.9486832980505138,-0.062495605932181404,10,2026Q1,0.1,0.9,0.0,0.04321334971527313
2026-01-07,XLC,-0.6324555320336759,0.029997890847447087,10,2026Q1,0.1,0.9,0.0,-0.004974320832792478
2026-01-07,XLE,1.2649110640673518,-0.011249209067792655,10,2026Q1,0.1,0.9,0.0,0.06379243088438358
2026-01-07,XLF,-1.5811388300841895,0.023748330254228935,10,2026Q1,0.1,0.9,0.0,-0.02738539410704066
2026-01-07,XLI,0.6324555320336759,0.009999296949149031,10,2026Q1,0.1,0.9,0.0,0.032208500535956475
2026-01-07,XLK,-1.2649110640673518,0.17248787237282068,10,2026Q1,0.1,0.9,0.0,-0.013620033413233368
2026-01-07,XLP,1.5811388300841895,-0.09499332101691574,10,2026Q1,0.1,0.9,0.0,0.07208735752196982
2026-01-07,XLRE,0.31622776601683794,-0.044996836271170605,10,2026Q1,0.1,0.9,0.0,0.030009883184890507
2026-01-07,XLU,0.0,0.011249209067792662,10,2026Q1,0.1,0.9,0.0,0.029917360108564273
2026-01-07,XLV,-0.9486832980505138,-0.03874727567795247,10,2026Q1,0.1,0.9,0.0,-0.012405080451401651
2026-01-07,XLY,-0.31622776601683794,0.004999648474574523,10,2026Q1,0.1,0.9,0.0,0.010035129809297993
2026-01-14,XLB,0.9486832980505138,-0.062495605932181404,10,2026Q1,0.1,0.9,0.0,0.017235939331541772
2026-01-14,XLC,-1.5811388300841895,0.029997890847447087,10,2026Q1,0.1,0.9,0.0,-0.010047853007806307
2026-01-14,XLE,1.5811388300841895,-0.011249209067792655,10,2026Q1,0.1,0.9,0.0,0.021541710963155936
2026-01-14,XLF,-1.2649110640673518,0.023748330254228935,10,2026Q1,0.1,0.9,0.0,-0.005557724991208435
2026-01-14,XLI,1.2649110640673518,0.009999296949149031,10,2026Q1,0.1,0.9,0.0,0.01990761338910474
2026-01-14,XLK,-0.6324555320336759,0.17248787237282068,10,2026Q1,0.1,0.9,0.0,0.0010340007495064363
2026-01-14,XLP,0.31622776601683794,-0.09499332101691574,10,2026Q1,0.1,0.9,0.0,0.009738469757457624
2026-01-14,XLRE,0.6324555320336759,-0.044996836271170605,10,2026Q1,0.1,0.9,0.0,0.011050325316017018
2026-01-14,XLU,-0.31622776601683794,0.011249209067792662,10,2026Q1,0.1,0.9,0.0,0.0037100221169518166
2026-01-14,XLV,0.0,-0.03874727567795247,10,2026Q1,0.1,0.9,0.0,0.009718548069566513
2026-01-14,XLY,-0.9486832980505138,0.004999648474574523,10,2026Q1,0.1,0.9,0.0,0.00023169204508588503
2026-01-21,XLB,0.6324555320336759,-0.062495605932181404,10,2026Q1,0.1,0.9,0.0,-0.0002000290615191691
2026-01-21,XLC,0.9486832980505138,0.029997890847447087,10,2026Q1,0.1,0.9,0.0,0.0038750854966542736
2026-01-21,XLE,1.2649110640673518,-0.011249209067792655,10,2026Q1,0.1,0.9,0.0,0.012047466199786028
2026-01-21,XLF,-0.6324555320336759,0.023748330254228935,10,2026Q1,0.1,0.9,0.0,-0.023410820369611618
2026-01-21,XLI,-0.9486832980505138,0.009999296949149031,10,2026Q1,0.1,0.9,0.0,-0.027963754446202693
2026-01-21,XLK,1.5811388300841895,0.17248787237282068,10,2026Q1,0.1,0.9,0.0,0.023069416458228797
2026-01-21,XLP,-0.31622776601683794,-0.09499332101691574,10,2026Q1,0.1,0.9,0.0,-0.01607480454257204
2026-01-21,XLRE,-1.2649110640673518,-0.044996836271170605,10,2026Q1,0.1,0.9,0.0,-0.031466372548709654
2026-01-21,XLU,0.31622776601683794,0.011249209067792662,10,2026Q1,0.1,0.9,0.0,-0.007413249746285544
2026-01-21,XLV,-1.5811388300841895,-0.03874727567795247,10,2026Q1,0.1,0.9,0.0,-0.03957812881264067
2026-01-21,XLY,0.0,0.004999648474574523,10,2026Q1,0.1,0.9,0.0,-0.011571424519599027
2026-01-28,XLB,0.9486832980505138,-0.062495605932181404,10,2026Q1,0.1,0.9,0.0,0.05211139355397476
2026-01-28,XLC,-0.6324555320336759,0.029997890847447087,10,2026Q1,0.1,0.9,0.0,0.013700820239761269
2026-01-28,XLE,1.2649110640673518,-0.011249209067792655,10,2026Q1,0.1,0.9,0.0,0.06881701025959153
2026-01-28,XLF,0.31622776601683794,0.023748330254228935,10,2026Q1,0.1,0.9,0.0,0.03157789534544353
2026-01-28,XLI,0.6324555320336759,0.009999296949149031,10,2026Q1,0.1,0.9,0.0,0.04525744566188883
2026-01-28,XLK,-1.5811388300841895,0.17248787237282068,10,2026Q1,0.1,0.9,0.0,-0.061176282650004965
2026-01-28,XLP,1.5811388300841895,-0.09499332101691574,10,2026Q1,0.1,0.9,0.0,0.0700023895061952
2026-01-28,XLRE,0.0,-0.044996836271170605,10,2026Q1,0.1,0.9,0.0,0.028205235253691674
2026-01-28,XLU,-0.9486832980505138,0.011249209067792662,10,2026Q1,0.1,0.9,0.0,0.00750288012478284
2026-01-28,XLV,-0.31622776601683794,-0.03874727567795247,10,2026Q1,0.1,0.9,0.0,0.02441894833836189
2026-01-28,XLY,-1.2649110640673518,0.004999648474574523,10,2026Q1,0.1,0.9,0.0,-0.00044182485290211737
2026-02-04,XLB,0.6324555320336759,-0.062495605932181404,10,2026Q1,0.1,0.9,0.0,0.02493100741546206
2026-02-04,XLC,-0.9486832980505138,0.029997890847447087,10,2026Q1,0.1,0.9,0.0,-0.008922448393322124
2026-02-04,XLE,1.5811388300841895,-0.011249209067792655,10,2026Q1,0.1,0.9,0.0,0.032287824153150346
2026-02-04,XLF,-1.5811388300841895,0.023748330254228935,10,2026Q1,0.1,0.9,0.0,-0.0310180900152236
2026-02-04,XLI,0.0,0.009999296949149031,10,2026Q1,0.1,0.9,0.0,0.023765522625976088
2026-02-04,XLK,1.2649110640673518,0.17248787237282068,10,2026Q1,0.1,0.9,0.0,0.02670564351801974
2026-02-04,XLP,-0.31622776601683794,-0.09499332101691574,10,2026Q1,0.1,0.9,0.0,0.00780000986435847
2026-02-04,XLRE,0.31622776601683794,-0.044996836271170605,10,2026Q1,0.1,0.9,0.0,0.023911558968122026
2026-02-04,XLU,0.9486832980505138,0.011249209067792662,10,2026Q1,0.1,0.9,0.0,0.026642318017687794
2026-02-04,XLV,-0.6324555320336759,-0.03874727567795247,10,2026Q1,0.1,0.9,0.0,-0.0069987645039399915
2026-02-04,XLY,-1.2649110640673518,0.004999648474574523,10,2026Q1,0.1,0.9,0.0,-0.027892513293576338
2026-02-11,XLB,-0.9486832980505138,-0.062495605932181404,10,2026Q1,0.1,0.9,0.0,-0.0029957392651125403
2026-02-11,XLC,-1.5811388300841895,0.029997890847447087,10,2026Q1,0.1,0.9,0.0,-0.01022287976491576
2026-02-11,XLE,0.0,-0.011249209067792655,10,2026Q1,0.1,0.9,0.0,0.004556428835348902
2026-02-11,XLF,0.31622776601683794,0.023748330254228935,10,2026Q1,0.1,0.9,0.0,0.00534997419738148
2026-02-11,XLI,0.6324555320336759,0.009999296949149031,10,2026Q1,0.1,0.9,0.0,0.009338018263804204
2026-02-11,XLK,-1.2649110640673518,0.17248787237282068,10,2026Q1,0.1,0.9,0.0,-0.006214501925639548
2026-02-11,XLP,-0.31622776601683794,-0.09499332101691574,10,2026Q1,0.1,0.9,0.0,0.004121717076733256
2026-02-11,XLRE,1.2649110640673518,-0.044996836271170605,10,2026Q1,0.1,0.9,0.0,0.021044582556498326
2026-02-11,XLU,1.5811388300841895,0.011249209067792662,10,2026Q1,0.1,0.9,0.0,0.031069199366352218
2026-02-11,XLV,0.9486832980505138,-0.03874727567795247,10,2026Q1,0.1,0.9,0.0,0.017282115266778475
2026-02-11,XLY,-0.6324555320336759,0.004999648474574523,10,2026Q1,0.1,0.9,0.0,0.0019101478754740553
2026-02-18,XLB,-0.9486832980505138,-0.062495605932181404,10,2026Q1,0.1,0.9,0.0,-0.009241342091390603
2026-02-18,XLC,1.2649110640673518,0.029997890847447087,10,2026Q1,0.1,0.9,0.0,0.006672346746405378
2026-02-18,XLE,-0.31622776601683794,-0.011249209067792655,10,2026Q1,0.1,0.9,0.0,-0.008352839003217483
2026-02-18,XLF,-1.5811388300841895,0.023748330254228935,10,2026Q1,0.1,0.9,0.0,-0.02368659012553076
2026-02-18,XLI,0.31622776601683794,0.009999296949149031,10,2026Q1,0.1,0.9,0.0,-0.006796505642518547
2026-02-18,XLK,0.9486832980505138,0.17248787237282068,10,2026Q1,0.1,0.9,0.0,0.0049073552761353945
2026-02-18,XLP,0.6324555320336759,-0.09499332101691574,10,2026Q1,0.1,0.9,0.0,0.001021944837444444
2026-02-18,XLRE,0.0,-0.044996836271170605,10,2026Q1,0.1,0.9,0.0,-0.007919649813618701
2026-02-18,XLU,1.5811388300841895,0.011249209067792662,10,2026Q1,0.1,0.9,0.0,0.028373004395491508
2026-02-18,XLV,-0.6324555320336759,-0.03874727567795247,10,2026Q1,0.1,0.9,0.0,-0.008980996680832298
2026-02-18,XLY,-1.2649110640673518,0.004999648474574523,10,2026Q1,0.1,0.9,0.0,-0.00939758603721974
2026-02-25,XLB,-1.2649110640673518,-0.062495605932181404,10,2026Q1,0.1,0.9,0.0,-0.009914744030479317
2026-02-25,XLC,1.2649110640673518,0.029997890847447087,10,2026Q1,0.1,0.9,0.0,0.031227019524909472
2026-02-25,XLE,1.5811388300841895,-0.011249209067792655,10,2026Q1,0.1,0.9,0.0,0.03562722883743985
2026-02-25,XLF,-0.6324555320336759,0.023748330254228935,10,2026Q1,0.1,0.9,0.0,0.00443714950486096
2026-02-25,XLI,0.6324555320336759,0.009999296949149031,10,2026Q1,0.1,0.9,0.0,0.013677428667811298
2026-02-25,XLK,-1.5811388300841895,0.17248787237282068,10,2026Q1,0.1,0.9,0.0,-0.010595914913781868
2026-02-25,XLP,-0.9486832980505138,-0.09499332101691574,10,2026Q1,0.1,0.9,0.0,-0.009213814388240205
2026-02-25,XLRE,0.9486832980505138,-0.044996836271170605,10,2026Q1,0.1,0.9,0.0,0.018936849668998446
2026-02-25,XLU,0.31622776601683794,0.011249209067792662,10,2026Q1,0.1,0.9,0.0,0.009670029326556695
2026-02-25,XLV,0.0,-0.03874727567795247,10,2026Q1,0.1,0.9,0.0,0.0066283409336398424
2026-02-25,XLY,-0.31622776601683794,0.004999648474574523,10,2026Q1,0.1,0.9,0.0,0.005592059879399924
2026-03-04,XLB,-1.5811388300841895,-0.062495605932181404,10,2026Q1,0.1,0.9,0.0,-0.027217355553657896
2026-03-04,XLC,0.9486832980505138,0.029997890847447087,10,2026Q1,0.1,0.9,0.0,-0.0022243307404120616
2026-03-04,XLE,1.5811388300841895,-0.011249209067792655,10,2026Q1,0.1,0.9,0.0,0.026903718910019303
2026-03-04,XLF,-0.9486832980505138,0.023748330254228935,10,2026Q1,0.1,0.9,0.0,-0.02327222712605459
2026-03-04,XLI,-1.2649110640673518,0.009999296949149031,10,2026Q1,0.1,0.9,0.0,-0.02398018098623922
2026-03-04,XLK,1.2649110640673518,0.17248787237282068,10,2026Q1,0.1,0.9,0.0,0.01706338527980178
2026-03-04,XLP,-0.31622776601683794,-0.09499332101691574,10,2026Q1,0.1,0.9,0.0,-0.016641725025242304
2026-03-04,XLRE,-0.6324555320336759,-0.044996836271170605,10,2026Q1,0.1,0.9,0.0,-0.018005813679363936
2026-03-04,XLU,0.31622776601683794,0.011249209067792662,10,2026Q1,0.1,0.9,0.0,-0.010426295573991662
2026-03-04,XLV,0.0,-0.03874727567795247,10,2026Q1,0.1,0.9,0.0,-0.013898797725362955
2026-03-04,XLY,0.6324555320336759,0.004999648474574523,10,2026Q1,0.1,0.9,0.0,-0.006487279965645687
2026-03-11,XLB,-0.6324555320336759,-0.062495605932181404,10,2026Q1,0.1,0.9,0.0,-0.00525665391862451
2026-03-11,XLC,-0.9486832980505138,0.029997890847447087,10,2026Q1,0.1,0.9,0.0,-0.006516343043482031
2026-03-11,XLE,1.5811388300841895,-0.011249209067792655,10,2026Q1,0.1,0.9,0.0,0.04747819095105199
2026-03-11,XLF,0.6324555320336759,0.023748330254228935,10,2026Q1,0.1,0.9,0.0,0.008533485809731123
2026-03-11,XLI,-0.31622776601683794,0.009999296949149031,10,2026Q1,0.1,0.9,0.0,-0.0033985633595332576
2026-03-11,XLK,0.31622776601683794,0.17248787237282068,10,2026Q1,0.1,0.9,0.0,0.004441831208860103
2026-03-11,XLP,0.0,-0.09499332101691574,10,2026Q1,0.1,0.9,0.0,-0.0010217047530050039
2026-03-11,XLRE,0.9486832980505138,-0.044996836271170605,10,2026Q1,0.1,0.9,0.0,0.01283472115077966
2026-03-11,XLU,1.2649110640673518,0.011249209067792662,10,2026Q1,0.1,0.9,0.0,0.03415975365600632
2026-03-11,XLV,-1.5811388300841895,-0.03874727567795247,10,2026Q1,0.1,0.9,0.0,-0.015326220332260276
2026-03-11,XLY,-1.2649110640673518,0.004999648474574523,10,2026Q1,0.1,0.9,0.0,-0.009246713154262287
2026-03-18,XLB,0.0,-0.062495605932181404,10,2026Q1,0.1,0.9,0.0,0.0024643575283854746
2026-03-18,XLC,0.0,0.029997890847447087,10,2026Q1,0.1,0.9,0.0,0.0024643575283854746
2026-03-18,XLE,0.0,-0.011249209067792655,10,2026Q1,0.1,0.9,0.0,0.0024643575283854746
2026-03-18,XLF,0.0,0.023748330254228935,10,2026Q1,0.1,0.9,0.0,0.0024643575283854746
2026-03-18,XLI,0.0,0.009999296949149031,10,2026Q1,0.1,0.9,0.0,0.0024643575283854746
2026-03-18,XLK,0.0,0.17248787237282068,10,2026Q1,0.1,0.9,0.0,0.0024643575283854746
2026-03-18,XLP,0.0,-0.09499332101691574,10,2026Q1,0.1,0.9,0.0,0.0024643575283854746
2026-03-18,XLRE,0.0,-0.044996836271170605,10,2026Q1,0.1,0.9,0.0,0.0024643575283854746
2026-03-18,XLU,0.0,0.011249209067792662,10,2026Q1,0.1,0.9,0.0,0.0024643575283854746
2026-03-18,XLV,0.0,-0.03874727567795247,10,2026Q1,0.1,0.9,0.0,0.0024643575283854746
2026-03-18,XLY,0.0,0.004999648474574523,10,2026Q1,0.1,0.9,0.0,0.0024643575283854746
