date,ticker,y_true,y_pred,fold_id,fold_quarter
2023-07-03,XLB,-0.002626824840163744,-0.0006339599560582053,0,2023Q3
2023-07-03,XLC,0.023472775760316367,-0.002636902697831213,0,2023Q3
2023-07-03,XLE,0.04158730201460581,0.004590425971662723,0,2023Q3
2023-07-03,XLF,0.013588285298774982,-0.014399623963914504,0,2023Q3
2023-07-03,XLI,0.0031736075977801814,-0.0029730647276109963,0,2023Q3
2023-07-03,XLK,0.001147742705465582,0.008462314843973787,0,2023Q3
2023-07-03,XLP,-0.020701628968053276,-0.00940087623885635,0,2023Q3
2023-07-03,XLRE,-0.025172652411117546,-0.015062418401102704,0,2023Q3
2023-07-03,XLU,-0.023740972916002745,-0.0054116543406447695,0,2023Q3
2023-07-03,XLV,-0.014844985380443987,-0.010854505509270916,0,2023Q3
2023-07-03,XLY,-0.029118287623480676,-0.004094230272810296,0,2023Q3
2023-07-05,XLB,0.023029855837465973,-0.004577442540435336,0,2023Q3
2023-07-05,XLC,0.008671366310544215,-0.002549599646055411,0,2023Q3
2023-07-05,XLE,0.04624752789801878,0.004281526082878422,0,2023Q3
2023-07-05,XLF,0.01967475622633108,-0.01435948389291081,0,2023Q3
2023-07-05,XLI,0.010711336655641057,-0.0037095428246962645,0,2023Q3
2023-07-05,XLK,-0.005299096710233764,0.008556042562599073,0,2023Q3
2023-07-05,XLP,-0.0025294982115451337,-0.009833403954333892,0,2023Q3
2023-07-05,XLRE,-0.021558897947226874,-0.015710097128765775,0,2023Q3
2023-07-05,XLU,-0.022245429053787236,-0.005366807107555599,0,2023Q3
2023-07-05,XLV,-0.0008237006306035521,-0.01076215428626467,0,2023Q3
2023-07-05,XLY,-0.0346415975255544,-0.0043595231457899345,0,2023Q3
2023-07-06,XLB,0.01910036336293075,-0.004605965423107798,0,2023Q3
2023-07-06,XLC,0.009144739071992536,-0.003354648875550242,0,2023Q3
2023-07-06,XLE,0.07660410839311838,0.0034190665394639407,0,2023Q3
2023-07-06,XLF,0.024141099870336857,-0.015724784289037817,0,2023Q3
2023-07-06,XLI,0.006866548633869485,-0.00406422830613457,0,2023Q3
2023-07-06,XLK,-0.011807893551189386,0.008027522852637825,0,2023Q3
2023-07-06,XLP,-0.007847391315027208,-0.010978569528116945,0,2023Q3
2023-07-06,XLRE,-0.03483815893314057,-0.016818013741996138,0,2023Q3
2023-07-06,XLU,-0.03803477300914182,-0.005425416701768348,0,2023Q3
2023-07-06,XLV,-0.0028748672688583277,-0.012127607804089268,0,2023Q3
2023-07-06,XLY,-0.021293580143137314,-0.0043546208333153456,0,2023Q3
2023-07-07,XLB,0.009845656490400367,-0.005320846937216508,0,2023Q3
2023-07-07,XLC,0.012525695440857687,-0.003874534172984722,0,2023Q3
2023-07-07,XLE,0.057040930705531956,0.002661668454142653,0,2023Q3
2023-07-07,XLF,0.02046261345500766,-0.014263642766380421,0,2023Q3
2023-07-07,XLI,0.0003742430595947699,-0.004314275825586827,0,2023Q3
2023-07-07,XLK,-0.01912683550484029,0.006455513961116332,0,2023Q3
2023-07-07,XLP,-0.0026355043566550496,-0.011325899852565343,0,2023Q3
2023-07-07,XLRE,-0.03788745592214027,-0.0192483371890073,0,2023Q3
2023-07-07,XLU,-0.04024479801771352,-0.007137887358678495,0,2023Q3
2023-07-07,XLV,0.0075217926588591055,-0.011789155243436412,0,2023Q3
2023-07-07,XLY,-0.005963567817470539,-0.005773203470393483,0,2023Q3
2023-07-10,XLB,0.010572433895803535,-0.004769499158668705,0,2023Q3
2023-07-10,XLC,0.024959421059194353,-0.004044551388512991,0,2023Q3
2023-07-10,XLE,0.043646112374657875,0.0031949767087427715,0,2023Q3
2023-07-10,XLF,0.024066705530201515,-0.01605351485103304,0,2023Q3
2023-07-10,XLI,-0.007864465773982587,-0.004676072370153992,0,2023Q3
2023-07-10,XLK,-0.025249566741512353,0.006440490160440179,0,2023Q3
2023-07-10,XLP,-0.0003509222862543293,-0.01108289105182681,0,2023Q3
2023-07-10,XLRE,-0.03515415440892078,-0.019199166743974056,0,2023Q3
2023-07-10,XLU,-0.04248830233255796,-0.00674278155245838,0,2023Q3
2023-07-10,XLV,0.004939239207251145,-0.011497180117874744,0,2023Q3
2023-07-10,XLY,-0.00500238457423241,-0.0057154248466512675,0,2023Q3
2023-07-11,XLB,0.0005365250650299913,-0.004144788847092057,0,2023Q3
2023-07-11,XLC,0.015022019917933616,-0.003995130005351373,0,2023Q3
2023-07-11,XLE,0.03673943968737636,0.0020975808064481365,0,2023Q3
2023-07-11,XLF,0.013317710501819402,-0.01597839849028672,0,2023Q3
2023-07-11,XLI,-0.013390134721765756,-0.004487623669745285,0,2023Q3
2023-07-11,XLK,-0.024156101047446144,0.006762489307616398,0,2023Q3
2023-07-11,XLP,0.001691571561788896,-0.011340785124941712,0,2023Q3
2023-07-11,XLRE,-0.040291593621320954,-0.017879188914498318,0,2023Q3
2023-07-11,XLU,-0.03909461510206169,-0.006712641922316392,0,2023Q3
2023-07-11,XLV,0.0235387354016654,-0.012446625532041731,0,2023Q3
2023-07-11,XLY,-0.010596804399497284,-0.005770782332034144,0,2023Q3
2023-07-12,XLB,-0.0019217217922752328,-0.007228367075103195,0,2023Q3
2023-07-12,XLC,0.006592481695496533,-0.005954525088568131,0,2023Q3
2023-07-12,XLE,0.05502307252440475,0.0007616758152732446,0,2023Q3
2023-07-12,XLF,0.013993014089847655,-0.016782193964861407,0,2023Q3
2023-07-12,XLI,0.0026275987116066712,-0.00599750938759974,0,2023Q3
2023-07-12,XLK,-0.033076678397520154,0.003776005062423448,0,2023Q3
2023-07-12,XLP,0.015662326347725575,-0.013227478943077372,0,2023Q3
2023-07-12,XLRE,-0.02768429041291043,-0.01786366286656605,0,2023Q3
2023-07-12,XLU,-0.03617694263071858,-0.007122536893245294,0,2023Q3
2023-07-12,XLV,0.04085207722740081,-0.01404909332099899,0,2023Q3
2023-07-12,XLY,-0.016519320553330497,-0.008537185720224457,0,2023Q3
2023-07-13,XLB,-0.0014331890684490256,-0.008073963569246289,0,2023Q3
2023-07-13,XLC,0.0029560463446901553,-0.005823500812329782,0,2023Q3
2023-07-13,XLE,0.06645039088024174,0.0004889537554285985,0,2023Q3
2023-07-13,XLF,0.018849908206198696,-0.016084194339040125,0,2023Q3
2023-07-13,XLI,0.006099404093529381,-0.0061635860830616725,0,2023Q3
2023-07-13,XLK,-0.037895134659642116,0.003627082515059223,0,2023Q3
2023-07-13,XLP,0.016899273970940043,-0.014350064624233792,0,2023Q3
2023-07-13,XLRE,-0.029777315305015595,-0.018616710844827043,0,2023Q3
2023-07-13,XLU,-0.03494457714371868,-0.007479763943055741,0,2023Q3
2023-07-13,XLV,0.04727126553713579,-0.014798616412935645,0,2023Q3
2023-07-13,XLY,-0.015781907447095067,-0.009527006847718185,0,2023Q3
2023-07-14,XLB,0.001593886594562166,-0.005587780769314365,0,2023Q3
2023-07-14,XLC,0.007632833034219799,-0.003883041375661606,0,2023Q3
2023-07-14,XLE,0.11182422262360114,0.002499233732859895,0,2023Q3
2023-07-14,XLF,0.02764163781271456,-0.013631716946874114,0,2023Q3
2023-07-14,XLI,0.01065762550590732,-0.004666299107492989,0,2023Q3
2023-07-14,XLK,-0.04357106795233612,0.003855465206316783,0,2023Q3
2023-07-14,XLP,0.015080132520055689,-0.013716341047901308,0,2023Q3
2023-07-14,XLRE,-0.028012182213893344,-0.01850088404634403,0,2023Q3
2023-07-14,XLU,-0.026026613911103502,-0.0071405495872725235,0,2023Q3
2023-07-14,XLV,0.03822386129120192,-0.012369361545781485,0,2023Q3
2023-07-14,XLY,-0.02164828158318033,-0.008828138411035809,0,2023Q3
2023-07-17,XLB,0.0007757856880099556,-0.006159270159527012,0,2023Q3
2023-07-17,XLC,0.016517177699321373,-0.00434559778436615,0,2023Q3
2023-07-17,XLE,0.10729782856967707,0.002610593417090569,0,2023Q3
2023-07-17,XLF,0.013863344813991318,-0.01322644984460382,0,2023Q3
2023-07-17,XLI,0.005229826723010089,-0.004867417667226873,0,2023Q3
2023-07-17,XLK,-0.04264302087927796,0.004167913628388762,0,2023Q3
2023-07-17,XLP,0.01105131255215297,-0.01337029731836288,0,2023Q3
2023-07-17,XLRE,-0.026965957531034923,-0.017943236906346187,0,2023Q3
2023-07-17,XLU,-0.024513643942123187,-0.006784431724445657,0,2023Q3
2023-07-17,XLV,0.044041633344682696,-0.011442197391007934,0,2023Q3
2023-07-17,XLY,-0.024634154414350573,-0.00932815911108924,0,2023Q3
2023-07-18,XLB,-0.004171621774842982,-0.007339550221707462,0,2023Q3
2023-07-18,XLC,0.01953583097558964,-0.005222333417480434,0,2023Q3
2023-07-18,XLE,0.09247171002740595,0.0019073458675978759,0,2023Q3
2023-07-18,XLF,0.0031465418081618735,-0.01689165924119381,0,2023Q3
2023-07-18,XLI,0.005815330951022157,-0.006484681332014148,0,2023Q3
2023-07-18,XLK,-0.04374364423233046,0.004148292125234153,0,2023Q3
2023-07-18,XLP,0.020148447353740773,-0.013265341256850801,0,2023Q3
2023-07-18,XLRE,-0.009992070222616167,-0.017824902027693136,0,2023Q3
2023-07-18,XLU,-0.014010280425444721,-0.007004934608007886,0,2023Q3
2023-07-18,XLV,0.05145627105959072,-0.013316132769255628,0,2023Q3
2023-07-18,XLY,-0.022923209420137924,-0.009274277785871528,0,2023Q3
2023-07-19,XLB,0.0037781802009749788,-0.008277951050280626,0,2023Q3
2023-07-19,XLC,0.014200538790748674,-0.005515765116508709,0,2023Q3
2023-07-19,XLE,0.08636827141334447,0.0013111058981731226,0,2023Q3
2023-07-19,XLF,0.006847924865187371,-0.018013060609505548,0,2023Q3
2023-07-19,XLI,0.010090789212429896,-0.006015319783425267,0,2023Q3
2023-07-19,XLK,-0.041007702037368254,0.004104171546892069,0,2023Q3
2023-07-19,XLP,0.017188263219176547,-0.013378266672403244,0,2023Q3
2023-07-19,XLRE,-0.02287116510730769,-0.019816354567245655,0,2023Q3
2023-07-19,XLU,-0.01020128116960839,-0.007011908600376435,0,2023Q3
2023-07-19,XLV,0.04827683769980817,-0.012677538012902268,0,2023Q3
2023-07-19,XLY,-0.028709238794457637,-0.009644755824428067,0,2023Q3
2023-07-20,XLB,0.0005098723871278521,-0.008712947626274843,0,2023Q3
2023-07-20,XLC,0.023512966126887136,-0.002450707953304931,0,2023Q3
2023-07-20,XLE,0.08755829770870538,-0.00018160496495181477,0,2023Q3
2023-07-20,XLF,-0.004146860078957815,-0.018919840415947964,0,2023Q3
2023-07-20,XLI,-0.0014721913099237094,-0.006024224728073478,0,2023Q3
2023-07-20,XLK,-0.03017520906638349,0.00555737008994124,0,2023Q3
2023-07-20,XLP,0.0003790315221000595,-0.013146405607385309,0,2023Q3
2023-07-20,XLRE,-0.025749056638757484,-0.01994850060867559,0,2023Q3
2023-07-20,XLU,-0.028461795539808432,-0.006320914436016943,0,2023Q3
2023-07-20,XLV,0.024761276425102174,-0.006995149635233902,0,2023Q3
2023-07-20,XLY,-0.011132673169915064,-0.00839263959292125,0,2023Q3
2023-07-21,XLB,-0.00018921536331795163,-0.005863153419849159,0,2023Q3
2023-07-21,XLC,0.027049854692140052,-0.0025909910545879327,0,2023Q3
2023-07-21,XLE,0.0881758631586631,-0.0010055755247937552,0,2023Q3
2023-07-21,XLF,-0.0016253020879477553,-0.01802041739757551,0,2023Q3
2023-07-21,XLI,0.004461942357888882,-0.0032702262299806896,0,2023Q3
2023-07-21,XLK,-0.028742609184537082,0.004985703288637323,0,2023Q3
2023-07-21,XLP,0.0001663412447563406,-0.0131969764511209,0,2023Q3
2023-07-21,XLRE,-0.027758776882148672,-0.019587386621473937,0,2023Q3
2023-07-21,XLU,-0.03792068073584165,-0.0068380663529588465,0,2023Q3
2023-07-21,XLV,0.01478508810466217,-0.009103712885456939,0,2023Q3
2023-07-21,XLY,-0.013984205787265447,-0.008430862241267139,0,2023Q3
2023-07-24,XLB,-0.005016738325221981,-0.007704093878571374,0,2023Q3
2023-07-24,XLC,0.030433064573655688,-0.0028520795320306027,0,2023Q3
2023-07-24,XLE,0.06295268083407168,-0.0012299388108615809,0,2023Q3
2023-07-24,XLF,-0.013912348665885088,-0.01870049494292745,0,2023Q3
2023-07-24,XLI,-0.0008896925597881022,-0.0015546372256584743,0,2023Q3
2023-07-24,XLK,-0.014494651845627038,0.0044728580959752795,0,2023Q3
2023-07-24,XLP,-0.011935400725415435,-0.013620325013332024,0,2023Q3
2023-07-24,XLRE,-0.04657489807727311,-0.019955551506579024,0,2023Q3
2023-07-24,XLU,-0.04329367999820455,-0.007677819809574488,0,2023Q3
2023-07-24,XLV,0.016018321342198494,-0.005469454002506597,0,2023Q3
2023-07-24,XLY,-0.011269189802146196,-0.008685882886344067,0,2023Q3
2023-07-25,XLB,-0.017579274894397923,-0.005573097347750142,0,2023Q3
2023-07-25,XLC,0.03249963670828038,-0.009727568872530462,0,2023Q3
2023-07-25,XLE,0.0549183457333392,-0.0007657087641770362,0,2023Q3
2023-07-25,XLF,-0.011513669625177969,-0.017405358281392586,0,2023Q3
2023-07-25,XLI,0.0033107257829231296,-0.0019883501972525115,0,2023Q3
2023-07-25,XLK,-0.021097565724152667,0.0039043792636510506,0,2023Q3
2023-07-25,XLP,-0.011839083292775499,-0.014138696028683638,0,2023Q3
2023-07-25,XLRE,-0.03158169623938101,-0.02078644813510675,0,2023Q3
2023-07-25,XLU,-0.03703671175127354,-0.008004246009293817,0,2023Q3
2023-07-25,XLV,0.018240002997033766,-0.00601118817399973,0,2023Q3
2023-07-25,XLY,-0.002397806684296122,-0.008491811641756742,0,2023Q3
2023-07-26,XLB,-0.023405845877296327,-0.003878522984189967,0,2023Q3
2023-07-26,XLC,0.022466600529981506,-0.010633392024910817,0,2023Q3
2023-07-26,XLE,0.041444762132099466,-0.0019019801280442707,0,2023Q3
2023-07-26,XLF,-0.01841439233792974,-0.017475191989709336,0,2023Q3
2023-07-26,XLI,-0.004115314030061157,-0.002411050363231237,0,2023Q3
2023-07-26,XLK,-0.0016263345593238165,0.003077153622893199,0,2023Q3
2023-07-26,XLP,-0.017213271306428246,-0.014908096218908361,0,2023Q3
2023-07-26,XLRE,-0.031849948669613326,-0.02132574214022994,0,2023Q3
2023-07-26,XLU,-0.04394716750237282,-0.008609749866481319,0,2023Q3
2023-07-26,XLV,0.011270017271674204,-0.00663614163057441,0,2023Q3
2023-07-26,XLY,-0.005050000315501846,-0.0093845283129954,0,2023Q3
2023-07-27,XLB,-0.014177855294233876,-0.004565527281558728,0,2023Q3
2023-07-27,XLC,0.0023182236713422677,-0.010605683203003723,0,2023Q3
2023-07-27,XLE,0.04802888518170789,-0.0023206164884647593,0,2023Q3
2023-07-27,XLF,-0.0025295084628883524,-0.01885497790800848,0,2023Q3
2023-07-27,XLI,-0.0005076586209576961,-0.0023859733961756227,0,2023Q3
2023-07-27,XLK,-0.014171209065840684,0.0029865787056795245,0,2023Q3
2023-07-27,XLP,-0.00933716423927089,-0.014865187924634635,0,2023Q3
2023-07-27,XLRE,-0.008945152611688933,-0.022176678818627945,0,2023Q3
2023-07-27,XLU,-0.025652095217496562,-0.0077231772718237114,0,2023Q3
2023-07-27,XLV,0.01704137223592983,-0.006585338659305189,0,2023Q3
2023-07-27,XLY,-0.00696511716871373,-0.009641087295931642,0,2023Q3
2023-07-28,XLB,-0.01532550984266845,-0.0061245636880338065,0,2023Q3
2023-07-28,XLC,-0.012751196498221762,-0.009618570928872697,0,2023Q3
2023-07-28,XLE,0.057364118545939036,-0.001724351023035654,0,2023Q3
2023-07-28,XLF,0.0027212094020834243,-0.013269986980058573,0,2023Q3
2023-07-28,XLI,0.004234916736869376,-0.0020348388828460456,0,2023Q3
2023-07-28,XLK,-0.014775207929601297,0.004309553693985533,0,2023Q3
2023-07-28,XLP,-0.011261215039440775,-0.013652934652940337,0,2023Q3
2023-07-28,XLRE,-0.0009085411917406638,-0.02092536945850801,0,2023Q3
2023-07-28,XLU,-0.013768945729181525,-0.007178711374042438,0,2023Q3
2023-07-28,XLV,0.023929555063744834,-0.006203298371955663,0,2023Q3
2023-07-28,XLY,-0.009789643804677284,-0.008273660834443404,0,2023Q3
2023-07-31,XLB,-0.017681651414665822,-0.007731950037483788,0,2023Q3
2023-07-31,XLC,-0.005109913574714353,-0.007100849776449779,0,2023Q3
2023-07-31,XLE,0.040833476688210024,0.0005914757286830108,0,2023Q3
2023-07-31,XLF,0.00028140710999180474,-0.01225266384977992,0,2023Q3
2023-07-31,XLI,0.005572093270181044,-0.00025981792002377317,0,2023Q3
2023-07-31,XLK,-0.013481780952801281,0.005141692101323366,0,2023Q3
2023-07-31,XLP,-0.006772312697313043,-0.011256189295211565,0,2023Q3
2023-07-31,XLRE,-0.005136406765792856,-0.0187186940931542,0,2023Q3
2023-07-31,XLU,-0.018607147589777884,-0.005270754125950333,0,2023Q3
2023-07-31,XLV,0.029626280572375485,-0.004234167112993973,0,2023Q3
2023-07-31,XLY,-0.01563157320607378,-0.00660961783072446,0,2023Q3
2023-08-01,XLB,-0.01443061797469003,-0.006280462538790392,0,2023Q3
2023-08-01,XLC,0.0007519090454084498,-0.0074446326129094,0,2023Q3
2023-08-01,XLE,0.031540518120173,0.0013848402781993126,0,2023Q3
2023-08-01,XLF,-0.007740076068124879,-0.011883638797685506,0,2023Q3
2023-08-01,XLI,-0.0067181984984321375,-0.0001044561897026986,0,2023Q3
2023-08-01,XLK,-0.012791564140800182,0.00577777882079781,0,2023Q3
2023-08-01,XLP,-0.014890714844195907,-0.0109055185301445,0,2023Q3
2023-08-01,XLRE,-0.009147878799915743,-0.019073960830517597,0,2023Q3
2023-08-01,XLU,-0.02003971985794495,-0.004532920177094635,0,2023Q3
2023-08-01,XLV,0.027051113398804394,-0.00343930865237968,0,2023Q3
2023-08-01,XLY,0.0025293188192681004,-0.0064725404504377615,0,2023Q3
2023-08-02,XLB,-0.017973025901466322,-0.009144473977264412,0,2023Q3
2023-08-02,XLC,0.0017536577880203907,-0.009102217892928954,0,2023Q3
2023-08-02,XLE,0.03214253045777582,-0.00299852119645159,0,2023Q3
2023-08-02,XLF,-0.01679940984981043,-0.01484025599226608,0,2023Q3
2023-08-02,XLI,-0.009893671316986596,-0.003398674740961226,0,2023Q3
2023-08-02,XLK,0.0013739422391305656,0.007069147028420574,0,2023Q3
2023-08-02,XLP,-0.03475488497433099,-0.015014316998873496,0,2023Q3
2023-08-02,XLRE,-0.019605148841558284,-0.0223953449347203,0,2023Q3
2023-08-02,XLU,-0.04240782096912055,-0.008846612073946566,0,2023Q3
2023-08-02,XLV,0.007630152247864785,-0.007262118463648068,0,2023Q3
2023-08-02,XLY,0.0068777793896934725,-0.010304412941524932,0,2023Q3
2023-08-03,XLB,-0.01375104727142551,-0.006829029371341719,0,2023Q3
2023-08-03,XLC,0.003923101183666011,-0.008566004996725253,0,2023Q3
2023-08-03,XLE,0.021059735346455888,-0.0011995965689075294,0,2023Q3
2023-08-03,XLF,-0.022479777002591184,-0.01365853559981517,0,2023Q3
2023-08-03,XLI,-0.009516661212345512,-0.00195420331138543,0,2023Q3
2023-08-03,XLK,0.008968644504193657,0.011318692661581416,0,2023Q3
2023-08-03,XLP,-0.03837749038665428,-0.013179263396577797,0,2023Q3
2023-08-03,XLRE,-0.014582176505133382,-0.021066924305554964,0,2023Q3
2023-08-03,XLU,-0.03085882154683872,-0.00600605878129901,0,2023Q3
2023-08-03,XLV,-0.0008053356369628339,-0.005790034205788416,0,2023Q3
2023-08-03,XLY,0.006216468883227355,-0.008707447689289313,0,2023Q3
2023-08-04,XLB,-0.006811320338499849,-0.009618820529857845,0,2023Q3
2023-08-04,XLC,-0.00965377095656561,-0.008930108178886783,0,2023Q3
2023-08-04,XLE,0.03414563388573244,-0.00278086267342746,0,2023Q3
2023-08-04,XLF,-0.016104743687629153,-0.01463984790200713,0,2023Q3
2023-08-04,XLI,-0.00462913636625828,-0.0026450538574268414,0,2023Q3
2023-08-04,XLK,0.01964330780712009,0.010475024928461652,0,2023Q3
2023-08-04,XLP,-0.04342640115800134,-0.014164770789751823,0,2023Q3
2023-08-04,XLRE,-0.011691143862513353,-0.021545597505953716,0,2023Q3
2023-08-04,XLU,-0.03089987088027779,-0.006373955532250586,0,2023Q3
2023-08-04,XLV,-0.0009659664607333251,-0.006840376869798462,0,2023Q3
2023-08-04,XLY,-0.020761728576364824,-0.009288689721822561,0,2023Q3
2023-08-07,XLB,-0.01873087110944216,-0.010166664781331394,0,2023Q3
2023-08-07,XLC,-0.012003413971927057,-0.007957745768532682,0,2023Q3
2023-08-07,XLE,0.05152628743206,-0.002114640937898796,0,2023Q3
2023-08-07,XLF,-0.026681982113092806,-0.016632427807665627,0,2023Q3
2023-08-07,XLI,-0.020467602223344095,-0.0021313617822906103,0,2023Q3
2023-08-07,XLK,0.03349922754001111,0.011397620746744086,0,2023Q3
2023-08-07,XLP,-0.04643287205995905,-0.012714871893408789,0,2023Q3
2023-08-07,XLRE,-0.02097928909111102,-0.0201811781938135,0,2023Q3
2023-08-07,XLU,-0.03268721326760271,-0.006014181303175626,0,2023Q3
2023-08-07,XLV,-0.009730340708379193,-0.005658325323935132,0,2023Q3
2023-08-07,XLY,-0.01704890569178863,-0.009150737280909925,0,2023Q3
2023-08-08,XLB,-0.00805910125212661,-0.011118620225190345,0,2023Q3
2023-08-08,XLC,-0.009964118757907925,-0.009055783038668844,0,2023Q3
2023-08-08,XLE,0.049205636010071774,-0.0027129347755722785,0,2023Q3
2023-08-08,XLF,-0.01602688324021817,-0.01713736416635552,0,2023Q3
2023-08-08,XLI,-0.017833282298327258,-0.002810120564351449,0,2023Q3
2023-08-08,XLK,0.03288072002103848,0.010970363205559042,0,2023Q3
2023-08-08,XLP,-0.0382593332657335,-0.013426788607819111,0,2023Q3
2023-08-08,XLRE,-0.01551338874532493,-0.02107370662014249,0,2023Q3
2023-08-08,XLU,-0.0326321854421725,-0.006041450374854821,0,2023Q3
2023-08-08,XLV,-0.02022163092169693,-0.006293234951968791,0,2023Q3
2023-08-08,XLY,-0.015591687165551593,-0.008820615724516569,0,2023Q3
2023-08-09,XLB,-0.012096023306131132,-0.009309644494953733,0,2023Q3
2023-08-09,XLC,-0.004676363242489989,-0.008567755913124059,0,2023Q3
2023-08-09,XLE,0.03160687248570393,-0.002522224583580328,0,2023Q3
2023-08-09,XLF,-0.014925215908882405,-0.01657066745875923,0,2023Q3
2023-08-09,XLI,-0.024125321438040137,-0.0023870295501949687,0,2023Q3
2023-08-09,XLK,0.027655519139508478,0.01139442665768485,0,2023Q3
2023-08-09,XLP,-0.04101180098707946,-0.012758729312916585,0,2023Q3
2023-08-09,XLRE,-0.013472384006596005,-0.020769814675925168,0,2023Q3
2023-08-09,XLU,-0.02576733275373355,-0.006324748254044276,0,2023Q3
2023-08-09,XLV,-0.019178677828069146,-0.005724597019551925,0,2023Q3
2023-08-09,XLY,-0.0046911552779012045,-0.008536558956949603,0,2023Q3
2023-08-10,XLB,-0.01298915740355211,-0.005304534163883283,0,2023Q3
2023-08-10,XLC,-0.006242821768527862,-0.007595382748990066,0,2023Q3
2023-08-10,XLE,0.04051771511811153,-0.000621742659915903,0,2023Q3
2023-08-10,XLF,-0.014907306571215528,-0.012791883570410115,0,2023Q3
2023-08-10,XLI,-0.02745764418776908,-0.0013048746533853724,0,2023Q3
2023-08-10,XLK,0.028530141111498875,0.012437485051715503,0,2023Q3
2023-08-10,XLP,-0.0390289726909927,-0.011312975069236897,0,2023Q3
2023-08-10,XLRE,-0.017882082867115456,-0.020237867241410402,0,2023Q3
2023-08-10,XLU,-0.015319716029913555,-0.005494280355406603,0,2023Q3
2023-08-10,XLV,-0.019669773276991265,-0.004284309580728116,0,2023Q3
2023-08-10,XLY,-0.008226969483571156,-0.007318941992275871,0,2023Q3
2023-08-11,XLB,-0.01317367314515272,-0.005385346930555154,0,2023Q3
2023-08-11,XLC,0.006380928100227612,-0.007760270703287374,0,2023Q3
2023-08-11,XLE,0.0041731048135935644,0.0008302659017324614,0,2023Q3
2023-08-11,XLF,-0.019455924259055624,-0.012856732203710142,0,2023Q3
2023-08-11,XLI,-0.03594592010067177,-0.0015380066648913843,0,2023Q3
2023-08-11,XLK,0.03440008626092439,0.012480073150651428,0,2023Q3
2023-08-11,XLP,-0.03943803769174514,-0.010855605608375646,0,2023Q3
2023-08-11,XLRE,-0.02634179673967607,-0.018650579535532254,0,2023Q3
2023-08-11,XLU,-0.023783344654548788,-0.0053355708273580375,0,2023Q3
2023-08-11,XLV,-0.026184188405828257,-0.003311493075242722,0,2023Q3
2023-08-11,XLY,0.014751687820296677,-0.007422628162680842,0,2023Q3
2023-08-14,XLB,-0.0066079813732622394,-0.006463719122610997,0,2023Q3
2023-08-14,XLC,-0.00044576776934013296,-0.009335328489901167,0,2023Q3
2023-08-14,XLE,0.04338156210806876,-0.0008664417276151391,0,2023Q3
2023-08-14,XLF,0.00013987649770985655,-0.017981974067600312,0,2023Q3
2023-08-14,XLI,-0.028776776043027752,-0.0034162367502680127,0,2023Q3
2023-08-14,XLK,0.010510646247620437,0.01136518553950953,0,2023Q3
2023-08-14,XLP,-0.03194777733280796,-0.012261484657811735,0,2023Q3
2023-08-14,XLRE,-0.01005794052087261,-0.020274318818315082,0,2023Q3
2023-08-14,XLU,-0.0036986160202889806,-0.0060388191876406625,0,2023Q3
2023-08-14,XLV,-0.01937248731562624,-0.005779019746708574,0,2023Q3
2023-08-14,XLY,0.013424590254842994,-0.008795215802851895,0,2023Q3
2023-08-15,XLB,-0.009031956219668014,-0.005957171001673402,0,2023Q3
2023-08-15,XLC,-0.0011597085953625186,-0.008888962029859362,0,2023Q3
2023-08-15,XLE,0.044530040531337356,7.918390888032173e-05,0,2023Q3
2023-08-15,XLF,0.005857397971122724,-0.018764756397732327,0,2023Q3
2023-08-15,XLI,-0.035698229114632496,-0.002995815736445182,0,2023Q3
2023-08-15,XLK,0.010171758045522505,0.011563102021058484,0,2023Q3
2023-08-15,XLP,-0.03139781637533556,-0.012405945035443407,0,2023Q3
2023-08-15,XLRE,-0.02284351377132232,-0.02009813319400945,0,2023Q3
2023-08-15,XLU,0.011820065687676573,-0.0059305075344014795,0,2023Q3
2023-08-15,XLV,-0.02853057192697439,-0.00604781599161377,0,2023Q3
2023-08-15,XLY,0.02255533141167909,-0.008941312629055556,0,2023Q3
2023-08-16,XLB,-0.0042601297807074445,-0.005997807800040946,0,2023Q3
2023-08-16,XLC,0.008995057138578844,-0.00913723845472689,0,2023Q3
2023-08-16,XLE,0.049954733337109314,-0.0017849030082949975,0,2023Q3
2023-08-16,XLF,0.0004993174104337417,-0.01927770231962147,0,2023Q3
2023-08-16,XLI,-0.036820467064565654,-0.0032301595899630023,0,2023Q3
2023-08-16,XLK,0.011216870462063655,0.011549562234732805,0,2023Q3
2023-08-16,XLP,-0.03540999550086066,-0.012652146146234878,0,2023Q3
2023-08-16,XLRE,-0.008707018914065223,-0.019859269795139384,0,2023Q3
2023-08-16,XLU,0.005948166983671621,-0.006046538160522259,0,2023Q3
2023-08-16,XLV,-0.03411974413307539,-0.0067017519673335975,0,2023Q3
2023-08-16,XLY,0.029523794036983908,-0.009166965364099536,0,2023Q3
2023-08-17,XLB,-0.005465739420469351,-0.0063603610492561835,0,2023Q3
2023-08-17,XLC,0.015246669514136002,-0.009632826131832691,0,2023Q3
2023-08-17,XLE,0.03005381717523492,-0.00012734236959340874,0,2023Q3
2023-08-17,XLF,0.00848541249588286,-0.01978618825054687,0,2023Q3
2023-08-17,XLI,-0.026035358196986325,-0.003236965333045061,0,2023Q3
2023-08-17,XLK,0.00921091131718188,0.011050032442615477,0,2023Q3
2023-08-17,XLP,-0.02584973155800807,-0.013649333072803737,0,2023Q3
2023-08-17,XLRE,0.003168216127188872,-0.020572861114291664,0,2023Q3
2023-08-17,XLU,0.01195465548934238,-0.008638027194955005,0,2023Q3
2023-08-17,XLV,-0.02589210762474692,-0.007523831824137217,0,2023Q3
2023-08-17,XLY,0.037504703451001875,-0.009362403260764166,0,2023Q3
2023-08-18,XLB,-0.014478732179978637,-0.006441813833253523,0,2023Q3
2023-08-18,XLC,0.019478616795352233,-0.009891222506372583,0,2023Q3
2023-08-18,XLE,0.020823498896507697,-0.0023000810715808773,0,2023Q3
2023-08-18,XLF,0.006914491173637183,-0.01968688725844861,0,2023Q3
2023-08-18,XLI,-0.030924087242440557,-0.003545223142404062,0,2023Q3
2023-08-18,XLK,0.010278033315445523,0.010876339487012169,0,2023Q3
2023-08-18,XLP,-0.036602898419770935,-0.01366408475489984,0,2023Q3
2023-08-18,XLRE,-0.016610798233961166,-0.020541403823639746,0,2023Q3
2023-08-18,XLU,-0.0024740283440654043,-0.009541828022752347,0,2023Q3
2023-08-18,XLV,-0.03191150269846832,-0.007301600894288745,0,2023Q3
2023-08-18,XLY,0.02645416006993706,-0.009345669710052048,0,2023Q3
2023-08-21,XLB,-0.006804688837944273,-0.006951689721174308,0,2023Q3
2023-08-21,XLC,0.02147635878856069,-0.010625436340220883,0,2023Q3
2023-08-21,XLE,0.02632373747332295,-0.003176827626196711,0,2023Q3
2023-08-21,XLF,0.015605773260522815,-0.021055814421504532,0,2023Q3
2023-08-21,XLI,-0.025199576165337856,-0.0048241556101721005,0,2023Q3
2023-08-21,XLK,-0.0008298377774698107,0.011049849540807654,0,2023Q3
2023-08-21,XLP,-0.023663978853104672,-0.014327632494557993,0,2023Q3
2023-08-21,XLRE,-0.004604821999392161,-0.02110094238268235,0,2023Q3
2023-08-21,XLU,0.007070249605593215,-0.00974484813307147,0,2023Q3
2023-08-21,XLV,-0.023455739319446556,-0.007849661037188925,0,2023Q3
2023-08-21,XLY,0.018099779418883966,-0.010005050315142563,0,2023Q3
2023-08-22,XLB,-0.009908730941013522,-0.007880241114188459,0,2023Q3
2023-08-22,XLC,0.013989245843967657,-0.011687595680908939,0,2023Q3
2023-08-22,XLE,0.031198665071464404,-0.005307749729501118,0,2023Q3
2023-08-22,XLF,0.024759115427929412,-0.021568355884533555,0,2023Q3
2023-08-22,XLI,-0.02020014462763886,-0.0055612980762531124,0,2023Q3
2023-08-22,XLK,-0.00897922460481626,0.004914990499062679,0,2023Q3
2023-08-22,XLP,-0.010547068363181089,-0.015566968050329665,0,2023Q3
2023-08-22,XLRE,0.0008266462494164184,-0.022194528460318497,0,2023Q3
2023-08-22,XLU,0.011683937491609786,-0.010833120666956447,0,2023Q3
2023-08-22,XLV,-0.01335557570579815,-0.00901345974341907,0,2023Q3
2023-08-22,XLY,0.012961894583572331,-0.011175883470314741,0,2023Q3
2023-08-23,XLB,-0.004010685824695326,-0.00784066527646352,0,2023Q3
2023-08-23,XLC,0.012908245606524815,-0.012141331356068456,0,2023Q3
2023-08-23,XLE,0.04699485218749311,-0.00545001137897445,0,2023Q3
2023-08-23,XLF,0.025389963352182687,-0.02252272988083091,0,2023Q3
2023-08-23,XLI,-0.01870067126779651,-0.00587908777082943,0,2023Q3
2023-08-23,XLK,-0.01403056672727876,0.0030574468577514663,0,2023Q3
2023-08-23,XLP,-0.002376521958819988,-0.01897975973898302,0,2023Q3
2023-08-23,XLRE,-0.020550042487214593,-0.02237150874324361,0,2023Q3
2023-08-23,XLU,0.02454187774696226,-0.011424325588242776,0,2023Q3
2023-08-23,XLV,0.002471220572645927,-0.009327466017247592,0,2023Q3
2023-08-23,XLY,0.004839453581010678,-0.011288974760250387,0,2023Q3
2023-08-24,XLB,-0.012375487338589841,-0.007201643883399408,0,2023Q3
2023-08-24,XLC,0.019555812883086054,-0.010399087115271724,0,2023Q3
2023-08-24,XLE,0.04431930616738711,-0.0038278861090556525,0,2023Q3
2023-08-24,XLF,0.009784094083914896,-0.022283071789862358,0,2023Q3
2023-08-24,XLI,-0.021726511475828936,-0.0042925315936484364,0,2023Q3
2023-08-24,XLK,-0.0007587103520123595,0.004556247076204195,0,2023Q3
2023-08-24,XLP,-0.01129464032682237,-0.01695724303078265,0,2023Q3
2023-08-24,XLRE,-0.03415914342412052,-0.02117665753342421,0,2023Q3
2023-08-24,XLU,0.01702616349669539,-0.010526162278361126,0,2023Q3
2023-08-24,XLV,-0.0024816289741418363,-0.008131024828356115,0,2023Q3
2023-08-24,XLY,0.003079914872949785,-0.009401986400989682,0,2023Q3
2023-08-25,XLB,-0.004808881546154109,-0.007299071222197183,0,2023Q3
2023-08-25,XLC,0.023710187476074118,-0.011781416038486082,0,2023Q3
2023-08-25,XLE,0.05001590122325217,-0.0038045694131849817,0,2023Q3
2023-08-25,XLF,0.01023700411037276,-0.0220154145687495,0,2023Q3
2023-08-25,XLI,-0.022205150692498066,-0.004649184066538348,0,2023Q3
2023-08-25,XLK,-0.004753929026422243,0.004843423377520081,0,2023Q3
2023-08-25,XLP,-0.017342992248027933,-0.01728342043683113,0,2023Q3
2023-08-25,XLRE,-0.03563148541147898,-0.021001381343559923,0,2023Q3
2023-08-25,XLU,0.01083428991384916,-0.01002512766314436,0,2023Q3
2023-08-25,XLV,-0.0015219008917133348,-0.00871913685390576,0,2023Q3
2023-08-25,XLY,0.0009517587411225215,-0.009170670832909534,0,2023Q3
2023-08-28,XLB,-0.005369794943403172,-0.00785864325528196,0,2023Q3
2023-08-28,XLC,0.02104984691618572,-0.010813478105954349,0,2023Q3
2023-08-28,XLE,0.05774345303970796,-0.0054424321330320755,0,2023Q3
2023-08-28,XLF,0.012085872748530235,-0.022078102265573496,0,2023Q3
2023-08-28,XLI,-0.02397400924665083,-0.004196995248897176,0,2023Q3
2023-08-28,XLK,-0.009614940241364223,0.003289769079092902,0,2023Q3
2023-08-28,XLP,-0.008335989275643274,-0.017863160889150895,0,2023Q3
2023-08-28,XLRE,-0.039175453739405675,-0.021528301919343504,0,2023Q3
2023-08-28,XLU,0.0018151551374365749,-0.010235174947748001,0,2023Q3
2023-08-28,XLV,0.008435589640345631,-0.008496298130128015,0,2023Q3
2023-08-28,XLY,-0.0002858638498316468,-0.009320051529265043,0,2023Q3
2023-08-29,XLB,-0.007770059666933671,-0.018350319086067383,0,2023Q3
2023-08-29,XLC,0.01553142115590389,-0.012092770215022893,0,2023Q3
2023-08-29,XLE,0.09363662455171051,-0.00498934366736321,0,2023Q3
2023-08-29,XLF,0.015209209441206628,-0.024688475845954922,0,2023Q3
2023-08-29,XLI,-0.010823186640213978,-0.014405055849666639,0,2023Q3
2023-08-29,XLK,-0.013562810682406057,5.5382728289409336e-05,0,2023Q3
2023-08-29,XLP,-0.006211735250395867,-0.017827017096768646,0,2023Q3
2023-08-29,XLRE,-0.044350339027780517,-0.022781851700778327,0,2023Q3
2023-08-29,XLU,-0.006957421191164825,-0.01170170069196589,0,2023Q3
2023-08-29,XLV,0.008314924955149738,-0.010217645730569479,0,2023Q3
2023-08-29,XLY,-0.013995435983962135,-0.011288146894711025,0,2023Q3
2023-08-30,XLB,-0.0013821838832072109,-0.01842073629133156,0,2023Q3
2023-08-30,XLC,0.02444463286700238,-0.011717877162326782,0,2023Q3
2023-08-30,XLE,0.08801575534997363,-0.0053758042016174845,0,2023Q3
2023-08-30,XLF,0.02001943530573913,-0.02544852668135908,0,2023Q3
2023-08-30,XLI,-0.012680133065416932,-0.01426508718268562,0,2023Q3
2023-08-30,XLK,-0.015576623774408715,-0.001451052785040984,0,2023Q3
2023-08-30,XLP,-0.006472171536123339,-0.018471599027599803,0,2023Q3
2023-08-30,XLRE,-0.03970239222739347,-0.02415690855550129,0,2023Q3
2023-08-30,XLU,-0.02469761670358883,-0.011975146113696948,0,2023Q3
2023-08-30,XLV,0.012037641234581842,-0.010328953936502797,0,2023Q3
2023-08-30,XLY,-0.009189261477345667,-0.01115009563210804,0,2023Q3
2023-08-31,XLB,-0.0015758229249798195,-0.0165356191117328,0,2023Q3
2023-08-31,XLC,0.018891391312670702,-0.0099656877048863,0,2023Q3
2023-08-31,XLE,0.06731443844770901,-0.0031142258550363733,0,2023Q3
2023-08-31,XLF,0.015587843802955192,-0.02398799752348884,0,2023Q3
2023-08-31,XLI,-0.01250841469293229,-0.011983839807557201,0,2023Q3
2023-08-31,XLK,-0.015994003221980635,0.002663511385043368,0,2023Q3
2023-08-31,XLP,-0.0035053458207601196,-0.017681910585049188,0,2023Q3
2023-08-31,XLRE,-0.028903931314122278,-0.02263175953864269,0,2023Q3
2023-08-31,XLU,-0.013226169988639347,-0.010417414509647198,0,2023Q3
2023-08-31,XLV,0.017226685211187975,-0.008574805642197049,0,2023Q3
2023-08-31,XLY,-0.0062145222452324456,-0.009193804023866846,0,2023Q3
2023-09-01,XLB,-0.022353657746101097,-0.01586981699058522,0,2023Q3
2023-09-01,XLC,0.03742745009231929,-0.009428290822370348,0,2023Q3
2023-09-01,XLE,0.02923263396382847,-0.000959825688000621,0,2023Q3
2023-09-01,XLF,0.0010385527305899478,-0.02345811063092738,0,2023Q3
2023-09-01,XLI,-0.024371089181810746,-0.011923724911386714,0,2023Q3
2023-09-01,XLK,-0.006721422192426996,0.00016945908716214063,0,2023Q3
2023-09-01,XLP,0.00025135145649057833,-0.015633688101594073,0,2023Q3
2023-09-01,XLRE,-0.043019241010109566,-0.022110580106991313,0,2023Q3
2023-09-01,XLU,-0.05004264372316758,-0.010180253538453421,0,2023Q3
2023-09-01,XLV,0.015418282385862514,-0.007986099580114949,0,2023Q3
2023-09-01,XLY,0.002475829707451971,-0.00919887504176295,0,2023Q3
2023-09-05,XLB,0.0011375504928778923,-0.014894084403034127,0,2023Q3
2023-09-05,XLC,0.03293011888089126,-0.009463973483352218,0,2023Q3
2023-09-05,XLE,0.03205924572438268,-0.0001783352005032511,0,2023Q3
2023-09-05,XLF,0.004180891385214935,-0.023016645830432975,0,2023Q3
2023-09-05,XLI,-0.006508071588036235,-0.011456769958792058,0,2023Q3
2023-09-05,XLK,-0.017340935892569243,0.0007423527879683971,0,2023Q3
2023-09-05,XLP,0.010234075167864898,-0.014510256287041876,0,2023Q3
2023-09-05,XLRE,-0.04191871062586039,-0.02108009288803766,0,2023Q3
2023-09-05,XLU,-0.016921127262518265,-0.009365230836513312,0,2023Q3
2023-09-05,XLV,0.025463968905998335,-0.00756349214364257,0,2023Q3
2023-09-05,XLY,-0.012660924550829455,-0.008649306788742329,0,2023Q3
2023-09-06,XLB,0.001051776954817396,-0.015483314926809474,0,2023Q3
2023-09-06,XLC,0.03201912680015606,-0.010125737460774453,0,2023Q3
2023-09-06,XLE,-0.012059971302221695,-0.0006395561751049578,0,2023Q3
2023-09-06,XLF,-0.001508201135066889,-0.023433350279650992,0,2023Q3
2023-09-06,XLI,-0.012710159912370678,-0.011801541413820588,0,2023Q3
2023-09-06,XLK,-0.009124727270111488,0.0001793236238685058,0,2023Q3
2023-09-06,XLP,0.00562380459716294,-0.014111855921679526,0,2023Q3
2023-09-06,XLRE,-0.04386026919829478,-0.021656992069737716,0,2023Q3
2023-09-06,XLU,-0.03321004022124752,-0.009674766971488905,0,2023Q3
2023-09-06,XLV,0.021618867658313667,-0.007927977621828803,0,2023Q3
2023-09-06,XLY,0.0008365838636282819,-0.009575243627409294,0,2023Q3
2023-09-07,XLB,-0.008830846038012208,-0.015513564191907725,0,2023Q3
2023-09-07,XLC,0.029867985876309122,-0.010870274071188115,0,2023Q3
2023-09-07,XLE,-0.019516939065560623,-0.004427576430632605,0,2023Q3
2023-09-07,XLF,0.002800971720666956,-0.023575703714225564,0,2023Q3
2023-09-07,XLI,-0.017743316100471196,-0.012086738900431371,0,2023Q3
2023-09-07,XLK,0.0034097365826594173,-0.0013114764561390603,0,2023Q3
2023-09-07,XLP,-0.018072145530839356,-0.014995458849693203,0,2023Q3
2023-09-07,XLRE,-0.04730904495659638,-0.022250749715329896,0,2023Q3
2023-09-07,XLU,-0.05292899950972596,-0.009981542547124533,0,2023Q3
2023-09-07,XLV,0.019999883908750182,-0.007693846081401625,0,2023Q3
2023-09-07,XLY,-0.009128317077333525,-0.009965423209689376,0,2023Q3
2023-09-08,XLB,-0.010708818156394129,-0.015691940093679232,0,2023Q3
2023-09-08,XLC,0.035121484502128486,-0.010407035416523922,0,2023Q3
2023-09-08,XLE,-0.03279013890133842,-0.0040671162648625615,0,2023Q3
2023-09-08,XLF,-0.0008664949190306803,-0.023340669443881377,0,2023Q3
2023-09-08,XLI,-0.01004678731431874,-0.011754377535492048,0,2023Q3
2023-09-08,XLK,0.009419909126932913,-0.0020087414336854128,0,2023Q3
2023-09-08,XLP,-0.03428521805682139,-0.014791674658556608,0,2023Q3
2023-09-08,XLRE,-0.047692696726897355,-0.022103804689494272,0,2023Q3
2023-09-08,XLU,-0.05799061712251796,-0.009994966520607653,0,2023Q3
2023-09-08,XLV,0.020344951949584966,-0.007603374664174125,0,2023Q3
2023-09-08,XLY,-0.01236883807851663,-0.009865620419066778,0,2023Q3
2023-09-11,XLB,-0.008300369426930687,-0.015882487117880657,0,2023Q3
2023-09-11,XLC,0.031753569374432744,-0.008681850454211522,0,2023Q3
2023-09-11,XLE,0.007460046712098212,-0.001882180266001645,0,2023Q3
2023-09-11,XLF,-0.0026442663441182956,-0.023465563701660568,0,2023Q3
2023-09-11,XLI,0.005653574417799678,-0.011837718201185801,0,2023Q3
2023-09-11,XLK,0.006030904832794337,-0.0020664856198698194,0,2023Q3
2023-09-11,XLP,-0.03687474839590066,-0.01707485360257808,0,2023Q3
2023-09-11,XLRE,-0.0377593418572757,-0.022161285620999137,0,2023Q3
2023-09-11,XLU,-0.04511697992398378,-0.00991174880297771,0,2023Q3
2023-09-11,XLV,0.016804218298296925,-0.008144059476255482,0,2023Q3
2023-09-11,XLY,-0.03101678873495073,-0.008460047420253147,0,2023Q3
2023-09-12,XLB,-0.013090959533755608,-0.015901543600226737,0,2023Q3
2023-09-12,XLC,0.0421994956783992,-0.008917733499976245,0,2023Q3
2023-09-12,XLE,-0.03661000533368375,0.0006871652164822939,0,2023Q3
2023-09-12,XLF,-0.016945746146156515,-0.02314573213147073,0,2023Q3
2023-09-12,XLI,0.005724653687016135,-0.011782497142391263,0,2023Q3
2023-09-12,XLK,0.02391031674977795,-0.002099358232202618,0,2023Q3
2023-09-12,XLP,-0.04456615612929882,-0.014452963491113425,0,2023Q3
2023-09-12,XLRE,-0.02826331435163465,-0.02218425276932093,0,2023Q3
2023-09-12,XLU,-0.04066046877399454,-0.010101725290272444,0,2023Q3
2023-09-12,XLV,0.00436282338709304,-0.007700898270791614,0,2023Q3
2023-09-12,XLY,-0.02839942757342251,-0.009302197919993493,0,2023Q3
2023-09-13,XLB,-0.014790223225483068,-0.015895602284723365,0,2023Q3
2023-09-13,XLC,0.03396547274756323,-0.00967454443528878,0,2023Q3
2023-09-13,XLE,-0.021286268749989845,-0.0013056031543847036,0,2023Q3
2023-09-13,XLF,-0.01590271364310014,-0.02401344981398016,0,2023Q3
2023-09-13,XLI,0.010419599866590579,-0.011631481564742072,0,2023Q3
2023-09-13,XLK,0.02942213848470343,-0.002344226584677085,0,2023Q3
2023-09-13,XLP,-0.050475976719110194,-0.017021267947653476,0,2023Q3
2023-09-13,XLRE,-0.02415756024496518,-0.022088597434160286,0,2023Q3
2023-09-13,XLU,-0.05896238178925317,-0.010916392869065815,0,2023Q3
2023-09-13,XLV,0.0028790368573528013,-0.008137138827707594,0,2023Q3
2023-09-13,XLY,-0.03905115449026697,-0.009031119700731388,0,2023Q3
2023-09-14,XLB,-0.018512079951056415,-0.013908687385347585,0,2023Q3
2023-09-14,XLC,0.022146536238156767,-0.00785028515029521,0,2023Q3
2023-09-14,XLE,0.0014962894009271643,-0.0005887761571502833,0,2023Q3
2023-09-14,XLF,-0.009536272724179895,-0.022013221846044463,0,2023Q3
2023-09-14,XLI,0.005328039854305855,-0.0111908326881194,0,2023Q3
2023-09-14,XLK,0.02108903693167896,-0.0014939769264841795,0,2023Q3
2023-09-14,XLP,-0.03864544672283898,-0.01647914253173259,0,2023Q3
2023-09-14,XLRE,-0.02825507443129338,-0.021250584847480276,0,2023Q3
2023-09-14,XLU,-0.0488920935213395,-0.010890829507111842,0,2023Q3
2023-09-14,XLV,0.01898658530729036,-0.007593040628315248,0,2023Q3
2023-09-14,XLY,-0.048578964954824055,-0.007520282841259803,0,2023Q3
2023-09-15,XLB,-0.023976650371511754,-0.014969348841531465,0,2023Q3
2023-09-15,XLC,0.026012544265177406,-0.009007657061351699,0,2023Q3
2023-09-15,XLE,-0.0032479914062478743,0.0007066063798743197,0,2023Q3
2023-09-15,XLF,-0.019930352169004184,-0.0229248562819331,0,2023Q3
2023-09-15,XLI,-0.004134199427115126,-0.011142803307789516,0,2023Q3
2023-09-15,XLK,0.024525362443814536,-0.0017331882704841846,0,2023Q3
2023-09-15,XLP,-0.046756915133800314,-0.016624658861125532,0,2023Q3
2023-09-15,XLRE,-0.0405482612192688,-0.02347361090885515,0,2023Q3
2023-09-15,XLU,-0.060923646095834894,-0.010693731812704574,0,2023Q3
2023-09-15,XLV,0.008816301115033731,-0.00786090698675038,0,2023Q3
2023-09-15,XLY,-0.0431334038821668,-0.00896279213921319,0,2023Q3
2023-09-18,XLB,-0.005197263241496608,-0.014757902143089734,0,2023Q3
2023-09-18,XLC,0.031992931468938,-0.009345471804550516,0,2023Q3
2023-09-18,XLE,0.0065144817569869895,0.000667766700469084,0,2023Q3
2023-09-18,XLF,-0.013044512351887527,-0.02287820360418564,0,2023Q3
2023-09-18,XLI,0.0024438381098192963,-0.011038765561006875,0,2023Q3
2023-09-18,XLK,0.017803476953004438,-0.0016198701897663917,0,2023Q3
2023-09-18,XLP,-0.035404074920044715,-0.015954345529696337,0,2023Q3
2023-09-18,XLRE,-0.029004163811777173,-0.02100947127530128,0,2023Q3
2023-09-18,XLU,-0.05461863027427938,-0.010735536686324178,0,2023Q3
2023-09-18,XLV,0.013654505144275353,-0.0075571704566074335,0,2023Q3
2023-09-18,XLY,-0.028241655557544654,-0.00985043581680219,0,2023Q3
2023-09-19,XLB,-0.01860698249222359,-0.014879846688715543,0,2023Q3
2023-09-19,XLC,0.024824748911809746,-0.009639444607884053,0,2023Q3
2023-09-19,XLE,0.036016009738277566,0.00046056557117438515,0,2023Q3
2023-09-19,XLF,-0.01754655706867536,-0.023245075978878534,0,2023Q3
2023-09-19,XLI,-0.006201263018859149,-0.01116684249106411,0,2023Q3
2023-09-19,XLK,0.019136759367202272,-0.001899632133174566,0,2023Q3
2023-09-19,XLP,-0.01856318684675773,-0.01612795573646548,0,2023Q3
2023-09-19,XLRE,-0.03400432315480151,-0.02101142284644086,0,2023Q3
2023-09-19,XLU,-0.04658518081433216,-0.01112016952709631,0,2023Q3
2023-09-19,XLV,0.015237316126945455,-0.0076684724947155706,0,2023Q3
2023-09-19,XLY,-0.03486844434164471,-0.009868379484271363,0,2023Q3
2023-09-20,XLB,-0.020127988314800782,-0.014346057632202383,0,2023Q3
2023-09-20,XLC,0.03715654377620925,-0.009513530627814841,0,2023Q3
2023-09-20,XLE,0.04332276432868121,-0.002089962921981806,0,2023Q3
2023-09-20,XLF,-0.024063062523785872,-0.023429673134898087,0,2023Q3
2023-09-20,XLI,-0.01174408460159948,-0.011344062839782188,0,2023Q3
2023-09-20,XLK,0.028796422818625822,-0.0014746012477457578,0,2023Q3
2023-09-20,XLP,-0.02689520433615533,-0.014196599823917508,0,2023Q3
2023-09-20,XLRE,-0.059241055067703385,-0.020916867225465582,0,2023Q3
2023-09-20,XLU,-0.057057843981727197,-0.011189693648766142,0,2023Q3
2023-09-20,XLV,0.005034488159530004,-0.007401635918896616,0,2023Q3
2023-09-20,XLY,-0.050026191270998166,-0.009560077374179255,0,2023Q3
2023-09-21,XLB,-0.016508465653093496,-0.012687213093345133,0,2023Q3
2023-09-21,XLC,0.03612547214284423,-0.009898566195354983,0,2023Q3
2023-09-21,XLE,0.03598186903642875,-0.0023151093041834225,0,2023Q3
2023-09-21,XLF,-0.027063049151776597,-0.023228145450342984,0,2023Q3
2023-09-21,XLI,-0.010034765737594764,-0.010861514408956134,0,2023Q3
2023-09-21,XLK,0.02291305830085799,-0.0013817631050844032,0,2023Q3
2023-09-21,XLP,-0.02244171865808553,-0.015975562744510813,0,2023Q3
2023-09-21,XLRE,-0.035533898994318136,-0.01710990945171555,0,2023Q3
2023-09-21,XLU,-0.061200163707245125,-0.009815236155264565,0,2023Q3
2023-09-21,XLV,0.0055491138744985236,-0.0070207775393426085,0,2023Q3
2023-09-21,XLY,-0.043050881296553434,-0.009043424292169915,0,2023Q3
2023-09-22,XLB,-0.026751351477208196,-0.012716637885641821,0,2023Q3
2023-09-22,XLC,0.04218925905830806,-0.01114930374357969,0,2023Q3
2023-09-22,XLE,0.017429741894462003,-0.00252465759452101,0,2023Q3
2023-09-22,XLF,-0.02617650772257607,-0.022867466881377977,0,2023Q3
2023-09-22,XLI,-0.011735535877953285,-0.010867304364550502,0,2023Q3
2023-09-22,XLK,0.021437129228334517,-0.0015229853388033397,0,2023Q3
2023-09-22,XLP,-0.019631411004883415,-0.016451114019903682,0,2023Q3
2023-09-22,XLRE,-0.03760612317812373,-0.017052362139759917,0,2023Q3
2023-09-22,XLU,-0.0677114466764922,-0.010181336930367584,0,2023Q3
2023-09-22,XLV,0.0009350407466817146,-0.007433885510421257,0,2023Q3
2023-09-22,XLY,-0.03315758056348572,-0.009608244882478587,0,2023Q3
2023-09-25,XLB,-0.02631156661155143,-0.011714506269400718,0,2023Q3
2023-09-25,XLC,0.048476929732782836,-0.011063831796920335,0,2023Q3
2023-09-25,XLE,-0.011951023910677372,-0.0022335120187622105,0,2023Q3
2023-09-25,XLF,-0.025153571103202377,-0.02282612030639099,0,2023Q3
2023-09-25,XLI,-0.01255675374129317,-0.010626891890782041,0,2023Q3
2023-09-25,XLK,0.021836913626241405,-0.0014407971437949913,0,2023Q3
2023-09-25,XLP,-0.011295058747050946,-0.015851066876373367,0,2023Q3
2023-09-25,XLRE,-0.027335871981773674,-0.01696612039470193,0,2023Q3
2023-09-25,XLU,-0.04624242631018349,-0.009906186878905161,0,2023Q3
2023-09-25,XLV,-0.004633217899223552,-0.007281588300323221,0,2023Q3
2023-09-25,XLY,-0.03216593283942737,-0.009478482633148577,0,2023Q3
2023-09-26,XLB,-0.023985779054698564,-0.011138337749436135,0,2023Q3
2023-09-26,XLC,0.014640207477078615,-0.010242984193358482,0,2023Q3
2023-09-26,XLE,-0.008468527699296846,-0.001989453069426243,0,2023Q3
2023-09-26,XLF,-0.016186970082803787,-0.022187931494307686,0,2023Q3
2023-09-26,XLI,-0.010517926711173575,-0.010661589623891347,0,2023Q3
2023-09-26,XLK,0.027832637329410326,-0.0014322454543142142,0,2023Q3
2023-09-26,XLP,-0.0010545979846608988,-0.015313134581200864,0,2023Q3
2023-09-26,XLRE,-0.030882977547375123,-0.017061712344154278,0,2023Q3
2023-09-26,XLU,-0.012409183409647584,-0.00927109254083748,0,2023Q3
2023-09-26,XLV,-0.005411597937164836,-0.006032333910240414,0,2023Q3
2023-09-26,XLY,-0.03441294730289757,-0.009309999333742283,0,2023Q3
2023-09-27,XLB,-0.005055613161992767,-0.010702583042519163,0,2023Q3
2023-09-27,XLC,0.002554253734869616,-0.010269747124670681,0,2023Q3
2023-09-27,XLE,-0.027347761615154953,0.0004464006334696565,0,2023Q3
2023-09-27,XLF,-0.004715503609614036,-0.01944640239499443,0,2023Q3
2023-09-27,XLI,-0.00959843386932191,-0.007967674556323637,0,2023Q3
2023-09-27,XLK,0.019172551728466658,-0.00012360254828311032,0,2023Q3
2023-09-27,XLP,0.012791072944271842,-0.011472959607425882,0,2023Q3
2023-09-27,XLRE,0.009960231305290446,-0.015984897428241378,0,2023Q3
2023-09-27,XLU,0.027196150702152866,-0.005866570929196028,0,2023Q3
2023-09-27,XLV,0.00194203758318523,-0.0050856309408163335,0,2023Q3
2023-09-27,XLY,-0.033481549928546794,-0.006818718139076256,0,2023Q3
2023-09-28,XLB,-0.0057755566492416754,-0.008679090486220611,0,2023Q3
2023-09-28,XLC,-0.0015894476339283203,-0.009126236504246052,0,2023Q3
2023-09-28,XLE,-0.04096996355009763,0.002331656005865772,0,2023Q3
2023-09-28,XLF,-0.01900155139285764,-0.017954724342493435,0,2023Q3
2023-09-28,XLI,-0.012135998444355534,-0.0062950923120509705,0,2023Q3
2023-09-28,XLK,0.027859244029485142,0.0011323339127929282,0,2023Q3
2023-09-28,XLP,0.006419374391970378,-0.010510416121174856,0,2023Q3
2023-09-28,XLRE,-0.005496467136193894,-0.014530434109154574,0,2023Q3
2023-09-28,XLU,0.0399318494455948,-0.0032063730341861094,0,2023Q3
2023-09-28,XLV,-0.009092975214996857,-0.00415241569119505,0,2023Q3
2023-09-28,XLY,-0.02418985754882519,-0.005788146629460753,0,2023Q3
2023-09-29,XLB,-0.008213840893803726,-0.010994521394927058,0,2023Q3
2023-09-29,XLC,0.009818131972643807,-0.010759257668536543,0,2023Q3
2023-09-29,XLE,-0.03281200871724432,8.135617584039898e-05,0,2023Q3
2023-09-29,XLF,-0.0071571929177025595,-0.02059570778570683,0,2023Q3
2023-09-29,XLI,-0.00907673875940107,-0.008772924545171522,0,2023Q3
2023-09-29,XLK,0.021225988863840195,-0.001613739918606259,0,2023Q3
2023-09-29,XLP,0.01052016877923112,-0.012644088132445835,0,2023Q3
2023-09-29,XLRE,-0.019734996742295507,-0.01594016709287027,0,2023Q3
2023-09-29,XLU,0.03205648814291229,-0.00459858770371875,0,2023Q3
2023-09-29,XLV,-0.010324717828916086,-0.0056844325875691415,0,2023Q3
2023-09-29,XLY,-0.034429590243802544,-0.007645793316252215,0,2023Q3
2023-10-02,XLB,0.002612153237937842,-0.009029333350429625,1,2023Q4
2023-10-02,XLC,0.0010348270499522805,-0.0037825856955401626,1,2023Q4
2023-10-02,XLE,-0.01705963273729494,0.0071540024827453875,1,2023Q4
2023-10-02,XLF,0.005205096354684358,-0.014092689000501497,1,2023Q4
2023-10-02,XLI,0.0010982792533286156,-0.0057053139246707,1,2023Q4
2023-10-02,XLK,0.011179999833307419,0.0028694241191332074,1,2023Q4
2023-10-02,XLP,0.014295711812441048,-0.010915506747894668,1,2023Q4
2023-10-02,XLRE,0.010856038640448262,-0.016186017565583213,1,2023Q4
2023-10-02,XLU,0.08360808028008071,-0.007202935244647074,1,2023Q4
2023-10-02,XLV,-0.009950029356162182,-0.004286892037831593,1,2023Q4
2023-10-02,XLY,-0.03460510680057349,-0.005795484251737822,1,2023Q4
2023-10-03,XLB,-0.0180619435932603,-0.009481979827717786,1,2023Q4
2023-10-03,XLC,0.005134230965426978,-0.0038198245335046314,1,2023Q4
2023-10-03,XLE,-0.042524456136424416,0.007532768252417956,1,2023Q4
2023-10-03,XLF,0.003640549531792381,-0.013102882415471553,1,2023Q4
2023-10-03,XLI,-0.012669418226460172,-0.005799559066592317,1,2023Q4
2023-10-03,XLK,0.02386179267271027,0.0028131198907058496,1,2023Q4
2023-10-03,XLP,-0.0034223144745416656,-0.01023301012722429,1,2023Q4
2023-10-03,XLRE,0.010555777199701799,-0.015443453105879815,1,2023Q4
2023-10-03,XLU,0.05956614114199432,-0.005680352001312948,1,2023Q4
2023-10-03,XLV,-0.023099932069097773,-0.004013474103170327,1,2023Q4
2023-10-03,XLY,-0.022959157246993267,-0.005715911579876388,1,2023Q4
2023-10-04,XLB,-0.02254752951334038,-0.009978798737060587,1,2023Q4
2023-10-04,XLC,-0.002964523921919149,-0.004519505451420913,1,2023Q4
2023-10-04,XLE,0.006743438997468099,0.01155303195462238,1,2023Q4
2023-10-04,XLF,0.008021338513168663,-0.014177277132419567,1,2023Q4
2023-10-04,XLI,-0.007365132652655815,-0.006192170809150997,1,2023Q4
2023-10-04,XLK,0.01656152689168633,0.00315457657719224,1,2023Q4
2023-10-04,XLP,-0.010270266908933179,-0.011116844856584821,1,2023Q4
2023-10-04,XLRE,0.019079375653368258,-0.01587813567673678,1,2023Q4
2023-10-04,XLU,0.06876342920056366,-0.006142614406850096,1,2023Q4
2023-10-04,XLV,-0.02358606448257361,-0.004657624206619798,1,2023Q4
2023-10-04,XLY,-0.028651038250130045,-0.006186943800655116,1,2023Q4
2023-10-05,XLB,-0.004201449711512151,-0.009010881333580802,1,2023Q4
2023-10-05,XLC,0.004305790857898728,-0.0041684331784513475,1,2023Q4
2023-10-05,XLE,-0.006872582816898287,0.011236840692664842,1,2023Q4
2023-10-05,XLF,0.0071308197103250315,-0.013957757592740011,1,2023Q4
2023-10-05,XLI,-0.002077533794950792,-0.0059416223233751874,1,2023Q4
2023-10-05,XLK,0.016145473277755062,0.003277810907353687,1,2023Q4
2023-10-05,XLP,0.0015024484793282333,-0.01100046515942547,1,2023Q4
2023-10-05,XLRE,0.026249551213142652,-0.016016797797074912,1,2023Q4
2023-10-05,XLU,0.07183231248976263,-0.006141897647641116,1,2023Q4
2023-10-05,XLV,-0.033720240727242556,-0.004460984893033462,1,2023Q4
2023-10-05,XLY,-0.01942762195251202,-0.006090433919957724,1,2023Q4
2023-10-06,XLB,-0.009060557887219378,-0.00767774134937501,1,2023Q4
2023-10-06,XLC,-0.007293281046738542,-0.0008748280960329276,1,2023Q4
2023-10-06,XLE,-0.014667577973884072,0.011129458449097374,1,2023Q4
2023-10-06,XLF,0.005052817919637187,-0.014286058008735471,1,2023Q4
2023-10-06,XLI,-0.008860210098624366,-0.006181800866409833,1,2023Q4
2023-10-06,XLK,0.013443622881316841,0.0036653198157541316,1,2023Q4
2023-10-06,XLP,0.018530715453331847,-0.010725842063433591,1,2023Q4
2023-10-06,XLRE,0.01756555215011457,-0.01614718140621062,1,2023Q4
2023-10-06,XLU,0.06341161551313257,-0.0060533710762580815,1,2023Q4
2023-10-06,XLV,-0.02777814516701682,-0.0043410844302881665,1,2023Q4
2023-10-06,XLY,-0.015500631979981416,-0.006147162544780955,1,2023Q4
2023-10-10,XLB,-0.03134903001166078,-0.006280218793428469,1,2023Q4
2023-10-10,XLC,-0.009616505380775742,-0.00174859568499923,1,2023Q4
2023-10-10,XLE,-0.06074245911744114,0.007815655029306257,1,2023Q4
2023-10-10,XLF,0.004409840871386628,-0.015077952697388985,1,2023Q4
2023-10-10,XLI,-0.023950253540368505,-0.003706592711426363,1,2023Q4
2023-10-10,XLK,0.026563704212140937,0.0032577881158787547,1,2023Q4
2023-10-10,XLP,0.018531973685108172,-0.010820606385408951,1,2023Q4
2023-10-10,XLRE,0.0009477621455329377,-0.015936520929536846,1,2023Q4
2023-10-10,XLU,0.03954343889527623,-0.006233523173354107,1,2023Q4
2023-10-10,XLV,-0.026327044931108268,-0.0066684674378405745,1,2023Q4
2023-10-10,XLY,-0.007530338510653212,-0.006140700377699652,1,2023Q4
2023-10-11,XLB,-0.027286310826759586,-0.006623600353301109,1,2023Q4
2023-10-11,XLC,-0.01990535592020748,-0.0018689887702519796,1,2023Q4
2023-10-11,XLE,-0.057065222853943776,0.007567415162810365,1,2023Q4
2023-10-11,XLF,0.00746373925248589,-0.014840556702022754,1,2023Q4
2023-10-11,XLI,-0.024235710250561815,-0.003943240691124243,1,2023Q4
2023-10-11,XLK,0.0262443852037908,0.00316148975145,1,2023Q4
2023-10-11,XLP,0.02490363767519388,-0.01053972809450927,1,2023Q4
2023-10-11,XLRE,-0.009887854987739697,-0.016100512549178974,1,2023Q4
2023-10-11,XLU,0.01868787869384625,-0.007537344480136301,1,2023Q4
2023-10-11,XLV,-0.01998586927658308,-0.0068579496580745,1,2023Q4
2023-10-11,XLY,-0.010346274328266736,-0.005871148788320144,1,2023Q4
2023-10-12,XLB,-0.01927815396847299,-0.005548609618983651,1,2023Q4
2023-10-12,XLC,-0.006754449571574117,-0.001589281541845288,1,2023Q4
2023-10-12,XLE,-0.05927886363850865,0.008706851283209936,1,2023Q4
2023-10-12,XLF,0.011353184168959363,-0.014211437949438025,1,2023Q4
2023-10-12,XLI,-0.015708272572366955,-0.0013643506061126064,1,2023Q4
2023-10-12,XLK,0.022205924310082725,0.003454302916472432,1,2023Q4
2023-10-12,XLP,0.03371359032047039,-0.010361412736180506,1,2023Q4
2023-10-12,XLRE,-0.0103131794298702,-0.015466724728439947,1,2023Q4
2023-10-12,XLU,0.02277728844854221,-0.007191539066808366,1,2023Q4
2023-10-12,XLV,-0.030249667479583464,-0.004231239603355835,1,2023Q4
2023-10-12,XLY,-0.016406146464145954,-0.0058883941985118544,1,2023Q4
2023-10-13,XLB,-0.024718787069058834,-0.00713722187580223,1,2023Q4
2023-10-13,XLC,-0.00023868457938402976,-0.0009164509417333172,1,2023Q4
2023-10-13,XLE,-0.09009331165783319,0.009114089557910354,1,2023Q4
2023-10-13,XLF,-3.441005183857371e-05,-0.014351655040355678,1,2023Q4
2023-10-13,XLI,-0.013249990747093987,-0.0013113756321150472,1,2023Q4
2023-10-13,XLK,0.04346685775057657,0.0036578347199790217,1,2023Q4
2023-10-13,XLP,0.011222930731815461,-0.009452699360848906,1,2023Q4
2023-10-13,XLRE,-0.01965637065376513,-0.015228747742784725,1,2023Q4
2023-10-13,XLU,-0.003911724073245582,-0.006347841767544002,1,2023Q4
2023-10-13,XLV,-0.05122223807489856,-0.0037506624205230236,1,2023Q4
2023-10-13,XLY,-0.005826495608935778,-0.005885459182964354,1,2023Q4
2023-10-16,XLB,-0.0241858428079057,-0.006944418138249902,1,2023Q4
2023-10-16,XLC,-0.007022978028832005,-0.0006272994634876349,1,2023Q4
2023-10-16,XLE,-0.07803948455288379,0.008787239571675941,1,2023Q4
2023-10-16,XLF,-0.000578262111741612,-0.014742741158286242,1,2023Q4
2023-10-16,XLI,-0.011365185273278344,0.0001591700512864945,1,2023Q4
2023-10-16,XLK,0.03876446286502433,0.003133509499109067,1,2023Q4
2023-10-16,XLP,0.015523271316333798,-0.010414459536698836,1,2023Q4
2023-10-16,XLRE,-0.026525258683797515,-0.0154228717838109,1,2023Q4
2023-10-16,XLU,-0.014691903770097103,-0.00723794159582117,1,2023Q4
2023-10-16,XLV,-0.04130828128546926,-0.007607812507110251,1,2023Q4
2023-10-16,XLY,-0.0061127459821999075,-0.005658346790183724,1,2023Q4
2023-10-17,XLB,-0.024602862028067385,-0.006882619969513301,1,2023Q4
2023-10-17,XLC,-0.013943137395237004,-0.0014917164828649717,1,2023Q4
2023-10-17,XLE,-0.09905018164238955,0.009178353156696167,1,2023Q4
2023-10-17,XLF,-0.0060183663911725915,-0.01472514347987133,1,2023Q4
2023-10-17,XLI,-0.014123378785450447,0.00031006988537148647,1,2023Q4
2023-10-17,XLK,0.04508576887122451,0.0034423114933700787,1,2023Q4
2023-10-17,XLP,0.001980087892048621,-0.009811913348240449,1,2023Q4
2023-10-17,XLRE,0.012287225571959492,-0.015697871408244433,1,2023Q4
2023-10-17,XLU,0.00817213674318018,-0.007141089938591796,1,2023Q4
2023-10-17,XLV,-0.05304499280230557,-0.007661219362763964,1,2023Q4
2023-10-17,XLY,0.005620217927958748,-0.005342992406260421,1,2023Q4
2023-10-18,XLB,-0.009468585784748074,-0.004819638974731564,1,2023Q4
2023-10-18,XLC,-0.007167397523022867,-0.0016894054133055835,1,2023Q4
2023-10-18,XLE,-0.12529176526563357,0.011390899671931335,1,2023Q4
2023-10-18,XLF,0.0015143058581501556,-0.012647921327537885,1,2023Q4
2023-10-18,XLI,-0.002936284038513648,-0.001822867132216215,1,2023Q4
2023-10-18,XLK,0.04149476154477694,0.0036719706495303675,1,2023Q4
2023-10-18,XLP,-0.009684426001689062,-0.008601723915542502,1,2023Q4
2023-10-18,XLRE,0.022002291731772816,-0.015223610698396223,1,2023Q4
2023-10-18,XLU,-0.0020356269905963398,-0.0064895082541567605,1,2023Q4
2023-10-18,XLV,-0.05981222359217653,-0.007383357098433269,1,2023Q4
2023-10-18,XLY,0.015646144033353293,-0.005285622328235345,1,2023Q4
2023-10-19,XLB,-0.004644535807414529,-0.003398019914036349,1,2023Q4
2023-10-19,XLC,-0.01202311092591013,-0.0012307190104217875,1,2023Q4
2023-10-19,XLE,-0.15221743709248037,0.012621690578814347,1,2023Q4
2023-10-19,XLF,0.00932540634458845,-0.010177962283806755,1,2023Q4
2023-10-19,XLI,-0.003571157497049837,0.00010056199196131527,1,2023Q4
2023-10-19,XLK,0.04265265134426954,0.0038929787923309314,1,2023Q4
2023-10-19,XLP,-0.02545532990990651,-0.006854468051874283,1,2023Q4
2023-10-19,XLRE,0.038051704180877666,-0.013631712330214743,1,2023Q4
2023-10-19,XLU,0.0035329485551847117,-0.0008385722421079102,1,2023Q4
2023-10-19,XLV,-0.05627888018621996,-0.005746744188927017,1,2023Q4
2023-10-19,XLY,0.021744904853643776,-0.004739974738648345,1,2023Q4
2023-10-20,XLB,-0.004274416062729047,-0.0036312939550879704,1,2023Q4
2023-10-20,XLC,-0.016909663806969677,-6.045051497750029e-05,1,2023Q4
2023-10-20,XLE,-0.1319876858876322,0.009850953920219362,1,2023Q4
2023-10-20,XLF,0.016990008640115795,-0.010218709435043744,1,2023Q4
2023-10-20,XLI,-0.000266940392966486,2.2912739662857588e-05,1,2023Q4
2023-10-20,XLK,0.04476501646376296,0.0034727144102544285,1,2023Q4
2023-10-20,XLP,-0.037275734213149114,-0.008576049444661915,1,2023Q4
2023-10-20,XLRE,0.0280435385817972,-0.014260194783072591,1,2023Q4
2023-10-20,XLU,0.0031332329094218014,-0.0008635525939710556,1,2023Q4
2023-10-20,XLV,-0.06879339258000328,-0.006227544169802523,1,2023Q4
2023-10-20,XLY,0.031575390153327776,-0.004998505111956135,1,2023Q4
2023-10-23,XLB,-0.0004794705168529312,-0.003998881566547695,1,2023Q4
2023-10-23,XLC,-0.020720133754252856,-0.0005047603883163984,1,2023Q4
2023-10-23,XLE,-0.1253205787483721,0.00878339048114696,1,2023Q4
2023-10-23,XLF,0.018049353684060243,-0.010751237431281785,1,2023Q4
2023-10-23,XLI,-0.0021104590195226702,-0.0005973011116587946,1,2023Q4
2023-10-23,XLK,0.04950888652388241,0.0029150091716630896,1,2023Q4
2023-10-23,XLP,-0.04613136943181706,-0.00963157148250564,1,2023Q4
2023-10-23,XLRE,0.03602700613247434,-0.015169480296617866,1,2023Q4
2023-10-23,XLU,-0.001138928380590265,-0.0016860713814601724,1,2023Q4
2023-10-23,XLV,-0.0664796126054259,-0.007073560487360458,1,2023Q4
2023-10-23,XLY,0.02582111160201639,-0.00558254451340318,1,2023Q4
2023-10-24,XLB,0.0014428935308201662,-0.0048726577865050875,1,2023Q4
2023-10-24,XLC,-0.026218563710884046,-0.001327931844987476,1,2023Q4
2023-10-24,XLE,-0.10343330675792961,0.010257386991597795,1,2023Q4
2023-10-24,XLF,0.02034985731857053,-0.012033192889410012,1,2023Q4
2023-10-24,XLI,-0.0005587550339432035,-0.0016177496122024109,1,2023Q4
2023-10-24,XLK,0.04312780149141138,0.0026207635436458158,1,2023Q4
2023-10-24,XLP,-0.04131511381613229,-0.009195203454143543,1,2023Q4
2023-10-24,XLRE,0.027052748481967814,-0.01549056073307093,1,2023Q4
2023-10-24,XLU,-0.015578373303628323,-0.0025752711948756547,1,2023Q4
2023-10-24,XLV,-0.0530454471430446,-0.0077210591620288415,1,2023Q4
2023-10-24,XLY,0.02176564417613247,-0.005576947242989341,1,2023Q4
2023-10-25,XLB,-0.004994269521700012,-0.0044138241468339055,1,2023Q4
2023-10-25,XLC,0.010215897680819097,-0.0015210182401305047,1,2023Q4
2023-10-25,XLE,-0.12189246473411819,0.011614433968185728,1,2023Q4
2023-10-25,XLF,0.009016138123626671,-0.013172735371190906,1,2023Q4
2023-10-25,XLI,-0.004076104130535718,-0.00045720665796140426,1,2023Q4
2023-10-25,XLK,0.04166877150573689,0.0022447093199337905,1,2023Q4
2023-10-25,XLP,-0.057209054161668105,-0.008456268152642995,1,2023Q4
2023-10-25,XLRE,0.03421378178727097,-0.015164160916626892,1,2023Q4
2023-10-25,XLU,-0.036157301028979294,-0.0021097359297604697,1,2023Q4
2023-10-25,XLV,-0.058752063126763954,-0.007323326682541463,1,2023Q4
2023-10-25,XLY,0.02788974587120907,-0.005424516195906605,1,2023Q4
2023-10-26,XLB,-0.021735299574412448,-0.0045723160843219885,1,2023Q4
2023-10-26,XLC,0.017033177241557063,-0.0015088274530607538,1,2023Q4
2023-10-26,XLE,-0.12415200061511422,0.011603111378918184,1,2023Q4
2023-10-26,XLF,0.0009656442176964042,-0.013300997772622575,1,2023Q4
2023-10-26,XLI,-0.01071527285677032,0.00030257720133071973,1,2023Q4
2023-10-26,XLK,0.04757165222134363,0.0034036461179031453,1,2023Q4
2023-10-26,XLP,-0.060512692064261575,-0.008605019911195336,1,2023Q4
2023-10-26,XLRE,0.001335125939321724,-0.015481619536432938,1,2023Q4
2023-10-26,XLU,-0.056346823556261416,-0.0014372598886471409,1,2023Q4
2023-10-26,XLV,-0.056761277229340434,-0.007145821859698829,1,2023Q4
2023-10-26,XLY,0.032825805038623646,-0.005215568005700309,1,2023Q4
2023-10-27,XLB,-0.025665056532932384,-0.0044244041132499995,1,2023Q4
2023-10-27,XLC,0.011115886138099773,-0.0014874159658284066,1,2023Q4
2023-10-27,XLE,-0.10665238141618771,0.011559042868082108,1,2023Q4
2023-10-27,XLF,0.014492292669662898,-0.011122705755372815,1,2023Q4
2023-10-27,XLI,-0.010219366069858404,0.0012693086372601644,1,2023Q4
2023-10-27,XLK,0.03783619852422948,0.0032897495043312146,1,2023Q4
2023-10-27,XLP,-0.052131504275905405,-0.007997849225700468,1,2023Q4
2023-10-27,XLRE,0.02008641301967007,-0.014858932760301697,1,2023Q4
2023-10-27,XLU,-0.037522464848845694,-0.0013332110356225934,1,2023Q4
2023-10-27,XLV,-0.048425972450782506,-0.0062868085244112346,1,2023Q4
2023-10-27,XLY,0.019826661300571313,-0.005265741781570835,1,2023Q4
2023-10-30,XLB,-0.022552837546483184,-0.005076029496100926,1,2023Q4
2023-10-30,XLC,0.003180676703669727,-0.0012268725445663078,1,2023Q4
2023-10-30,XLE,-0.09772266871478841,0.011148557301625832,1,2023Q4
2023-10-30,XLF,0.006557766261459097,-0.009318682891932847,1,2023Q4
2023-10-30,XLI,-0.01426322487442766,-0.0002723491160933082,1,2023Q4
2023-10-30,XLK,0.039818979439678825,0.002915757028338079,1,2023Q4
2023-10-30,XLP,-0.051625997851741046,-0.00713874415282762,1,2023Q4
2023-10-30,XLRE,0.034769289143609106,-0.01517237881471783,1,2023Q4
2023-10-30,XLU,-0.03028074493799182,-0.001606493067105268,1,2023Q4
2023-10-30,XLV,-0.04774143962901234,-0.006095879140101699,1,2023Q4
2023-10-30,XLY,0.0280209020362987,-0.005514625882412233,1,2023Q4
2023-10-31,XLB,-0.014226372167358337,-0.005539566405317315,1,2023Q4
2023-10-31,XLC,-0.0027001943108937443,-0.0012676820051681615,1,2023Q4
2023-10-31,XLE,-0.10079761226894923,0.010767739647155623,1,2023Q4
2023-10-31,XLF,0.009969768606287843,-0.010062036410781619,1,2023Q4
2023-10-31,XLI,-0.010508095560107789,-0.0012787581296917138,1,2023Q4
2023-10-31,XLK,0.04024570447772491,0.0026873016287084603,1,2023Q4
2023-10-31,XLP,-0.05611754050135298,-0.008865529794146027,1,2023Q4
2023-10-31,XLRE,0.028646363858342516,-0.015251210560816719,1,2023Q4
2023-10-31,XLU,-0.04015457594190419,-0.0035465465414795797,1,2023Q4
2023-10-31,XLV,-0.045791725409862316,-0.006469789362581533,1,2023Q4
2023-10-31,XLY,0.02417899762011899,-0.005160335667942214,1,2023Q4
2023-11-01,XLB,0.0030894566562451597,-0.006325761901389712,1,2023Q4
2023-11-01,XLC,-0.017394378519314246,-0.002047356856397858,1,2023Q4
2023-11-01,XLE,-0.08465185448819024,0.010232772532392988,1,2023Q4
2023-11-01,XLF,0.02241356883835599,-0.011811656296830977,1,2023Q4
2023-11-01,XLI,0.004991861434801681,-0.0029632282863187517,1,2023Q4
2023-11-01,XLK,0.02772099231485292,0.0023831919589642307,1,2023Q4
2023-11-01,XLP,-0.037491129714395166,-0.009704045613851842,1,2023Q4
2023-11-01,XLRE,0.039198392148792394,-0.01571481625545808,1,2023Q4
2023-11-01,XLU,-0.04023855760186579,-0.003826783048288338,1,2023Q4
2023-11-01,XLV,-0.027664295997146038,-0.007444793539539276,1,2023Q4
2023-11-01,XLY,0.016288621214879395,-0.00516500018964251,1,2023Q4
2023-11-02,XLB,0.008722647272256134,-0.007083195932166187,1,2023Q4
2023-11-02,XLC,-0.0151444676820216,-0.0016600911372842801,1,2023Q4
2023-11-02,XLE,-0.0947993752773526,0.009249141742577946,1,2023Q4
2023-11-02,XLF,0.019092327880416926,-0.01227681899731345,1,2023Q4
2023-11-02,XLI,0.013943193870459947,-0.002059462901547228,1,2023Q4
2023-11-02,XLK,0.02579215255285705,0.00201177776496387,1,2023Q4
2023-11-02,XLP,-0.03258842378052207,-0.009939089078417084,1,2023Q4
2023-11-02,XLRE,0.042372569791218506,-0.015551200243389103,1,2023Q4
2023-11-02,XLU,-0.03278256543360314,-0.004204646843656063,1,2023Q4
2023-11-02,XLV,-0.025957914319131525,-0.007759303328499523,1,2023Q4
2023-11-02,XLY,0.017057405750918964,-0.006123657720885776,1,2023Q4
2023-11-03,XLB,-0.0050466222081035905,-0.007492993699333778,1,2023Q4
2023-11-03,XLC,-0.026188044749801742,-0.0015595781943178013,1,2023Q4
2023-11-03,XLE,-0.07426098775652046,0.011449124468906653,1,2023Q4
2023-11-03,XLF,0.01895701149649809,-0.012987640907043626,1,2023Q4
2023-11-03,XLI,0.021436463998327993,-0.002135931069888696,1,2023Q4
2023-11-03,XLK,0.01669243369051876,0.002174930908061915,1,2023Q4
2023-11-03,XLP,-0.017301689187069424,-0.01200196460375251,1,2023Q4
2023-11-03,XLRE,0.03796797239600713,-0.015361453874064698,1,2023Q4
2023-11-03,XLU,-0.027655720283680463,-0.004728315299208383,1,2023Q4
2023-11-03,XLV,-0.013957456181239891,-0.008318398175369232,1,2023Q4
2023-11-03,XLY,0.013176512376689375,-0.006355985488263376,1,2023Q4
2023-11-06,XLB,-0.011640798128795149,-0.0072783544910535545,1,2023Q4
2023-11-06,XLC,-0.02558262820009327,-0.0016818771565703565,1,2023Q4
2023-11-06,XLE,-0.07774779810498156,0.011720485699968832,1,2023Q4
2023-11-06,XLF,0.01940621093611372,-0.012768105169515943,1,2023Q4
2023-11-06,XLI,0.01822644458394196,-0.002042026804122545,1,2023Q4
2023-11-06,XLK,0.018696963819642143,0.002445898842133698,1,2023Q4
2023-11-06,XLP,-0.024466844173120395,-0.01200872652384789,1,2023Q4
2023-11-06,XLRE,0.05105423007018306,-0.014938013111674182,1,2023Q4
2023-11-06,XLU,-0.029678414309789458,-0.004628030376521617,1,2023Q4
2023-11-06,XLV,-0.019535018892104183,-0.008468709990243796,1,2023Q4
2023-11-06,XLY,0.016338291836576646,-0.006338414119184648,1,2023Q4
2023-11-07,XLB,0.01382314113755534,-0.007545929453847314,1,2023Q4
2023-11-07,XLC,-0.026487995248215546,-0.0016637667360550642,1,2023Q4
2023-11-07,XLE,-0.0633611512786082,0.011878143286094992,1,2023Q4
2023-11-07,XLF,0.02282620842764338,-0.01308000231092619,1,2023Q4
2023-11-07,XLI,0.03279761330021724,-0.0037212629518801246,1,2023Q4
2023-11-07,XLK,0.00542209372001401,0.002709106686557132,1,2023Q4
2023-11-07,XLP,-0.022409653935783647,-0.01256098096891879,1,2023Q4
2023-11-07,XLRE,0.0637353552272999,-0.015010174014030774,1,2023Q4
2023-11-07,XLU,-0.0012972479129660375,-0.004555376922044187,1,2023Q4
2023-11-07,XLV,-0.0122916748228028,-0.008988209050366947,1,2023Q4
2023-11-07,XLY,0.0133199137658353,-0.005989411222860989,1,2023Q4
2023-11-08,XLB,0.010498586625671047,-0.008146912458361277,1,2023Q4
2023-11-08,XLC,-0.007489268351674072,-0.0019607440437157957,1,2023Q4
2023-11-08,XLE,-0.0649001328337816,0.011893027981436936,1,2023Q4
2023-11-08,XLF,0.019437363588306944,-0.013526621169225535,1,2023Q4
2023-11-08,XLI,0.024173068649745,-0.0036185491512972755,1,2023Q4
2023-11-08,XLK,0.004985241609303248,0.002545345805474218,1,2023Q4
2023-11-08,XLP,-0.0212219597935297,-0.013023738084921308,1,2023Q4
2023-11-08,XLRE,0.05161296901231993,-0.015529227408069776,1,2023Q4
2023-11-08,XLU,-0.0030803880412866302,-0.005190977785771924,1,2023Q4
2023-11-08,XLV,-0.019269836779188143,-0.009637327889489372,1,2023Q4
2023-11-08,XLY,0.01766299885189504,-0.0023513648644702067,1,2023Q4
2023-11-09,XLB,0.010780947774345906,-0.007215000004791677,1,2023Q4
2023-11-09,XLC,-0.015062397711472997,-0.0021331996640414057,1,2023Q4
2023-11-09,XLE,-0.06403245436105476,0.013691633585406197,1,2023Q4
2023-11-09,XLF,0.016782772166071602,-0.013248921580368167,1,2023Q4
2023-11-09,XLI,0.017091692438826467,-0.004176308863034858,1,2023Q4
2023-11-09,XLK,0.006173682457256913,0.0026601893015718607,1,2023Q4
2023-11-09,XLP,-0.03695715699486968,-0.012271952035039148,1,2023Q4
2023-11-09,XLRE,0.053618396992825,-0.015025935435039583,1,2023Q4
2023-11-09,XLU,-0.003926393754994262,-0.004597088897014115,1,2023Q4
2023-11-09,XLV,-0.008576808031603544,-0.007892606739431606,1,2023Q4
2023-11-09,XLY,0.030132185232156328,-0.0016602166028290865,1,2023Q4
2023-11-10,XLB,0.01804823408423606,-0.006173107655972412,1,2023Q4
2023-11-10,XLC,-0.027054381075386047,-0.0007093270977560341,1,2023Q4
2023-11-10,XLE,-0.06147172544338131,0.013385028379652147,1,2023Q4
2023-11-10,XLF,0.023431537780345124,-0.012259771909266963,1,2023Q4
2023-11-10,XLI,0.024123851345621894,-0.004153316765348564,1,2023Q4
2023-11-10,XLK,0.0003288578595521674,0.0027731583770752954,1,2023Q4
2023-11-10,XLP,-0.022131526315210204,-0.011803404047991658,1,2023Q4
2023-11-10,XLRE,0.057321084618875195,-0.014561648369487094,1,2023Q4
2023-11-10,XLU,0.00950023499492536,-0.0036989391278922663,1,2023Q4
2023-11-10,XLV,0.0042996774342771715,-0.007213118902072054,1,2023Q4
2023-11-10,XLY,0.027374751411295195,-0.0012027538035724612,1,2023Q4
2023-11-13,XLB,0.01998675329298427,-0.007582505085818895,1,2023Q4
2023-11-13,XLC,-0.026360779353688635,-0.0013634210317140408,1,2023Q4
2023-11-13,XLE,-0.08776585282687588,0.011679125523905112,1,2023Q4
2023-11-13,XLF,0.02689932112894322,-0.0133936142524345,1,2023Q4
2023-11-13,XLI,0.02226087820753775,-0.005359328082187455,1,2023Q4
2023-11-13,XLK,0.007709777640716675,0.002438177329767783,1,2023Q4
2023-11-13,XLP,-0.027864721823287697,-0.012859695368906937,1,2023Q4
2023-11-13,XLRE,0.06063855790344852,-0.01597298611829101,1,2023Q4
2023-11-13,XLU,0.012125499193377465,-0.004554092560898705,1,2023Q4
2023-11-13,XLV,-0.003057611307071717,-0.00870999631677348,1,2023Q4
2023-11-13,XLY,0.020332432039120052,-0.0017433994660673122,1,2023Q4
2023-11-14,XLB,0.0076905085489478164,-0.005610965830406419,1,2023Q4
2023-11-14,XLC,-0.02748632313207966,-0.00016833321897803037,1,2023Q4
2023-11-14,XLE,-0.07718388061101011,0.01131451197955921,1,2023Q4
2023-11-14,XLF,0.029746172531366355,-0.01194021425628354,1,2023Q4
2023-11-14,XLI,0.01862952455163125,-0.002373244058988466,1,2023Q4
2023-11-14,XLK,0.0018588472421323665,0.002711196732512002,1,2023Q4
2023-11-14,XLP,-0.014031938413161527,-0.011946307884701773,1,2023Q4
2023-11-14,XLRE,0.04775686668345558,-0.008881101522529895,1,2023Q4
2023-11-14,XLU,0.01569956563152486,-0.0038420470126625393,1,2023Q4
2023-11-14,XLV,0.014914053161675378,-0.007810329904764324,1,2023Q4
2023-11-14,XLY,0.0047231424170590675,0.00016232836217485542,1,2023Q4
2023-11-15,XLB,0.019320933454977096,-0.0063063681953969795,1,2023Q4
2023-11-15,XLC,-0.029161619096797375,5.722718381366424e-05,1,2023Q4
2023-11-15,XLE,-0.04788448460118522,0.012103105356036068,1,2023Q4
2023-11-15,XLF,0.03336350928181919,-0.010922504794883738,1,2023Q4
2023-11-15,XLI,0.028973803915834262,-0.0036748081071725164,1,2023Q4
2023-11-15,XLK,-0.0031880110118136518,0.0033068697847254817,1,2023Q4
2023-11-15,XLP,-0.038443907560982815,-0.011062976862006382,1,2023Q4
2023-11-15,XLRE,0.07444018924037632,-0.008737770878481524,1,2023Q4
2023-11-15,XLU,0.00391100435190328,-0.00323027990075742,1,2023Q4
2023-11-15,XLV,0.007782290698720162,-0.006965468606156372,1,2023Q4
2023-11-15,XLY,0.016452748912888282,-0.00014626544587870377,1,2023Q4
2023-11-16,XLB,0.020607692618946682,-0.004967485577852311,1,2023Q4
2023-11-16,XLC,-0.029009519690443186,0.0012397345620071508,1,2023Q4
2023-11-16,XLE,-0.026147897323445468,0.013379664829934109,1,2023Q4
2023-11-16,XLF,0.0299286594890551,-0.010225984130442517,1,2023Q4
2023-11-16,XLI,0.03457361718359575,-0.0033465700872950203,1,2023Q4
2023-11-16,XLK,0.00408886620740101,0.0043729383636839855,1,2023Q4
2023-11-16,XLP,-0.018565331403513463,-0.01025021542327441,1,2023Q4
2023-11-16,XLRE,0.0683797931463006,-0.008247297135957538,1,2023Q4
2023-11-16,XLU,-0.01264169280067029,-0.0022690750784854054,1,2023Q4
2023-11-16,XLV,0.0015426884599452073,-0.006045008350186825,1,2023Q4
2023-11-16,XLY,0.03696048229247406,0.0007750999914094081,1,2023Q4
2023-11-17,XLB,0.008329134230646185,-0.004662934912809913,1,2023Q4
2023-11-17,XLC,-0.023436302631873573,0.0015510995051833862,1,2023Q4
2023-11-17,XLE,-0.05300614577390428,0.01227363321049492,1,2023Q4
2023-11-17,XLF,0.018140066891613182,-0.01069894040250141,1,2023Q4
2023-11-17,XLI,0.017308970734769558,-0.0032736991684013533,1,2023Q4
2023-11-17,XLK,0.0025234753207143967,0.0046579279512667755,1,2023Q4
2023-11-17,XLP,-0.018922591726698412,-0.010227363480674068,1,2023Q4
2023-11-17,XLRE,0.05031912498987112,-0.008178330360717122,1,2023Q4
2023-11-17,XLU,-0.031893478554591015,-0.002395724254093124,1,2023Q4
2023-11-17,XLV,-0.003865274940545227,-0.006404470394005333,1,2023Q4
2023-11-17,XLY,0.029957302856639556,0.0010180975859685427,1,2023Q4
2023-11-20,XLB,0.017871770667601705,-0.005294511633789554,1,2023Q4
2023-11-20,XLC,-0.02286583984903401,0.0009270262169224567,1,2023Q4
2023-11-20,XLE,-0.0408238474929572,0.010239486594545107,1,2023Q4
2023-11-20,XLF,0.023543343968233987,-0.013663997737609537,1,2023Q4
2023-11-20,XLI,0.02398659005830739,-0.004619855301227004,1,2023Q4
2023-11-20,XLK,-0.006857430435037726,0.003746841362407007,1,2023Q4
2023-11-20,XLP,-0.014486478845120221,-0.010952510378838381,1,2023Q4
2023-11-20,XLRE,0.05097141087361501,-0.007768470715958939,1,2023Q4
2023-11-20,XLU,-0.02131089241918316,-0.003447410281982037,1,2023Q4
2023-11-20,XLV,-0.0015161849006903871,-0.007533337213338397,1,2023Q4
2023-11-20,XLY,0.03451697737607784,0.0008070971210140943,1,2023Q4
2023-11-21,XLB,0.009793425346567242,-0.004990104460348515,1,2023Q4
2023-11-21,XLC,-0.015087222597074845,0.0009360160012029517,1,2023Q4
2023-11-21,XLE,-0.03567065484496845,0.013015398775050247,1,2023Q4
2023-11-21,XLF,0.017313490278829002,-0.012782098641145268,1,2023Q4
2023-11-21,XLI,0.01973978435544943,-0.003741094223265371,1,2023Q4
2023-11-21,XLK,-0.001975390294991053,0.0045113628792450965,1,2023Q4
2023-11-21,XLP,-0.025317745686283866,-0.010365540546787566,1,2023Q4
2023-11-21,XLRE,0.05481387204433541,-0.008279049263672195,1,2023Q4
2023-11-21,XLU,-0.03194593726283923,-0.0027395490410974744,1,2023Q4
2023-11-21,XLV,-0.010576381741310037,-0.0065679604476379504,1,2023Q4
2023-11-21,XLY,0.029768613740240424,0.0010159804636060994,1,2023Q4
2023-11-22,XLB,0.014382153287508137,-0.005515505854026777,1,2023Q4
2023-11-22,XLC,-0.01919251357762297,-0.00027863244851418923,1,2023Q4
2023-11-22,XLE,-0.03708196602075886,0.011870067864937328,1,2023Q4
2023-11-22,XLF,0.01756645336439422,-0.01365257457817989,1,2023Q4
2023-11-22,XLI,0.02251334335460564,-0.004925533606650231,1,2023Q4
2023-11-22,XLK,-0.0008081328747384653,0.004161904685447793,1,2023Q4
2023-11-22,XLP,-0.03130019615188173,-0.011124191768424434,1,2023Q4
2023-11-22,XLRE,0.05484274086179064,-0.008307303451942818,1,2023Q4
2023-11-22,XLU,-0.04077451376809316,-0.0035249111276160535,1,2023Q4
2023-11-22,XLV,-0.008800999596642045,-0.008179180419077864,1,2023Q4
2023-11-22,XLY,0.036882309005523695,0.0007839309696237688,1,2023Q4
2023-11-24,XLB,0.014923727598379788,-0.00421928324736856,1,2023Q4
2023-11-24,XLC,-0.017050560218852873,-0.0015534897307244756,1,2023Q4
2023-11-24,XLE,-0.03971437673676004,0.013296919527705156,1,2023Q4
2023-11-24,XLF,0.015095433383861545,-0.012131880112673804,1,2023Q4
2023-11-24,XLI,0.02354869926642089,-0.0028648399562330893,1,2023Q4
2023-11-24,XLK,0.0011263267078380768,0.0024257608801551726,1,2023Q4
2023-11-24,XLP,-0.028799049138719557,-0.009724102978783284,1,2023Q4
2023-11-24,XLRE,0.05358456833902414,-0.008039931409113237,1,2023Q4
2023-11-24,XLU,-0.041419702378435286,-0.002058363456426711,1,2023Q4
2023-11-24,XLV,-0.010637879136343287,-0.006513678783457556,1,2023Q4
2023-11-24,XLY,0.026506223159806552,0.001215309969199549,1,2023Q4
2023-11-27,XLB,0.014885596994246741,-0.004116317919544052,1,2023Q4
2023-11-27,XLC,-0.012973220384234319,-0.0015705547239653443,1,2023Q4
2023-11-27,XLE,-0.03381927550562658,0.01319533616951187,1,2023Q4
2023-11-27,XLF,0.016663762032101515,-0.01262730167216784,1,2023Q4
2023-11-27,XLI,0.030873425156616063,-0.0025602462810130535,1,2023Q4
2023-11-27,XLK,-0.0007564126110515268,0.0028762955760140776,1,2023Q4
2023-11-27,XLP,-0.027922396839957342,-0.01017204552304457,1,2023Q4
2023-11-27,XLRE,0.051361679209378286,-0.00846765924761333,1,2023Q4
2023-11-27,XLU,-0.0432362260165462,-0.002250370124894086,1,2023Q4
2023-11-27,XLV,-0.008133926868309826,-0.006501342023030888,1,2023Q4
2023-11-27,XLY,0.02302940453761848,0.0013984237457692816,1,2023Q4
2023-11-28,XLB,0.014525204901585376,-0.00432050039775431,1,2023Q4
2023-11-28,XLC,-0.016172607124181893,-0.001731721187006408,1,2023Q4
2023-11-28,XLE,-0.039402791877174215,0.01331906695798551,1,2023Q4
2023-11-28,XLF,0.01951448535531841,-0.012802274510786228,1,2023Q4
2023-11-28,XLI,0.03418324156158037,-0.0027262738597205937,1,2023Q4
2023-11-28,XLK,-0.003646965330388774,0.0027002724857221453,1,2023Q4
2023-11-28,XLP,-0.02872042901641425,-0.010090715422646923,1,2023Q4
2023-11-28,XLRE,0.05079059732110558,-0.008531857650627764,1,2023Q4
2023-11-28,XLU,-0.04791213532859062,-0.0023014235712931538,1,2023Q4
2023-11-28,XLV,0.000774559625364768,-0.006590955955135338,1,2023Q4
2023-11-28,XLY,0.019710696711875197,0.001351464264642362,1,2023Q4
2023-11-29,XLB,0.0038818772048094807,-0.0052159302031224725,1,2023Q4
2023-11-29,XLC,-0.00696180766155674,-0.003377872766272912,1,2023Q4
2023-11-29,XLE,-0.04845008390622385,0.012219696288225881,1,2023Q4
2023-11-29,XLF,0.013966108080258222,-0.013516496881187565,1,2023Q4
2023-11-29,XLI,0.029247498946942896,-0.003396591657911347,1,2023Q4
2023-11-29,XLK,-0.00432658060635327,0.0019572124259606954,1,2023Q4
2023-11-29,XLP,-0.021124849327999184,-0.01088158316882277,1,2023Q4
2023-11-29,XLRE,0.048100271304935216,-0.009200541540765658,1,2023Q4
2023-11-29,XLU,-0.03384674761045514,-0.0028316802878871426,1,2023Q4
2023-11-29,XLV,0.0020169548015482874,-0.007246936523904434,1,2023Q4
2023-11-29,XLY,0.015920306349985314,0.0006111455815093576,1,2023Q4
2023-11-30,XLB,-0.003452125980048182,-0.004647932042424415,1,2023Q4
2023-11-30,XLC,-1.1139016050876194e-05,-0.0028941344093026036,1,2023Q4
2023-11-30,XLE,-0.05018206681506532,0.012608590073151743,1,2023Q4
2023-11-30,XLF,0.005920806896164699,-0.013000460550969532,1,2023Q4
2023-11-30,XLI,0.023396565366876176,-0.0032493941115929416,1,2023Q4
2023-11-30,XLK,-0.0018995770103087395,0.0018596252399758675,1,2023Q4
2023-11-30,XLP,-0.022044331981445398,-0.010770863081471415,1,2023Q4
2023-11-30,XLRE,0.03458101368121014,-0.009754605150127698,1,2023Q4
2023-11-30,XLU,-0.03235073557628665,-0.002557603966235128,1,2023Q4
2023-11-30,XLV,-0.0028220328275623263,-0.007198672783372777,1,2023Q4
2023-11-30,XLY,0.017993518781326934,0.0008935841489532419,1,2023Q4
2023-12-01,XLB,-0.005039162065212599,-0.0054164319205823475,1,2023Q4
2023-12-01,XLC,0.003957339306805974,-0.00313146686110041,1,2023Q4
2023-12-01,XLE,-0.032807609787100844,0.012420657135455046,1,2023Q4
2023-12-01,XLF,0.014444815068030747,-0.013205683479861407,1,2023Q4
2023-12-01,XLI,0.008190349472244618,-0.0037308120964594516,1,2023Q4
2023-12-01,XLK,-0.019491635295106002,0.001566287500876157,1,2023Q4
2023-12-01,XLP,-0.00287578924294829,-0.011526325668548842,1,2023Q4
2023-12-01,XLRE,0.03415318888843255,-0.010795633451350851,1,2023Q4
2023-12-01,XLU,-0.018181038648183323,-0.0028418852999404494,1,2023Q4
2023-12-01,XLV,0.023205144318902304,-0.00806923493892084,1,2023Q4
2023-12-01,XLY,0.005905687365742818,0.0007820102466313695,1,2023Q4
2023-12-04,XLB,-0.0011247611119609147,-0.00705430535319772,1,2023Q4
2023-12-04,XLC,0.013528121440512297,-0.004757077532328626,1,2023Q4
2023-12-04,XLE,-0.00888894674189844,0.011612564759749448,1,2023Q4
2023-12-04,XLF,0.009762960770128837,-0.01442633188031154,1,2023Q4
2023-12-04,XLI,-0.005929443906784071,-0.005607868194470827,1,2023Q4
2023-12-04,XLK,-0.014439574393488197,0.0005757300124388512,1,2023Q4
2023-12-04,XLP,-0.00918080741682381,-0.012735950071345838,1,2023Q4
2023-12-04,XLRE,0.006210393242234158,-0.010968992012350551,1,2023Q4
2023-12-04,XLU,-0.007373631245709555,-0.003971202067358858,1,2023Q4
2023-12-04,XLV,0.022490466749529148,-0.009232923009962656,1,2023Q4
2023-12-04,XLY,-0.008130762858066465,-0.000353230310522219,1,2023Q4
2023-12-05,XLB,0.012917416354998768,-0.006285818001189242,1,2023Q4
2023-12-05,XLC,0.01798002452633085,-0.004687945713848584,1,2023Q4
2023-12-05,XLE,-0.00583164696892946,0.012688317380177115,1,2023Q4
2023-12-05,XLF,0.022228639207250822,-0.01403912600055152,1,2023Q4
2023-12-05,XLI,0.0067837336733707065,-0.0051746752503344755,1,2023Q4
2023-12-05,XLK,-0.024745877297450147,0.0008395246164228359,1,2023Q4
2023-12-05,XLP,0.0005881576454902504,-0.012331607203399245,1,2023Q4
2023-12-05,XLRE,0.011029061934852313,-0.011124812178778287,1,2023Q4
2023-12-05,XLU,-0.0001529689337533835,-0.004291737215438913,1,2023Q4
2023-12-05,XLV,0.03217791448017748,-0.008633739867020122,1,2023Q4
2023-12-05,XLY,-0.01396073395901909,-0.00011982402160266858,1,2023Q4
2023-12-06,XLB,0.011268861659704088,-0.008896858610852704,1,2023Q4
2023-12-06,XLC,0.01952622009624383,-0.0058606643856117,1,2023Q4
2023-12-06,XLE,0.004879263585072957,0.01203730350102929,1,2023Q4
2023-12-06,XLF,0.026415307205639005,-0.015490778804792757,1,2023Q4
2023-12-06,XLI,-0.0021230075239355717,-0.006086026372086605,1,2023Q4
2023-12-06,XLK,-0.02204782376733294,8.505652572517956e-05,1,2023Q4
2023-12-06,XLP,-0.004614016778675012,-0.013334085753287468,1,2023Q4
2023-12-06,XLRE,0.006917182229454921,-0.011363973648969263,1,2023Q4
2023-12-06,XLU,-0.015431194880288768,-0.008372363133080435,1,2023Q4
2023-12-06,XLV,0.024921214991235896,-0.009676418050011727,1,2023Q4
2023-12-06,XLY,-0.019405619891232684,-0.0005604048324956245,1,2023Q4
2023-12-07,XLB,0.0018843044147183186,-0.00952130977109218,1,2023Q4
2023-12-07,XLC,0.007183636300880369,-0.004519428764304749,1,2023Q4
2023-12-07,XLE,-0.006836894820200223,0.01229066120967658,1,2023Q4
2023-12-07,XLF,0.021315092426180238,-0.014556168371091381,1,2023Q4
2023-12-07,XLI,-0.003133734753307582,-0.00608333826213976,1,2023Q4
2023-12-07,XLK,-0.015949185536791477,0.0007009378166419845,1,2023Q4
2023-12-07,XLP,-0.008245664327679147,-0.013321805070309369,1,2023Q4
2023-12-07,XLRE,0.012985429419290373,-0.011236590669605579,1,2023Q4
2023-12-07,XLU,-0.012585743226854573,-0.008527108003192226,1,2023Q4
2023-12-07,XLV,0.02874277970424366,-0.009757524023266925,1,2023Q4
2023-12-07,XLY,-0.01739495151144732,-0.0003243841884989708,1,2023Q4
2023-12-08,XLB,-0.007756231629029164,-0.008859710727320662,1,2023Q4
2023-12-08,XLC,0.00617050228864624,-0.004066150483282078,1,2023Q4
2023-12-08,XLE,-0.028145274463888814,0.011932084936071535,1,2023Q4
2023-12-08,XLF,0.015111878696767445,-0.014562828057401934,1,2023Q4
2023-12-08,XLI,-0.0035698183321941634,-0.006018921786855428,1,2023Q4
2023-12-08,XLK,-0.016975750623986263,0.0005015665827506725,1,2023Q4
2023-12-08,XLP,0.007643641385292055,-0.013024053683908104,1,2023Q4
2023-12-08,XLRE,0.013809414055377944,-0.011129110280389227,1,2023Q4
2023-12-08,XLU,-0.013009599783861292,-0.008017606131195332,1,2023Q4
2023-12-08,XLV,0.03281638505280848,-0.010268629467050292,1,2023Q4
2023-12-08,XLY,-0.01979491666198041,-0.0027993094416783604,1,2023Q4
2023-12-11,XLB,-0.018084564368009426,-0.009040123921072918,1,2023Q4
2023-12-11,XLC,0.02207990716492514,-0.004986441961332354,1,2023Q4
2023-12-11,XLE,-0.041011546942239074,0.011147017480234412,1,2023Q4
2023-12-11,XLF,0.008627582731996153,-0.01478966928753836,1,2023Q4
2023-12-11,XLI,-0.009901115529852067,-0.006221156186087105,1,2023Q4
2023-12-11,XLK,-0.019003621818507455,0.0005448091098819337,1,2023Q4
2023-12-11,XLP,-0.0061065664790160845,-0.012904479409564155,1,2023Q4
2023-12-11,XLRE,0.010008668611854121,-0.010967490385353919,1,2023Q4
2023-12-11,XLU,-0.021509274841552628,-0.008519080293273452,1,2023Q4
2023-12-11,XLV,0.028865710242540032,-0.010340444374926375,1,2023Q4
2023-12-11,XLY,-0.016219310436011325,-0.0026686691489036856,1,2023Q4
2023-12-12,XLB,-0.021816308530512085,-0.007627902542627005,1,2023Q4
2023-12-12,XLC,0.0194541786747231,-0.003936410762992734,1,2023Q4
2023-12-12,XLE,-0.019498621729858945,0.013333196024809686,1,2023Q4
2023-12-12,XLF,0.002558664295251978,-0.013723637388608073,1,2023Q4
2023-12-12,XLI,-0.011734539969833868,-0.005277410187045752,1,2023Q4
2023-12-12,XLK,-0.015421236554133966,0.0006522120376203063,1,2023Q4
2023-12-12,XLP,-0.0044264366563628865,-0.011587425333863902,1,2023Q4
2023-12-12,XLRE,0.005693201085718913,-0.010747257686639066,1,2023Q4
2023-12-12,XLU,-0.035835072761737585,-0.007403278016244585,1,2023Q4
2023-12-12,XLV,0.028731783328266758,-0.009139193704303892,1,2023Q4
2023-12-12,XLY,-0.015544952430975867,-0.0024002091548296434,1,2023Q4
2023-12-13,XLB,-0.019682581853144976,-0.007340087437987794,1,2023Q4
2023-12-13,XLC,0.02805561414467861,-0.0032815633826905628,1,2023Q4
2023-12-13,XLE,-0.008883778547053911,0.012704768390648049,1,2023Q4
2023-12-13,XLF,-0.0023822746334829503,-0.013021357281785306,1,2023Q4
2023-12-13,XLI,-0.009733906688100147,-0.004867486762939362,1,2023Q4
2023-12-13,XLK,-0.007748215250481749,0.006503221777098791,1,2023Q4
2023-12-13,XLP,-0.00621933348325765,-0.01105673338205653,1,2023Q4
2023-12-13,XLRE,-0.009581663313140254,-0.013964419229826093,1,2023Q4
2023-12-13,XLU,-0.053159219931056434,-0.009651747768267178,1,2023Q4
2023-12-13,XLV,0.020328301149758365,-0.008056596378198808,1,2023Q4
2023-12-13,XLY,-0.02735834355012834,-0.0020230220194738828,1,2023Q4
2023-12-14,XLB,-0.0401481318395116,-0.0070632614543750475,1,2023Q4
2023-12-14,XLC,0.024572117354207723,-0.003188462862892213,1,2023Q4
2023-12-14,XLE,-0.05385592613125856,0.012903822929653174,1,2023Q4
2023-12-14,XLF,-0.012308215387969335,-0.012893905509671615,1,2023Q4
2023-12-14,XLI,-0.025537727832460888,-0.0048599884527151475,1,2023Q4
2023-12-14,XLK,0.00419431322528574,0.006676336154519616,1,2023Q4
2023-12-14,XLP,0.01009667747382248,-0.01130206257637616,1,2023Q4
2023-12-14,XLRE,-0.035576282444882756,-0.012941807856506657,1,2023Q4
2023-12-14,XLU,-0.04412793787629321,-0.00416236979986293,1,2023Q4
2023-12-14,XLV,0.026109899093850197,-0.007803563081733302,1,2023Q4
2023-12-14,XLY,-0.03459158807327889,-0.002071149959915874,1,2023Q4
2023-12-15,XLB,-0.04481807584326014,-0.008658672210546645,1,2023Q4
2023-12-15,XLC,0.02072777515522506,-0.00432701688106371,1,2023Q4
2023-12-15,XLE,-0.05684067080406063,0.011331035259447893,1,2023Q4
2023-12-15,XLF,-0.008448763911960921,-0.014664254988559063,1,2023Q4
2023-12-15,XLI,-0.030992759276418758,-0.006620849651124799,1,2023Q4
2023-12-15,XLK,-0.005941709088598479,0.004498303883238273,1,2023Q4
2023-12-15,XLP,0.009274271219393615,-0.012610569501966658,1,2023Q4
2023-12-15,XLRE,-0.041806862974879344,-0.012551330835099338,1,2023Q4
2023-12-15,XLU,-0.04147960019545138,-0.003703521042156201,1,2023Q4
2023-12-15,XLV,0.032750978408543574,-0.009947671982481712,1,2023Q4
2023-12-15,XLY,-0.045199781896814395,-0.0022982067238796274,1,2023Q4
2023-12-18,XLB,-0.03979763304426598,-0.00847474394023963,1,2023Q4
2023-12-18,XLC,0.019843086650097375,-0.003959904496709715,1,2023Q4
2023-12-18,XLE,-0.060301517567593055,0.0112598280436218,1,2023Q4
2023-12-18,XLF,-0.008504206247388124,-0.014704319809139495,1,2023Q4
2023-12-18,XLI,-0.01562670195049054,-0.006555442024883801,1,2023Q4
2023-12-18,XLK,0.010282385164387398,0.0046502578261460635,1,2023Q4
2023-12-18,XLP,0.001901283607407489,-0.01245911765555915,1,2023Q4
2023-12-18,XLRE,-0.03845957560470059,-0.012740621144660373,1,2023Q4
2023-12-18,XLU,-0.04389603218755633,-0.0032780093481768555,1,2023Q4
2023-12-18,XLV,0.03228288988483263,-0.010258135505612337,1,2023Q4
2023-12-18,XLY,-0.047243546553100146,-0.0026638937925334547,1,2023Q4
2023-12-19,XLB,-0.05411744654852502,-0.008714715791189038,1,2023Q4
2023-12-19,XLC,0.01686590998157711,-0.00413590856151602,1,2023Q4
2023-12-19,XLE,-0.0749114356845183,0.01130699133718166,1,2023Q4
2023-12-19,XLF,-0.006402218175974639,-0.014923609963481146,1,2023Q4
2023-12-19,XLI,-0.023223671195286677,-0.006809065706581991,1,2023Q4
2023-12-19,XLK,0.023427860771336073,0.004643742134305342,1,2023Q4
2023-12-19,XLP,-0.009418251653726895,-0.012544683912793907,1,2023Q4
2023-12-19,XLRE,-0.04215443725128165,-0.013732843451315655,1,2023Q4
2023-12-19,XLU,-0.057028520902262736,-0.003497275871302476,1,2023Q4
2023-12-19,XLV,0.019507203927219052,-0.009783084544743382,1,2023Q4
2023-12-19,XLY,-0.051925018406276724,-0.003477582150649895,1,2023Q4
2023-12-20,XLB,-0.052752856840472706,-0.009119532104528726,1,2023Q4
2023-12-20,XLC,0.010543090966062874,-0.0045281408758013845,1,2023Q4
2023-12-20,XLE,-0.07900322419816597,0.011155262210064312,1,2023Q4
2023-12-20,XLF,0.00035208475776737913,-0.015554738225901033,1,2023Q4
2023-12-20,XLI,-0.01556917854675377,-0.007201652856751949,1,2023Q4
2023-12-20,XLK,0.02755970238147354,0.004096185743857288,1,2023Q4
2023-12-20,XLP,-0.010926207110491193,-0.013430244617876595,1,2023Q4
2023-12-20,XLRE,-0.04161355508211728,-0.013982243291796781,1,2023Q4
2023-12-20,XLU,-0.05860296707204471,-0.003457374527508942,1,2023Q4
2023-12-20,XLV,0.022860990401332826,-0.010563806950340447,1,2023Q4
2023-12-20,XLY,-0.05478623922513559,-0.0035653291865205944,1,2023Q4
2023-12-21,XLB,-0.05311376991916639,-0.007100423027289558,1,2023Q4
2023-12-21,XLC,0.017250645579202972,-0.0033652700304829617,1,2023Q4
2023-12-21,XLE,-0.07399553943435011,0.012440520859989099,1,2023Q4
2023-12-21,XLF,-0.0013015873340311845,-0.013291118168709037,1,2023Q4
2023-12-21,XLI,-0.020040219616610955,-0.005138981480394796,1,2023Q4
2023-12-21,XLK,0.026725908206423066,0.006217145403664786,1,2023Q4
2023-12-21,XLP,-0.0002576679933181669,-0.010869495850140291,1,2023Q4
2023-12-21,XLRE,-0.04846906444404275,-0.014282035659940944,1,2023Q4
2023-12-21,XLU,-0.05184217038984196,-0.002301554988369028,1,2023Q4
2023-12-21,XLV,0.016106477300345867,-0.0072475332939779084,1,2023Q4
2023-12-21,XLY,-0.06504760732405479,-0.0027345643990295296,1,2023Q4
2023-12-22,XLB,-0.07128156166418853,-0.007008895129786228,1,2023Q4
2023-12-22,XLC,0.02451826895052789,-0.002912678468009443,1,2023Q4
2023-12-22,XLE,-0.062324478854159704,0.012553170433509937,1,2023Q4
2023-12-22,XLF,0.001459078775519096,-0.012700100337226112,1,2023Q4
2023-12-22,XLI,-0.030089867549982108,-0.004699323575228933,1,2023Q4
2023-12-22,XLK,0.0335319117546784,0.00696115972254192,1,2023Q4
2023-12-22,XLP,-0.01959106466528837,-0.010221686850547933,1,2023Q4
2023-12-22,XLRE,-0.06480637047882765,-0.014515791569597956,1,2023Q4
2023-12-22,XLU,-0.06742436934260498,-0.006724410543930846,1,2023Q4
2023-12-22,XLV,0.002394923785526526,-0.006528027905461395,1,2023Q4
2023-12-22,XLY,-0.06066766981879523,-0.0037479138493465786,1,2023Q4
2023-12-26,XLB,-0.06695777381746881,-0.00854371026587302,1,2023Q4
2023-12-26,XLC,0.03625809463036744,-0.004163187879228646,1,2023Q4
2023-12-26,XLE,-0.05029542131999909,0.011668017724669874,1,2023Q4
2023-12-26,XLF,0.00117971400874195,-0.014752241109522737,1,2023Q4
2023-12-26,XLI,-0.028836283469458435,-0.006617003362736843,1,2023Q4
2023-12-26,XLK,0.03230795264785247,-0.00016440397744001915,1,2023Q4
2023-12-26,XLP,-0.01540114304903839,-0.01229210796484741,1,2023Q4
2023-12-26,XLRE,-0.06001054975508169,-0.014371844739160776,1,2023Q4
2023-12-26,XLU,-0.057297382529170604,-0.008273371742593464,1,2023Q4
2023-12-26,XLV,-0.0026754868697342893,-0.008867113619097826,1,2023Q4
2023-12-26,XLY,-0.07784733708711455,-0.007901188860766725,1,2023Q4
2023-12-27,XLB,-0.06579310604472799,-0.007909836049797619,1,2023Q4
2023-12-27,XLC,0.042694621867574556,-0.003661893348801905,1,2023Q4
2023-12-27,XLE,-0.03553139551318407,0.012007076681857479,1,2023Q4
2023-12-27,XLF,0.0047775690451083985,-0.014012708076164487,1,2023Q4
2023-12-27,XLI,-0.02874669317746681,-0.006052133540658026,1,2023Q4
2023-12-27,XLK,0.02332945592263025,0.00036383128329018494,1,2023Q4
2023-12-27,XLP,-0.012018701213490024,-0.011088862838535682,1,2023Q4
2023-12-27,XLRE,-0.06660135918363996,-0.013871127185228609,1,2023Q4
2023-12-27,XLU,-0.05067007677619606,-0.007328186375752788,1,2023Q4
2023-12-27,XLV,0.001998407982807038,-0.0077961633317993,1,2023Q4
2023-12-27,XLY,-0.07363214309185495,-0.008358939804682806,1,2023Q4
2023-12-28,XLB,-0.06505261309251742,-0.008391902991901078,1,2023Q4
2023-12-28,XLC,0.04095991225860707,-0.00376380130766324,1,2023Q4
2023-12-28,XLE,-0.029395864202571564,0.012173744905809473,1,2023Q4
2023-12-28,XLF,-0.0032794466579106896,-0.014252403162746431,1,2023Q4
2023-12-28,XLI,-0.030235437849143176,-0.006236910345663079,1,2023Q4
2023-12-28,XLK,0.02395388884131555,3.951587173177135e-05,1,2023Q4
2023-12-28,XLP,-0.014308786827192499,-0.011191490839356527,1,2023Q4
2023-12-28,XLRE,-0.07330196475748785,-0.014904259753880534,1,2023Q4
2023-12-28,XLU,-0.059130309003536996,-0.006144413738248353,1,2023Q4
2023-12-28,XLV,-0.0011525624681365532,-0.007992564770930176,1,2023Q4
2023-12-28,XLY,-0.062433403147115096,-0.008355115938730001,1,2023Q4
2023-12-29,XLB,-0.058965187023605425,-0.008602018193594378,1,2023Q4
2023-12-29,XLC,0.037961827256748126,-0.0042649536638786605,1,2023Q4
2023-12-29,XLE,-0.018942729782941203,0.011460321505357175,1,2023Q4
2023-12-29,XLF,0.010838413631059307,-0.014873373172024865,1,2023Q4
2023-12-29,XLI,-0.030848613786426116,-0.007195975148301329,1,2023Q4
2023-12-29,XLK,0.016265448879816846,-0.0005671256920711694,1,2023Q4
2023-12-29,XLP,-0.012925768550714922,-0.011679523906561922,1,2023Q4
2023-12-29,XLRE,-0.07396682531902643,-0.01564337264316768,1,2023Q4
2023-12-29,XLU,-0.060411640963079605,-0.004811072872897277,1,2023Q4
2023-12-29,XLV,-0.0020556277364589537,-0.009087803206541432,1,2023Q4
2023-12-29,XLY,-0.05917534160896143,-0.010239967150881275,1,2023Q4
2024-01-02,XLB,-0.05888481728261641,-0.009555016192121093,2,2024Q1
2024-01-02,XLC,0.028598291968606526,-0.003871753756463743,2,2024Q1
2024-01-02,XLE,-0.03733898982883921,-0.008029976120579397,2,2024Q1
2024-01-02,XLF,0.004839128283192329,-0.010208266466120764,2,2024Q1
2024-01-02,XLI,-0.02120081728245027,-0.005198589275256138,2,2024Q1
2024-01-02,XLK,0.032986892629930153,0.004701538612197837,2,2024Q1
2024-01-02,XLP,-0.0205456249256053,-0.012623062601813638,2,2024Q1
2024-01-02,XLRE,-0.07853237173567262,-0.01537003070566259,2,2024Q1
2024-01-02,XLU,-0.06522368910123022,-0.009784036351222561,2,2024Q1
2024-01-02,XLV,-0.010114883797872398,-0.008648681695438962,2,2024Q1
2024-01-02,XLY,-0.0568118593410083,-0.009131786036449097,2,2024Q1
2024-01-03,XLB,-0.05407390319487648,-0.009343809823178596,2,2024Q1
2024-01-03,XLC,0.021480442449127723,-0.003916120898318674,2,2024Q1
2024-01-03,XLE,-0.07512145463045261,-0.009350244288405711,2,2024Q1
2024-01-03,XLF,-0.0066786437642789576,-0.01040876970506865,2,2024Q1
2024-01-03,XLI,-0.010702065766290403,-0.004059694306244117,2,2024Q1
2024-01-03,XLK,0.03537145318596879,0.004698858290721522,2,2024Q1
2024-01-03,XLP,-0.013926437827141536,-0.013554186731477992,2,2024Q1
2024-01-03,XLRE,-0.06051253578223492,-0.012410622315389613,2,2024Q1
2024-01-03,XLU,-0.07253436180444428,-0.009906194765407567,2,2024Q1
2024-01-03,XLV,-0.01719333807994783,-0.008527987133027538,2,2024Q1
2024-01-03,XLY,-0.03985034497697226,-0.00800303484124262,2,2024Q1
2024-01-04,XLB,-0.07111390282713614,-0.009969188654791041,2,2024Q1
2024-01-04,XLC,0.05358279486782602,-0.004730367442247353,2,2024Q1
2024-01-04,XLE,-0.07081364295095705,-0.008927451985771617,2,2024Q1
2024-01-04,XLF,-0.020953085305419616,-0.010754479069157524,2,2024Q1
2024-01-04,XLI,-0.019476377831030955,-0.0048899083110170525,2,2024Q1
2024-01-04,XLK,0.04018486624104778,0.007237186511901216,2,2024Q1
2024-01-04,XLP,-0.030218659114827018,-0.014346262813387457,2,2024Q1
2024-01-04,XLRE,-0.08485505881301092,-0.013038918361613075,2,2024Q1
2024-01-04,XLU,-0.10148365701032258,-0.00971577617360992,2,2024Q1
2024-01-04,XLV,-0.03818093314646043,-0.008730390950277946,2,2024Q1
2024-01-04,XLY,-0.02909433539716333,-0.008052685811768434,2,2024Q1
2024-01-05,XLB,-0.0924759508657389,-0.009774245100511107,2,2024Q1
2024-01-05,XLC,0.03870094253406253,-0.004631213708456106,2,2024Q1
2024-01-05,XLE,-0.06881575749901092,-0.0077884745823591905,2,2024Q1
2024-01-05,XLF,-0.026147136715508168,-0.010473553360450121,2,2024Q1
2024-01-05,XLI,-0.02104786434245054,-0.004281289084644044,2,2024Q1
2024-01-05,XLK,0.04827524546254147,0.004061769170030702,2,2024Q1
2024-01-05,XLP,-0.029029370695152323,-0.013576743415588854,2,2024Q1
2024-01-05,XLRE,-0.09692328082308654,-0.012200644212545204,2,2024Q1
2024-01-05,XLU,-0.11958280963523427,-0.010409403679015595,2,2024Q1
2024-01-05,XLV,-0.02884479350996627,-0.008328392155593898,2,2024Q1
2024-01-05,XLY,-0.03989244567036909,-0.007774107951661393,2,2024Q1
2024-01-08,XLB,-0.06787098661595847,-0.009549114206269686,2,2024Q1
2024-01-08,XLC,0.0305160778827418,-0.0038502348368467574,2,2024Q1
2024-01-08,XLE,-0.04226807860835846,-0.007862029651670762,2,2024Q1
2024-01-08,XLF,-0.01872330498843766,-0.009981890452593702,2,2024Q1
2024-01-08,XLI,-0.0067758989776207645,-0.004019521616666344,2,2024Q1
2024-01-08,XLK,0.028202383307922574,0.005546774274086603,2,2024Q1
2024-01-08,XLP,-0.022361819992422483,-0.013521432341433534,2,2024Q1
2024-01-08,XLRE,-0.08376684981969829,-0.012027337377507514,2,2024Q1
2024-01-08,XLU,-0.11114207915977825,-0.010367713052717088,2,2024Q1
2024-01-08,XLV,-0.014970475202638278,-0.00829419463296845,2,2024Q1
2024-01-08,XLY,-0.03901164818724201,-0.0066959817699085745,2,2024Q1
2024-01-09,XLB,-0.05899246504844091,-0.009903128903448213,2,2024Q1
2024-01-09,XLC,0.027920284175675603,-0.004748895078024448,2,2024Q1
2024-01-09,XLE,-0.034232860832502876,-0.006829351097942965,2,2024Q1
2024-01-09,XLF,-0.014818594921898853,-0.010817595792921159,2,2024Q1
2024-01-09,XLI,-0.00692789102556568,-0.004410798403910708,2,2024Q1
2024-01-09,XLK,0.030354254722032348,0.005443343063325006,2,2024Q1
2024-01-09,XLP,-0.03626054250449351,-0.014148501718515089,2,2024Q1
2024-01-09,XLRE,-0.08777243824203163,-0.012242452814449124,2,2024Q1
2024-01-09,XLU,-0.11315434736900443,-0.01022670775038113,2,2024Q1
2024-01-09,XLV,-0.022320703244617768,-0.009185174461879586,2,2024Q1
2024-01-09,XLY,-0.03430134120466066,-0.0067602945905252555,2,2024Q1
2024-01-10,XLB,-0.053553416000511,-0.009761138590022617,2,2024Q1
2024-01-10,XLC,0.027483685551856096,-0.004308183474950748,2,2024Q1
2024-01-10,XLE,-0.008137575370267935,-0.0046971578026470985,2,2024Q1
2024-01-10,XLF,-0.014980853038417674,-0.010896175611350912,2,2024Q1
2024-01-10,XLI,-0.006596677027745468,-0.004390520881792829,2,2024Q1
2024-01-10,XLK,0.030027866904000167,0.005256520647048646,2,2024Q1
2024-01-10,XLP,-0.028989308099614863,-0.013602710972630628,2,2024Q1
2024-01-10,XLRE,-0.07848056235046763,-0.01276718136093429,2,2024Q1
2024-01-10,XLU,-0.11423022300006991,-0.009239140302103953,2,2024Q1
2024-01-10,XLV,-0.023315387574202928,-0.008727395595461452,2,2024Q1
2024-01-10,XLY,-0.032501926369693734,-0.0068939478413861475,2,2024Q1
2024-01-11,XLB,-0.054926310013601376,-0.009896124012986732,2,2024Q1
2024-01-11,XLC,0.02570858231518991,-0.0045713042089035195,2,2024Q1
2024-01-11,XLE,-0.033209598243492566,-0.00511348905688286,2,2024Q1
2024-01-11,XLF,-0.01473720797825262,-0.010801724608422481,2,2024Q1
2024-01-11,XLI,-0.009088679783888498,-0.004536748440608963,2,2024Q1
2024-01-11,XLK,0.0324791727074949,0.0053204440795039986,2,2024Q1
2024-01-11,XLP,-0.04472643251943409,-0.01366728901511945,2,2024Q1
2024-01-11,XLRE,-0.07331940971028539,-0.011326508141595876,2,2024Q1
2024-01-11,XLU,-0.09489306390491326,-0.008633978272803435,2,2024Q1
2024-01-11,XLV,-0.029877469219175223,-0.009154532704815354,2,2024Q1
2024-01-11,XLY,-0.030472839645061534,-0.0065543553844681305,2,2024Q1
2024-01-12,XLB,-0.046783466811815666,-0.010255895166454521,2,2024Q1
2024-01-12,XLC,0.025028366219556064,-0.004712834825273434,2,2024Q1
2024-01-12,XLE,-0.03223061873816069,-0.006492432729727745,2,2024Q1
2024-01-12,XLF,-0.00682865886209405,-0.011043446017134972,2,2024Q1
2024-01-12,XLI,-0.006289342423262179,-0.005098634227837608,2,2024Q1
2024-01-12,XLK,0.02195207621197115,0.0050218176973769145,2,2024Q1
2024-01-12,XLP,-0.03957649613120795,-0.013892538641105519,2,2024Q1
2024-01-12,XLRE,-0.08259115092507363,-0.01310108942429609,2,2024Q1
2024-01-12,XLU,-0.08809067146945149,-0.010544916978181766,2,2024Q1
2024-01-12,XLV,-0.024789152106033052,-0.009347179604245444,2,2024Q1
2024-01-12,XLY,-0.01769408158093877,-0.006981342348726282,2,2024Q1
2024-01-16,XLB,-0.0387457830237774,-0.009928669641189533,2,2024Q1
2024-01-16,XLC,0.02658111617581982,-0.00493273506539078,2,2024Q1
2024-01-16,XLE,-0.00724032907125971,-0.0015135589513762654,2,2024Q1
2024-01-16,XLF,-0.0030962361763664514,-0.0109669845246432,2,2024Q1
2024-01-16,XLI,0.004190793155631756,-0.005160863623188266,2,2024Q1
2024-01-16,XLK,0.011774573897355367,0.006669221921733429,2,2024Q1
2024-01-16,XLP,-0.03424438355730941,-0.013713639829070349,2,2024Q1
2024-01-16,XLRE,-0.083833182005287,-0.012458746457575168,2,2024Q1
2024-01-16,XLU,-0.0829530584637802,-0.009470232218084131,2,2024Q1
2024-01-16,XLV,-0.017555408599552624,-0.008916535194136925,2,2024Q1
2024-01-16,XLY,-0.026452026282907992,-0.007864117087243147,2,2024Q1
2024-01-17,XLB,-0.040257284109709524,-0.008206659363790215,2,2024Q1
2024-01-17,XLC,0.03497865120689192,-0.004231587029350588,2,2024Q1
2024-01-17,XLE,-0.014914143004721936,0.0010258024480147123,2,2024Q1
2024-01-17,XLF,-0.006542624444173972,-0.010076506784057922,2,2024Q1
2024-01-17,XLI,0.013575127736846548,-0.0038360677343338727,2,2024Q1
2024-01-17,XLK,0.012719365161672602,0.005562680454324563,2,2024Q1
2024-01-17,XLP,-0.0508061831629425,-0.012410170429955902,2,2024Q1
2024-01-17,XLRE,-0.07482470094503613,-0.010401386657559256,2,2024Q1
2024-01-17,XLU,-0.07881292919166727,-0.006664962850384653,2,2024Q1
2024-01-17,XLV,-0.02192785279258258,-0.008146026283361961,2,2024Q1
2024-01-17,XLY,-0.02202789337524025,-0.006663066863949293,2,2024Q1
2024-01-18,XLB,-0.02227407566848627,-0.008283170576906387,2,2024Q1
2024-01-18,XLC,0.032720978439547244,-0.003842555730740465,2,2024Q1
2024-01-18,XLE,0.017897075488860548,0.0031895738531863248,2,2024Q1
2024-01-18,XLF,0.011804667015532289,-0.010215978343550543,2,2024Q1
2024-01-18,XLI,0.009277348758157444,-0.0031342901703236793,2,2024Q1
2024-01-18,XLK,-0.008633442149984294,0.005347206136208009,2,2024Q1
2024-01-18,XLP,-0.0409648991454179,-0.011791185669590531,2,2024Q1
2024-01-18,XLRE,-0.04260083725885866,-0.01003626442342331,2,2024Q1
2024-01-18,XLU,-0.04962775171704914,-0.007186219205574775,2,2024Q1
2024-01-18,XLV,-0.012160693799192268,-0.007387568601780503,2,2024Q1
2024-01-18,XLY,-0.013897764540949709,-0.006838570203504202,2,2024Q1
2024-01-19,XLB,0.00034927460407851996,-0.007733425998086743,2,2024Q1
2024-01-19,XLC,0.019654031688639995,-0.003102420426139509,2,2024Q1
2024-01-19,XLE,0.03195276658165591,0.004564455981625508,2,2024Q1
2024-01-19,XLF,0.009415304088873366,-0.00906125574251414,2,2024Q1
2024-01-19,XLI,0.014217954169636782,-0.0032320271152106997,2,2024Q1
2024-01-19,XLK,-0.02341429141405804,0.004631624121416215,2,2024Q1
2024-01-19,XLP,-0.018332621936514526,-0.010563395211816434,2,2024Q1
2024-01-19,XLRE,-0.04444802772527379,-0.009624281336611027,2,2024Q1
2024-01-19,XLU,-0.03130439525544215,-0.008129607092740404,2,2024Q1
2024-01-19,XLV,0.008766271355973965,-0.006684101552176066,2,2024Q1
2024-01-19,XLY,-0.011789256460707609,-0.005727087824453971,2,2024Q1
2024-01-22,XLB,0.003025280472245262,-0.0073713085555502204,2,2024Q1
2024-01-22,XLC,0.023815740321802892,-0.0027031494804958464,2,2024Q1
2024-01-22,XLE,0.0261533174058608,0.004494847436206936,2,2024Q1
2024-01-22,XLF,0.009466877659992212,-0.008652676518202345,2,2024Q1
2024-01-22,XLI,0.010767337815691613,-0.0028315544394617613,2,2024Q1
2024-01-22,XLK,-0.030217184581855405,0.0042761239258670685,2,2024Q1
2024-01-22,XLP,0.005244167725781956,-0.010009727391842796,2,2024Q1
2024-01-22,XLRE,-0.04270618267110493,-0.009902492045110492,2,2024Q1
2024-01-22,XLU,-0.01896032791207336,-0.008215303681763425,2,2024Q1
2024-01-22,XLV,0.008593509193721038,-0.006373685500254043,2,2024Q1
2024-01-22,XLY,-0.00909572387016433,-0.006460168450484191,2,2024Q1
2024-01-23,XLB,0.007402793273580066,-0.007387817586110804,2,2024Q1
2024-01-23,XLC,0.014412512298712432,-0.0029635401506105095,2,2024Q1
2024-01-23,XLE,0.04570928549821951,0.0046524839174906536,2,2024Q1
2024-01-23,XLF,0.013040650298964618,-0.008219412957884996,2,2024Q1
2024-01-23,XLI,0.01780348045047986,-0.0028677513221407316,2,2024Q1
2024-01-23,XLK,-0.03840102335169859,0.0051234056167159,2,2024Q1
2024-01-23,XLP,-8.49565915526096e-05,-0.010164287913608735,2,2024Q1
2024-01-23,XLRE,-0.028057254024235534,-0.009892223254686593,2,2024Q1
2024-01-23,XLU,-0.005398877823048487,-0.007039554299316995,2,2024Q1
2024-01-23,XLV,0.013679976638384383,-0.0065529114723902465,2,2024Q1
2024-01-23,XLY,0.00296856874519702,-0.007186824335984006,2,2024Q1
2024-01-24,XLB,0.012032925281831641,-0.006097170680101479,2,2024Q1
2024-01-24,XLC,0.0034055557518528623,-0.0027861189328214904,2,2024Q1
2024-01-24,XLE,0.012402294797219549,0.0031587531623034665,2,2024Q1
2024-01-24,XLF,0.0008999392305806264,-0.00821158232157648,2,2024Q1
2024-01-24,XLI,0.017187824975546384,-0.0021601939033674086,2,2024Q1
2024-01-24,XLK,-0.033152476241381956,0.0038487261118463037,2,2024Q1
2024-01-24,XLP,-0.004204443444948636,-0.00984687054456328,2,2024Q1
2024-01-24,XLRE,-0.031654828228719456,-0.009585443451105295,2,2024Q1
2024-01-24,XLU,-0.01936250981794796,-0.005232031196065835,2,2024Q1
2024-01-24,XLV,0.015520454095967917,-0.006632665830519277,2,2024Q1
2024-01-24,XLY,0.006864626218130887,-0.007236831754265328,2,2024Q1
2024-01-25,XLB,0.01212780075273634,-0.006368737756649872,2,2024Q1
2024-01-25,XLC,-0.011037157352785876,-0.0031114597054235226,2,2024Q1
2024-01-25,XLE,-0.012751441946358799,0.001696075336920678,2,2024Q1
2024-01-25,XLF,0.005869175950733663,-0.007931112453588789,2,2024Q1
2024-01-25,XLI,0.017569240664371044,-0.002645531554612857,2,2024Q1
2024-01-25,XLK,-0.03478178218596306,0.004615811487935223,2,2024Q1
2024-01-25,XLP,-0.006024542999360394,-0.010269452863266738,2,2024Q1
2024-01-25,XLRE,-0.03906026572047905,-0.009934908583599437,2,2024Q1
2024-01-25,XLU,-0.025373850102537787,-0.004687641300969085,2,2024Q1
2024-01-25,XLV,0.027123155612847283,-0.007065641212402318,2,2024Q1
2024-01-25,XLY,0.020183529566757397,-0.006725424119451295,2,2024Q1
2024-01-26,XLB,0.007935165608427663,-0.007522918560498036,2,2024Q1
2024-01-26,XLC,-0.026791330733619168,-0.00385890241978019,2,2024Q1
2024-01-26,XLE,-0.014262291259492521,0.000821222052401903,2,2024Q1
2024-01-26,XLF,-0.0006036872618111477,-0.009359357138403298,2,2024Q1
2024-01-26,XLI,0.020153967241613113,-0.003331670329355672,2,2024Q1
2024-01-26,XLK,-0.01958206372519511,0.0059899279416987085,2,2024Q1
2024-01-26,XLP,-0.012648289802573487,-0.011761128644420742,2,2024Q1
2024-01-26,XLRE,-0.04357582061275633,-0.009868914141144162,2,2024Q1
2024-01-26,XLU,-0.04579834193292942,-0.0054763413938724685,2,2024Q1
2024-01-26,XLV,0.018101869554450367,-0.008541303652238487,2,2024Q1
2024-01-26,XLY,0.02111825940270129,-0.007115428658144142,2,2024Q1
2024-01-29,XLB,0.012865355101028708,-0.00706800074513563,2,2024Q1
2024-01-29,XLC,-0.02076970921091137,-0.0037267726102183265,2,2024Q1
2024-01-29,XLE,-0.010956560067241883,0.0009265792470536413,2,2024Q1
2024-01-29,XLF,0.005800854533050348,-0.00917122332291268,2,2024Q1
2024-01-29,XLI,0.021114588721173666,-0.002832612643982502,2,2024Q1
2024-01-29,XLK,-0.021709570715698234,0.006015671982138801,2,2024Q1
2024-01-29,XLP,-0.012164039154437312,-0.011287709212877473,2,2024Q1
2024-01-29,XLRE,-0.04374140877329735,-0.009876778814930966,2,2024Q1
2024-01-29,XLU,-0.027168772613996195,-0.006022610417478256,2,2024Q1
2024-01-29,XLV,0.014397944982133204,-0.007776826741293165,2,2024Q1
2024-01-29,XLY,0.015542919649191411,-0.006851221877049004,2,2024Q1
2024-01-30,XLB,0.011906810025849923,-0.008673565136213075,2,2024Q1
2024-01-30,XLC,-0.020256492313080576,-0.004145302327643619,2,2024Q1
2024-01-30,XLE,-0.022839888653622076,-0.0015300465633677975,2,2024Q1
2024-01-30,XLF,-0.0027681731172546353,-0.010386026650468614,2,2024Q1
2024-01-30,XLI,0.02490176372048758,-0.003684559284207448,2,2024Q1
2024-01-30,XLK,-0.01754264804580985,0.005287954896202211,2,2024Q1
2024-01-30,XLP,-0.0162002127996157,-0.012705254021071812,2,2024Q1
2024-01-30,XLRE,-0.02115687105710151,-0.01042405284311979,2,2024Q1
2024-01-30,XLU,-0.02319095756445999,-0.007351198336711822,2,2024Q1
2024-01-30,XLV,0.007389103391371332,-0.0093877737922798,2,2024Q1
2024-01-30,XLY,0.02084645343447966,-0.007047124215682762,2,2024Q1
2024-01-31,XLB,0.012890362483897189,-0.008788320004891905,2,2024Q1
2024-01-31,XLC,-0.006324991537333791,-0.003343724946765625,2,2024Q1
2024-01-31,XLE,-0.019456990225056536,-0.0013600108245013557,2,2024Q1
2024-01-31,XLF,-0.011423204837025303,-0.011606931864647105,2,2024Q1
2024-01-31,XLI,0.019652965368388342,-0.005171949904917968,2,2024Q1
2024-01-31,XLK,-0.005141148254141914,0.004153962735160495,2,2024Q1
2024-01-31,XLP,-0.031204980757255862,-0.012824081502509353,2,2024Q1
2024-01-31,XLRE,-0.026485331389580313,-0.010101298975903953,2,2024Q1
2024-01-31,XLU,-0.04160917327604774,-0.009981124565077062,2,2024Q1
2024-01-31,XLV,-0.020558441628332425,-0.00979691496187665,2,2024Q1
2024-01-31,XLY,0.026738934518328872,-0.006148015388376558,2,2024Q1
2024-02-01,XLB,0.004060646064101503,-0.007597826571439586,2,2024Q1
2024-02-01,XLC,-0.004514337234486687,-0.0027907983036513837,2,2024Q1
2024-02-01,XLE,-0.003500110786268884,-0.0012280263475254222,2,2024Q1
2024-02-01,XLF,-0.010477156661161002,-0.010924966666124854,2,2024Q1
2024-02-01,XLI,0.010100150890984594,-0.003476734214965831,2,2024Q1
2024-02-01,XLK,0.00456079523737607,0.0042527474084481775,2,2024Q1
2024-02-01,XLP,-0.04767228279197844,-0.011791748561872803,2,2024Q1
2024-02-01,XLRE,-0.029272070538054917,-0.010069122859159431,2,2024Q1
2024-02-01,XLU,-0.06271664046894243,-0.0077667844080013095,2,2024Q1
2024-02-01,XLV,-0.019230311435875613,-0.008833609026456624,2,2024Q1
2024-02-01,XLY,0.013707311497016983,-0.005289009251826219,2,2024Q1
2024-02-02,XLB,0.03000332935355221,-0.007482291856903918,2,2024Q1
2024-02-02,XLC,-0.04596668970858009,-0.0016282456663811468,2,2024Q1
2024-02-02,XLE,-0.004102452056901962,-0.0009265084885499626,2,2024Q1
2024-02-02,XLF,-0.00013791036246768584,-0.010035304899027327,2,2024Q1
2024-02-02,XLI,0.01888955510471302,-0.003295338095865621,2,2024Q1
2024-02-02,XLK,0.005817858093929873,0.00463030470819154,2,2024Q1
2024-02-02,XLP,-0.03159141742433724,-0.01128318672384837,2,2024Q1
2024-02-02,XLRE,0.007542473489982715,-0.009688876500157833,2,2024Q1
2024-02-02,XLU,-0.015656541623220832,-0.007980093378756084,2,2024Q1
2024-02-02,XLV,-0.007223751071807394,-0.008272285908992004,2,2024Q1
2024-02-02,XLY,-0.006984793266550993,-0.004618333978577993,2,2024Q1
2024-02-05,XLB,0.05859083751202365,-0.007098042280425861,2,2024Q1
2024-02-05,XLC,-0.03339119711480254,-0.0003531860063191581,2,2024Q1
2024-02-05,XLE,0.012789329464183652,-0.0008705629179132728,2,2024Q1
2024-02-05,XLF,0.012878076894109247,-0.010432922173428456,2,2024Q1
2024-02-05,XLI,0.02258103329871708,-0.002868088139697196,2,2024Q1
2024-02-05,XLK,-0.015494378824654875,0.0044524183911534435,2,2024Q1
2024-02-05,XLP,-0.01627155483616738,-0.01145878158247777,2,2024Q1
2024-02-05,XLRE,0.02169556755172719,-0.009175285444747851,2,2024Q1
2024-02-05,XLU,0.009659663920163375,-0.006435110541536538,2,2024Q1
2024-02-05,XLV,-0.011447987069399757,-0.008032563572499603,2,2024Q1
2024-02-05,XLY,0.0013579511241930131,-0.004794735959201515,2,2024Q1
2024-02-06,XLB,0.045372075198568895,-0.0064953139493614965,2,2024Q1
2024-02-06,XLC,-0.03115886800424894,0.0001019984705845447,2,2024Q1
2024-02-06,XLE,0.010430260886660658,-0.0013934685917309409,2,2024Q1
2024-02-06,XLF,0.013916475300032038,-0.011050526373011592,2,2024Q1
2024-02-06,XLI,0.016446039283485314,-0.0035694157647618765,2,2024Q1
2024-02-06,XLK,-0.004962977724068063,0.005952703189312562,2,2024Q1
2024-02-06,XLP,-0.01229794818406238,-0.012310593309253902,2,2024Q1
2024-02-06,XLRE,0.00952368935413661,-0.009668705068842036,2,2024Q1
2024-02-06,XLU,0.013582829003716768,-0.007282529914743183,2,2024Q1
2024-02-06,XLV,-0.017755734875094076,-0.008558785088295346,2,2024Q1
2024-02-06,XLY,-0.01071672783386779,-0.005758607344284555,2,2024Q1
2024-02-07,XLB,0.04831119298235209,-0.006719773871043621,2,2024Q1
2024-02-07,XLC,-0.021742453769105552,-2.8497271145802908e-05,2,2024Q1
2024-02-07,XLE,0.015527146440054373,-0.0015532541199066497,2,2024Q1
2024-02-07,XLF,0.0030067118034216023,-0.010354145765028386,2,2024Q1
2024-02-07,XLI,0.016302626640763762,-0.003217825470887911,2,2024Q1
2024-02-07,XLK,-0.004003359901258108,0.005887170867553815,2,2024Q1
2024-02-07,XLP,-0.0071282960332583745,-0.012263106782650149,2,2024Q1
2024-02-07,XLRE,0.008447270230550696,-0.009782013160362523,2,2024Q1
2024-02-07,XLU,0.018048352218669184,-0.008074490614756817,2,2024Q1
2024-02-07,XLV,-0.017408393357666974,-0.008869847549194291,2,2024Q1
2024-02-07,XLY,-0.015948380060140765,-0.005518818857768214,2,2024Q1
2024-02-08,XLB,0.05013472074269831,-0.006775195480203095,2,2024Q1
2024-02-08,XLC,-0.020441186179188664,0.0007748662082980923,2,2024Q1
2024-02-08,XLE,0.015185053217174005,-0.0015263422891211163,2,2024Q1
2024-02-08,XLF,0.015449910158486624,-0.010774506851569854,2,2024Q1
2024-02-08,XLI,0.020467702713454328,-0.003047250754586577,2,2024Q1
2024-02-08,XLK,-0.01582150040128605,0.005850048433012734,2,2024Q1
2024-02-08,XLP,-0.008324150199012337,-0.012162930176882341,2,2024Q1
2024-02-08,XLRE,0.021660940509524718,-0.009707365725793669,2,2024Q1
2024-02-08,XLU,0.03490178699297064,-0.007152977059419435,2,2024Q1
2024-02-08,XLV,-0.010862041839431402,-0.009036216612824917,2,2024Q1
2024-02-08,XLY,-0.01748543639349487,-0.005288046403171397,2,2024Q1
2024-02-09,XLB,0.06672974037196466,-0.006426454984866597,2,2024Q1
2024-02-09,XLC,-0.01670134912284782,0.000907063774148648,2,2024Q1
2024-02-09,XLE,0.049147660786361014,-0.0015841730725729597,2,2024Q1
2024-02-09,XLF,0.02108581165693657,-0.010525856600828411,2,2024Q1
2024-02-09,XLI,0.02024739598883163,-0.002909959656040125,2,2024Q1
2024-02-09,XLK,-0.025211808825869375,0.006408798728885812,2,2024Q1
2024-02-09,XLP,0.013536195936482143,-0.011712838136897202,2,2024Q1
2024-02-09,XLRE,0.020502691483683222,-0.00976981547495264,2,2024Q1
2024-02-09,XLU,0.042937878244362127,-0.007425597883770138,2,2024Q1
2024-02-09,XLV,-0.0038628602374368715,-0.008621920124770093,2,2024Q1
2024-02-09,XLY,-0.02055642333885055,-0.005103864434775417,2,2024Q1
2024-02-12,XLB,0.04662410601235911,-0.006030090568777943,2,2024Q1
2024-02-12,XLC,-0.02247245863984193,0.0012831990469706525,2,2024Q1
2024-02-12,XLE,0.02438013373166492,-0.0015918391441197915,2,2024Q1
2024-02-12,XLF,0.00921576288162429,-0.0101301872688201,2,2024Q1
2024-02-12,XLI,0.011921514296459934,-0.002778354027593935,2,2024Q1
2024-02-12,XLK,-0.008460516195586854,0.006696129164854193,2,2024Q1
2024-02-12,XLP,0.00010652487957796275,-0.011804003821306697,2,2024Q1
2024-02-12,XLRE,0.009725852450638506,-0.011650002688209567,2,2024Q1
2024-02-12,XLU,0.00913755701118757,-0.009906792189009493,2,2024Q1
2024-02-12,XLV,-0.011912665046134752,-0.00837353146497401,2,2024Q1
2024-02-12,XLY,-0.022525667771834623,-0.004958061010287833,2,2024Q1
2024-02-13,XLB,0.060028525199019356,-0.006075453309341982,2,2024Q1
2024-02-13,XLC,-0.01901720974033716,0.001799297113370991,2,2024Q1
2024-02-13,XLE,0.03940855459025827,-0.0018256213701107553,2,2024Q1
2024-02-13,XLF,0.01843749435610409,-0.010214563818833108,2,2024Q1
2024-02-13,XLI,0.012803784524435091,-0.0032801313077704284,2,2024Q1
2024-02-13,XLK,-0.01481156941589501,0.008036403350544905,2,2024Q1
2024-02-13,XLP,0.0011374987373844458,-0.011659173979934694,2,2024Q1
2024-02-13,XLRE,0.00969915833260937,-0.011093205345783558,2,2024Q1
2024-02-13,XLU,0.02107235188312062,-0.00872156021628728,2,2024Q1
2024-02-13,XLV,-0.019105070052096718,-0.008609373744098932,2,2024Q1
2024-02-13,XLY,-0.01694462963713228,-0.004333499401782178,2,2024Q1
2024-02-14,XLB,0.058667384631049035,-0.00605148644992559,2,2024Q1
2024-02-14,XLC,-0.026065778799900574,0.001632769323702998,2,2024Q1
2024-02-14,XLE,0.06306440501466848,-0.0025725235233618813,2,2024Q1
2024-02-14,XLF,0.011391561964404717,-0.009964522538597156,2,2024Q1
2024-02-14,XLI,0.0024421517013288874,-0.0020889804790115165,2,2024Q1
2024-02-14,XLK,-0.01381842933734645,0.008043496002661167,2,2024Q1
2024-02-14,XLP,0.006485790074882258,-0.011287831481399509,2,2024Q1
2024-02-14,XLRE,-0.0006129475331160261,-0.011063210591371574,2,2024Q1
2024-02-14,XLU,0.018232453325384368,-0.008804509296374805,2,2024Q1
2024-02-14,XLV,-0.02008505185343612,-0.008016710793682368,2,2024Q1
2024-02-14,XLY,-0.022687136516396533,-0.004539383187762301,2,2024Q1
2024-02-15,XLB,0.05618843787163508,-0.005736515986124373,2,2024Q1
2024-02-15,XLC,-0.026924012353133464,0.0007597443309008281,2,2024Q1
2024-02-15,XLE,0.05379893500866517,-0.00212807498073488,2,2024Q1
2024-02-15,XLF,0.010070094032900379,-0.010268000573734795,2,2024Q1
2024-02-15,XLI,0.012214435110824207,-0.002932160351433861,2,2024Q1
2024-02-15,XLK,-0.009805796642715192,0.008756968434505814,2,2024Q1
2024-02-15,XLP,0.016676276933217382,-0.012190936327769488,2,2024Q1
2024-02-15,XLRE,-0.008093507968932823,-0.011608831579287675,2,2024Q1
2024-02-15,XLU,0.01965916266202039,-0.010696836368501265,2,2024Q1
2024-02-15,XLV,-0.014130599742737227,-0.008712345766260874,2,2024Q1
2024-02-15,XLY,-0.02690504843525865,-0.004953913980017878,2,2024Q1
2024-02-16,XLB,0.03749830052425196,-0.006854559625318366,2,2024Q1
2024-02-16,XLC,-0.004560263865427849,0.001548839823705816,2,2024Q1
2024-02-16,XLE,0.03836671472459274,-0.0023985774366836955,2,2024Q1
2024-02-16,XLF,0.004563235533780352,-0.010640917537393714,2,2024Q1
2024-02-16,XLI,0.005892634054439405,-0.0026933514060807524,2,2024Q1
2024-02-16,XLK,-0.008312803703180327,0.009532761848512209,2,2024Q1
2024-02-16,XLP,0.0030227166291085794,-0.0127991840891922,2,2024Q1
2024-02-16,XLRE,-0.015774431563531977,-0.011515575137454662,2,2024Q1
2024-02-16,XLU,0.0059375352634083445,-0.011115140577310566,2,2024Q1
2024-02-16,XLV,-0.03221994252623317,-0.0090015107326607,2,2024Q1
2024-02-16,XLY,-0.02672619166783452,-0.00504043581106544,2,2024Q1
2024-02-20,XLB,0.02844887630996995,-0.006897001334490087,2,2024Q1
2024-02-20,XLC,-0.014805826316244275,0.0015263806139897895,2,2024Q1
2024-02-20,XLE,0.04900931048882562,-0.0024809602921202034,2,2024Q1
2024-02-20,XLF,0.001073453957352033,-0.011135793051269716,2,2024Q1
2024-02-20,XLI,0.006642879276032687,-0.003231829150520716,2,2024Q1
2024-02-20,XLK,-0.003934436347471815,0.009371405403532998,2,2024Q1
2024-02-20,XLP,-0.015324776530309503,-0.013168102255407474,2,2024Q1
2024-02-20,XLRE,-0.02561128365661669,-0.01151830395595406,2,2024Q1
2024-02-20,XLU,0.004343409223785066,-0.011074799813201726,2,2024Q1
2024-02-20,XLV,-0.03366845062017165,-0.00938232772421574,2,2024Q1
2024-02-20,XLY,-0.019876173683969878,-0.005163964661165901,2,2024Q1
2024-02-21,XLB,0.02457727223453321,-0.006853556373243662,2,2024Q1
2024-02-21,XLC,-0.010225077267193461,0.002157351182838578,2,2024Q1
2024-02-21,XLE,0.018839044070125155,-0.00229399218041056,2,2024Q1
2024-02-21,XLF,0.0016347728904482217,-0.01085498501390308,2,2024Q1
2024-02-21,XLI,0.006360620510990955,-0.002920741113072045,2,2024Q1
2024-02-21,XLK,0.00559533640625598,0.009877736131390903,2,2024Q1
2024-02-21,XLP,-0.02459985870782222,-0.013087619017821829,2,2024Q1
2024-02-21,XLRE,-0.03746747139419093,-0.011563777610436622,2,2024Q1
2024-02-21,XLU,-0.01663986009675944,-0.011829169150095072,2,2024Q1
2024-02-21,XLV,-0.046801150419339965,-0.009061889102961152,2,2024Q1
2024-02-21,XLY,-0.020939081453822617,-0.005004490396437501,2,2024Q1
2024-02-22,XLB,0.036141062925441725,-0.007197728307207907,2,2024Q1
2024-02-22,XLC,-0.007318870594732685,0.0018397881488171745,2,2024Q1
2024-02-22,XLE,0.041183564002119866,-0.0017564058047898194,2,2024Q1
2024-02-22,XLF,0.015922263307248885,-0.01000994225923003,2,2024Q1
2024-02-22,XLI,0.02162399693204642,-0.0035582585637448953,2,2024Q1
2024-02-22,XLK,-0.009186151930595576,0.013780146278332054,2,2024Q1
2024-02-22,XLP,-0.009381345544531516,-0.012194792635428997,2,2024Q1
2024-02-22,XLRE,-0.018362982977091935,-0.011853419249849093,2,2024Q1
2024-02-22,XLU,0.007607954800233019,-0.01144320651287472,2,2024Q1
2024-02-22,XLV,-0.039294410962499304,-0.008126853261288838,2,2024Q1
2024-02-22,XLY,-0.016775082888515813,-0.0045697590330029255,2,2024Q1
2024-02-23,XLB,0.025979095833330135,-0.006383134351410684,2,2024Q1
2024-02-23,XLC,3.5217284320987474e-05,0.004898185342528444,2,2024Q1
2024-02-23,XLE,0.048611586367643955,-0.0006869786431217824,2,2024Q1
2024-02-23,XLF,0.0014845828678338169,-0.009696282941001666,2,2024Q1
2024-02-23,XLI,0.015200256325056172,-0.002999052651766137,2,2024Q1
2024-02-23,XLK,-0.003802231028673164,0.014004540871367967,2,2024Q1
2024-02-23,XLP,-0.014806579230815409,-0.011363288009259617,2,2024Q1
2024-02-23,XLRE,-0.028889625035699806,-0.010809367231812339,2,2024Q1
2024-02-23,XLU,0.004357964718286977,-0.010786063683760746,2,2024Q1
2024-02-23,XLV,-0.04267381389874092,-0.007437381080661348,2,2024Q1
2024-02-23,XLY,-0.018419066016293728,-0.004222308560935367,2,2024Q1
2024-02-26,XLB,0.03173972793536284,-0.0066180257433541435,2,2024Q1
2024-02-26,XLC,0.010699050426803636,0.00531703895279861,2,2024Q1
2024-02-26,XLE,0.05391627179562963,-0.0008168549137220712,2,2024Q1
2024-02-26,XLF,0.0016939410007759115,-0.01105991828816922,2,2024Q1
2024-02-26,XLI,0.009087486460684913,-0.0031171154500077474,2,2024Q1
2024-02-26,XLK,-0.012488496719706976,0.013895250132607893,2,2024Q1
2024-02-26,XLP,-0.014478637756412782,-0.01162337546900587,2,2024Q1
2024-02-26,XLRE,-0.022270312420008764,-0.0108202900972589,2,2024Q1
2024-02-26,XLU,0.029071824904779442,-0.009281355972765864,2,2024Q1
2024-02-26,XLV,-0.03987819934855463,-0.0075551326189874915,2,2024Q1
2024-02-26,XLY,-0.025748999626758806,-0.00418479543329462,2,2024Q1
2024-02-27,XLB,0.030818534438550538,-0.006728236867585908,2,2024Q1
2024-02-27,XLC,0.0039638016086935846,0.0044101684987119085,2,2024Q1
2024-02-27,XLE,0.053989424586639245,-0.0016515860143383712,2,2024Q1
2024-02-27,XLF,0.006159439911643361,-0.013896220130377297,2,2024Q1
2024-02-27,XLI,0.007591263215276811,-0.003990289715001791,2,2024Q1
2024-02-27,XLK,-0.013759494217266743,0.014473493807842137,2,2024Q1
2024-02-27,XLP,-0.010279059950921932,-0.012328586927356108,2,2024Q1
2024-02-27,XLRE,-0.023435188290296338,-0.011566026865920025,2,2024Q1
2024-02-27,XLU,0.001447668390912149,-0.011534647591437585,2,2024Q1
2024-02-27,XLV,-0.030045519488333672,-0.008585469367102085,2,2024Q1
2024-02-27,XLY,-0.023983283658890464,-0.005020710368151921,2,2024Q1
2024-02-28,XLB,0.03265112506038892,-0.007689275562747325,2,2024Q1
2024-02-28,XLC,0.006389698407918809,0.0042520995855358425,2,2024Q1
2024-02-28,XLE,0.05619221771788663,-0.0021327757280804765,2,2024Q1
2024-02-28,XLF,0.004507011267493866,-0.014467762325267626,2,2024Q1
2024-02-28,XLI,0.01061709142397671,-0.004196456746592502,2,2024Q1
2024-02-28,XLK,-0.013763313987913861,0.0140275522700988,2,2024Q1
2024-02-28,XLP,-0.0107385399356843,-0.012872054960644011,2,2024Q1
2024-02-28,XLRE,-0.021030675326357162,-0.011574594298441394,2,2024Q1
2024-02-28,XLU,0.016855922611787033,-0.011770922782830942,2,2024Q1
2024-02-28,XLV,-0.021758771198903792,-0.008961344937069939,2,2024Q1
2024-02-28,XLY,-0.026359171360405886,-0.005237549743832519,2,2024Q1
2024-02-29,XLB,0.03136931670275045,-0.007507945612221477,2,2024Q1
2024-02-29,XLC,-0.0005213729994260063,0.0013942752467494884,2,2024Q1
2024-02-29,XLE,0.06650327320667504,-0.0023428737423298756,2,2024Q1
2024-02-29,XLF,0.01462171018863656,-0.013585927385091913,2,2024Q1
2024-02-29,XLI,0.011488507699054296,-0.0037676754795111607,2,2024Q1
2024-02-29,XLK,-0.023270741607581913,0.01178508627015805,2,2024Q1
2024-02-29,XLP,-0.0038484259576792024,-0.012247511385114984,2,2024Q1
2024-02-29,XLRE,-0.018764286390935414,-0.011358274321471807,2,2024Q1
2024-02-29,XLU,0.027662633675551884,-0.011388166038077581,2,2024Q1
2024-02-29,XLV,-0.009409318157152402,-0.00814979569140285,2,2024Q1
2024-02-29,XLY,-0.0323230315364168,-0.005006737031441625,2,2024Q1
2024-03-01,XLB,0.03539361067229785,-0.00808118076661168,2,2024Q1
2024-03-01,XLC,0.010214451846724648,0.0004107762394214592,2,2024Q1
2024-03-01,XLE,0.07330855897176791,-0.0021762437918670797,2,2024Q1
2024-03-01,XLF,0.02155863119032242,-0.013651879433584096,2,2024Q1
2024-03-01,XLI,0.010401514198977058,-0.004216925366991739,2,2024Q1
2024-03-01,XLK,-0.027215896867102907,0.0104693728332384,2,2024Q1
2024-03-01,XLP,-0.0008287180618458123,-0.012986939651025691,2,2024Q1
2024-03-01,XLRE,-0.035857047476219095,-0.01112982750945735,2,2024Q1
2024-03-01,XLU,0.03904032217758635,-0.011363087483248227,2,2024Q1
2024-03-01,XLV,-0.017265113959514355,-0.00806742561780392,2,2024Q1
2024-03-01,XLY,-0.03166550892732367,-0.0056054192979090225,2,2024Q1
2024-03-04,XLB,0.029333365352288476,-0.00894515617940581,2,2024Q1
2024-03-04,XLC,0.02762912929499195,0.0030911424701402816,2,2024Q1
2024-03-04,XLE,0.10589777065897965,-0.001834943693076602,2,2024Q1
2024-03-04,XLF,0.018925055180079253,-0.01479901778204277,2,2024Q1
2024-03-04,XLI,0.007322596177330443,-0.0050747448590805835,2,2024Q1
2024-03-04,XLK,-0.03136531216307348,0.010470239625392095,2,2024Q1
2024-03-04,XLP,-0.0014938157398842744,-0.013168533922890777,2,2024Q1
2024-03-04,XLRE,-0.052275834916176156,-0.010896941578055666,2,2024Q1
2024-03-04,XLU,0.028661703483720435,-0.011714060777505572,2,2024Q1
2024-03-04,XLV,-0.02597427937399177,-0.008392930795732036,2,2024Q1
2024-03-04,XLY,-0.02750406833876562,-0.005837876783025466,2,2024Q1
2024-03-05,XLB,0.029783924315120558,-0.009827231762622854,2,2024Q1
2024-03-05,XLC,0.033080196263691075,0.0010561747673806035,2,2024Q1
2024-03-05,XLE,0.09390584709614846,-0.00029692638503239213,2,2024Q1
2024-03-05,XLF,0.006826867177431195,-0.014463605156329416,2,2024Q1
2024-03-05,XLI,0.009699103805856035,-0.0041989404014169856,2,2024Q1
2024-03-05,XLK,-0.015309368481352115,0.010306634265875267,2,2024Q1
2024-03-05,XLP,-0.02638949662762391,-0.013027205299481474,2,2024Q1
2024-03-05,XLRE,-0.05070947156282568,-0.011409198058751631,2,2024Q1
2024-03-05,XLU,0.016154729493864206,-0.011572283482832676,2,2024Q1
2024-03-05,XLV,-0.031008852028496126,-0.008380475019845636,2,2024Q1
2024-03-05,XLY,-0.02572260344230748,-0.005906466360377524,2,2024Q1
2024-03-06,XLB,0.02908060559570469,-0.009778329459312446,2,2024Q1
2024-03-06,XLC,0.03491994580939406,0.0017575909062653309,2,2024Q1
2024-03-06,XLE,0.1073529354808056,-0.0015867856924305494,2,2024Q1
2024-03-06,XLF,0.007522955169080969,-0.014085707927260632,2,2024Q1
2024-03-06,XLI,0.012896494345137066,-0.004128809942657837,2,2024Q1
2024-03-06,XLK,-0.021473664488376953,0.010175939082431348,2,2024Q1
2024-03-06,XLP,-0.02138091107643625,-0.01262798943467407,2,2024Q1
2024-03-06,XLRE,-0.04605959606316623,-0.011893686464024222,2,2024Q1
2024-03-06,XLU,0.02181875398702826,-0.011453731685150986,2,2024Q1
2024-03-06,XLV,-0.03438589069103737,-0.008144244393220814,2,2024Q1
2024-03-06,XLY,-0.016312005530810803,-0.005941966234556476,2,2024Q1
2024-03-07,XLB,0.025237112317878063,-0.010027755286164137,2,2024Q1
2024-03-07,XLC,0.02822107092816073,0.00407374684636202,2,2024Q1
2024-03-07,XLE,0.10928970000106086,-0.0018933537970302421,2,2024Q1
2024-03-07,XLF,0.018122410262285227,-0.014662536414591873,2,2024Q1
2024-03-07,XLI,0.01825994962553401,-0.004661535445433457,2,2024Q1
2024-03-07,XLK,-0.02617843271725162,0.012518006130054793,2,2024Q1
2024-03-07,XLP,-0.02590711642787924,-0.013039340942535494,2,2024Q1
2024-03-07,XLRE,-0.040281090717628865,-0.012191050943023453,2,2024Q1
2024-03-07,XLU,0.017657696134382173,-0.012047310197603828,2,2024Q1
2024-03-07,XLV,-0.03075360183114373,-0.008625280787775226,2,2024Q1
2024-03-07,XLY,-0.018856231436240822,-0.006803906475405063,2,2024Q1
2024-03-08,XLB,0.025380520990883726,-0.010715880725769025,2,2024Q1
2024-03-08,XLC,0.023259958086412347,0.00279406769954518,2,2024Q1
2024-03-08,XLE,0.0916852805999182,-0.0023557935519063944,2,2024Q1
2024-03-08,XLF,0.01413945257097815,-0.015215525141443368,2,2024Q1
2024-03-08,XLI,0.01207698097877663,-0.00498940001060379,2,2024Q1
2024-03-08,XLK,-0.019177306223293056,0.009813519477894984,2,2024Q1
2024-03-08,XLP,-0.0261860083724772,-0.013696451185101547,2,2024Q1
2024-03-08,XLRE,-0.05002488738891919,-0.012832723599369752,2,2024Q1
2024-03-08,XLU,0.015183389200282615,-0.01257428196629633,2,2024Q1
2024-03-08,XLV,-0.038742526013170187,-0.009330173298970734,2,2024Q1
2024-03-08,XLY,-0.01240377495382683,-0.007229970832337163,2,2024Q1
2024-03-11,XLB,0.014155239470844405,-0.010072124248387177,2,2024Q1
2024-03-11,XLC,0.024304972863557595,0.0031379567702159313,2,2024Q1
2024-03-11,XLE,0.07868428091619895,-0.0025835909549386106,2,2024Q1
2024-03-11,XLF,0.004427132973266357,-0.014784186896149914,2,2024Q1
2024-03-11,XLI,0.012958907023040478,-0.005295026065241804,2,2024Q1
2024-03-11,XLK,-0.013452291523275539,0.011300711795739247,2,2024Q1
2024-03-11,XLP,-0.028825675298027598,-0.013455133383807005,2,2024Q1
2024-03-11,XLRE,-0.03498968695305704,-0.012611529373332684,2,2024Q1
2024-03-11,XLU,0.01361766757954297,-0.011860065393675205,2,2024Q1
2024-03-11,XLV,-0.036770677632862236,-0.008642504701760456,2,2024Q1
2024-03-11,XLY,-0.006994285441407344,-0.0072534326084238935,2,2024Q1
2024-03-12,XLB,0.019093024484573284,-0.009515308338568878,2,2024Q1
2024-03-12,XLC,0.02798229670312713,0.0038341311351942687,2,2024Q1
2024-03-12,XLE,0.10465254248225597,0.00043503004656368074,2,2024Q1
2024-03-12,XLF,0.0058814724114233385,-0.01454359054455925,2,2024Q1
2024-03-12,XLI,0.02053061453829108,-0.004360258416667767,2,2024Q1
2024-03-12,XLK,-0.024755120900608052,0.009391557887818295,2,2024Q1
2024-03-12,XLP,-0.016574700904929074,-0.012333903747495132,2,2024Q1
2024-03-12,XLRE,-0.052038596004761795,-0.014363850739529551,2,2024Q1
2024-03-12,XLU,0.02673906259134906,-0.010407009043877011,2,2024Q1
2024-03-12,XLV,-0.031851993832542114,-0.00796906305930639,2,2024Q1
2024-03-12,XLY,-0.010180524964237048,-0.006056104827557199,2,2024Q1
2024-03-13,XLB,-0.0006463057025674068,-0.009283234044962958,2,2024Q1
2024-03-13,XLC,0.026085592976474947,0.0029151389012256226,2,2024Q1
2024-03-13,XLE,0.07751763263051448,0.0009029073134431773,2,2024Q1
2024-03-13,XLF,-0.017539779444541215,-0.014617593826451978,2,2024Q1
2024-03-13,XLI,0.009857077780476953,-0.004714716212068388,2,2024Q1
2024-03-13,XLK,-0.0036468983484407858,0.007598329776672321,2,2024Q1
2024-03-13,XLP,-0.030460929519804614,-0.012518108555051637,2,2024Q1
2024-03-13,XLRE,-0.05416149526868008,-0.015662052407585496,2,2024Q1
2024-03-13,XLU,0.00874568777929241,-0.009889213894773655,2,2024Q1
2024-03-13,XLV,-0.04114586259881914,-0.0077530207896483625,2,2024Q1
2024-03-13,XLY,-0.009238497718524252,-0.0072612644760763605,2,2024Q1
2024-03-14,XLB,-0.0012932404404899511,-0.009386056970094408,2,2024Q1
2024-03-14,XLC,0.023444520147381076,0.002239969997205521,2,2024Q1
2024-03-14,XLE,0.060979793239005375,0.0010061127367274273,2,2024Q1
2024-03-14,XLF,-0.010896744289177418,-0.014781401522797184,2,2024Q1
2024-03-14,XLI,0.015173870522325106,-0.0044480435695137535,2,2024Q1
2024-03-14,XLK,-0.008131557493312291,0.007272091445775355,2,2024Q1
2024-03-14,XLP,-0.020889305992229934,-0.013075464597722311,2,2024Q1
2024-03-14,XLRE,-0.03863304402661494,-0.014750583309775436,2,2024Q1
2024-03-14,XLU,0.02105961834259651,-0.008885342614497242,2,2024Q1
2024-03-14,XLV,-0.040208542967358984,-0.007819197241315311,2,2024Q1
2024-03-14,XLY,-0.007218222090110582,-0.0072136790222632335,2,2024Q1
2024-03-15,XLB,-0.003874775655113849,-0.009858041046435811,2,2024Q1
2024-03-15,XLC,0.023290587315701328,0.0025795036314048116,2,2024Q1
2024-03-15,XLE,0.05063554279955251,-0.0005715214141106951,2,2024Q1
2024-03-15,XLF,-0.012247168690031063,-0.01526907114018714,2,2024Q1
2024-03-15,XLI,0.010388656425362353,-0.005732790791078925,2,2024Q1
2024-03-15,XLK,-0.009434818810338252,0.007383178736528373,2,2024Q1
2024-03-15,XLP,-0.02188490495577977,-0.013368773594480785,2,2024Q1
2024-03-15,XLRE,-0.05220361042076693,-0.0164104337428985,2,2024Q1
2024-03-15,XLU,0.012916230785517402,-0.010387546984049104,2,2024Q1
2024-03-15,XLV,-0.03574630712854532,-0.008764993994097584,2,2024Q1
2024-03-15,XLY,-0.011295258442827638,-0.007321226386294578,2,2024Q1
2024-03-18,XLB,-0.002107989052892334,-0.009509779869063668,2,2024Q1
2024-03-18,XLC,0.009889744809352341,0.0023334025187608876,2,2024Q1
2024-03-18,XLE,0.05396124557658588,8.355895414078728e-05,2,2024Q1
2024-03-18,XLF,-0.01312671654891795,-0.015030640000638317,2,2024Q1
2024-03-18,XLI,0.017043428384599935,-0.005606258024683184,2,2024Q1
2024-03-18,XLK,-0.0038146870252793175,0.009281996632507752,2,2024Q1
2024-03-18,XLP,-0.01295022785233324,-0.013030114777631455,2,2024Q1
2024-03-18,XLRE,-0.052481101720191936,-0.016260948075375026,2,2024Q1
2024-03-18,XLU,0.010917071531625466,-0.00983433087819753,2,2024Q1
2024-03-18,XLV,-0.02420535970615345,-0.008167149776278167,2,2024Q1
2024-03-18,XLY,-0.014485813873976183,-0.006906905373694544,2,2024Q1
2024-03-19,XLB,0.011194490830055748,-0.009690855450065157,2,2024Q1
2024-03-19,XLC,0.02059507697186269,0.0016287583354645785,2,2024Q1
2024-03-19,XLE,0.05055062957248824,0.00023588296090795756,2,2024Q1
2024-03-19,XLF,-0.004204802561515675,-0.015103469236339748,2,2024Q1
2024-03-19,XLI,0.014591192498712324,-0.005718466288907163,2,2024Q1
2024-03-19,XLK,-0.011689615404032239,0.00870982270589653,2,2024Q1
2024-03-19,XLP,-0.0017628627663260898,-0.009402034956700691,2,2024Q1
2024-03-19,XLRE,-0.049014776461270726,-0.0161224403129194,2,2024Q1
2024-03-19,XLU,0.03394253328562069,-0.009496822482909405,2,2024Q1
2024-03-19,XLV,-0.020953476053226616,-0.007845647041210402,2,2024Q1
2024-03-19,XLY,-0.016236906240341464,-0.006873361035140881,2,2024Q1
2024-03-20,XLB,0.012638365741499902,-0.009916315365300903,2,2024Q1
2024-03-20,XLC,0.024710607734115708,0.0018937716958907906,2,2024Q1
2024-03-20,XLE,0.05971647280670034,-0.00034017317080399295,2,2024Q1
2024-03-20,XLF,-0.0013560444834072038,-0.014991216738883472,2,2024Q1
2024-03-20,XLI,0.010369386171033446,-0.0055483837190342606,2,2024Q1
2024-03-20,XLK,-0.02225034461232467,0.00874732856610101,2,2024Q1
2024-03-20,XLP,0.010653565459629255,-0.009704137895458277,2,2024Q1
2024-03-20,XLRE,-0.04167142756406794,-0.016112594364756302,2,2024Q1
2024-03-20,XLU,0.04919489716252823,-0.0101790626381649,2,2024Q1
2024-03-20,XLV,-0.00799348872981498,-0.00782773802560651,2,2024Q1
2024-03-20,XLY,-0.025210218229202663,-0.006583988371875753,2,2024Q1
2024-03-21,XLB,0.01936848395040902,-0.010147006794742654,2,2024Q1
2024-03-21,XLC,0.02508160045480945,0.0019827523822590312,2,2024Q1
2024-03-21,XLE,0.07737487933175236,-0.00011694918748606517,2,2024Q1
2024-03-21,XLF,0.015504077205946265,-0.015296746026168517,2,2024Q1
2024-03-21,XLI,0.010631611343334568,-0.0055704964047092595,2,2024Q1
2024-03-21,XLK,-0.030710495187885822,0.0101681436918849,2,2024Q1
2024-03-21,XLP,0.03112574989754968,-0.009667898934062839,2,2024Q1
2024-03-21,XLRE,-0.03010238942635801,-0.016114485239459665,2,2024Q1
2024-03-21,XLU,0.07781197593059175,-0.010735521927221688,2,2024Q1
2024-03-21,XLV,0.005845744205819736,-0.008058134722115596,2,2024Q1
2024-03-21,XLY,-0.027262093821500688,-0.006940001546602726,2,2024Q1
2024-03-22,XLB,0.015839715474034843,-0.010045364060333318,2,2024Q1
2024-03-22,XLC,0.013853812357759954,0.0010610286623823678,2,2024Q1
2024-03-22,XLE,0.07575479127780493,-0.0005443468655553737,2,2024Q1
2024-03-22,XLF,0.027952372386540136,-0.015348580640358482,2,2024Q1
2024-03-22,XLI,0.010642370620699504,-0.005804884048111209,2,2024Q1
2024-03-22,XLK,-0.03337241970377203,0.010041814874214613,2,2024Q1
2024-03-22,XLP,0.03475292781428119,-0.009549109510419033,2,2024Q1
2024-03-22,XLRE,-0.02220765107873357,-0.01618466385360317,2,2024Q1
2024-03-22,XLU,0.07521156427826736,-0.01088065120552303,2,2024Q1
2024-03-22,XLV,0.0002518838442044924,-0.008392016297724493,2,2024Q1
2024-03-22,XLY,-0.025592573412379305,-0.007185234888983837,2,2024Q1
2024-03-25,XLB,-0.0069698055725624375,-0.01009741737476109,2,2024Q1
2024-03-25,XLC,0.017967922161983063,0.0009010706118303849,2,2024Q1
2024-03-25,XLE,0.057832814429117585,-0.0009654077362884947,2,2024Q1
2024-03-25,XLF,0.024015110490488878,-0.01551261445661622,2,2024Q1
2024-03-25,XLI,0.016474543495524463,-0.005740460669691556,2,2024Q1
2024-03-25,XLK,-0.027457195916765875,0.010040439792776393,2,2024Q1
2024-03-25,XLP,0.026237849096467092,-0.009415765192824114,2,2024Q1
2024-03-25,XLRE,-0.02404287225500379,-0.016394952602558844,2,2024Q1
2024-03-25,XLU,0.06114341793322464,-0.011092270041336654,2,2024Q1
2024-03-25,XLV,3.8348741703275735e-05,-0.007886455939749935,2,2024Q1
2024-03-25,XLY,-0.02543681772844497,-0.007155729243341147,2,2024Q1
2024-03-26,XLB,-0.0069100831830801734,-0.010404092426926536,2,2024Q1
2024-03-26,XLC,0.01931488087912714,0.001168031502099101,2,2024Q1
2024-03-26,XLE,0.06527074121224508,-0.0007199249004595045,2,2024Q1
2024-03-26,XLF,0.019065052903024737,-0.015432179016657454,2,2024Q1
2024-03-26,XLI,0.010822287100232919,-0.0059004335527688065,2,2024Q1
2024-03-26,XLK,-0.02054554245421336,0.010103483832710244,2,2024Q1
2024-03-26,XLP,0.03192347506776505,-0.009480556567143968,2,2024Q1
2024-03-26,XLRE,-0.017763413573734343,-0.016116828540795006,2,2024Q1
2024-03-26,XLU,0.07801184730759858,-0.011027308982579434,2,2024Q1
2024-03-26,XLV,-0.007854861633772803,-0.007998696515286596,2,2024Q1
2024-03-26,XLY,-0.01892077092941513,-0.007448173521105557,2,2024Q1
2024-03-27,XLB,-0.001998880925280111,-0.009830928662676786,2,2024Q1
2024-03-27,XLC,-0.009210404666205707,0.0013022866341158973,2,2024Q1
2024-03-27,XLE,0.07219927694123263,-0.0005987316823016062,2,2024Q1
2024-03-27,XLF,0.013506069535071052,-0.014599508192611358,2,2024Q1
2024-03-27,XLI,0.00998463001545069,-0.004889783035325507,2,2024Q1
2024-03-27,XLK,-0.015660281841862855,0.010161381987893686,2,2024Q1
2024-03-27,XLP,0.030929188306105804,-0.009020816471817595,2,2024Q1
2024-03-27,XLRE,-0.034939172318897205,-0.014904487631793377,2,2024Q1
2024-03-27,XLU,0.06399720392590191,-0.010057286678476593,2,2024Q1
2024-03-27,XLV,-0.015121638209222077,-0.0075541406948144325,2,2024Q1
2024-03-27,XLY,-0.01724600706502577,-0.006981376822563215,2,2024Q1
2024-03-28,XLB,-0.007965860308189798,-0.009524496355600319,2,2024Q1
2024-03-28,XLC,0.009332468715415487,0.0011251003646447278,2,2024Q1
2024-03-28,XLE,0.04240110076498804,-0.000336743789377134,2,2024Q1
2024-03-28,XLF,-0.0025505874977900245,-0.014273149657412202,2,2024Q1
2024-03-28,XLI,0.0021148167653700645,-0.004728430666969878,2,2024Q1
2024-03-28,XLK,-0.012210709360021443,0.006862385161385299,2,2024Q1
2024-03-28,XLP,0.018229796518144825,-0.008771625774014252,2,2024Q1
2024-03-28,XLRE,-0.04934892475063446,-0.015249770065990587,2,2024Q1
2024-03-28,XLU,0.03653904796148222,-0.00958890636628418,2,2024Q1
2024-03-28,XLV,-0.02428234204165669,-0.007341363791032228,2,2024Q1
2024-03-28,XLY,-0.01508189815116645,-0.006786565887459463,2,2024Q1
2024-04-01,XLB,-0.0027253751791188607,-0.0038760489822340623,3,2024Q2
2024-04-01,XLC,-0.014620196693458598,0.00356509030009572,3,2024Q2
2024-04-01,XLE,0.03663107494717521,0.009399341046540022,3,2024Q2
2024-04-01,XLF,-0.003802437991657026,-0.0062965086642764526,3,2024Q2
2024-04-01,XLI,0.011092007323815545,0.0002659809693449258,3,2024Q2
2024-04-01,XLK,-0.015898129861782295,0.005227217605566159,3,2024Q2
2024-04-01,XLP,0.02422907941169483,-0.005102706784707232,3,2024Q2
2024-04-01,XLRE,-0.02754793248104981,-0.013528524015145533,3,2024Q2
2024-04-01,XLU,0.05137220751760885,-0.004160843470723973,3,2024Q2
2024-04-01,XLV,-0.01806413960092812,-0.005064403185586432,3,2024Q2
2024-04-01,XLY,0.009366267686735208,-0.005756775637895033,3,2024Q2
2024-04-02,XLB,-0.007578081834037076,-0.004044329512729226,3,2024Q2
2024-04-02,XLC,-0.01984133656857323,0.003909813750580319,3,2024Q2
2024-04-02,XLE,0.0022176740436927744,0.008269470627035798,3,2024Q2
2024-04-02,XLF,0.0010580820329532115,-0.007184412543976825,3,2024Q2
2024-04-02,XLI,0.00926592311485408,-0.000508183942073004,3,2024Q2
2024-04-02,XLK,-0.018606734261534363,0.005337205803565136,3,2024Q2
2024-04-02,XLP,0.03435331650336759,-0.0054780481315402025,3,2024Q2
2024-04-02,XLRE,-0.02530188154694557,-0.013747020855577616,3,2024Q2
2024-04-02,XLU,0.053609398123504404,-0.004864242880648658,3,2024Q2
2024-04-02,XLV,0.005725333314755221,-0.005738699977352715,3,2024Q2
2024-04-02,XLY,0.009084567757058015,-0.00599920642861532,3,2024Q2
2024-04-03,XLB,-0.00410985881234327,-0.004019805223451757,3,2024Q2
2024-04-03,XLC,-0.014385305932922199,0.0034181489008206284,3,2024Q2
2024-04-03,XLE,-0.015518730740818665,0.008180713503228453,3,2024Q2
2024-04-03,XLF,0.005723092456019319,-0.007525551344302659,3,2024Q2
2024-04-03,XLI,0.006067732511161661,-0.00029140813475122835,3,2024Q2
2024-04-03,XLK,-0.026615189305405074,0.00448287582544103,3,2024Q2
2024-04-03,XLP,0.043270015156402164,-0.005363385742497565,3,2024Q2
2024-04-03,XLRE,-0.021071887831177527,-0.014189613167254164,3,2024Q2
2024-04-03,XLU,0.07371545068963548,-0.005109595545308437,3,2024Q2
2024-04-03,XLV,0.012742138358071031,-0.005654001488909872,3,2024Q2
2024-04-03,XLY,0.0064665416472093895,-0.006107172965988231,3,2024Q2
2024-04-04,XLB,-0.02033136390349044,-0.004800170797869071,3,2024Q2
2024-04-04,XLC,-0.012729672603701503,0.004088671297647401,3,2024Q2
2024-04-04,XLE,-0.0304961529043819,0.007273361289525057,3,2024Q2
2024-04-04,XLF,-0.001813839276759488,-0.00846752240621594,3,2024Q2
2024-04-04,XLI,-0.0007071952395522052,-0.0009707832826908441,3,2024Q2
2024-04-04,XLK,-0.01886982255045122,0.004868425510117262,3,2024Q2
2024-04-04,XLP,0.03507476930085718,-0.00561074754394431,3,2024Q2
2024-04-04,XLRE,-0.02104611983532012,-0.014192689519915602,3,2024Q2
2024-04-04,XLU,0.060306362201518415,-0.006005139674405746,3,2024Q2
2024-04-04,XLV,0.005314617291804935,-0.00621225888651252,3,2024Q2
2024-04-04,XLY,0.009316707539859026,-0.0063033904415744435,3,2024Q2
2024-04-05,XLB,-0.021152732402850538,-0.004012117047329257,3,2024Q2
2024-04-05,XLC,-0.014220862629272801,0.005075676006214299,3,2024Q2
2024-04-05,XLE,-0.042406278552962084,0.007302932782509683,3,2024Q2
2024-04-05,XLF,-0.010764574530461979,-0.007353313831696014,3,2024Q2
2024-04-05,XLI,-0.009303959836096887,-5.6801259333346885e-05,3,2024Q2
2024-04-05,XLK,-0.005118421447073862,0.005021861788924165,3,2024Q2
2024-04-05,XLP,0.03462530418430876,-0.004986200052311312,3,2024Q2
2024-04-05,XLRE,-0.021662771322527474,-0.01379614060048056,3,2024Q2
2024-04-05,XLU,0.06364957642867686,-0.005369451444201881,3,2024Q2
2024-04-05,XLV,-0.002915262324720058,-0.0057123390895058865,3,2024Q2
2024-04-05,XLY,0.00857217220619888,-0.006151151498844095,3,2024Q2
2024-04-08,XLB,-0.025691459453037524,-0.0036935142886121274,3,2024Q2
2024-04-08,XLC,-0.010758853378649236,0.005107455679665993,3,2024Q2
2024-04-08,XLE,-0.03853936011078685,0.007810969610077307,3,2024Q2
2024-04-08,XLF,-0.012142607136128802,-0.006673941880382393,3,2024Q2
2024-04-08,XLI,-0.007333858750079081,0.0004937378966676264,3,2024Q2
2024-04-08,XLK,-0.002062446425592168,0.005108279545031126,3,2024Q2
2024-04-08,XLP,0.027049695405110596,-0.005005766927195714,3,2024Q2
2024-04-08,XLRE,-0.039254820322775386,-0.013623141734125993,3,2024Q2
2024-04-08,XLU,0.05247535620536936,-0.0046746394973044125,3,2024Q2
2024-04-08,XLV,-0.005381659991471555,-0.005169954274490294,3,2024Q2
2024-04-08,XLY,0.00010139273385545433,-0.005901970719218308,3,2024Q2
2024-04-09,XLB,-0.01643405329977443,-0.0040540083088269315,3,2024Q2
2024-04-09,XLC,-0.010689639336753931,0.004539095021691443,3,2024Q2
2024-04-09,XLE,-0.039704141541065385,0.007081986954939657,3,2024Q2
2024-04-09,XLF,-0.00302937705558759,-0.007519701488718356,3,2024Q2
2024-04-09,XLI,-0.0022739190839498047,0.00013073611176045614,3,2024Q2
2024-04-09,XLK,-0.01022922338732457,0.004775864280745976,3,2024Q2
2024-04-09,XLP,0.03329406957841441,-0.00395457823508287,3,2024Q2
2024-04-09,XLRE,-0.04121036614599616,-0.013933785751344324,3,2024Q2
2024-04-09,XLU,0.058632975284586775,-0.005036997539912864,3,2024Q2
2024-04-09,XLV,-0.000688082688046876,-0.00572628241351183,3,2024Q2
2024-04-09,XLY,-0.011624464306347337,-0.006376499327616951,3,2024Q2
2024-04-10,XLB,-0.01568646515726313,-0.00464987316426131,3,2024Q2
2024-04-10,XLC,-0.014633074054101858,0.004919168243498126,3,2024Q2
2024-04-10,XLE,-0.05393128265373548,0.007251016075303176,3,2024Q2
2024-04-10,XLF,0.005522884321474075,-0.007348594879559335,3,2024Q2
2024-04-10,XLI,-0.003876115107008804,2.4631091698930786e-05,3,2024Q2
2024-04-10,XLK,-0.005336323854712166,0.005190624180356939,3,2024Q2
2024-04-10,XLP,0.02376890866497461,-0.0017050057487535079,3,2024Q2
2024-04-10,XLRE,-0.019804834899521895,-0.012520336307432992,3,2024Q2
2024-04-10,XLU,0.07810761941458799,-0.005397938919516175,3,2024Q2
2024-04-10,XLV,-0.0025106721752261585,-0.0053775723714992,3,2024Q2
2024-04-10,XLY,-0.010114937620905873,-0.005859925612029602,3,2024Q2
2024-04-11,XLB,-0.0021135938210441463,-0.005017813843681088,3,2024Q2
2024-04-11,XLC,-0.016524417149039183,0.004851989061763325,3,2024Q2
2024-04-11,XLE,-0.038675476540806164,0.006989055250262431,3,2024Q2
2024-04-11,XLF,0.022165490613766492,-0.007668746734443966,3,2024Q2
2024-04-11,XLI,0.0067582470178462195,-0.0006223301871987035,3,2024Q2
2024-04-11,XLK,-0.023442062752407677,0.005140211167067742,3,2024Q2
2024-04-11,XLP,0.03695474713888336,-0.001861656271689027,3,2024Q2
2024-04-11,XLRE,0.004314664119341227,-0.013566089359905536,3,2024Q2
2024-04-11,XLU,0.09860877030996074,-0.005926789477571682,3,2024Q2
2024-04-11,XLV,0.012050793790741476,-0.005683235763194506,3,2024Q2
2024-04-11,XLY,-0.009577180079596403,-0.005932461116298861,3,2024Q2
2024-04-12,XLB,0.001796670610736184,-0.006123546007607207,3,2024Q2
2024-04-12,XLC,-0.0138996730495764,0.0029276508590149524,3,2024Q2
2024-04-12,XLE,-0.04348157618806414,0.005895574534603951,3,2024Q2
2024-04-12,XLF,0.024628081856856276,-0.008747452659632326,3,2024Q2
2024-04-12,XLI,0.0030643737168694063,-0.0019041021855493996,3,2024Q2
2024-04-12,XLK,-0.018971473536953942,0.004139964882485742,3,2024Q2
2024-04-12,XLP,0.03822576927231269,-0.003176218342853887,3,2024Q2
2024-04-12,XLRE,-0.004249520107543869,-0.014815362420443443,3,2024Q2
2024-04-12,XLU,0.09056896803537673,-0.0074866510148187205,3,2024Q2
2024-04-12,XLV,0.014135236429870579,-0.00663121447360575,3,2024Q2
2024-04-12,XLY,-0.013965896071288508,-0.006759795287228865,3,2024Q2
2024-04-15,XLB,-0.0070401452550010735,-0.006474314537889507,3,2024Q2
2024-04-15,XLC,-0.015942174423471567,0.0028680911422702855,3,2024Q2
2024-04-15,XLE,-0.04995606934052965,0.005471195340263229,3,2024Q2
2024-04-15,XLF,0.012528456595805704,-0.005409988777189019,3,2024Q2
2024-04-15,XLI,-0.0069780640546959205,-0.002102092445964977,3,2024Q2
2024-04-15,XLK,-0.007867786348186412,0.004356817620047153,3,2024Q2
2024-04-15,XLP,0.026483703902265177,-0.0033875124786786935,3,2024Q2
2024-04-15,XLRE,0.0034458338551308643,-0.014684623038163704,3,2024Q2
2024-04-15,XLU,0.08779172081257824,-0.00801783864687451,3,2024Q2
2024-04-15,XLV,0.0021392124697421355,-0.006976610384575362,3,2024Q2
2024-04-15,XLY,-0.011327345786487308,-0.006442329555963979,3,2024Q2
2024-04-16,XLB,-0.004690732527455221,-0.0069968076422232805,3,2024Q2
2024-04-16,XLC,-0.014522082370363343,0.002880015934259698,3,2024Q2
2024-04-16,XLE,-0.04667805883681553,0.004792791266546317,3,2024Q2
2024-04-16,XLF,0.018327495981427244,-0.005423568066324514,3,2024Q2
2024-04-16,XLI,-0.011498717200151498,-0.002486101637211829,3,2024Q2
2024-04-16,XLK,-0.0066497990483773695,0.004299702025155322,3,2024Q2
2024-04-16,XLP,0.017364195810813277,-0.0042835139041591495,3,2024Q2
2024-04-16,XLRE,0.02040969054340902,-0.014902793957720905,3,2024Q2
2024-04-16,XLU,0.09917912625916303,-0.012224474906627762,3,2024Q2
2024-04-16,XLV,-0.0004684579020943769,-0.0074462284031912,3,2024Q2
2024-04-16,XLY,-0.0074443602962415145,-0.00659954223473205,3,2024Q2
2024-04-17,XLB,-0.024350820838650256,-0.00724072885738352,3,2024Q2
2024-04-17,XLC,-0.02625469412360726,0.0030930482052871355,3,2024Q2
2024-04-17,XLE,-0.06073295790226185,0.0041040372660268234,3,2024Q2
2024-04-17,XLF,0.0043404409344733885,-0.008464913231240595,3,2024Q2
2024-04-17,XLI,-0.018514664832271155,-0.002534884195619165,3,2024Q2
2024-04-17,XLK,0.0129142680290808,0.004954140500633742,3,2024Q2
2024-04-17,XLP,-0.004975214100139791,-0.004820614950328968,3,2024Q2
2024-04-17,XLRE,0.0283660601382143,-0.014724449138955957,3,2024Q2
2024-04-17,XLU,0.07347065231990157,-0.008306559172637895,3,2024Q2
2024-04-17,XLV,-0.0023426008333911064,-0.007557047487160953,3,2024Q2
2024-04-17,XLY,-0.019981095129483872,-0.006681613314283332,3,2024Q2
2024-04-18,XLB,-0.03211278491734881,-0.007417807567001524,3,2024Q2
2024-04-18,XLC,-0.0320114927006967,0.0032453316355339572,3,2024Q2
2024-04-18,XLE,-0.06042078315046062,0.003844876378725131,3,2024Q2
2024-04-18,XLF,0.0006046929832954628,-0.008582985768437669,3,2024Q2
2024-04-18,XLI,-0.02111045246240284,-0.0024450635375473794,3,2024Q2
2024-04-18,XLK,0.0215205131874201,0.005166082300380604,3,2024Q2
2024-04-18,XLP,0.005087390677470216,-0.004658570298350215,3,2024Q2
2024-04-18,XLRE,0.0261031003865555,-0.01205459901876155,3,2024Q2
2024-04-18,XLU,0.06326750278653592,-0.008380401561301347,3,2024Q2
2024-04-18,XLV,-0.0034946660113512884,-0.007490226858864676,3,2024Q2
2024-04-18,XLY,-0.02026689987680741,-0.006910292864153795,3,2024Q2
2024-04-19,XLB,-0.03339153037372977,-0.006522276897448881,3,2024Q2
2024-04-19,XLC,-0.02973857787728984,0.004298537337477961,3,2024Q2
2024-04-19,XLE,-0.06935563973276271,0.005107067801847817,3,2024Q2
2024-04-19,XLF,-0.01699675243679266,-0.005406583630750576,3,2024Q2
2024-04-19,XLI,-0.02890834946597831,-0.0017022349311293264,3,2024Q2
2024-04-19,XLK,0.030941834519043976,0.006186279530538548,3,2024Q2
2024-04-19,XLP,-0.018605528707572372,-0.003532087746896901,3,2024Q2
2024-04-19,XLRE,0.011017215205057829,-0.011267758589877726,3,2024Q2
2024-04-19,XLU,0.03635870451401324,-0.006671778153637017,3,2024Q2
2024-04-19,XLV,-0.016281649548631094,-0.006921959688170912,3,2024Q2
2024-04-19,XLY,-0.01658776085400171,-0.0062000629973312845,3,2024Q2
2024-04-22,XLB,-0.024442242400269487,-0.00662967665514985,3,2024Q2
2024-04-22,XLC,-0.019623273526766294,0.004161190950192342,3,2024Q2
2024-04-22,XLE,-0.07379068150117185,0.005356019728553169,3,2024Q2
2024-04-22,XLF,-0.035267462037120945,-0.006491495574900245,3,2024Q2
2024-04-22,XLI,-0.02619430961087743,-0.002000717554012214,3,2024Q2
2024-04-22,XLK,0.042554983429073046,0.005846811981930649,3,2024Q2
2024-04-22,XLP,-0.02718106570817369,-0.0035650544668186096,3,2024Q2
2024-04-22,XLRE,0.004256970577562802,-0.012691459331192922,3,2024Q2
2024-04-22,XLU,0.03303126746283103,-0.006511269674564285,3,2024Q2
2024-04-22,XLV,-0.013968946785708924,-0.0070089875994246275,3,2024Q2
2024-04-22,XLY,-0.020481755396768886,-0.006599452611928867,3,2024Q2
2024-04-23,XLB,-0.005535070378936302,-0.00704892203425476,3,2024Q2
2024-04-23,XLC,-0.026708795879491598,0.003266856867675804,3,2024Q2
2024-04-23,XLE,-0.07414964953454195,0.005702348234656319,3,2024Q2
2024-04-23,XLF,-0.0253166353682599,-0.008012733971354572,3,2024Q2
2024-04-23,XLI,-0.03386324120601247,-0.0024995738616179005,3,2024Q2
2024-04-23,XLK,0.038080642927583064,0.005084954158905448,3,2024Q2
2024-04-23,XLP,-0.014088546242743583,-0.003689754956716287,3,2024Q2
2024-04-23,XLRE,0.003675101490147714,-0.011759447838742259,3,2024Q2
2024-04-23,XLU,0.04758687190490596,-0.0067620363048074075,3,2024Q2
2024-04-23,XLV,-0.015813599321299998,-0.007147803573718115,3,2024Q2
2024-04-23,XLY,-0.01624477414718717,-0.006882102495765416,3,2024Q2
2024-04-24,XLB,-0.013904710641454932,-0.006803095919344391,3,2024Q2
2024-04-24,XLC,-0.023576980201385656,0.00392165323333913,3,2024Q2
2024-04-24,XLE,-0.09104514210818415,0.005755604287351412,3,2024Q2
2024-04-24,XLF,-0.02837557357023468,-0.009070243950067957,3,2024Q2
2024-04-24,XLI,-0.021943221408006863,-0.001945131991312243,3,2024Q2
2024-04-24,XLK,0.038083842534427426,0.005119750489591441,3,2024Q2
2024-04-24,XLP,-0.02342586051792006,-0.0031551972582286618,3,2024Q2
2024-04-24,XLRE,-0.006832491654274575,-0.011567454445043356,3,2024Q2
2024-04-24,XLU,0.030645932733920578,-0.0065638539982184,3,2024Q2
2024-04-24,XLV,-0.008206459550795575,-0.007019587864873418,3,2024Q2
2024-04-24,XLY,-0.03419469790850016,-0.006677811724334724,3,2024Q2
2024-04-25,XLB,-0.026644903143887566,-0.006590341058108852,3,2024Q2
2024-04-25,XLC,0.005910244696227807,0.004550572584956251,3,2024Q2
2024-04-25,XLE,-0.10040827165472244,0.006163756174877319,3,2024Q2
2024-04-25,XLF,-0.0328868101434765,-0.008230890010588831,3,2024Q2
2024-04-25,XLI,-0.03344116664408525,-0.0015958470970481443,3,2024Q2
2024-04-25,XLK,0.03528041376455504,0.005137895882595864,3,2024Q2
2024-04-25,XLP,-0.02944697496622073,-0.0028329203065830394,3,2024Q2
2024-04-25,XLRE,-0.019374581506726773,-0.011572855611129598,3,2024Q2
2024-04-25,XLU,0.013201751950702834,-0.006997490031655359,3,2024Q2
2024-04-25,XLV,-0.0089652569831018,-0.007032261322751724,3,2024Q2
2024-04-25,XLY,-0.04778324819432389,-0.006652941013601488,3,2024Q2
2024-04-26,XLB,-0.021117519278569086,-0.006825486110442619,3,2024Q2
2024-04-26,XLC,-0.006220330884014746,0.004336534940400988,3,2024Q2
2024-04-26,XLE,-0.08731603913789165,0.00495349724475929,3,2024Q2
2024-04-26,XLF,-0.02231832720228133,-0.00914185152492414,3,2024Q2
2024-04-26,XLI,-0.026996874826946016,-0.002023761217425727,3,2024Q2
2024-04-26,XLK,0.035193750126162104,0.004890443582306532,3,2024Q2
2024-04-26,XLP,-0.021695398082677064,-0.0030003463315433822,3,2024Q2
2024-04-26,XLRE,-0.017261272737622013,-0.013626617705161269,3,2024Q2
2024-04-26,XLU,0.038552013321883294,-0.007738941848302032,3,2024Q2
2024-04-26,XLV,-0.00980533790975735,-0.006927804097201234,3,2024Q2
2024-04-26,XLY,-0.04377493371215235,-0.006741811226188089,3,2024Q2
2024-04-29,XLB,-0.030523305457765604,-0.006401140037249078,3,2024Q2
2024-04-29,XLC,0.01066022206580719,0.004427169220299266,3,2024Q2
2024-04-29,XLE,-0.08104897712002757,0.005218778007478845,3,2024Q2
2024-04-29,XLF,-0.029152730670297222,-0.00918208152542246,3,2024Q2
2024-04-29,XLI,-0.043094112634550874,-0.0016739673979473857,3,2024Q2
2024-04-29,XLK,0.03806415664256546,0.004896888098602939,3,2024Q2
2024-04-29,XLP,-0.029885381580855075,-0.002861609863729373,3,2024Q2
2024-04-29,XLRE,-0.031669131157594066,-0.015192511688506036,3,2024Q2
2024-04-29,XLU,0.02596828863922651,-0.006820539795371571,3,2024Q2
2024-04-29,XLV,-0.02276992717253079,-0.006704453740994459,3,2024Q2
2024-04-29,XLY,-0.0658876014586518,-0.0057628903034307255,3,2024Q2
2024-04-30,XLB,-0.035864232856212874,-0.006274561175605134,3,2024Q2
2024-04-30,XLC,0.013470955043713984,0.004732447626336792,3,2024Q2
2024-04-30,XLE,-0.07841755885359492,0.006139392207701673,3,2024Q2
2024-04-30,XLF,-0.0366522999052592,-0.009073609234007882,3,2024Q2
2024-04-30,XLI,-0.05068303448560951,-0.001880615323955117,3,2024Q2
2024-04-30,XLK,0.04600438603883683,0.004709036940776591,3,2024Q2
2024-04-30,XLP,-0.042089458195875507,-0.006172337435227343,3,2024Q2
2024-04-30,XLRE,-0.03174687700645751,-0.015173393380544542,3,2024Q2
2024-04-30,XLU,0.008438140253776982,-0.007169265186441145,3,2024Q2
2024-04-30,XLV,-0.0392846692947848,-0.007099942455744966,3,2024Q2
2024-04-30,XLY,-0.05750194949444232,-0.0059430429727547855,3,2024Q2
2024-05-01,XLB,-0.02933564195039917,-0.007151951854544052,3,2024Q2
2024-05-01,XLC,0.003869503106542549,0.004143469633850284,3,2024Q2
2024-05-01,XLE,-0.056332821724347504,0.00285450460663568,3,2024Q2
2024-05-01,XLF,-0.02764049308199823,-0.009697444129701645,3,2024Q2
2024-05-01,XLI,-0.03780679213380855,-0.002463059893821557,3,2024Q2
2024-05-01,XLK,0.0356614562126083,0.004662783209033345,3,2024Q2
2024-05-01,XLP,-0.02942620783952954,-0.004160919292261487,3,2024Q2
2024-05-01,XLRE,-0.014110509277032834,-0.015785386261310562,3,2024Q2
2024-05-01,XLU,0.014020992592993942,-0.007974877121875869,3,2024Q2
2024-05-01,XLV,-0.03701980103470914,-0.0076515144410205585,3,2024Q2
2024-05-01,XLY,-0.04179575672229996,-0.006620674308970899,3,2024Q2
2024-05-02,XLB,-0.01151469807329586,-0.006734409709598311,3,2024Q2
2024-05-02,XLC,0.00477596537956293,0.0037608992427386467,3,2024Q2
2024-05-02,XLE,-0.03732056206010914,0.003033222327128029,3,2024Q2
2024-05-02,XLF,-0.015070388921556876,-0.010114214263416722,3,2024Q2
2024-05-02,XLI,-0.031193657358158156,-0.0024605631629793724,3,2024Q2
2024-05-02,XLK,0.02224221912056734,0.003993878192744725,3,2024Q2
2024-05-02,XLP,-0.021895273535019077,-0.0037638710529971737,3,2024Q2
2024-05-02,XLRE,-0.008297070539256213,-0.01537971429169542,3,2024Q2
2024-05-02,XLU,0.027225148452858505,-0.00795614511454514,3,2024Q2
2024-05-02,XLV,-0.0213135836401519,-0.007441835305689173,3,2024Q2
2024-05-02,XLY,-0.048478997751609354,-0.006161713118248005,3,2024Q2
2024-05-03,XLB,-0.015983489107693982,-0.006480446718858649,3,2024Q2
2024-05-03,XLC,0.009848512008888033,0.00361900976285249,3,2024Q2
2024-05-03,XLE,-0.05184364298389932,0.006774504279335535,3,2024Q2
2024-05-03,XLF,-0.011822314771184006,-0.009823073309159635,3,2024Q2
2024-05-03,XLI,-0.0385627626348074,-0.002023336535796644,3,2024Q2
2024-05-03,XLK,0.00789673589021933,0.005000347222817594,3,2024Q2
2024-05-03,XLP,-0.013445326509492483,-0.0032115821830039303,3,2024Q2
2024-05-03,XLRE,-0.008519937477875938,-0.014833486466199291,3,2024Q2
2024-05-03,XLU,0.018578883775837163,-0.007614867050376405,3,2024Q2
2024-05-03,XLV,-0.0047399241563748085,-0.00682196992630229,3,2024Q2
2024-05-03,XLY,-0.04364492752908611,-0.0057049197482133395,3,2024Q2
2024-05-06,XLB,-0.02388092327387059,-0.0063129027930083105,3,2024Q2
2024-05-06,XLC,0.009221620586029822,0.004041176489159275,3,2024Q2
2024-05-06,XLE,-0.05943046786411499,0.006306070482167137,3,2024Q2
2024-05-06,XLF,-0.019959859687501913,-0.009344509296703706,3,2024Q2
2024-05-06,XLI,-0.041509230485080595,-0.0014756801704550945,3,2024Q2
2024-05-06,XLK,0.007372532705603341,0.005128174379278819,3,2024Q2
2024-05-06,XLP,0.004252124631850096,-0.0032506908415895477,3,2024Q2
2024-05-06,XLRE,0.010334610651928422,-0.013311316640795405,3,2024Q2
2024-05-06,XLU,0.022202650919893374,-0.008126714796196123,3,2024Q2
2024-05-06,XLV,0.0034973660308958987,-0.006763343502109408,3,2024Q2
2024-05-06,XLY,-0.04368143349873488,-0.005751062102694956,3,2024Q2
2024-05-07,XLB,-0.0398229279623028,-0.005762594721896538,3,2024Q2
2024-05-07,XLC,0.009596309430524919,0.0006124965589051244,3,2024Q2
2024-05-07,XLE,-0.06962375783254626,0.0024125626460123548,3,2024Q2
2024-05-07,XLF,-0.031471381850358915,-0.009165557945522857,3,2024Q2
2024-05-07,XLI,-0.04531735811694748,-0.0014837191285615873,3,2024Q2
2024-05-07,XLK,0.0226965590383168,0.005501322508559273,3,2024Q2
2024-05-07,XLP,-0.02008690241832456,-0.0028706712354711495,3,2024Q2
2024-05-07,XLRE,-0.012786272366287266,-0.011151511503298807,3,2024Q2
2024-05-07,XLU,-0.006431770837035167,-0.008552685044519804,3,2024Q2
2024-05-07,XLV,-0.01131258068963037,-0.006646377098789206,3,2024Q2
2024-05-07,XLY,-0.041852268172652085,-0.005368354384514799,3,2024Q2
2024-05-08,XLB,-0.03399914723686759,-0.00583214507506922,3,2024Q2
2024-05-08,XLC,0.012000292365410559,0.0006330650413180067,3,2024Q2
2024-05-08,XLE,-0.06331681972496617,0.003063025698936755,3,2024Q2
2024-05-08,XLF,-0.03547114516276628,-0.008835997747613736,3,2024Q2
2024-05-08,XLI,-0.051068596202174965,-0.0013577586664954258,3,2024Q2
2024-05-08,XLK,0.016309184779138564,0.005256374958731218,3,2024Q2
2024-05-08,XLP,-0.013783916074607383,-0.0023730353285815013,3,2024Q2
2024-05-08,XLRE,-0.0014074990418564415,-0.011794880270523202,3,2024Q2
2024-05-08,XLU,-0.027517126138604464,-0.008954623696281314,3,2024Q2
2024-05-08,XLV,-0.004288260755147766,-0.006747362798444546,3,2024Q2
2024-05-08,XLY,-0.03074242216634815,-0.005663525222548461,3,2024Q2
2024-05-09,XLB,-0.04775571058611705,-0.005091717066290465,3,2024Q2
2024-05-09,XLC,0.006820520777132799,0.0008959802767246052,3,2024Q2
2024-05-09,XLE,-0.07281760307479279,0.003544383849646048,3,2024Q2
2024-05-09,XLF,-0.03116632150482246,-0.008319654152675833,3,2024Q2
2024-05-09,XLI,-0.05256416696677857,-0.0009384552119366938,3,2024Q2
2024-05-09,XLK,0.026230504856305847,0.005245530919933767,3,2024Q2
2024-05-09,XLP,-0.020387458496423427,-0.002061322739711903,3,2024Q2
2024-05-09,XLRE,-0.026079677052979422,-0.014549564900431132,3,2024Q2
2024-05-09,XLU,-0.046231020450016924,-0.00892975398318777,3,2024Q2
2024-05-09,XLV,-0.004764397371244344,-0.006126926254991956,3,2024Q2
2024-05-09,XLY,-0.034425294563365516,-0.00485343004912375,3,2024Q2
2024-05-10,XLB,-0.051755429516564866,-0.004167053994001395,3,2024Q2
2024-05-10,XLC,0.00602450682077893,0.001639554801270493,3,2024Q2
2024-05-10,XLE,-0.06213196395630516,0.003570517960309734,3,2024Q2
2024-05-10,XLF,-0.04064624233866454,-0.007084919725820165,3,2024Q2
2024-05-10,XLI,-0.05208548072787089,0.0004263854838533975,3,2024Q2
2024-05-10,XLK,0.023166086815531006,0.005783264085509861,3,2024Q2
2024-05-10,XLP,-0.028711701338457907,-0.002154557953536798,3,2024Q2
2024-05-10,XLRE,-0.019197225420714448,-0.014113815260085129,3,2024Q2
2024-05-10,XLU,-0.03448742992332132,-0.008117666808103026,3,2024Q2
2024-05-10,XLV,-0.00491479210841983,-0.005006125851964766,3,2024Q2
2024-05-10,XLY,-0.027724108781042478,-0.005041487067301091,3,2024Q2
2024-05-13,XLB,-0.05378202549547906,-0.003804656980866661,3,2024Q2
2024-05-13,XLC,0.007546782107304084,0.0011168233040440164,3,2024Q2
2024-05-13,XLE,-0.06381214342013153,0.007687569428117368,3,2024Q2
2024-05-13,XLF,-0.050235378275985676,-0.007397969045494262,3,2024Q2
2024-05-13,XLI,-0.055882159507686824,0.0003013606137393433,3,2024Q2
2024-05-13,XLK,0.0353546504465605,0.00551382874416272,3,2024Q2
2024-05-13,XLP,-0.028725083915709826,-0.0044634884599308025,3,2024Q2
2024-05-13,XLRE,-0.027363093017914952,-0.013712297304258145,3,2024Q2
2024-05-13,XLU,-0.04285905564820147,-0.007928573695412998,3,2024Q2
2024-05-13,XLV,-0.010506453505812585,-0.0048376787074553805,3,2024Q2
2024-05-13,XLY,-0.03141069656810003,-0.004929687855492891,3,2024Q2
2024-05-14,XLB,-0.05660819296353248,-0.003616234405324051,3,2024Q2
2024-05-14,XLC,-0.0030521742406819374,0.0012429467725181959,3,2024Q2
2024-05-14,XLE,-0.07912221125233299,0.007687586775226106,3,2024Q2
2024-05-14,XLF,-0.05982820803711597,-0.007265796443504689,3,2024Q2
2024-05-14,XLI,-0.050096790704084904,0.0004241199323586481,3,2024Q2
2024-05-14,XLK,0.04564568262116753,0.0055481252752722235,3,2024Q2
2024-05-14,XLP,-0.04150204360304954,-0.004762799166385989,3,2024Q2
2024-05-14,XLRE,-0.03110682829691136,-0.013940069649664807,3,2024Q2
2024-05-14,XLU,-0.0556424548318174,-0.008166774677612208,3,2024Q2
2024-05-14,XLV,-0.02069806360011106,-0.004547563631917169,3,2024Q2
2024-05-14,XLY,-0.02930691688087328,-0.004437067691584774,3,2024Q2
2024-05-15,XLB,-0.04803815632998987,-0.003405350563148398,3,2024Q2
2024-05-15,XLC,-0.007800235609186412,0.0014128891478471359,3,2024Q2
2024-05-15,XLE,-0.07939423737345841,0.007828766367407158,3,2024Q2
2024-05-15,XLF,-0.05710667342506581,-0.006596461213159164,3,2024Q2
2024-05-15,XLI,-0.05218301653681434,0.0009846492463536631,3,2024Q2
2024-05-15,XLK,0.04081707915814903,0.005764284465000868,3,2024Q2
2024-05-15,XLP,-0.03025452680033114,-0.00455970077177844,3,2024Q2
2024-05-15,XLRE,-0.032414171171806117,-0.01338026061580209,3,2024Q2
2024-05-15,XLU,-0.0572810915318096,-0.007812762724146959,3,2024Q2
2024-05-15,XLV,-0.025762372828119107,-0.004088404699888814,3,2024Q2
2024-05-15,XLY,-0.019445065110084814,-0.004204565492898969,3,2024Q2
2024-05-16,XLB,-0.05280816041180336,-0.0031951931923628824,3,2024Q2
2024-05-16,XLC,-0.006522246751669236,0.0015955161411440807,3,2024Q2
2024-05-16,XLE,-0.08655467582956966,0.008454259227785801,3,2024Q2
2024-05-16,XLF,-0.06292389355939665,-0.0059899319991413,3,2024Q2
2024-05-16,XLI,-0.058921726497711546,0.0013031311764822166,3,2024Q2
2024-05-16,XLK,0.04579728798545468,0.0058683973600285304,3,2024Q2
2024-05-16,XLP,-0.045145676298096626,-0.0035863310232803285,3,2024Q2
2024-05-16,XLRE,-0.03258473086729263,-0.012886698715362703,3,2024Q2
2024-05-16,XLU,-0.05902487905833742,-0.007246561659296263,3,2024Q2
2024-05-16,XLV,-0.027677964533530552,-0.003492144923741131,3,2024Q2
2024-05-16,XLY,-0.023613487152681856,-0.004221589818017643,3,2024Q2
2024-05-17,XLB,-0.06057467984338838,-0.002276907145396156,3,2024Q2
2024-05-17,XLC,-0.010094742965788939,0.0020457859925341396,3,2024Q2
2024-05-17,XLE,-0.10378719734511732,0.006076982220900185,3,2024Q2
2024-05-17,XLF,-0.0681682063659228,-0.005286220481099146,3,2024Q2
2024-05-17,XLI,-0.05599665838650225,0.0016985390796480427,3,2024Q2
2024-05-17,XLK,0.05777861647035132,0.00634090464846779,3,2024Q2
2024-05-17,XLP,-0.040113108283923116,-0.003351045910401067,3,2024Q2
2024-05-17,XLRE,-0.04443039250284164,-0.01263751200742141,3,2024Q2
2024-05-17,XLU,-0.07715732725910818,-0.006332499185551654,3,2024Q2
2024-05-17,XLV,-0.03730066688737621,-0.003106025179466634,3,2024Q2
2024-05-17,XLY,-0.01789160156750591,-0.004114620284388611,3,2024Q2
2024-05-20,XLB,-0.06446188972464795,-0.002419975782864032,3,2024Q2
2024-05-20,XLC,-0.02052704159770946,0.0017563681494373524,3,2024Q2
2024-05-20,XLE,-0.0951894070399798,0.005689633402474714,3,2024Q2
2024-05-20,XLF,-0.05004046713943755,-0.006170273433848924,3,2024Q2
2024-05-20,XLI,-0.054041767855749434,0.0015026624880742027,3,2024Q2
2024-05-20,XLK,0.04502130830585749,0.005842542682671542,3,2024Q2
2024-05-20,XLP,-0.033353400489323226,-0.003817879089576894,3,2024Q2
2024-05-20,XLRE,-0.03580807031818245,-0.012849191226165919,3,2024Q2
2024-05-20,XLU,-0.07658632000120624,-0.006669477395241642,3,2024Q2
2024-05-20,XLV,-0.03531759392449252,-0.003275367618185176,3,2024Q2
2024-05-20,XLY,-0.015149645336253847,-0.004401705186711862,3,2024Q2
2024-05-21,XLB,-0.05815085386802432,-0.0027180329686838024,3,2024Q2
2024-05-21,XLC,-0.009491918503102381,0.0015106403969028103,3,2024Q2
2024-05-21,XLE,-0.06788725014552133,0.005199696904861861,3,2024Q2
2024-05-21,XLF,-0.04579236917705032,-0.006172322702431003,3,2024Q2
2024-05-21,XLI,-0.04485416751472282,0.0005006038085786477,3,2024Q2
2024-05-21,XLK,0.03648429076710835,0.00562352671903746,3,2024Q2
2024-05-21,XLP,-0.03608947949342678,-0.003832063700015864,3,2024Q2
2024-05-21,XLRE,-0.03229179061514342,-0.013017502925020538,3,2024Q2
2024-05-21,XLU,-0.07156372567796854,-0.00669284559600182,3,2024Q2
2024-05-21,XLV,-0.028408264424524488,-0.0037931137523626915,3,2024Q2
2024-05-21,XLY,-0.015036952898487721,-0.004810729264762944,3,2024Q2
2024-05-22,XLB,-0.04674836608414712,-0.003021758241036606,3,2024Q2
2024-05-22,XLC,-0.002356927929827224,0.002154677195176676,3,2024Q2
2024-05-22,XLE,-0.053011083764339606,0.005824041483217378,3,2024Q2
2024-05-22,XLF,-0.0422515878645664,-0.006560752464376645,3,2024Q2
2024-05-22,XLI,-0.04638068960926389,0.0009111693838332253,3,2024Q2
2024-05-22,XLK,0.03397376565422339,0.005941636813766247,3,2024Q2
2024-05-22,XLP,-0.02963452541643119,-0.004186457799374616,3,2024Q2
2024-05-22,XLRE,-0.019321256123804753,-0.01254391359992958,3,2024Q2
2024-05-22,XLU,-0.06409083593699749,-0.006509796975576939,3,2024Q2
2024-05-22,XLV,-0.025659358559410927,-0.0037302129404329877,3,2024Q2
2024-05-22,XLY,0.006032031625543999,-0.004945010414561772,3,2024Q2
2024-05-23,XLB,-0.040515690030773266,-0.0036767211836327782,3,2024Q2
2024-05-23,XLC,0.005947471039873475,0.0012997153674068232,3,2024Q2
2024-05-23,XLE,-0.031465162602483776,0.00550717311944215,3,2024Q2
2024-05-23,XLF,-0.0263426383778953,-0.0067997150840493886,3,2024Q2
2024-05-23,XLI,-0.03804101331039711,0.0005663506909615588,3,2024Q2
2024-05-23,XLK,0.01041331776636989,0.006078472295807714,3,2024Q2
2024-05-23,XLP,-0.018769626629109748,-0.005180950732485553,3,2024Q2
2024-05-23,XLRE,-0.005129805097643603,-0.012912452217800071,3,2024Q2
2024-05-23,XLU,-0.04673617028623145,-0.006317868445490479,3,2024Q2
2024-05-23,XLV,-0.016859746508907536,-0.0039772534686894215,3,2024Q2
2024-05-23,XLY,0.012115076378892864,-0.004460486833154539,3,2024Q2
2024-05-24,XLB,-0.05873132183679919,-0.00423427024926235,3,2024Q2
2024-05-24,XLC,0.007097915597605642,0.0007978807392059124,3,2024Q2
2024-05-24,XLE,-0.027755108323375355,0.004992267368427018,3,2024Q2
2024-05-24,XLF,-0.036999235551465115,-0.0073093164602300725,3,2024Q2
2024-05-24,XLI,-0.04867314195329264,-0.00012013367636016679,3,2024Q2
2024-05-24,XLK,0.023489754694843157,0.0057401789068267164,3,2024Q2
2024-05-24,XLP,-0.025047697412904135,-0.005702418177452815,3,2024Q2
2024-05-24,XLRE,-0.016752519294463974,-0.013047681926739533,3,2024Q2
2024-05-24,XLU,-0.06291460352883749,-0.007624053441003617,3,2024Q2
2024-05-24,XLV,-0.013765860013662756,-0.005070218761460617,3,2024Q2
2024-05-24,XLY,0.00038352707475075576,-0.0047578869058595204,3,2024Q2
2024-05-28,XLB,-0.0562237493174258,-0.004705818728670118,3,2024Q2
2024-05-28,XLC,0.004907594553893002,0.00026728601900762516,3,2024Q2
2024-05-28,XLE,-0.04826613226693521,0.005085619189210256,3,2024Q2
2024-05-28,XLF,-0.032792438509846145,-0.007965957651117609,3,2024Q2
2024-05-28,XLI,-0.03980082616736069,-0.0003654294542837825,3,2024Q2
2024-05-28,XLK,0.01728945620722766,0.0050343888399833805,3,2024Q2
2024-05-28,XLP,-0.019829343186662296,-0.006113107476594905,3,2024Q2
2024-05-28,XLRE,-0.012665852958898771,-0.013976483102945825,3,2024Q2
2024-05-28,XLU,-0.06659252557007345,-0.011699622154637773,3,2024Q2
2024-05-28,XLV,-0.005521678577396383,-0.005486290137972568,3,2024Q2
2024-05-28,XLY,0.017308657465028965,-0.005232645416717616,3,2024Q2
2024-05-29,XLB,-0.05380022697055198,-0.004747478203317905,3,2024Q2
2024-05-29,XLC,0.007448214687562071,6.12702155600635e-05,3,2024Q2
2024-05-29,XLE,-0.03720546200298558,0.003957738579873128,3,2024Q2
2024-05-29,XLF,-0.03485412752692585,-0.00873695845795254,3,2024Q2
2024-05-29,XLI,-0.033413285255535774,-0.0005045314486283917,3,2024Q2
2024-05-29,XLK,0.015585672526891026,0.004528851908055089,3,2024Q2
2024-05-29,XLP,-0.025757236569692754,-0.006538358434733424,3,2024Q2
2024-05-29,XLRE,-0.0026397266598718883,-0.014347253487839065,3,2024Q2
2024-05-29,XLU,-0.06122061357027053,-0.011416786131674225,3,2024Q2
2024-05-29,XLV,-0.008082343006182047,-0.005725473328355105,3,2024Q2
2024-05-29,XLY,0.021772421864268088,-0.005947048692578423,3,2024Q2
2024-05-30,XLB,-0.06490167225417354,-0.006078184294986598,3,2024Q2
2024-05-30,XLC,-0.0015346571842593804,-0.0009894370524128544,3,2024Q2
2024-05-30,XLE,-0.03904093151372101,0.003162861738787762,3,2024Q2
2024-05-30,XLF,-0.03964449335922371,-0.009367393818655591,3,2024Q2
2024-05-30,XLI,-0.042661299375831296,-0.0015982791530381878,3,2024Q2
2024-05-30,XLK,0.03680836288874212,0.0038119520048534,3,2024Q2
2024-05-30,XLP,-0.035703396544816135,-0.007248911578700787,3,2024Q2
2024-05-30,XLRE,-0.011867433971124663,-0.014842049458524876,3,2024Q2
2024-05-30,XLU,-0.08780970417523659,-0.012413765569573968,3,2024Q2
2024-05-30,XLV,-0.012260264293537881,-0.006856830492113034,3,2024Q2
2024-05-30,XLY,0.0009951304922979354,-0.007095862335913209,3,2024Q2
2024-05-31,XLB,-0.08411298710799608,-0.005219519390507793,3,2024Q2
2024-05-31,XLC,-0.009573186905187825,-0.0003355845527556213,3,2024Q2
2024-05-31,XLE,-0.05553397574700791,0.0036217814907637588,3,2024Q2
2024-05-31,XLF,-0.044641511007342705,-0.00875613534910224,3,2024Q2
2024-05-31,XLI,-0.05795945397104363,-0.0015066848419313852,3,2024Q2
2024-05-31,XLK,0.05052745956244764,0.004067951919055877,3,2024Q2
2024-05-31,XLP,-0.05088364406404289,-0.007626941247165323,3,2024Q2
2024-05-31,XLRE,-0.034337560368552844,-0.014593390401313371,3,2024Q2
2024-05-31,XLU,-0.10351919272364118,-0.012187512234346672,3,2024Q2
2024-05-31,XLV,-0.025515249323037947,-0.006405687923533371,3,2024Q2
2024-05-31,XLY,0.0059888989333962694,-0.007049777818384797,3,2024Q2
2024-06-03,XLB,-0.08282772496933966,-0.006490686842435072,3,2024Q2
2024-06-03,XLC,-0.010636687279042656,-0.0011665462352016232,3,2024Q2
2024-06-03,XLE,-0.03610899062791906,0.0024230958745576547,3,2024Q2
2024-06-03,XLF,-0.032935797223892616,-0.009765802350709807,3,2024Q2
2024-06-03,XLI,-0.04657911901552381,-0.0020998431075570727,3,2024Q2
2024-06-03,XLK,0.04709895980278511,0.002620150350956929,3,2024Q2
2024-06-03,XLP,-0.049757529969083225,-0.007569377915536269,3,2024Q2
2024-06-03,XLRE,-0.032270109110250855,-0.01566616290363572,3,2024Q2
2024-06-03,XLU,-0.09401792009823451,-0.012231516865175068,3,2024Q2
2024-06-03,XLV,-0.04232789185798658,-0.0069067321154297244,3,2024Q2
2024-06-03,XLY,0.020590945359658663,-0.0076409003778629345,3,2024Q2
2024-06-04,XLB,-0.06833308163246588,-0.0067345611084661805,3,2024Q2
2024-06-04,XLC,-0.017680715366881428,-0.0010886055173772804,3,2024Q2
2024-06-04,XLE,-0.02541641118461846,0.002379017001422592,3,2024Q2
2024-06-04,XLF,-0.0349209468325824,-0.009955942650273967,3,2024Q2
2024-06-04,XLI,-0.043989609340714164,-0.002473330553824354,3,2024Q2
2024-06-04,XLK,0.05599330919666601,0.002417865615371252,3,2024Q2
2024-06-04,XLP,-0.06340958576683775,-0.006685296525740654,3,2024Q2
2024-06-04,XLRE,-0.04627462803175297,-0.01500358383757738,3,2024Q2
2024-06-04,XLU,-0.09139263279474596,-0.012243177595496976,3,2024Q2
2024-06-04,XLV,-0.05627031695552853,-0.0070173508084935155,3,2024Q2
2024-06-04,XLY,0.022789911148611175,-0.007974156317312537,3,2024Q2
2024-06-05,XLB,-0.06715146571190711,-0.006392149458213646,3,2024Q2
2024-06-05,XLC,-0.004028582277711745,-0.0007060037769183504,3,2024Q2
2024-06-05,XLE,-0.03490243315341135,0.002393533291993449,3,2024Q2
2024-06-05,XLF,-0.03178248204616563,-0.009672912061734864,3,2024Q2
2024-06-05,XLI,-0.0512604966954584,-0.002310308922610947,3,2024Q2
2024-06-05,XLK,0.041697213068116135,0.003559539223791554,3,2024Q2
2024-06-05,XLP,-0.04287642317749463,-0.006842729870048117,3,2024Q2
2024-06-05,XLRE,-0.03499473686418364,-0.015773800594780427,3,2024Q2
2024-06-05,XLU,-0.07793796486150018,-0.011442148834288604,3,2024Q2
2024-06-05,XLV,-0.04681581100762189,-0.006709363899776961,3,2024Q2
2024-06-05,XLY,0.0315374928964296,-0.007578500548957617,3,2024Q2
2024-06-06,XLB,-0.06657097581123084,-0.006804532608118091,3,2024Q2
2024-06-06,XLC,-0.0151492910150417,-0.0006677827669047821,3,2024Q2
2024-06-06,XLE,-0.04742102056552144,0.0023578638377677458,3,2024Q2
2024-06-06,XLF,-0.03517591417843624,-0.009855325809590025,3,2024Q2
2024-06-06,XLI,-0.04535870969408762,-0.0024022310204946623,3,2024Q2
2024-06-06,XLK,0.0514845733372129,0.003930869186109672,3,2024Q2
2024-06-06,XLP,-0.048688282516075265,-0.007079678739228657,3,2024Q2
2024-06-06,XLRE,-0.03543095030338583,-0.015306161366055044,3,2024Q2
2024-06-06,XLU,-0.0681239125778147,-0.012133249500526789,3,2024Q2
2024-06-06,XLV,-0.052376642922293715,-0.006716908366164727,3,2024Q2
2024-06-06,XLY,0.023096083583738602,-0.007482190499002039,3,2024Q2
2024-06-07,XLB,-0.06901878891006696,-0.005301004957891629,3,2024Q2
2024-06-07,XLC,-0.007192642699504148,-5.659181445706943e-05,3,2024Q2
2024-06-07,XLE,-0.05451011715295817,0.004087113120865214,3,2024Q2
2024-06-07,XLF,-0.034332770757564246,-0.008721734547074473,3,2024Q2
2024-06-07,XLI,-0.053022100195989075,-0.0012871872485112597,3,2024Q2
2024-06-07,XLK,0.04579999770004228,0.004588717318257544,3,2024Q2
2024-06-07,XLP,-0.04856791686212558,-0.006310565414483552,3,2024Q2
2024-06-07,XLRE,-0.02951720174899064,-0.015046328531432628,3,2024Q2
2024-06-07,XLU,-0.05685565784993085,-0.010707837750656682,3,2024Q2
2024-06-07,XLV,-0.050949150265191534,-0.0058976390852266275,3,2024Q2
2024-06-07,XLY,0.028729159048656694,-0.006803113713380486,3,2024Q2
2024-06-10,XLB,-0.062061826352770355,-0.0052995729878059054,3,2024Q2
2024-06-10,XLC,-0.010319310985850372,-8.524450244934726e-05,3,2024Q2
2024-06-10,XLE,-0.062351519125476096,0.003922814846911324,3,2024Q2
2024-06-10,XLF,-0.03362472127733884,-0.00874339684272007,3,2024Q2
2024-06-10,XLI,-0.0543414640080373,-0.001170342181265821,3,2024Q2
2024-06-10,XLK,0.05170323367846952,0.00464569304522797,3,2024Q2
2024-06-10,XLP,-0.050480840477745814,-0.006377624715339252,3,2024Q2
2024-06-10,XLRE,-0.03453874101590304,-0.015087418222048812,3,2024Q2
2024-06-10,XLU,-0.0672428771859952,-0.01101247834953861,3,2024Q2
2024-06-10,XLV,-0.05232619218357837,-0.005532131181958876,3,2024Q2
2024-06-10,XLY,0.02627029945438153,-0.006590318909665313,3,2024Q2
2024-06-11,XLB,-0.03670666173897508,-0.006539624723886028,3,2024Q2
2024-06-11,XLC,-0.014902242065296667,-0.0009493893595904029,3,2024Q2
2024-06-11,XLE,-0.03858229065660235,0.0030280247998316664,3,2024Q2
2024-06-11,XLF,-0.0023451739008677475,-0.009956019014878977,3,2024Q2
2024-06-11,XLI,-0.02440586940940248,-0.002195712163349279,3,2024Q2
2024-06-11,XLK,0.01613278090527981,0.0043155031567122925,3,2024Q2
2024-06-11,XLP,-0.042174061458524426,-0.0077277980536186765,3,2024Q2
2024-06-11,XLRE,0.007266173814028942,-0.016030422296852243,3,2024Q2
2024-06-11,XLU,-0.03168526742894784,-0.01206569475115396,3,2024Q2
2024-06-11,XLV,-0.02960795847691866,-0.007273748256212005,3,2024Q2
2024-06-11,XLY,0.026971732697993023,-0.0074996951867157095,3,2024Q2
2024-06-12,XLB,-0.02706693580403874,-0.0056958414925024695,3,2024Q2
2024-06-12,XLC,-0.014079956653546333,-0.0008731917675243019,3,2024Q2
2024-06-12,XLE,-0.02324264127825293,0.0033882524840694235,3,2024Q2
2024-06-12,XLF,0.004057633606624256,-0.009098100774910875,3,2024Q2
2024-06-12,XLI,-0.026213280679479922,-0.0016201265150136705,3,2024Q2
2024-06-12,XLK,0.0045130836894780035,0.004349008388775782,3,2024Q2
2024-06-12,XLP,-0.02476660797431185,-0.007041354827121058,3,2024Q2
2024-06-12,XLRE,0.009439450560374096,-0.01539358219711735,3,2024Q2
2024-06-12,XLU,-0.015685666776486418,-0.011532346678834876,3,2024Q2
2024-06-12,XLV,-0.019213055513832122,-0.0068195998245001,3,2024Q2
2024-06-12,XLY,0.03172998111345571,-0.006578274107499287,3,2024Q2
2024-06-13,XLB,-0.03005182467069356,-0.0068030561317819396,3,2024Q2
2024-06-13,XLC,-0.002261752548485596,-0.002752881738156788,3,2024Q2
2024-06-13,XLE,0.0007901746044891578,0.0028173128025382934,3,2024Q2
2024-06-13,XLF,0.01926470148809445,-0.010084161203012138,3,2024Q2
2024-06-13,XLI,-0.013193032929366133,-0.0023646459530495168,3,2024Q2
2024-06-13,XLK,-0.0025487597545577056,0.0036358547023623944,3,2024Q2
2024-06-13,XLP,-0.03270011248732141,-0.007871005711546825,3,2024Q2
2024-06-13,XLRE,0.00794313438428107,-0.01633554763954683,3,2024Q2
2024-06-13,XLU,-0.043446463038692484,-0.012908009229493209,3,2024Q2
2024-06-13,XLV,-0.02270201570992003,-0.008030719715494277,3,2024Q2
2024-06-13,XLY,0.028915263784783374,-0.0076538158036274714,3,2024Q2
2024-06-14,XLB,-0.006514484082019045,-0.006069922430356039,3,2024Q2
2024-06-14,XLC,-0.00834854853775746,-0.001719716128774775,3,2024Q2
2024-06-14,XLE,0.007707631797591485,0.0033869937654218856,3,2024Q2
2024-06-14,XLF,0.029185233670384614,-0.009431958457462513,3,2024Q2
2024-06-14,XLI,0.01743031628629521,-0.0018268725856857653,3,2024Q2
2024-06-14,XLK,-0.015335765762827691,0.004235497566491371,3,2024Q2
2024-06-14,XLP,-0.030413058218967226,-0.007596415828293618,3,2024Q2
2024-06-14,XLRE,0.011487677509772087,-0.01542202168273946,3,2024Q2
2024-06-14,XLU,-0.038820728917122516,-0.012209628502619333,3,2024Q2
2024-06-14,XLV,-0.013396766868567944,-0.007565906301674747,3,2024Q2
2024-06-14,XLY,0.051116643361871494,-0.007159478318686523,3,2024Q2
2024-06-17,XLB,0.006445314554996973,-0.005908419874206815,3,2024Q2
2024-06-17,XLC,-0.006037322329541794,-0.0013044560033781446,3,2024Q2
2024-06-17,XLE,0.03809219966729005,0.0035559994978668174,3,2024Q2
2024-06-17,XLF,0.050534130193067295,-0.009063326766820392,3,2024Q2
2024-06-17,XLI,0.015159819894503324,-0.001393413935347311,3,2024Q2
2024-06-17,XLK,-0.04723461805185836,0.004014069442668635,3,2024Q2
2024-06-17,XLP,-0.004340016952978143,-0.007187268817260792,3,2024Q2
2024-06-17,XLRE,0.049063565626942696,-0.015553433359789426,3,2024Q2
2024-06-17,XLU,-0.004396036488423016,-0.011782762747691739,3,2024Q2
2024-06-17,XLV,0.015020501416030063,-0.007198674461088208,3,2024Q2
2024-06-17,XLY,0.03706771229836381,-0.00586254955845808,3,2024Q2
2024-06-18,XLB,0.007809415296748279,-0.005818802440812098,3,2024Q2
2024-06-18,XLC,0.009772056089677017,-0.0014630269209259552,3,2024Q2
2024-06-18,XLE,0.045984854101905004,0.0037243625978684016,3,2024Q2
2024-06-18,XLF,0.04134327456799114,-0.008884035496974405,3,2024Q2
2024-06-18,XLI,0.011966939507422891,-0.0011982889627494579,3,2024Q2
2024-06-18,XLK,-0.03798167205379077,0.004278035257747115,3,2024Q2
2024-06-18,XLP,-0.0002743289776503399,-0.007071769484759048,3,2024Q2
2024-06-18,XLRE,0.046451363029605286,-0.015273265159741098,3,2024Q2
2024-06-18,XLU,0.004680545969770744,-0.01150476400041273,3,2024Q2
2024-06-18,XLV,0.0006209931860774454,-0.007002926661210232,3,2024Q2
2024-06-18,XLY,0.04022700209139307,-0.005914065830644266,3,2024Q2
2024-06-20,XLB,0.0017173241771319958,-0.0065751232395189155,3,2024Q2
2024-06-20,XLC,0.0048937909717938766,-0.0024423956905294617,3,2024Q2
2024-06-20,XLE,0.019625517111067747,0.003040086219871885,3,2024Q2
2024-06-20,XLF,0.029140957293292802,-0.009443981613895674,3,2024Q2
2024-06-20,XLI,0.009670422024124825,-0.0022009605721368375,3,2024Q2
2024-06-20,XLK,-0.03833930613258796,0.003644593522002978,3,2024Q2
2024-06-20,XLP,0.0025467444097155845,-0.007671309198129115,3,2024Q2
2024-06-20,XLRE,0.05185962943451061,-0.016170387345073173,3,2024Q2
2024-06-20,XLU,0.0010897681021251326,-0.012712779690933523,3,2024Q2
2024-06-20,XLV,0.006402958012407423,-0.007668805847669567,3,2024Q2
2024-06-20,XLY,0.03352786793357265,-0.007091778056545397,3,2024Q2
2024-06-21,XLB,-0.01003233230887668,-0.007479185258106841,3,2024Q2
2024-06-21,XLC,-0.012382548914513958,-0.002540192293774629,3,2024Q2
2024-06-21,XLE,0.004107557488629787,0.0019028784225262694,3,2024Q2
2024-06-21,XLF,0.023961831835940917,-0.010358056052216761,3,2024Q2
2024-06-21,XLI,0.007156397672717807,-0.0028638458665174974,3,2024Q2
2024-06-21,XLK,-0.028735640108810023,0.0029931115793130425,3,2024Q2
2024-06-21,XLP,-0.01257100508935105,-0.008469271657530518,3,2024Q2
2024-06-21,XLRE,0.04452744062439029,-0.016996488094782707,3,2024Q2
2024-06-21,XLU,0.0005447794238302439,-0.013607322592012503,3,2024Q2
2024-06-21,XLV,-0.005612234583400211,-0.008320471408929801,3,2024Q2
2024-06-21,XLY,0.021189372867889578,-0.007656406461853283,3,2024Q2
2024-06-24,XLB,-0.009426875810009339,-0.007648652753131476,3,2024Q2
2024-06-24,XLC,-0.016223584470085317,-0.0030349800938061326,3,2024Q2
2024-06-24,XLE,-0.030748768776936997,0.002248461900884992,3,2024Q2
2024-06-24,XLF,0.017648669889701374,-0.010496732817276356,3,2024Q2
2024-06-24,XLI,0.0026538119422865325,-0.0032196542700224672,3,2024Q2
2024-06-24,XLK,-0.007842355528549172,0.002537536231331875,3,2024Q2
2024-06-24,XLP,-0.02098299766932732,-0.008566754391065978,3,2024Q2
2024-06-24,XLRE,0.04458706051802719,-0.0176561519968865,3,2024Q2
2024-06-24,XLU,-0.012598185930973615,-0.009792537275475043,3,2024Q2
2024-06-24,XLV,-0.009871451122355213,-0.008874625313996385,3,2024Q2
2024-06-24,XLY,0.021490779053101816,-0.008052553146102825,3,2024Q2
2024-06-25,XLB,0.01743666887757378,-0.007672048452728966,3,2024Q2
2024-06-25,XLC,-0.02631855417443074,-0.002489486307004694,3,2024Q2
2024-06-25,XLE,-0.0059621140837364806,0.002367767628076397,3,2024Q2
2024-06-25,XLF,0.03809981372469928,-0.01107155255995455,3,2024Q2
2024-06-25,XLI,0.016196157696776625,-0.0033092433246250364,3,2024Q2
2024-06-25,XLK,-0.040279851555859225,0.0024220915038190667,3,2024Q2
2024-06-25,XLP,0.011516492157968905,-0.008848936803951171,3,2024Q2
2024-06-25,XLRE,0.07193419882851293,-0.018050159335026933,3,2024Q2
2024-06-25,XLU,0.035414745743749254,-0.009985864118402523,3,2024Q2
2024-06-25,XLV,0.0287039988618929,-0.009087941679088824,3,2024Q2
2024-06-25,XLY,0.009872465225519322,-0.00891638496869211,3,2024Q2
2024-06-26,XLB,0.027351047244124627,-0.006942382011640559,3,2024Q2
2024-06-26,XLC,-0.031191264284439413,-0.0018642481336325829,3,2024Q2
2024-06-26,XLE,0.02747610069805917,0.0025740107626792625,3,2024Q2
2024-06-26,XLF,0.05494610892033702,-0.011009576047944775,3,2024Q2
2024-06-26,XLI,0.03347717267831196,-0.0025462708748418624,3,2024Q2
2024-06-26,XLK,-0.04298713180744118,0.0030841617822621984,3,2024Q2
2024-06-26,XLP,0.018840586158530237,-0.008430872635758094,3,2024Q2
2024-06-26,XLRE,0.07392636038923628,-0.017605333926656398,3,2024Q2
2024-06-26,XLU,0.037582867789553,-0.009357950155431179,3,2024Q2
2024-06-26,XLV,0.03361626055732392,-0.008598339937364993,3,2024Q2
2024-06-26,XLY,-0.0019303828458488992,-0.007948838791738808,3,2024Q2
2024-06-27,XLB,0.037378906931424094,-0.006881577820671858,3,2024Q2
2024-06-27,XLC,-0.02827789018754656,-0.001669186193274205,3,2024Q2
2024-06-27,XLE,0.018840774824695927,0.0026389307385013905,3,2024Q2
2024-06-27,XLF,0.06308817729711858,-0.010708588845712602,3,2024Q2
2024-06-27,XLI,0.04030797529451613,-0.0023419455620043296,3,2024Q2
2024-06-27,XLK,-0.04095621903203639,0.0031235466358303155,3,2024Q2
2024-06-27,XLP,0.023943221213300392,-0.008193535850896806,3,2024Q2
2024-06-27,XLRE,0.07256127617171915,-0.017132329318210304,3,2024Q2
2024-06-27,XLU,0.036328805883530935,-0.009293156584163225,3,2024Q2
2024-06-27,XLV,0.03157106934498133,-0.008470292532219426,3,2024Q2
2024-06-27,XLY,-0.00644319836384033,-0.007669877169693049,3,2024Q2
2024-06-28,XLB,0.03501726616359635,-0.005803230941722737,3,2024Q2
2024-06-28,XLC,-0.01523459927349946,-0.0008691734431128288,3,2024Q2
2024-06-28,XLE,0.0017504859778783022,0.003743437174251104,3,2024Q2
2024-06-28,XLF,0.05349571335107517,-0.010137319521310749,3,2024Q2
2024-06-28,XLI,0.033552761191689706,-0.0013756976203459672,3,2024Q2
2024-06-28,XLK,-0.04921750326427976,0.003998665812888984,3,2024Q2
2024-06-28,XLP,0.024340739330651173,-0.007551682251739525,3,2024Q2
2024-06-28,XLRE,0.0661777620275108,-0.016189382669919386,3,2024Q2
2024-06-28,XLU,0.04817124115570026,-0.008318965911266105,3,2024Q2
2024-06-28,XLV,0.028510327115844003,-0.007556641747432232,3,2024Q2
2024-06-28,XLY,0.016880561234588365,-0.006814925710062866,3,2024Q2
2024-07-01,XLB,0.054888276777724676,-0.006681615931426257,4,2024Q3
2024-07-01,XLC,2.8488202139631547e-05,-0.0021109943654745804,4,2024Q3
2024-07-01,XLE,0.023887777398165944,-0.00035069690132607514,4,2024Q3
2024-07-01,XLF,0.07044500785294361,-0.00842831632382396,4,2024Q3
2024-07-01,XLI,0.054979961241982456,-0.002620432856672922,4,2024Q3
2024-07-01,XLK,-0.07297514359212232,0.003160585539649786,4,2024Q3
2024-07-01,XLP,0.03176901718885772,-0.0046907637756855095,4,2024Q3
2024-07-01,XLRE,0.09156100225842378,-0.012722890666417111,4,2024Q3
2024-07-01,XLU,0.06804275161514772,-0.009656198974132243,4,2024Q3
2024-07-01,XLV,0.042349003688897935,-0.006734862577485359,4,2024Q3
2024-07-01,XLY,0.014921472306401395,-0.005240866035295703,4,2024Q3
2024-07-02,XLB,0.05446445465312166,-0.006903554580837286,4,2024Q3
2024-07-02,XLC,-0.00641597484222356,-0.0018563961392720329,4,2024Q3
2024-07-02,XLE,0.019545907572029453,-0.0004666084472661992,4,2024Q3
2024-07-02,XLF,0.04614555545646115,-0.008341031002716272,4,2024Q3
2024-07-02,XLI,0.05149781072685511,-0.0028040607721764024,4,2024Q3
2024-07-02,XLK,-0.048153781589628686,0.003573359340761488,4,2024Q3
2024-07-02,XLP,0.013438100985159407,-0.00799644665214999,4,2024Q3
2024-07-02,XLRE,0.07499362250432506,-0.012798810133101123,4,2024Q3
2024-07-02,XLU,0.06684780459736528,-0.010324299389747535,4,2024Q3
2024-07-02,XLV,0.03294020776052142,-0.00684069800806569,4,2024Q3
2024-07-02,XLY,0.0015986356396309187,-0.005775107170080587,4,2024Q3
2024-07-03,XLB,0.061015759408991954,-0.006922679476810981,4,2024Q3
2024-07-03,XLC,0.015903748415430297,-0.0016576572537153242,4,2024Q3
2024-07-03,XLE,0.006691910938530277,-0.00026256896437640764,4,2024Q3
2024-07-03,XLF,0.053108761108189295,-0.0069819564478365475,4,2024Q3
2024-07-03,XLI,0.046804137918312616,-0.002678267744101711,4,2024Q3
2024-07-03,XLK,-0.07741081179906517,0.002264408236233812,4,2024Q3
2024-07-03,XLP,0.04318795301822176,-0.005182868500100398,4,2024Q3
2024-07-03,XLRE,0.11149696506038764,-0.012815922484606312,4,2024Q3
2024-07-03,XLU,0.09818135630811153,-0.010007737967792748,4,2024Q3
2024-07-03,XLV,0.07017292597568003,-0.006222093586728945,4,2024Q3
2024-07-03,XLY,-0.01066628129044389,-0.005438361611619031,4,2024Q3
2024-07-05,XLB,0.06354244354423066,-0.007042360216236227,4,2024Q3
2024-07-05,XLC,0.004784563173418688,-0.001624624204740523,4,2024Q3
2024-07-05,XLE,0.020328671461890102,-0.00040588290465556984,4,2024Q3
2024-07-05,XLF,0.051714650877048074,-0.00642362091927058,4,2024Q3
2024-07-05,XLI,0.0516532863053214,-0.002776773031752267,4,2024Q3
2024-07-05,XLK,-0.08172404983598469,0.0019553145146648243,4,2024Q3
2024-07-05,XLP,0.06349227962937531,-0.008713503417702455,4,2024Q3
2024-07-05,XLRE,0.13214698763510047,-0.012750088539976848,4,2024Q3
2024-07-05,XLU,0.1219099439114173,-0.009556532224404782,4,2024Q3
2024-07-05,XLV,0.08386109290868804,-0.006339800861753673,4,2024Q3
2024-07-05,XLY,-0.030217033169871566,-0.005583124844632677,4,2024Q3
2024-07-08,XLB,0.06677926225999742,-0.007189733244043156,4,2024Q3
2024-07-08,XLC,0.01467215907423991,-0.001563646848542757,4,2024Q3
2024-07-08,XLE,0.033636321806570835,-0.0006067485434254213,4,2024Q3
2024-07-08,XLF,0.0540129656663072,-0.006718633816036433,4,2024Q3
2024-07-08,XLI,0.06190961727975286,-0.002923416393199446,4,2024Q3
2024-07-08,XLK,-0.08771492674270143,0.0004726685503404259,4,2024Q3
2024-07-08,XLP,0.07394890956776567,-0.008768410501572975,4,2024Q3
2024-07-08,XLRE,0.12712335117645268,-0.013882684893468616,4,2024Q3
2024-07-08,XLU,0.12129961316540183,-0.009036871352730222,4,2024Q3
2024-07-08,XLV,0.08613946916283988,-0.006491540535309148,4,2024Q3
2024-07-08,XLY,-0.027896946025098512,-0.005881839331307727,4,2024Q3
2024-07-09,XLB,0.07455837086181405,-0.007079397331167345,4,2024Q3
2024-07-09,XLC,0.015185143261078893,-0.0012691469231822464,4,2024Q3
2024-07-09,XLE,0.040523086855631996,-0.00033767577692894366,4,2024Q3
2024-07-09,XLF,0.05458914131723602,-0.006681925494152732,4,2024Q3
2024-07-09,XLI,0.07059040591812371,-0.0026177665513092124,4,2024Q3
2024-07-09,XLK,-0.08322512259134762,0.001872165178227505,4,2024Q3
2024-07-09,XLP,0.07588990858622768,-0.009168661162489208,4,2024Q3
2024-07-09,XLRE,0.14260841526933188,-0.013913079727984232,4,2024Q3
2024-07-09,XLU,0.11942633702172967,-0.009270638837529686,4,2024Q3
2024-07-09,XLV,0.07823842777364365,-0.00676321475293543,4,2024Q3
2024-07-09,XLY,-0.028623971453118457,-0.005788609297096288,4,2024Q3
2024-07-10,XLB,0.06299479347960124,-0.0070550201135086065,4,2024Q3
2024-07-10,XLC,0.019614875865763826,-0.0017541714974194799,4,2024Q3
2024-07-10,XLE,0.053282330541878586,-0.0004721269930215693,4,2024Q3
2024-07-10,XLF,0.0674095945537111,-0.006871246945433913,4,2024Q3
2024-07-10,XLI,0.07222646403593491,-0.002778604647444198,4,2024Q3
2024-07-10,XLK,-0.09372456873845192,0.0006925100661104647,4,2024Q3
2024-07-10,XLP,0.08788573482476059,-0.004975814079204603,4,2024Q3
2024-07-10,XLRE,0.1427178162612046,-0.013669002368066747,4,2024Q3
2024-07-10,XLU,0.13084324739036912,-0.009118566072899518,4,2024Q3
2024-07-10,XLV,0.07388078584740343,-0.006426275087713001,4,2024Q3
2024-07-10,XLY,-0.035779102338652,-0.0060432717206594915,4,2024Q3
2024-07-11,XLB,0.03514947111941469,-0.008535176295798579,4,2024Q3
2024-07-11,XLC,0.022164539386735238,-0.002151066011535829,4,2024Q3
2024-07-11,XLE,0.03445530498143756,-0.0018261263229088338,4,2024Q3
2024-07-11,XLF,0.0459432776587031,-0.008069602467728643,4,2024Q3
2024-07-11,XLI,0.05281507788744233,-0.004017862006930652,4,2024Q3
2024-07-11,XLK,-0.07018445442631205,0.0012988750024829588,4,2024Q3
2024-07-11,XLP,0.07131625673621156,-0.006723378353876713,4,2024Q3
2024-07-11,XLRE,0.0942757045726792,-0.015978219143729187,4,2024Q3
2024-07-11,XLU,0.08345379954422527,-0.006734704270560236,4,2024Q3
2024-07-11,XLV,0.05924336583260392,-0.007607364976319749,4,2024Q3
2024-07-11,XLY,-0.03431543514385427,-0.007384589775373001,4,2024Q3
2024-07-12,XLB,0.026778682610650528,-0.008710459862415369,4,2024Q3
2024-07-12,XLC,0.035470389428743476,-0.0031297028921112597,4,2024Q3
2024-07-12,XLE,0.03595266326997182,-0.0023361501173486086,4,2024Q3
2024-07-12,XLF,0.048687067416367635,-0.008613423648401255,4,2024Q3
2024-07-12,XLI,0.04902042935325979,-0.004315806647510359,4,2024Q3
2024-07-12,XLK,-0.07227244953705103,0.0009917072226736379,4,2024Q3
2024-07-12,XLP,0.07016479163126255,-0.006808671584415314,4,2024Q3
2024-07-12,XLRE,0.09372652454350938,-0.016918364622327334,4,2024Q3
2024-07-12,XLU,0.08119297437235728,-0.0075286516759259636,4,2024Q3
2024-07-12,XLV,0.059748160794954264,-0.007887878848622654,4,2024Q3
2024-07-12,XLY,-0.041345665876020954,-0.008226806350196958,4,2024Q3
2024-07-15,XLB,0.027063243040869045,-0.008719590144479514,4,2024Q3
2024-07-15,XLC,0.0272374299391136,-0.002554190983585713,4,2024Q3
2024-07-15,XLE,0.028126328677852808,-0.0016916697456810493,4,2024Q3
2024-07-15,XLF,0.031257018304226114,-0.008602749433030816,4,2024Q3
2024-07-15,XLI,0.038973143785584585,-0.004018277448426892,4,2024Q3
2024-07-15,XLK,-0.06456519615127487,0.0006719668490048469,4,2024Q3
2024-07-15,XLP,0.07305405847335933,-0.010676539342217484,4,2024Q3
2024-07-15,XLRE,0.08518734351501112,-0.01672934884044001,4,2024Q3
2024-07-15,XLU,0.1108761888814237,-0.00588320163812841,4,2024Q3
2024-07-15,XLV,0.06156198033153493,-0.007539953359469982,4,2024Q3
2024-07-15,XLY,-0.04179429963060599,-0.007855534882580083,4,2024Q3
2024-07-16,XLB,0.008123798736988208,-0.008318583809352778,4,2024Q3
2024-07-16,XLC,0.027388452600000446,-0.002626226643275133,4,2024Q3
2024-07-16,XLE,0.004429726860861627,-0.001653146458619503,4,2024Q3
2024-07-16,XLF,0.01832535099034227,-0.00850546021101661,4,2024Q3
2024-07-16,XLI,0.015124408551611013,-0.003969346042908381,4,2024Q3
2024-07-16,XLK,-0.04424762750628608,0.0003938148425677527,4,2024Q3
2024-07-16,XLP,0.05802223638158266,-0.010518601864782647,4,2024Q3
2024-07-16,XLRE,0.07271315518306232,-0.017235791052723378,4,2024Q3
2024-07-16,XLU,0.0989123066553127,-0.005512784619328824,4,2024Q3
2024-07-16,XLV,0.04947452779388117,-0.007818329224210713,4,2024Q3
2024-07-16,XLY,-0.04537359307852895,-0.009023841867313571,4,2024Q3
2024-07-17,XLB,-0.006590349146561758,-0.008549146408930956,4,2024Q3
2024-07-17,XLC,0.020058946469904915,-0.0029584461641472813,4,2024Q3
2024-07-17,XLE,-0.0162226176478919,-0.0014294019260510543,4,2024Q3
2024-07-17,XLF,0.006111097024808498,-0.008698807542187575,4,2024Q3
2024-07-17,XLI,0.015069785643761047,-0.0040621197378853235,4,2024Q3
2024-07-17,XLK,-0.018704252792378306,0.0013135380028551462,4,2024Q3
2024-07-17,XLP,0.032954000550871165,-0.006157835835788291,4,2024Q3
2024-07-17,XLRE,0.05057784753450656,-0.018047668948833934,4,2024Q3
2024-07-17,XLU,0.08087881712508016,-0.010142147346604881,4,2024Q3
2024-07-17,XLV,0.031787140372059874,-0.00804657909053939,4,2024Q3
2024-07-17,XLY,-0.05153247894702895,-0.008420556834045679,4,2024Q3
2024-07-18,XLB,-0.005801259481620469,-0.008728507242935224,4,2024Q3
2024-07-18,XLC,0.0052237434041020325,-0.0032346653102899845,4,2024Q3
2024-07-18,XLE,-0.030937819066201744,-0.0018297737128061325,4,2024Q3
2024-07-18,XLF,0.002954137087238795,-0.008474278520881819,4,2024Q3
2024-07-18,XLI,0.011921401948100208,-0.004358852484829301,4,2024Q3
2024-07-18,XLK,-0.015671896023151333,0.001639319793708685,4,2024Q3
2024-07-18,XLP,0.02401882260629562,-0.006209923194895517,4,2024Q3
2024-07-18,XLRE,0.03180251208945983,-0.017063836551220013,4,2024Q3
2024-07-18,XLU,0.05721673439052122,-0.009898334221333705,4,2024Q3
2024-07-18,XLV,0.03725432697470432,-0.008981296489039548,4,2024Q3
2024-07-18,XLY,-0.03662577162195779,-0.0077669112834051375,4,2024Q3
2024-07-19,XLB,-0.00458565077271289,-0.009425867385070572,4,2024Q3
2024-07-19,XLC,0.003821403147115987,-0.003449988761446508,4,2024Q3
2024-07-19,XLE,-0.030259971551328535,-0.0030803870902010007,4,2024Q3
2024-07-19,XLF,0.01177972244480019,-0.009580202547183659,4,2024Q3
2024-07-19,XLI,0.007126967593757305,-0.005086621760555266,4,2024Q3
2024-07-19,XLK,-0.00729092102045259,0.002920581956718059,4,2024Q3
2024-07-19,XLP,0.021299360871753548,-0.007603397541916568,4,2024Q3
2024-07-19,XLRE,0.023634582316327313,-0.017289836368043536,4,2024Q3
2024-07-19,XLU,0.05176677100156457,-0.010799076162985213,4,2024Q3
2024-07-19,XLV,0.024122962221705402,-0.008678389774980911,4,2024Q3
2024-07-19,XLY,-0.03460932351185919,-0.007495041868909811,4,2024Q3
2024-07-22,XLB,-0.0024167496104592345,-0.008637353148736657,4,2024Q3
2024-07-22,XLC,0.011766444309489366,-0.0032170389125344826,4,2024Q3
2024-07-22,XLE,-0.016677623790314566,-0.0024283635181928855,4,2024Q3
2024-07-22,XLF,0.01240808500682733,-0.008727519489864171,4,2024Q3
2024-07-22,XLI,0.003741742611091947,-0.004131047184614655,4,2024Q3
2024-07-22,XLK,-0.013586539247828378,0.0021534281451796736,4,2024Q3
2024-07-22,XLP,0.024842936781938052,-0.006450059414846962,4,2024Q3
2024-07-22,XLRE,0.020390105096435684,-0.016489458433350757,4,2024Q3
2024-07-22,XLU,0.05058796658689424,-0.009990684458121738,4,2024Q3
2024-07-22,XLV,0.02521557314323375,-0.007731897639543572,4,2024Q3
2024-07-22,XLY,-0.03264175482801235,-0.0070472779636619985,4,2024Q3
2024-07-23,XLB,-0.009986080103837502,-0.009136430857434343,4,2024Q3
2024-07-23,XLC,0.012556730255414816,-0.004883108036023222,4,2024Q3
2024-07-23,XLE,-0.027150751217030478,-0.00306894704112974,4,2024Q3
2024-07-23,XLF,0.007330569570534795,-0.009467133145621334,4,2024Q3
2024-07-23,XLI,0.002950394990586691,-0.004587194419423915,4,2024Q3
2024-07-23,XLK,-0.013058462020461237,0.001823187774042733,4,2024Q3
2024-07-23,XLP,0.03375624251594078,-0.007063174643840224,4,2024Q3
2024-07-23,XLRE,0.02319200116559772,-0.01721129274672987,4,2024Q3
2024-07-23,XLU,0.05500291338631036,-0.010480397442057665,4,2024Q3
2024-07-23,XLV,0.030071401747721493,-0.008519416998926001,4,2024Q3
2024-07-23,XLY,-0.029092827048839753,-0.007095744349088086,4,2024Q3
2024-07-24,XLB,-0.012390919687262025,-0.00975624450323707,4,2024Q3
2024-07-24,XLC,0.017470634696781895,-0.003622863641193095,4,2024Q3
2024-07-24,XLE,-0.052540437793135775,-0.0025158377661019075,4,2024Q3
2024-07-24,XLF,-0.00717385491480127,-0.010133330578064429,4,2024Q3
2024-07-24,XLI,0.004518379594391275,-0.004781008510814758,4,2024Q3
2024-07-24,XLK,0.009106565648333786,0.0036166364458233525,4,2024Q3
2024-07-24,XLP,0.014823379512944435,-0.007803203615558664,4,2024Q3
2024-07-24,XLRE,0.014074890947301633,-0.01826371439262154,4,2024Q3
2024-07-24,XLU,0.023692980110411987,-0.007175375473329757,4,2024Q3
2024-07-24,XLV,-0.003731322302460205,-0.00494449843817709,4,2024Q3
2024-07-24,XLY,-0.0013525554277968865,-0.00602521476219002,4,2024Q3
2024-07-25,XLB,-0.014605699904119973,-0.009500482218142665,4,2024Q3
2024-07-25,XLC,0.024491713555874428,-0.0030200429891325807,4,2024Q3
2024-07-25,XLE,-0.06398203601104202,-0.0012439950696035039,4,2024Q3
2024-07-25,XLF,-0.002428435858692346,-0.010233267826254241,4,2024Q3
2024-07-25,XLI,-0.002317083016240451,-0.004687673317372671,4,2024Q3
2024-07-25,XLK,-0.0011455564384026395,0.0037827466255769783,4,2024Q3
2024-07-25,XLP,0.017242869914625647,-0.007838021093193523,4,2024Q3
2024-07-25,XLRE,0.029077884445596114,-0.017860493776566157,4,2024Q3
2024-07-25,XLU,0.034032356823295196,-0.006991052159817512,4,2024Q3
2024-07-25,XLV,0.00487712817656627,-0.004665484014332125,4,2024Q3
2024-07-25,XLY,-0.012479733167521267,-0.005757567631612525,4,2024Q3
2024-07-26,XLB,-0.017163075369531988,-0.009181069847602107,4,2024Q3
2024-07-26,XLC,0.012908136972283657,-0.002785588287809593,4,2024Q3
2024-07-26,XLE,-0.05201699621649858,0.0026715003232600314,4,2024Q3
2024-07-26,XLF,-0.008995211858857877,-0.010658604787675562,4,2024Q3
2024-07-26,XLI,-0.008897485982676478,-0.004286421419399288,4,2024Q3
2024-07-26,XLK,0.0030174227138739518,0.0030486517711945838,4,2024Q3
2024-07-26,XLP,0.010188494277957538,-0.0077954133959182974,4,2024Q3
2024-07-26,XLRE,0.03232498616507673,-0.01864100640383067,4,2024Q3
2024-07-26,XLU,0.027224070568269143,-0.006943096692570129,4,2024Q3
2024-07-26,XLV,0.004117660627018349,-0.004647559421338531,4,2024Q3
2024-07-26,XLY,-0.0036875458184102428,-0.006094721544773873,4,2024Q3
2024-07-29,XLB,-0.01139104429108162,-0.00889777070191379,4,2024Q3
2024-07-29,XLC,0.009181492932676338,-0.0028741091970477437,4,2024Q3
2024-07-29,XLE,-0.031613985995559424,0.0022351855432511235,4,2024Q3
2024-07-29,XLF,-0.0012827802734713956,-0.010267679792407924,4,2024Q3
2024-07-29,XLI,-0.005155497619591776,-0.004150889714300592,4,2024Q3
2024-07-29,XLK,-0.0023498222512812195,0.003131872716283524,4,2024Q3
2024-07-29,XLP,0.020243071984066052,-0.007603244059637894,4,2024Q3
2024-07-29,XLRE,0.027905254167089,-0.018536039061209146,4,2024Q3
2024-07-29,XLU,0.032401026739003136,-0.0067606802449230495,4,2024Q3
2024-07-29,XLV,0.006029046195752397,-0.00461911245693151,4,2024Q3
2024-07-29,XLY,-0.025386159831122912,-0.006654811724881771,4,2024Q3
2024-07-30,XLB,-0.014594976062711318,-0.008615812056098184,4,2024Q3
2024-07-30,XLC,-0.004005522433143449,-0.0027294622464423073,4,2024Q3
2024-07-30,XLE,-0.06269920514331184,0.00420525483513637,4,2024Q3
2024-07-30,XLF,-0.014423794637034248,-0.010289222258808434,4,2024Q3
2024-07-30,XLI,-0.014182669228827383,-0.0032410657306267887,4,2024Q3
2024-07-30,XLK,0.023841885496173942,0.004522172363534888,4,2024Q3
2024-07-30,XLP,0.023278024574065803,-0.0065147884025114145,4,2024Q3
2024-07-30,XLRE,0.016224347808990514,-0.01783943915918162,4,2024Q3
2024-07-30,XLU,0.011921458596718004,-0.006298179018203203,4,2024Q3
2024-07-30,XLV,6.805117991270926e-05,-0.003856039821213188,4,2024Q3
2024-07-30,XLY,-0.029101614018902433,-0.005844557099738489,4,2024Q3
2024-07-31,XLB,-0.006977795122550701,-0.007750230198138074,4,2024Q3
2024-07-31,XLC,-0.0004264571106620263,-0.0019240610497996795,4,2024Q3
2024-07-31,XLE,-0.05050406682669972,0.00488275605319847,4,2024Q3
2024-07-31,XLF,0.01315081574961452,-0.008931852405553244,4,2024Q3
2024-07-31,XLI,-0.003430784882249238,-0.0026552233326337634,4,2024Q3
2024-07-31,XLK,-0.010764517418206943,0.004614276708919533,4,2024Q3
2024-07-31,XLP,0.043177695551703366,-0.005561364981437566,4,2024Q3
2024-07-31,XLRE,0.03762787029060055,-0.016654122667363908,4,2024Q3
2024-07-31,XLU,0.02102198468533767,-0.005082139444711653,4,2024Q3
2024-07-31,XLV,0.027570059486360154,-0.0026516963270846725,4,2024Q3
2024-07-31,XLY,-0.03157244740603893,-0.005644715064550302,4,2024Q3
2024-08-01,XLB,-0.012013697367566634,-0.0074147995903281975,4,2024Q3
2024-08-01,XLC,-0.021284534994032267,-0.0029639936066599253,4,2024Q3
2024-08-01,XLE,-0.02604584052312897,0.005191951410171831,4,2024Q3
2024-08-01,XLF,0.022538557068636722,-0.008249927922427507,4,2024Q3
2024-08-01,XLI,0.008246991878024357,-0.002274536789951142,4,2024Q3
2024-08-01,XLK,0.004032627265164734,0.006259464768003813,4,2024Q3
2024-08-01,XLP,0.013623548460451884,-0.005686252026991623,4,2024Q3
2024-08-01,XLRE,0.002828233411214409,-0.014989939589750059,4,2024Q3
2024-08-01,XLU,-0.00638759197029426,-0.004723112345372963,4,2024Q3
2024-08-01,XLV,0.004562973320739738,-0.0029067316431194996,4,2024Q3
2024-08-01,XLY,-0.020321677258170023,-0.004485703119739603,4,2024Q3
2024-08-02,XLB,-0.010669247395227677,-0.006268688437601287,4,2024Q3
2024-08-02,XLC,-0.02731335920371558,-0.0019098609359751348,4,2024Q3
2024-08-02,XLE,-0.02518024401613639,0.0017911620633642266,4,2024Q3
2024-08-02,XLF,0.02973462657382031,-0.006034196860637093,4,2024Q3
2024-08-02,XLI,0.01337232309122105,-0.0015008830762761128,4,2024Q3
2024-08-02,XLK,0.018491058935561133,0.00913013616398092,4,2024Q3
2024-08-02,XLP,-0.01675513985696253,-0.0052966324621969854,4,2024Q3
2024-08-02,XLRE,-0.017386758729044827,-0.01137055837153545,4,2024Q3
2024-08-02,XLU,-0.029869372947977535,-0.004511579319979532,4,2024Q3
2024-08-02,XLV,-0.015733710326635064,-0.002465659273327123,4,2024Q3
2024-08-02,XLY,0.004456737584300985,-0.004151163083664665,4,2024Q3
2024-08-05,XLB,-0.02038006338062237,-0.006325027395128238,4,2024Q3
2024-08-05,XLC,-0.02563994726868346,-0.0009691864592332089,4,2024Q3
2024-08-05,XLE,-0.03745619948675416,0.0005988824947599455,4,2024Q3
2024-08-05,XLF,0.04458654770368087,-0.005712621806210747,4,2024Q3
2024-08-05,XLI,-0.0011482942471914281,-0.0016429178062827695,4,2024Q3
2024-08-05,XLK,-0.004865559361739935,0.009902457831015442,4,2024Q3
2024-08-05,XLP,0.0023006771122275893,-0.00575770351660768,4,2024Q3
2024-08-05,XLRE,0.006732045750238447,-0.018252346090864065,4,2024Q3
2024-08-05,XLU,-0.012820145343219735,-0.007286945483716958,4,2024Q3
2024-08-05,XLV,0.0015140224469376573,-0.00562851195634386,4,2024Q3
2024-08-05,XLY,0.011036226541783378,-0.004207550760969658,4,2024Q3
2024-08-06,XLB,-0.018086039793391517,-0.006180125300656034,4,2024Q3
2024-08-06,XLC,-0.030780963821442242,-0.0011911414677891077,4,2024Q3
2024-08-06,XLE,-0.0459590475351892,0.0007657059143711919,4,2024Q3
2024-08-06,XLF,0.040024158685878275,-0.005986171759378799,4,2024Q3
2024-08-06,XLI,-0.0008345650250243253,-0.0019575172509080246,4,2024Q3
2024-08-06,XLK,-0.00989010027428594,0.008237323210833494,4,2024Q3
2024-08-06,XLP,0.011816850927236278,-0.005600743735141967,4,2024Q3
2024-08-06,XLRE,-0.0022083090913680437,-0.016791217886236956,4,2024Q3
2024-08-06,XLU,-0.0008132130323659226,-0.006497023943744514,4,2024Q3
2024-08-06,XLV,0.006669752654185679,-0.00554726095276903,4,2024Q3
2024-08-06,XLY,0.013948422215990908,-0.004236469766261111,4,2024Q3
2024-08-07,XLB,-0.016593260154322165,-0.006056540591616116,4,2024Q3
2024-08-07,XLC,-0.026838623982244014,-0.001403167013391725,4,2024Q3
2024-08-07,XLE,-0.06230669181775683,0.0003464578956388416,4,2024Q3
2024-08-07,XLF,0.022156118031270378,-0.006250954853910385,4,2024Q3
2024-08-07,XLI,-0.012579310112039499,-0.0019334456735751147,4,2024Q3
2024-08-07,XLK,0.001186426915604999,0.009060156453903961,4,2024Q3
2024-08-07,XLP,0.002124749299946105,-0.0057133091135590335,4,2024Q3
2024-08-07,XLRE,-0.001976033812072897,-0.017625012178796105,4,2024Q3
2024-08-07,XLU,-0.013821475124763172,-0.003740523242790995,4,2024Q3
2024-08-07,XLV,-0.001663278147766123,-0.004869567437910968,4,2024Q3
2024-08-07,XLY,0.040768043241912855,-0.00371749559345754,4,2024Q3
2024-08-08,XLB,-0.004081908108860333,-0.006272933107040802,4,2024Q3
2024-08-08,XLC,-0.02682003193581317,-0.00173365339752459,4,2024Q3
2024-08-08,XLE,-0.05416873150380064,-0.0003225758603785426,4,2024Q3
2024-08-08,XLF,0.03073058286845809,-0.006399865512295053,4,2024Q3
2024-08-08,XLI,-0.005180656862601829,-0.001864520607247077,4,2024Q3
2024-08-08,XLK,-0.02215743116560631,0.008029154015462423,4,2024Q3
2024-08-08,XLP,0.031809240704142594,-0.005444187027502701,4,2024Q3
2024-08-08,XLRE,0.03049976353383732,-0.016292886051963777,4,2024Q3
2024-08-08,XLU,0.016461773851763617,-0.0034460363425064585,4,2024Q3
2024-08-08,XLV,0.013261590121883327,-0.0062915646854011294,4,2024Q3
2024-08-08,XLY,0.03142544351683774,-0.004106452710882952,4,2024Q3
2024-08-09,XLB,-0.00033679370796857455,-0.006433518543272149,4,2024Q3
2024-08-09,XLC,-0.03785327750637846,-0.0017144353871350478,4,2024Q3
2024-08-09,XLE,-0.056271427729028156,-0.0006999022562476313,4,2024Q3
2024-08-09,XLF,0.03496280064017632,-0.006756343498045067,4,2024Q3
2024-08-09,XLI,0.003305359439236044,-0.0023798812810687364,4,2024Q3
2024-08-09,XLK,-0.017251849872422342,0.008009211075710721,4,2024Q3
2024-08-09,XLP,0.031422680972480466,-0.005926620196386977,4,2024Q3
2024-08-09,XLRE,0.03078876310288936,-0.016247209577304973,4,2024Q3
2024-08-09,XLU,0.016527581112476764,-0.003754397589512982,4,2024Q3
2024-08-09,XLV,0.008492447360368027,-0.00688902547880139,4,2024Q3
2024-08-09,XLY,0.036310335602221855,-0.004537049805390939,4,2024Q3
2024-08-12,XLB,0.0007252838988136556,-0.006431589144229211,4,2024Q3
2024-08-12,XLC,-0.035130400020277786,-0.0015591463287216042,4,2024Q3
2024-08-12,XLE,-0.08152415720401851,-0.0009188148875630552,4,2024Q3
2024-08-12,XLF,0.02566183557199264,-0.006756533010299946,4,2024Q3
2024-08-12,XLI,0.006399981085501549,-0.0020536318724617307,4,2024Q3
2024-08-12,XLK,-0.014391189381600666,0.006815152535133711,4,2024Q3
2024-08-12,XLP,0.0326108296788814,-0.005899921608518982,4,2024Q3
2024-08-12,XLRE,0.051984128180187605,-0.015170272942190807,4,2024Q3
2024-08-12,XLU,0.015648374721308755,-0.004404796437678827,4,2024Q3
2024-08-12,XLV,0.013263186090290313,-0.005608231627497582,4,2024Q3
2024-08-12,XLY,0.04881189092687621,-0.004343105712253553,4,2024Q3
2024-08-13,XLB,-0.0007172396864862929,-0.007604898886577874,4,2024Q3
2024-08-13,XLC,-0.037538662896116404,-0.0019398625669563175,4,2024Q3
2024-08-13,XLE,-0.07487380781168196,-0.0009939888963251993,4,2024Q3
2024-08-13,XLF,0.018307782516026716,-0.007188522093841184,4,2024Q3
2024-08-13,XLI,0.0037309854205132,-0.003032850829842408,4,2024Q3
2024-08-13,XLK,-0.004775247473243427,0.005372296322419196,4,2024Q3
2024-08-13,XLP,0.024183489516577117,-0.0062715838261189144,4,2024Q3
2024-08-13,XLRE,0.047889150478651166,-0.015910545546266357,4,2024Q3
2024-08-13,XLU,0.01909105691304447,-0.00519307969100372,4,2024Q3
2024-08-13,XLV,0.004008657658566062,-0.006690449546411655,4,2024Q3
2024-08-13,XLY,0.03923900885460596,-0.005021515715751831,4,2024Q3
2024-08-14,XLB,0.0033438117549871027,-0.007656805352780261,4,2024Q3
2024-08-14,XLC,-0.018707798371141893,-0.0023837358255583,4,2024Q3
2024-08-14,XLE,-0.07726177358248265,-0.0015283356790489729,4,2024Q3
2024-08-14,XLF,0.0026828146902158068,-0.007809047446837074,4,2024Q3
2024-08-14,XLI,0.0020770439266257767,-0.00353326301062816,4,2024Q3
2024-08-14,XLK,-0.007313193112543193,0.004964666937535258,4,2024Q3
2024-08-14,XLP,0.020486127491180728,-0.006924096892677477,4,2024Q3
2024-08-14,XLRE,0.04059802955665015,-0.016325280995697272,4,2024Q3
2024-08-14,XLU,0.016715650917120906,-0.0059137177172582135,4,2024Q3
2024-08-14,XLV,-0.0013269396930424282,-0.007376276199800762,4,2024Q3
2024-08-14,XLY,0.051596469599145545,-0.004971045543646392,4,2024Q3
2024-08-15,XLB,0.008487460628234134,-0.009005480636475608,4,2024Q3
2024-08-15,XLC,-0.006048040094171814,-0.0030425059417978325,4,2024Q3
2024-08-15,XLE,-0.0711494135660592,-0.0028426536615958906,4,2024Q3
2024-08-15,XLF,0.008231538143310235,-0.008900915956017452,4,2024Q3
2024-08-15,XLI,0.010733046152615833,-0.004323289702630282,4,2024Q3
2024-08-15,XLK,-0.01883364007060362,0.004633786359287434,4,2024Q3
2024-08-15,XLP,0.029171339074944624,-0.008210803902879996,4,2024Q3
2024-08-15,XLRE,0.06334857481886869,-0.01743161090090612,4,2024Q3
2024-08-15,XLU,0.04361168947187233,-0.006957317626411186,4,2024Q3
2024-08-15,XLV,0.006427521579954298,-0.009725887641156228,4,2024Q3
2024-08-15,XLY,0.03736605850436936,-0.0055167133666563515,4,2024Q3
2024-08-16,XLB,0.017514226153067636,-0.00912796707251342,4,2024Q3
2024-08-16,XLC,0.002232644355163904,-0.0031577366402009517,4,2024Q3
2024-08-16,XLE,-0.058496713686467916,-0.003090196618298861,4,2024Q3
2024-08-16,XLF,0.014769141201413705,-0.008895867842949653,4,2024Q3
2024-08-16,XLI,0.018241490317250975,-0.00446158827844179,4,2024Q3
2024-08-16,XLK,-0.023518582320098402,0.004497651183241759,4,2024Q3
2024-08-16,XLP,0.031189563817380916,-0.008233556800196308,4,2024Q3
2024-08-16,XLRE,0.06822353911449386,-0.017497498508066874,4,2024Q3
2024-08-16,XLU,0.04774959677759805,-0.00695372325835849,4,2024Q3
2024-08-16,XLV,0.013197879565525206,-0.009849142592691627,4,2024Q3
2024-08-16,XLY,0.03386612684070478,-0.005676426723980223,4,2024Q3
2024-08-19,XLB,0.023817122638980726,-0.009172426489398646,4,2024Q3
2024-08-19,XLC,6.943821924343396e-06,-0.002896978328698051,4,2024Q3
2024-08-19,XLE,-0.04285393577120822,-0.002879343067240165,4,2024Q3
2024-08-19,XLF,0.02381030600639722,-0.008824647943937596,4,2024Q3
2024-08-19,XLI,0.026852976717578025,-0.004328106469237767,4,2024Q3
2024-08-19,XLK,-0.032310404577193585,0.0044824901700431736,4,2024Q3
2024-08-19,XLP,0.02699365148275379,-0.008021630425556644,4,2024Q3
2024-08-19,XLRE,0.06244690178882628,-0.017577170517985394,4,2024Q3
2024-08-19,XLU,0.049202148663269885,-0.006967053193851324,4,2024Q3
2024-08-19,XLV,0.005650672704000215,-0.009843552993939967,4,2024Q3
2024-08-19,XLY,0.035623142705870414,-0.005892270787379951,4,2024Q3
2024-08-20,XLB,0.024504509505426375,-0.008992861281543885,4,2024Q3
2024-08-20,XLC,0.0012467287869173393,-0.0029829146755674324,4,2024Q3
2024-08-20,XLE,-0.01351555204309507,-0.0028375741886987214,4,2024Q3
2024-08-20,XLF,0.025256251803078333,-0.009050236468244613,4,2024Q3
2024-08-20,XLI,0.030177950161377032,-0.004724466734588457,4,2024Q3
2024-08-20,XLK,-0.03644773684486324,0.00446519256955677,4,2024Q3
2024-08-20,XLP,0.01931123058566131,-0.00833481632394158,4,2024Q3
2024-08-20,XLRE,0.05969878813318763,-0.01756538947143133,4,2024Q3
2024-08-20,XLU,0.04478618386523192,-0.0076735992251320655,4,2024Q3
2024-08-20,XLV,0.0012546471751653243,-0.009885665396957883,4,2024Q3
2024-08-20,XLY,0.0358778975702454,-0.005752810793764189,4,2024Q3
2024-08-21,XLB,0.014559386543943509,-0.008888752525727,4,2024Q3
2024-08-21,XLC,-0.003059780371657883,-0.0029266533929283405,4,2024Q3
2024-08-21,XLE,-0.01701607096014679,-0.0028108136164996514,4,2024Q3
2024-08-21,XLF,0.024671144422784286,-0.00882513254697127,4,2024Q3
2024-08-21,XLI,0.028024829029354992,-0.004510835293700899,4,2024Q3
2024-08-21,XLK,-0.027168254047156837,0.004688005184297521,4,2024Q3
2024-08-21,XLP,-0.007222963976237562,-0.007993341439489774,4,2024Q3
2024-08-21,XLRE,0.0399267021018237,-0.017457712492043646,4,2024Q3
2024-08-21,XLU,0.01764263744612471,-0.0073409198078051505,4,2024Q3
2024-08-21,XLV,-0.010462990211334455,-0.009617482636790605,4,2024Q3
2024-08-21,XLY,0.03265349068295942,-0.005951495676944479,4,2024Q3
2024-08-22,XLB,0.006234629484535237,-0.00916383764749132,4,2024Q3
2024-08-22,XLC,0.001504563759605393,-0.0032183742776441017,4,2024Q3
2024-08-22,XLE,-0.024996648360682716,-0.0029264484611984474,4,2024Q3
2024-08-22,XLF,0.014921242956194014,-0.009065807802900696,4,2024Q3
2024-08-22,XLI,0.018840617246772995,-0.005020442067103936,4,2024Q3
2024-08-22,XLK,-0.011918073313143429,0.004652118070387223,4,2024Q3
2024-08-22,XLP,-0.0039832362944598465,-0.008425986194238629,4,2024Q3
2024-08-22,XLRE,0.028430621653353416,-0.02103755830175224,4,2024Q3
2024-08-22,XLU,0.04312389490266977,-0.007725424270841588,4,2024Q3
2024-08-22,XLV,-0.018397741229774445,-0.01027484232856277,4,2024Q3
2024-08-22,XLY,0.045541310033382354,-0.00584371275978342,4,2024Q3
2024-08-23,XLB,0.00535088660180727,-0.009174508148437708,4,2024Q3
2024-08-23,XLC,0.0017867326063365496,-0.0033237753447817853,4,2024Q3
2024-08-23,XLE,-0.027463494188662785,-0.002925785148766228,4,2024Q3
2024-08-23,XLF,0.009319120632445,-0.009499818981529764,4,2024Q3
2024-08-23,XLI,0.020311980131088925,-0.005246898571252156,4,2024Q3
2024-08-23,XLK,-0.02176297269818206,0.0045734130544726834,4,2024Q3
2024-08-23,XLP,0.001860437396170589,-0.008455661686872281,4,2024Q3
2024-08-23,XLRE,0.020942277914153262,-0.0225359845995054,4,2024Q3
2024-08-23,XLU,0.051688827541367166,-0.00788580236884035,4,2024Q3
2024-08-23,XLV,-0.020167850861016023,-0.009741373884203909,4,2024Q3
2024-08-23,XLY,0.04407329246155567,-0.00643310392844027,4,2024Q3
2024-08-26,XLB,0.009388278873729172,-0.008851306929133605,4,2024Q3
2024-08-26,XLC,-0.00106753010083116,-0.0033657857128809965,4,2024Q3
2024-08-26,XLE,-0.043960716601861294,-0.0024408684241102752,4,2024Q3
2024-08-26,XLF,-0.007747476242718099,-0.009041977237195412,4,2024Q3
2024-08-26,XLI,0.023538278097214205,-0.004927263688369952,4,2024Q3
2024-08-26,XLK,-0.007617746640217415,0.004348299762927306,4,2024Q3
2024-08-26,XLP,-0.013038918962896107,-0.008209217021226956,4,2024Q3
2024-08-26,XLRE,0.016330109101066803,-0.020680717743739453,4,2024Q3
2024-08-26,XLU,0.03197653711733994,-0.007329819553311203,4,2024Q3
2024-08-26,XLV,-0.026979817017507512,-0.009811384724122386,4,2024Q3
2024-08-26,XLY,0.056361848635866796,-0.006267016855989135,4,2024Q3
2024-08-27,XLB,0.006047894262195763,-0.008663214109562755,4,2024Q3
2024-08-27,XLC,0.0016992093453949142,-0.0029900766726524684,4,2024Q3
2024-08-27,XLE,-0.050407929558866194,-0.0019169598561250391,4,2024Q3
2024-08-27,XLF,-0.015324004940319269,-0.008470858201649617,4,2024Q3
2024-08-27,XLI,0.02165822497765002,-0.004566525376410826,4,2024Q3
2024-08-27,XLK,-0.007190322768408031,0.004490134120399254,4,2024Q3
2024-08-27,XLP,-0.014374574242113969,-0.007819529631422401,4,2024Q3
2024-08-27,XLRE,0.012977460208456026,-0.01839599699779646,4,2024Q3
2024-08-27,XLU,0.04956525635110487,-0.006781193647478838,4,2024Q3
2024-08-27,XLV,-0.034508283746308654,-0.00862276296421765,4,2024Q3
2024-08-27,XLY,0.05896332294264117,-0.006134745624364729,4,2024Q3
2024-08-28,XLB,0.0217163288824902,-0.009452620175114335,4,2024Q3
2024-08-28,XLC,0.004261197727405186,-0.003381073507435993,4,2024Q3
2024-08-28,XLE,-0.07319910489901837,-0.002467674429415585,4,2024Q3
2024-08-28,XLF,-0.02262678081699243,-0.009447016454660579,4,2024Q3
2024-08-28,XLI,0.017351872335980678,-0.005321482279170429,4,2024Q3
2024-08-28,XLK,0.010472139656348745,0.00409272520214817,4,2024Q3
2024-08-28,XLP,-0.017783064509263813,-0.008521795537938883,4,2024Q3
2024-08-28,XLRE,-0.0035980639015089633,-0.01993564280758023,4,2024Q3
2024-08-28,XLU,0.032286776065579836,-0.007752720258428163,4,2024Q3
2024-08-28,XLV,-0.04234295750569317,-0.009359498959119502,4,2024Q3
2024-08-28,XLY,0.06410484498560587,-0.006043416246923459,4,2024Q3
2024-08-29,XLB,0.015747315130990147,-0.00949008997123135,4,2024Q3
2024-08-29,XLC,0.01420106415112432,-0.003432243550086359,4,2024Q3
2024-08-29,XLE,-0.0647337858025201,-0.00250188453357323,4,2024Q3
2024-08-29,XLF,-0.027029035344844132,-0.009116758838000998,4,2024Q3
2024-08-29,XLI,0.013097873213994138,-0.005717034783537429,4,2024Q3
2024-08-29,XLK,0.011730302867964726,0.003779201739908697,4,2024Q3
2024-08-29,XLP,-0.009327270975782564,-0.00787100179827792,4,2024Q3
2024-08-29,XLRE,0.0033976263779922355,-0.01743550818388692,4,2024Q3
2024-08-29,XLU,0.03857298107476592,-0.007419141080803933,4,2024Q3
2024-08-29,XLV,-0.04335432666080086,-0.008745481555250382,4,2024Q3
2024-08-29,XLY,0.06601071083535848,-0.006083652240229223,4,2024Q3
2024-08-30,XLB,0.004391590699627912,-0.009378076908431541,4,2024Q3
2024-08-30,XLC,0.017390074179116644,-0.0032243649797090634,4,2024Q3
2024-08-30,XLE,-0.05600693875205465,-0.002367715308174043,4,2024Q3
2024-08-30,XLF,-0.027064821453771093,-0.009897778790533092,4,2024Q3
2024-08-30,XLI,0.012392882416342843,-0.00556824621173508,4,2024Q3
2024-08-30,XLK,0.006762364388287034,0.0039355530594248995,4,2024Q3
2024-08-30,XLP,-0.011943812417063882,-0.007633422400278838,4,2024Q3
2024-08-30,XLRE,0.00783507949890061,-0.019368805574065173,4,2024Q3
2024-08-30,XLU,0.04097188496008486,-0.00719778316032113,4,2024Q3
2024-08-30,XLV,-0.03811149415076065,-0.008395373942734784,4,2024Q3
2024-08-30,XLY,0.05292768877141185,-0.00642335579601166,4,2024Q3
2024-09-03,XLB,0.013452772657750467,-0.008653860497636803,4,2024Q3
2024-09-03,XLC,0.025453546298382035,-0.0029484708315400134,4,2024Q3
2024-09-03,XLE,-0.021084018912508773,-0.0014217032762501186,4,2024Q3
2024-09-03,XLF,-0.037007884319899875,-0.009682493716779586,4,2024Q3
2024-09-03,XLI,0.024182930889389498,-0.004493266248930429,4,2024Q3
2024-09-03,XLK,0.017849907353499006,0.005577308391217681,4,2024Q3
2024-09-03,XLP,-0.034412428938202955,-0.0068478458992511215,4,2024Q3
2024-09-03,XLRE,-0.012777295585927773,-0.020802007732756617,4,2024Q3
2024-09-03,XLU,0.038956299742192835,-0.006776279114790812,4,2024Q3
2024-09-03,XLV,-0.053477590606066605,-0.008468510517805072,4,2024Q3
2024-09-03,XLY,0.0513735459241631,-0.00573452543063591,4,2024Q3
2024-09-04,XLB,0.011193471955747603,-0.008864405310844294,4,2024Q3
2024-09-04,XLC,0.02469565441620758,-0.0035108032411170433,4,2024Q3
2024-09-04,XLE,0.0009853358987153005,-0.0012419951405138034,4,2024Q3
2024-09-04,XLF,-0.03954819113819896,-0.010102019870992471,4,2024Q3
2024-09-04,XLI,0.01862711038324938,-0.004768555049203824,4,2024Q3
2024-09-04,XLK,0.02577457522056603,0.005372438923460314,4,2024Q3
2024-09-04,XLP,-0.0499967060423967,-0.00783989643113988,4,2024Q3
2024-09-04,XLRE,-0.02130748706779184,-0.022059298651082443,4,2024Q3
2024-09-04,XLU,0.02788558855371015,-0.007697726400607402,4,2024Q3
2024-09-04,XLV,-0.05632157121514547,-0.008813107632712674,4,2024Q3
2024-09-04,XLY,0.03688666523183515,-0.0060748863932913785,4,2024Q3
2024-09-05,XLB,0.007179365867005849,-0.009857623213145976,4,2024Q3
2024-09-05,XLC,0.017358298666607652,-0.00414788972911035,4,2024Q3
2024-09-05,XLE,0.02679852873860189,-0.0015484515008385453,4,2024Q3
2024-09-05,XLF,-0.034467401386591545,-0.010752031517220012,4,2024Q3
2024-09-05,XLI,0.024974035613965162,-0.005359818776925008,4,2024Q3
2024-09-05,XLK,0.031161659164991473,0.004854340414354008,4,2024Q3
2024-09-05,XLP,-0.05670160849287853,-0.008530803361163132,4,2024Q3
2024-09-05,XLRE,-0.029006983273614395,-0.02237664195055113,4,2024Q3
2024-09-05,XLU,0.02949789524315949,-0.007902965970680582,4,2024Q3
2024-09-05,XLV,-0.052293641371291444,-0.009631808717622842,4,2024Q3
2024-09-05,XLY,0.012023189136958434,-0.006543403082019954,4,2024Q3
2024-09-06,XLB,-0.0016287045168448255,-0.010139133919559144,4,2024Q3
2024-09-06,XLC,0.024508091038445867,-0.003760197460603754,4,2024Q3
2024-09-06,XLE,0.022995237088643483,-0.0011576697239012606,4,2024Q3
2024-09-06,XLF,-0.029660456829655013,-0.011522798754601249,4,2024Q3
2024-09-06,XLI,0.01604875602682765,-0.006095724150393286,4,2024Q3
2024-09-06,XLK,0.04442883579843793,0.007184694028921816,4,2024Q3
2024-09-06,XLP,-0.07868262232625822,-0.008736584361452197,4,2024Q3
2024-09-06,XLRE,-0.06288836364079964,-0.022740318775133002,4,2024Q3
2024-09-06,XLU,0.010769709979984832,-0.008348911248693603,4,2024Q3
2024-09-06,XLV,-0.07537203434391393,-0.009817564648142615,4,2024Q3
2024-09-06,XLY,0.026091170701014077,-0.006450334771896535,4,2024Q3
2024-09-09,XLB,0.006358199083179583,-0.010391919232182266,4,2024Q3
2024-09-09,XLC,0.02658517734202559,-0.004022105617886306,4,2024Q3
2024-09-09,XLE,0.04027178689275601,-0.0023090545905733034,4,2024Q3
2024-09-09,XLF,-0.03603185675968179,-0.013371444662781035,4,2024Q3
2024-09-09,XLI,0.018434544737557124,-0.005785877290461016,4,2024Q3
2024-09-09,XLK,0.04036722584113006,0.005901535527997192,4,2024Q3
2024-09-09,XLP,-0.07466000019086882,-0.009642922543771375,4,2024Q3
2024-09-09,XLRE,-0.06066398229995118,-0.02267996356528424,4,2024Q3
2024-09-09,XLU,-0.00315268828697457,-0.009823759649363722,4,2024Q3
2024-09-09,XLV,-0.06533490815516696,-0.010421417094237662,4,2024Q3
2024-09-09,XLY,0.015052209773410263,-0.006648988739709247,4,2024Q3
2024-09-10,XLB,-0.004226769858847623,-0.008943027407559315,4,2024Q3
2024-09-10,XLC,0.030952474124670948,-0.0034475059017239377,4,2024Q3
2024-09-10,XLE,0.025224980510329065,0.00048684860066563855,4,2024Q3
2024-09-10,XLF,-0.02509482118553308,-0.010649082966798666,4,2024Q3
2024-09-10,XLI,0.013681833867686066,-0.004654762071536222,4,2024Q3
2024-09-10,XLK,0.03905093825302752,0.005005594150903334,4,2024Q3
2024-09-10,XLP,-0.07492375191366796,-0.008057022763649502,4,2024Q3
2024-09-10,XLRE,-0.08003595811154818,-0.022837597471594903,4,2024Q3
2024-09-10,XLU,-0.012753148969647743,-0.00837088736063321,4,2024Q3
2024-09-10,XLV,-0.06978779187170214,-0.008675449355802747,4,2024Q3
2024-09-10,XLY,0.007984437709263936,-0.005922158818638313,4,2024Q3
2024-09-11,XLB,0.003296220665548022,-0.01073182219650367,4,2024Q3
2024-09-11,XLC,0.03029658119657408,-0.004702518783524628,4,2024Q3
2024-09-11,XLE,0.04520873766155864,-6.240699568487254e-05,4,2024Q3
2024-09-11,XLF,-0.007330259473127265,-0.012080062724322695,4,2024Q3
2024-09-11,XLI,0.024663022116090394,-0.007133985407974701,4,2024Q3
2024-09-11,XLK,0.0184575822212929,0.004417268572504639,4,2024Q3
2024-09-11,XLP,-0.05643310079732711,-0.009303397091885563,4,2024Q3
2024-09-11,XLRE,-0.07356177557836496,-0.023771018591794806,4,2024Q3
2024-09-11,XLU,-0.021311025574784148,-0.009729618504595153,4,2024Q3
2024-09-11,XLV,-0.053473322655433586,-0.010745525683454611,4,2024Q3
2024-09-11,XLY,0.008478052757927568,-0.007355146933129299,4,2024Q3
2024-09-12,XLB,0.006643608606980322,-0.010531862822012215,4,2024Q3
2024-09-12,XLC,0.013338731043311736,-0.004097939113523836,4,2024Q3
2024-09-12,XLE,0.05329584126919529,-0.00022829450601312895,4,2024Q3
2024-09-12,XLF,-0.0023122578696916918,-0.011475272586977052,4,2024Q3
2024-09-12,XLI,0.021587505870200863,-0.006828471906499387,4,2024Q3
2024-09-12,XLK,0.01999149225158048,0.004614508911236133,4,2024Q3
2024-09-12,XLP,-0.05627603450347807,-0.009053434645853233,4,2024Q3
2024-09-12,XLRE,-0.072803783346168,-0.023381153913519713,4,2024Q3
2024-09-12,XLU,-0.016146271353219444,-0.01111298267382544,4,2024Q3
2024-09-12,XLV,-0.05017779033015768,-0.010718981498550061,4,2024Q3
2024-09-12,XLY,0.0021612990881376692,-0.007092374197873395,4,2024Q3
2024-09-13,XLB,0.0032608921691492654,-0.010510975125547932,4,2024Q3
2024-09-13,XLC,0.009717986953645896,-0.0038648269230382062,4,2024Q3
2024-09-13,XLE,0.05309286010607206,-0.0008678316085758793,4,2024Q3
2024-09-13,XLF,0.013670933840583821,-0.011163937092087944,4,2024Q3
2024-09-13,XLI,0.02885821897014207,-0.006609356583558057,4,2024Q3
2024-09-13,XLK,0.015779490159860465,0.004590577952872545,4,2024Q3
2024-09-13,XLP,-0.05854743088188785,-0.00869597683904778,4,2024Q3
2024-09-13,XLRE,-0.070634609312065,-0.023584862539948365,4,2024Q3
2024-09-13,XLU,-0.022222809290131984,-0.011763966520824978,4,2024Q3
2024-09-13,XLV,-0.04579916186916655,-0.01025322041254451,4,2024Q3
2024-09-13,XLY,-0.009961874537631754,-0.007080655184542112,4,2024Q3
2024-09-16,XLB,-0.00027373964084786984,-0.010909276015260077,4,2024Q3
2024-09-16,XLC,0.007154858091274585,-0.0037568742201343386,4,2024Q3
2024-09-16,XLE,0.00698245642753359,-0.002004538243445157,4,2024Q3
2024-09-16,XLF,0.010044574974057863,-0.011537623921588615,4,2024Q3
2024-09-16,XLI,0.022782856073817914,-0.006734034449076567,4,2024Q3
2024-09-16,XLK,0.011250541910858392,0.00464762166108114,4,2024Q3
2024-09-16,XLP,-0.05110377210634154,-0.009404764511287066,4,2024Q3
2024-09-16,XLRE,-0.0539068871809969,-0.024170786598931474,4,2024Q3
2024-09-16,XLU,-0.011522685585271475,-0.011919546616403721,4,2024Q3
2024-09-16,XLV,-0.05801646792502202,-0.010601244586620321,4,2024Q3
2024-09-16,XLY,-0.00032895327519422146,-0.007159240954874712,4,2024Q3
2024-09-17,XLB,0.0016955882515028442,-0.011068972817219865,4,2024Q3
2024-09-17,XLC,0.002416635216801133,-0.0038121575324478398,4,2024Q3
2024-09-17,XLE,-0.006000702966712179,-0.0021276154366393647,4,2024Q3
2024-09-17,XLF,0.013277898838523372,-0.011529047109517913,4,2024Q3
2024-09-17,XLI,0.021091954090744824,-0.006929135926204369,4,2024Q3
2024-09-17,XLK,0.012478410251932859,0.004819311104268795,4,2024Q3
2024-09-17,XLP,-0.046493300559833806,-0.009466458454906502,4,2024Q3
2024-09-17,XLRE,-0.04037428146885225,-0.0232094216868058,4,2024Q3
2024-09-17,XLU,0.005428112731113988,-0.012501941265265035,4,2024Q3
2024-09-17,XLV,-0.04918868692944711,-0.010799946584184202,4,2024Q3
2024-09-17,XLY,-0.004224031493303304,-0.0066611491993999825,4,2024Q3
2024-09-18,XLB,0.004576932635883546,-0.010766938742545836,4,2024Q3
2024-09-18,XLC,-0.004823976428783183,-0.003915041852436485,4,2024Q3
2024-09-18,XLE,-0.006262933189800313,-0.001969022140822375,4,2024Q3
2024-09-18,XLF,0.016234249989731886,-0.011430895942985048,4,2024Q3
2024-09-18,XLI,0.01577321256153197,-0.006857955979209517,4,2024Q3
2024-09-18,XLK,0.022175142695691763,0.004586400181067559,4,2024Q3
2024-09-18,XLP,-0.05030755785199359,-0.009512209459479072,4,2024Q3
2024-09-18,XLRE,-0.04712352726385505,-0.023292231146494084,4,2024Q3
2024-09-18,XLU,0.00090887896031,-0.010571001700328996,4,2024Q3
2024-09-18,XLV,-0.056434310538205135,-0.01088622080984162,4,2024Q3
2024-09-18,XLY,-0.006292777413516415,-0.007095635678136586,4,2024Q3
2024-09-19,XLB,0.006668327311628364,-0.010836689441465343,4,2024Q3
2024-09-19,XLC,0.0023730124210497028,-0.0033004189066716256,4,2024Q3
2024-09-19,XLE,-0.00832362149791166,-0.0015967068177891851,4,2024Q3
2024-09-19,XLF,0.01840497920655415,-0.0108661319673829,4,2024Q3
2024-09-19,XLI,0.014562237724045524,-0.006109383559939242,4,2024Q3
2024-09-19,XLK,0.008763734911567456,0.004991327680564804,4,2024Q3
2024-09-19,XLP,-0.028796888981928337,-0.008813318073373901,4,2024Q3
2024-09-19,XLRE,-0.024283038950544844,-0.022838933943420306,4,2024Q3
2024-09-19,XLU,0.026535488138245134,-0.009234222674271451,4,2024Q3
2024-09-19,XLV,-0.041730003114014425,-0.01013315046892221,4,2024Q3
2024-09-19,XLY,-0.011814298064906081,-0.0078022623666329696,4,2024Q3
2024-09-20,XLB,0.002805820248524604,-0.010817938404208274,4,2024Q3
2024-09-20,XLC,-0.004905822099998236,-0.003805808050037957,4,2024Q3
2024-09-20,XLE,-0.012306651728156037,-0.0018485930358785097,4,2024Q3
2024-09-20,XLF,0.007538039631477478,-0.01148431466244287,4,2024Q3
2024-09-20,XLI,0.014982803475206197,-0.006146996393585824,4,2024Q3
2024-09-20,XLK,0.015445569962153183,0.004843695100822084,4,2024Q3
2024-09-20,XLP,-0.045126960923629555,-0.009266389819297756,4,2024Q3
2024-09-20,XLRE,-0.04631353780966163,-0.023076584268529314,4,2024Q3
2024-09-20,XLU,-0.007709907778099545,-0.013644598135131011,4,2024Q3
2024-09-20,XLV,-0.052503470732404356,-0.01059817725888122,4,2024Q3
2024-09-20,XLY,-0.020608691083360053,-0.007021044756660374,4,2024Q3
2024-09-23,XLB,-0.00787147677208444,-0.011644377694898119,4,2024Q3
2024-09-23,XLC,0.0004674432848412735,-0.0038486769336725543,4,2024Q3
2024-09-23,XLE,-0.010945082729082678,-0.002185305787261378,4,2024Q3
2024-09-23,XLF,0.013670801535210497,-0.012005610239710094,4,2024Q3
2024-09-23,XLI,0.001929211242180262,-0.006534183996932959,4,2024Q3
2024-09-23,XLK,0.019534639330318182,0.004662741864505942,4,2024Q3
2024-09-23,XLP,-0.03695919474406595,-0.009802382016746714,4,2024Q3
2024-09-23,XLRE,-0.04558406728986664,-0.02278536077211269,4,2024Q3
2024-09-23,XLU,-0.01138810490354647,-0.013917124701185439,4,2024Q3
2024-09-23,XLV,-0.045269530873751074,-0.010884145192087094,4,2024Q3
2024-09-23,XLY,-0.03156178433335066,-0.007655629509723637,4,2024Q3
2024-09-24,XLB,-0.01202341798834572,-0.011632413316035449,4,2024Q3
2024-09-24,XLC,0.00016661591995448255,-0.0036990064224045626,4,2024Q3
2024-09-24,XLE,-0.0014739143078847938,-0.0019004737314507582,4,2024Q3
2024-09-24,XLF,0.0337847609143036,-0.011343915551718382,4,2024Q3
2024-09-24,XLI,0.0038916482805955166,-0.006203203086882094,4,2024Q3
2024-09-24,XLK,0.009845251830290946,0.004965668932069029,4,2024Q3
2024-09-24,XLP,-0.02425688348342625,-0.00957757530930329,4,2024Q3
2024-09-24,XLRE,-0.023747584624284612,-0.022657541758686124,4,2024Q3
2024-09-24,XLU,0.017878631518571053,-0.013338889044232083,4,2024Q3
2024-09-24,XLV,-0.035657178715688076,-0.010518506660228489,4,2024Q3
2024-09-24,XLY,-0.043395180436730074,-0.008132307742789249,4,2024Q3
2024-09-25,XLB,-0.022026518552783148,-0.012372194568456889,4,2024Q3
2024-09-25,XLC,0.002406358860370439,-0.004041500090845575,4,2024Q3
2024-09-25,XLE,0.014149905150654174,-0.0022183155388313647,4,2024Q3
2024-09-25,XLF,0.03655111436307079,-0.011748605143837906,4,2024Q3
2024-09-25,XLI,-0.002778018031753371,-0.0064377763616428885,4,2024Q3
2024-09-25,XLK,0.005488429414133966,0.004904316198852211,4,2024Q3
2024-09-25,XLP,-0.027508352311113815,-0.009912531326835715,4,2024Q3
2024-09-25,XLRE,-0.021735815569330796,-0.023020801495003393,4,2024Q3
2024-09-25,XLU,0.0014462144757831918,-0.013439129091901347,4,2024Q3
2024-09-25,XLV,-0.036979378206099756,-0.010760998287752782,4,2024Q3
2024-09-25,XLY,-0.013685414905207471,-0.008192013275039671,4,2024Q3
2024-09-26,XLB,-0.044015169584480374,-0.010787841579488477,4,2024Q3
2024-09-26,XLC,0.0036471245104428007,-0.002934032669054582,4,2024Q3
2024-09-26,XLE,0.03877884061796966,-0.00015981912610482543,4,2024Q3
2024-09-26,XLF,0.023984843593306993,-0.010006489243034367,4,2024Q3
2024-09-26,XLI,-0.006132357898708252,-0.005119797523562712,4,2024Q3
2024-09-26,XLK,0.0017340945692445597,0.005257431746748458,4,2024Q3
2024-09-26,XLP,-0.03361847841146881,-0.008387702819888102,4,2024Q3
2024-09-26,XLRE,-0.015394494230573708,-0.021048257897688008,4,2024Q3
2024-09-26,XLU,-0.0023584791700757,-0.012047645247229687,4,2024Q3
2024-09-26,XLV,-0.041234910686741566,-0.009268559468282577,4,2024Q3
2024-09-26,XLY,-0.010430675198979111,-0.007009674014897763,4,2024Q3
2024-09-27,XLB,-0.03887159008458474,-0.010922236399937998,4,2024Q3
2024-09-27,XLC,-0.0006027876499672402,-0.003338079633813404,4,2024Q3
2024-09-27,XLE,0.006674289883911166,-0.0015223724648594818,4,2024Q3
2024-09-27,XLF,0.02924687960122907,-0.010400358301255028,4,2024Q3
2024-09-27,XLI,-0.009184567931774579,-0.005411619956509751,4,2024Q3
2024-09-27,XLK,0.006366633932145316,0.005344176264276748,4,2024Q3
2024-09-27,XLP,-0.03818078796369895,-0.00863192724649265,4,2024Q3
2024-09-27,XLRE,-0.01818508934801244,-0.021820476643942148,4,2024Q3
2024-09-27,XLU,-0.00904232907426561,-0.01257607399808535,4,2024Q3
2024-09-27,XLV,-0.04389155596832217,-0.009972464212529885,4,2024Q3
2024-09-27,XLY,-0.014188013890402917,-0.007117720666365279,4,2024Q3
2024-09-30,XLB,-0.03730563333555914,-0.011489088654043893,4,2024Q3
2024-09-30,XLC,0.00694653865326833,-0.004011076350601684,4,2024Q3
2024-09-30,XLE,-0.013504960127145749,-0.0023948548710791802,4,2024Q3
2024-09-30,XLF,0.021343960331169365,-0.011727337459123525,4,2024Q3
2024-09-30,XLI,-0.012631539220747001,-0.006936551545479182,4,2024Q3
2024-09-30,XLK,0.0195263477386467,0.004989020008717114,4,2024Q3
2024-09-30,XLP,-0.04516536026985796,-0.009692009140279487,4,2024Q3
2024-09-30,XLRE,-0.033212835597629664,-0.023144039272080787,4,2024Q3
2024-09-30,XLU,-0.032529493703816525,-0.013842570188825783,4,2024Q3
2024-09-30,XLV,-0.05044930868525699,-0.011488772850744393,4,2024Q3
2024-09-30,XLY,-0.014659248384075618,-0.007173683932944968,4,2024Q3
2024-10-01,XLB,-0.03563319885324567,-0.008148154872789429,5,2024Q4
2024-10-01,XLC,0.006276110985127037,-0.0011078676955932512,5,2024Q4
2024-10-01,XLE,-0.039630061261120564,-0.0021341276197912973,5,2024Q4
2024-10-01,XLF,0.025443759494062634,-0.006911873783903184,5,2024Q4
2024-10-01,XLI,-0.02091649563204212,-0.003996053925516053,5,2024Q4
2024-10-01,XLK,0.022418879886990206,0.004272492424460935,5,2024Q4
2024-10-01,XLP,-0.049528050775752286,-0.005035333083022901,5,2024Q4
2024-10-01,XLRE,-0.029715636814402147,-0.01851641420199593,5,2024Q4
2024-10-01,XLU,-0.04876729008870073,-0.00738542224250622,5,2024Q4
2024-10-01,XLV,-0.05325332664835203,-0.008152581664863306,5,2024Q4
2024-10-01,XLY,-0.01807665267090819,-0.005297490078279708,5,2024Q4
2024-10-02,XLB,-0.024464467625350594,-0.008139823831594385,5,2024Q4
2024-10-02,XLC,0.02089899030168796,-0.0009285186444124621,5,2024Q4
2024-10-02,XLE,-0.02309209758977704,-0.0021293259239089173,5,2024Q4
2024-10-02,XLF,0.030300321371553696,-0.005977258234563457,5,2024Q4
2024-10-02,XLI,-0.010185492869258295,-0.004169976631566836,5,2024Q4
2024-10-02,XLK,0.0019640965394939203,0.004541161269366356,5,2024Q4
2024-10-02,XLP,-0.02277834329833428,-0.0044514771854627655,5,2024Q4
2024-10-02,XLRE,-0.023121399043129154,-0.018441718757117323,5,2024Q4
2024-10-02,XLU,-0.01876141430518441,-0.007223214242389674,5,2024Q4
2024-10-02,XLV,-0.03905080248733095,-0.007822857375514365,5,2024Q4
2024-10-02,XLY,-0.004566008363859786,-0.004999505973633866,5,2024Q4
2024-10-03,XLB,-0.022353315659937034,-0.0069983527437797125,5,2024Q4
2024-10-03,XLC,0.022366572005015684,-0.0003985923876644003,5,2024Q4
2024-10-03,XLE,-0.052139615331999845,-0.0029658046730002955,5,2024Q4
2024-10-03,XLF,0.03331337238725829,-0.005200710731634392,5,2024Q4
2024-10-03,XLI,-0.009832214159847363,-0.00313907154372291,5,2024Q4
2024-10-03,XLK,-0.0007338693835863275,0.00496513912609074,5,2024Q4
2024-10-03,XLP,-0.018601845655313087,-0.0032188690583664498,5,2024Q4
2024-10-03,XLRE,-0.03009445874160266,-0.014986848517111233,5,2024Q4
2024-10-03,XLU,-0.046314229640138094,-0.005847789708851157,5,2024Q4
2024-10-03,XLV,-0.03061801286210042,-0.006290767458559876,5,2024Q4
2024-10-03,XLY,0.017388806375251864,-0.004617414813037091,5,2024Q4
2024-10-04,XLB,-0.011594766662226252,-0.004854052103991728,5,2024Q4
2024-10-04,XLC,0.01884673988203045,0.0003931120975538419,5,2024Q4
2024-10-04,XLE,-0.03320974004172794,-0.0005541092944246136,5,2024Q4
2024-10-04,XLF,0.019333136492801106,-0.003651362982108221,5,2024Q4
2024-10-04,XLI,-0.006643743838312455,-0.0005835496884374347,5,2024Q4
2024-10-04,XLK,-0.0013475419872224226,0.005493991279696827,5,2024Q4
2024-10-04,XLP,-0.007969423222162542,-0.001509145968878205,5,2024Q4
2024-10-04,XLRE,-0.001360903034291261,-0.010585376586099373,5,2024Q4
2024-10-04,XLU,-0.0450148088377883,-0.0044235615006533,5,2024Q4
2024-10-04,XLV,-0.02658305747902856,-0.0040355915817444615,5,2024Q4
2024-10-04,XLY,0.011739271466805645,-0.004064755778454808,5,2024Q4
2024-10-07,XLB,-0.02842614041040692,-0.004282942232016393,5,2024Q4
2024-10-07,XLC,0.02280416401454599,0.0004254300291293543,5,2024Q4
2024-10-07,XLE,-0.051392638301875015,-0.00036545549622208495,5,2024Q4
2024-10-07,XLF,0.020253610426206103,-0.002575987649336333,5,2024Q4
2024-10-07,XLI,-0.008868792792212643,-0.0002957938062427678,5,2024Q4
2024-10-07,XLK,-0.001595691773898844,0.0053227554145763075,5,2024Q4
2024-10-07,XLP,-0.012947035146026353,-0.0009240065781396098,5,2024Q4
2024-10-07,XLRE,-0.0015541629159983028,-0.009483458125359008,5,2024Q4
2024-10-07,XLU,-0.029269699449510522,-0.0006964268301242684,5,2024Q4
2024-10-07,XLV,-0.03634089084084968,-0.0033555546011305093,5,2024Q4
2024-10-07,XLY,0.024512047266196824,-0.003567051928547267,5,2024Q4
2024-10-08,XLB,-0.025671928112998232,-0.004157787607384299,5,2024Q4
2024-10-08,XLC,0.02354888154964674,0.00047985152734463074,5,2024Q4
2024-10-08,XLE,-0.0038358812510417284,-0.0009519386838762622,5,2024Q4
2024-10-08,XLF,0.06143552331326507,-0.0023430855887530484,5,2024Q4
2024-10-08,XLI,0.012740434854865645,-9.815383037877152e-05,5,2024Q4
2024-10-08,XLK,-0.007353337785408476,0.004503553134688612,5,2024Q4
2024-10-08,XLP,-0.049682297860482616,-0.001144474337569112,5,2024Q4
2024-10-08,XLRE,-0.04710178847893187,-0.009605771593298262,5,2024Q4
2024-10-08,XLU,-0.05546032505948195,-0.0034010524436125927,5,2024Q4
2024-10-08,XLV,-0.05588267140433956,-0.0034903591998452126,5,2024Q4
2024-10-08,XLY,0.031922163118855096,-0.003626184132121051,5,2024Q4
2024-10-09,XLB,-0.02895160790049678,-0.003988431947042181,5,2024Q4
2024-10-09,XLC,0.036189231929254495,0.0006032379074934728,5,2024Q4
2024-10-09,XLE,-0.015521516016504755,-0.0008618140176313529,5,2024Q4
2024-10-09,XLF,0.033105515766462146,-0.00222900350219942,5,2024Q4
2024-10-09,XLI,-0.0035440778200870326,0.0008998427720412951,5,2024Q4
2024-10-09,XLK,-0.0018468650297258637,0.004255559146879274,5,2024Q4
2024-10-09,XLP,-0.05284874035942089,-0.0010840596875688743,5,2024Q4
2024-10-09,XLRE,-0.036154882811352373,-0.008973940883829377,5,2024Q4
2024-10-09,XLU,-0.046088928092647974,-0.0010193679662354313,5,2024Q4
2024-10-09,XLV,-0.059588390817398085,-0.0037420559426425987,5,2024Q4
2024-10-09,XLY,0.03710018890424083,-0.003446552978298361,5,2024Q4
2024-10-10,XLB,-0.04668715622014141,-0.004513256126719863,5,2024Q4
2024-10-10,XLC,0.03263754436213939,0.00021063580613118918,5,2024Q4
2024-10-10,XLE,-0.0219196310297185,-0.001539567394579103,5,2024Q4
2024-10-10,XLF,0.03972887797184921,-0.0026385623305675257,5,2024Q4
2024-10-10,XLI,0.0065662701516024935,2.753571835922711e-05,5,2024Q4
2024-10-10,XLK,-0.008994365788335346,0.004071773540120722,5,2024Q4
2024-10-10,XLP,-0.04284718075701344,-0.0012202720334066157,5,2024Q4
2024-10-10,XLRE,-0.01688964362063783,-0.009254058526308952,5,2024Q4
2024-10-10,XLU,-0.030397912251290515,0.00023401451445852553,5,2024Q4
2024-10-10,XLV,-0.0552435596423676,-0.00424382207285998,5,2024Q4
2024-10-10,XLY,0.05136660047200503,-0.0037684382536512864,5,2024Q4
2024-10-11,XLB,-0.06565386219330327,-0.004614959412987476,5,2024Q4
2024-10-11,XLC,0.04453849612781147,0.0004951776847437469,5,2024Q4
2024-10-11,XLE,-0.019432248920660422,-0.0011426944706887628,5,2024Q4
2024-10-11,XLF,0.03956372176742695,-0.0022268477254160464,5,2024Q4
2024-10-11,XLI,-0.004309369924288875,-0.0006636995229826706,5,2024Q4
2024-10-11,XLK,-0.006747796237215331,0.0041940222583935005,5,2024Q4
2024-10-11,XLP,-0.04225509546785455,-0.0011368069615464464,5,2024Q4
2024-10-11,XLRE,-0.040245210159052025,-0.009211411060092914,5,2024Q4
2024-10-11,XLU,-0.039473614255422285,6.564838807271954e-05,5,2024Q4
2024-10-11,XLV,-0.07322635623815266,-0.004453896768923205,5,2024Q4
2024-10-11,XLY,0.07160169145326889,-0.0040559629058096605,5,2024Q4
2024-10-15,XLB,-0.06801908203775375,-0.006816290698739817,5,2024Q4
2024-10-15,XLC,0.03751667322769636,-0.0012997874263022667,5,2024Q4
2024-10-15,XLE,0.02265570794664873,-0.003728773107020647,5,2024Q4
2024-10-15,XLF,0.03116539830084797,-0.004574239947435178,5,2024Q4
2024-10-15,XLI,-0.0005019272511577189,-0.0025920487560078913,5,2024Q4
2024-10-15,XLK,-0.0009486945199874697,0.003736710964965943,5,2024Q4
2024-10-15,XLP,-0.04966737564009094,-0.0033549449288755246,5,2024Q4
2024-10-15,XLRE,-0.05170884835206635,-0.011984011078933186,5,2024Q4
2024-10-15,XLU,-0.05806485534347239,-0.004654104392682691,5,2024Q4
2024-10-15,XLV,-0.06941364954139317,-0.006753007310505188,5,2024Q4
2024-10-15,XLY,0.0736252826361834,-0.005645185721072225,5,2024Q4
2024-10-16,XLB,-0.07222603487043999,-0.006343304990642755,5,2024Q4
2024-10-16,XLC,0.04806386149402764,-0.0008151839604088036,5,2024Q4
2024-10-16,XLE,0.03268077159933824,-0.0036052495453376414,5,2024Q4
2024-10-16,XLF,0.026516366481522224,-0.004681344321485285,5,2024Q4
2024-10-16,XLI,-0.014595862195694531,-0.0017873323529488591,5,2024Q4
2024-10-16,XLK,0.0034307814129144187,0.0037704421706991143,5,2024Q4
2024-10-16,XLP,-0.04032792232353066,-0.003347849089702674,5,2024Q4
2024-10-16,XLRE,-0.059003306240105746,-0.011559199863509862,5,2024Q4
2024-10-16,XLU,-0.06921367002985923,-0.005448717410963489,5,2024Q4
2024-10-16,XLV,-0.07612678576102183,-0.006424212737869488,5,2024Q4
2024-10-16,XLY,0.06332205436337635,-0.0052132020353057315,5,2024Q4
2024-10-17,XLB,-0.0671300628522633,-0.006218805310663678,5,2024Q4
2024-10-17,XLC,0.0448462156499454,-0.0009497612616009088,5,2024Q4
2024-10-17,XLE,0.039285152429314074,-0.003499457804092944,5,2024Q4
2024-10-17,XLF,0.04163060578831179,-0.005037871739713799,5,2024Q4
2024-10-17,XLI,-0.003965889018513691,-0.0021291507641783376,5,2024Q4
2024-10-17,XLK,-0.011836066417587943,0.0036086084295687683,5,2024Q4
2024-10-17,XLP,-0.03142944427828109,-0.003343781617236736,5,2024Q4
2024-10-17,XLRE,-0.0384740198974558,-0.011515154454361841,5,2024Q4
2024-10-17,XLU,-0.03320709275585487,-0.004818286546270918,5,2024Q4
2024-10-17,XLV,-0.07506867777836779,-0.006395366272072305,5,2024Q4
2024-10-17,XLY,0.06818161384722599,-0.005322431429670174,5,2024Q4
2024-10-18,XLB,-0.0638588664487475,-0.00687884221470535,5,2024Q4
2024-10-18,XLC,0.04718221190939276,-0.0018454310547723037,5,2024Q4
2024-10-18,XLE,0.056451771744622015,-0.004085715601156399,5,2024Q4
2024-10-18,XLF,0.04430925391311047,-0.005207483956441163,5,2024Q4
2024-10-18,XLI,-0.008602842149556755,-0.0022827699972367294,5,2024Q4
2024-10-18,XLK,-0.012412547859766865,0.002838746470723126,5,2024Q4
2024-10-18,XLP,-0.02700413499420884,-0.003459366857984674,5,2024Q4
2024-10-18,XLRE,-0.03693461964482314,-0.012263867711540703,5,2024Q4
2024-10-18,XLU,-0.03061688880869673,-0.003947266335028746,5,2024Q4
2024-10-18,XLV,-0.0791649029996242,-0.00695529049676822,5,2024Q4
2024-10-18,XLY,0.07360551526370918,-0.0066072512003010325,5,2024Q4
2024-10-21,XLB,-0.06499990209061024,-0.006831996181245624,5,2024Q4
2024-10-21,XLC,0.05294920888425181,-0.0020136966602433515,5,2024Q4
2024-10-21,XLE,0.04752567325554913,-0.003944162327163951,5,2024Q4
2024-10-21,XLF,0.04043435459258804,-0.005113145913696106,5,2024Q4
2024-10-21,XLI,-0.011284360534601579,-5.180540093358932e-05,5,2024Q4
2024-10-21,XLK,-0.014273423732552915,0.0024603470350849643,5,2024Q4
2024-10-21,XLP,-0.022709895959402426,-0.003168783153889881,5,2024Q4
2024-10-21,XLRE,-0.017818249877009085,-0.012101989818892937,5,2024Q4
2024-10-21,XLU,-0.025883943321950098,-0.0035591050249089273,5,2024Q4
2024-10-21,XLV,-0.07830219320463727,-0.006862198810684906,5,2024Q4
2024-10-21,XLY,0.0775288916050858,-0.006571332444949739,5,2024Q4
2024-10-22,XLB,-0.049291871838263446,-0.006339657664412975,5,2024Q4
2024-10-22,XLC,0.05736147689655202,-0.0019818621977280033,5,2024Q4
2024-10-22,XLE,0.05481564877695355,-0.003894067621287935,5,2024Q4
2024-10-22,XLF,0.038380436727813105,-0.0047959540097350616,5,2024Q4
2024-10-22,XLI,0.001184947372101286,0.0005122645227123692,5,2024Q4
2024-10-22,XLK,-0.014984149429656757,0.0035314250856418095,5,2024Q4
2024-10-22,XLP,-0.03413545928517869,-0.0029097389315205636,5,2024Q4
2024-10-22,XLRE,-0.02187823076420825,-0.011580485180014997,5,2024Q4
2024-10-22,XLU,-0.02275881589155493,-0.0031725769907081773,5,2024Q4
2024-10-22,XLV,-0.06677248853580531,-0.006728048867899563,5,2024Q4
2024-10-22,XLY,0.07624866396389751,-0.0061544346180209064,5,2024Q4
2024-10-23,XLB,-0.04969195676331262,-0.006430309837349557,5,2024Q4
2024-10-23,XLC,0.047946245520606556,-0.0018998069176051555,5,2024Q4
2024-10-23,XLE,0.05426555708142078,-0.004065947772436682,5,2024Q4
2024-10-23,XLF,0.03782586509836183,-0.005080182747862017,5,2024Q4
2024-10-23,XLI,0.002059505893295066,0.00028465549407263597,5,2024Q4
2024-10-23,XLK,-0.00502106806114444,0.0032472030349732263,5,2024Q4
2024-10-23,XLP,-0.03641377498028531,-0.003142444835582221,5,2024Q4
2024-10-23,XLRE,-0.03976387609419241,-0.011389340103346605,5,2024Q4
2024-10-23,XLU,-0.02992927638011722,-0.0037023166378451545,5,2024Q4
2024-10-23,XLV,-0.06948222043707586,-0.006878229763207169,5,2024Q4
2024-10-23,XLY,0.080776274687266,-0.006041386530688305,5,2024Q4
2024-10-24,XLB,-0.03305891896856261,-0.006510735998881438,5,2024Q4
2024-10-24,XLC,0.04099114356362299,-0.001565897524107116,5,2024Q4
2024-10-24,XLE,0.055096325436187144,-0.003908270022575669,5,2024Q4
2024-10-24,XLF,0.047839359916013846,-0.004715590040898547,5,2024Q4
2024-10-24,XLI,0.022662796071515112,0.0009400411204286601,5,2024Q4
2024-10-24,XLK,-0.00844645210233641,0.0034697448970826906,5,2024Q4
2024-10-24,XLP,-0.026865138557147006,-0.002979400406656862,5,2024Q4
2024-10-24,XLRE,-0.035517615794964374,-0.010924516921848901,5,2024Q4
2024-10-24,XLU,-0.029804426353616353,-0.0008626096940090476,5,2024Q4
2024-10-24,XLV,-0.06322674009148821,-0.006727646803813762,5,2024Q4
2024-10-24,XLY,0.06143090271307439,-0.005611039302495722,5,2024Q4
2024-10-25,XLB,-0.020225054172840817,-0.006110866514624877,5,2024Q4
2024-10-25,XLC,0.03994455628681437,-0.0011689846653906615,5,2024Q4
2024-10-25,XLE,0.030226686814355253,-0.0036517702117028106,5,2024Q4
2024-10-25,XLF,0.0630710532321106,-0.004607223184867917,5,2024Q4
2024-10-25,XLI,0.028186004808855802,0.0014158435499722162,5,2024Q4
2024-10-25,XLK,-0.017602405450047653,0.005037235190089791,5,2024Q4
2024-10-25,XLP,-0.016758218355341192,-0.0026569168668289255,5,2024Q4
2024-10-25,XLRE,-0.018090547969572768,-0.011494789308170366,5,2024Q4
2024-10-25,XLU,-0.016754258629619434,-0.0002890698209101943,5,2024Q4
2024-10-25,XLV,-0.05346793314836562,-0.006493370956844158,5,2024Q4
2024-10-25,XLY,0.06527415084547261,-0.005408814330446791,5,2024Q4
2024-10-28,XLB,-0.03824011121993243,-0.006313158721984672,5,2024Q4
2024-10-28,XLC,0.03489096487679455,-0.000892071644829064,5,2024Q4
2024-10-28,XLE,0.03336520746675409,-0.0030049313624756634,5,2024Q4
2024-10-28,XLF,0.04954513248454018,-0.0050711987159260934,5,2024Q4
2024-10-28,XLI,0.024123840909498373,0.0003361854829217726,5,2024Q4
2024-10-28,XLK,-0.014403314200763795,0.0034202692056119303,5,2024Q4
2024-10-28,XLP,-0.016638050432408846,-0.0038538599776850833,5,2024Q4
2024-10-28,XLRE,-0.01851625311223959,-0.011277749605523388,5,2024Q4
2024-10-28,XLU,-0.01079312874042393,-0.004480791738347898,5,2024Q4
2024-10-28,XLV,-0.05186432500053573,-0.006233860808689177,5,2024Q4
2024-10-28,XLY,0.06449525765674902,-0.006622295744789324,5,2024Q4
2024-10-29,XLB,-0.027518290458078187,-0.006199970642413677,5,2024Q4
2024-10-29,XLC,0.031137285052246666,-0.0012837173948310665,5,2024Q4
2024-10-29,XLE,0.05355365650826327,-0.002237474292996085,5,2024Q4
2024-10-29,XLF,0.06317356529382545,-0.005418156822793596,5,2024Q4
2024-10-29,XLI,0.026419687142986925,-0.00038567448460867255,5,2024Q4
2024-10-29,XLK,-0.03678187242282005,0.001543997021725281,5,2024Q4
2024-10-29,XLP,0.0003983678906616106,-0.0076516009148658755,5,2024Q4
2024-10-29,XLRE,0.0026318709705317467,-0.011116586788706936,5,2024Q4
2024-10-29,XLU,0.016336645117954518,-0.0037606506402797384,5,2024Q4
2024-10-29,XLV,-0.03909519290674779,-0.006181406056630296,5,2024Q4
2024-10-29,XLY,0.0696119199242784,-0.00694662206716134,5,2024Q4
2024-10-30,XLB,-0.03738210900056904,-0.006798258671961834,5,2024Q4
2024-10-30,XLC,0.020912429814660793,-0.002212586287540781,5,2024Q4
2024-10-30,XLE,0.04621356698318224,-0.0018736078730436996,5,2024Q4
2024-10-30,XLF,0.05046599337771984,-0.007879750602027885,5,2024Q4
2024-10-30,XLI,0.024658801959703158,-0.0005415419986920318,5,2024Q4
2024-10-30,XLK,-0.020917929580307026,3.931248307985011e-05,5,2024Q4
2024-10-30,XLP,-0.002239575324058274,-0.002405023853317076,5,2024Q4
2024-10-30,XLRE,-0.015436336398754857,-0.010772805124180721,5,2024Q4
2024-10-30,XLU,0.00969088326874279,0.0005543310125351894,5,2024Q4
2024-10-30,XLV,-0.04365480968943969,-0.005922711854864183,5,2024Q4
2024-10-30,XLY,0.07291654554472404,-0.009421213278938762,5,2024Q4
2024-10-31,XLB,-0.04729142650226703,-0.006159005004743916,5,2024Q4
2024-10-31,XLC,0.016368132680439906,-0.0022702822762755395,5,2024Q4
2024-10-31,XLE,0.005404797638460357,-0.001473223931464194,5,2024Q4
2024-10-31,XLF,0.032055860309152084,-0.006154767280488176,5,2024Q4
2024-10-31,XLI,0.006463932280645013,-0.00047930373586760355,5,2024Q4
2024-10-31,XLK,0.0001572848285811279,0.0027383599922552234,5,2024Q4
2024-10-31,XLP,-0.024088945717608334,-0.0021256847980532095,5,2024Q4
2024-10-31,XLRE,-0.03560685404030939,-0.01018241925064406,5,2024Q4
2024-10-31,XLU,-0.04601532282695353,0.00042346186399219374,5,2024Q4
2024-10-31,XLV,-0.05962633208715862,-0.005476030919659651,5,2024Q4
2024-10-31,XLY,0.07737727133144379,-0.007909636513892771,5,2024Q4
2024-11-01,XLB,-0.04371003663356543,-0.006731554218417072,5,2024Q4
2024-11-01,XLC,0.02479766544280415,-0.002840287255148,5,2024Q4
2024-11-01,XLE,0.016049626969103947,-0.0014146133273105431,5,2024Q4
2024-11-01,XLF,0.02412789496171297,-0.0070403688615874194,5,2024Q4
2024-11-01,XLI,0.0022846382118455466,-0.0008879831734371236,5,2024Q4
2024-11-01,XLK,6.13084934020236e-06,0.0015392900254383598,5,2024Q4
2024-11-01,XLP,-0.025871061754307423,-0.002198479190853265,5,2024Q4
2024-11-01,XLRE,-0.026677224508922626,-0.009813526521524344,5,2024Q4
2024-11-01,XLU,-0.027867542338876117,0.0009061854189421773,5,2024Q4
2024-11-01,XLV,-0.06378879773077173,-0.005598541005280993,5,2024Q4
2024-11-01,XLY,0.062284427352325755,-0.010099494489128695,5,2024Q4
2024-11-04,XLB,-0.06685327520113071,-0.006351620494952697,5,2024Q4
2024-11-04,XLC,0.022074729407500104,-0.0019190607846604865,5,2024Q4
2024-11-04,XLE,-0.03672820731507742,0.0029610139690517383,5,2024Q4
2024-11-04,XLF,0.01957262073604804,-0.006048126396661041,5,2024Q4
2024-11-04,XLI,-0.0007600298576333486,5.434918326074163e-05,5,2024Q4
2024-11-04,XLK,0.011298493440343726,0.0035459725871420677,5,2024Q4
2024-11-04,XLP,-0.04042092252309404,-0.001992967293381525,5,2024Q4
2024-11-04,XLRE,-0.04976669646760579,-0.00966752404219542,5,2024Q4
2024-11-04,XLU,-0.024456738738383388,0.0016061390582625791,5,2024Q4
2024-11-04,XLV,-0.06663005209991857,-0.006049682514532305,5,2024Q4
2024-11-04,XLY,0.06772680671663478,-0.009076479636419759,5,2024Q4
2024-11-05,XLB,-0.06700199254955863,-0.006539848282274899,5,2024Q4
2024-11-05,XLC,0.022155141960086056,-0.0018711558062004148,5,2024Q4
2024-11-05,XLE,-0.02511255977019977,0.0024783916603033458,5,2024Q4
2024-11-05,XLF,0.02726140584535619,-0.006335809794616436,5,2024Q4
2024-11-05,XLI,-0.016535618362195637,-0.0008361757087556813,5,2024Q4
2024-11-05,XLK,0.0054338814349041975,0.0033477362785917404,5,2024Q4
2024-11-05,XLP,-0.028335521848533496,-0.0012480817497646755,5,2024Q4
2024-11-05,XLRE,-0.05149423751466786,-0.009888186905359225,5,2024Q4
2024-11-05,XLU,-0.022216195843471453,0.0008388420253437725,5,2024Q4
2024-11-05,XLV,-0.07055068665554165,-0.0057967714183165125,5,2024Q4
2024-11-05,XLY,0.07158938270139248,-0.009462603943849263,5,2024Q4
2024-11-06,XLB,-0.06059441540510979,-0.005184422627106595,5,2024Q4
2024-11-06,XLC,0.029592742892037727,-0.002291162614446608,5,2024Q4
2024-11-06,XLE,-0.05552206812845806,-0.0017446131975785456,5,2024Q4
2024-11-06,XLF,-0.01121932462547326,-0.006336244584497566,5,2024Q4
2024-11-06,XLI,-0.03452516714664933,-0.0007282609267840314,5,2024Q4
2024-11-06,XLK,0.003723993175597906,0.002871261274481392,5,2024Q4
2024-11-06,XLP,0.0070712330786297795,-0.0001109683411647704,5,2024Q4
2024-11-06,XLRE,-0.0018727760447192487,-0.002816284131290224,5,2024Q4
2024-11-06,XLU,-0.0007786141954977399,0.0027545509768597005,5,2024Q4
2024-11-06,XLV,-0.05377225506590555,-0.0034503666175575492,5,2024Q4
2024-11-06,XLY,0.08326796288167859,-0.010186260122003115,5,2024Q4
2024-11-07,XLB,-0.05141436617185724,-0.006718375308763888,5,2024Q4
2024-11-07,XLC,0.006810196970308935,-0.003084936229697568,5,2024Q4
2024-11-07,XLE,-0.03949523893361029,-0.0034886755929052155,5,2024Q4
2024-11-07,XLF,0.0044642222001232135,-0.006579818048250814,5,2024Q4
2024-11-07,XLI,-0.024048685862080643,0.00011640971043846526,5,2024Q4
2024-11-07,XLK,-0.0074359871011473455,0.0036128113378684065,5,2024Q4
2024-11-07,XLP,0.014828270174690905,-0.0021581194017867037,5,2024Q4
2024-11-07,XLRE,0.0007552362590315109,-0.0048419865035977915,5,2024Q4
2024-11-07,XLU,-0.0023564160366560394,0.000935914276110182,5,2024Q4
2024-11-07,XLV,-0.04480356668056906,-0.0055683679900188415,5,2024Q4
2024-11-07,XLY,0.0788268859848793,-0.01265415230387797,5,2024Q4
2024-11-08,XLB,-0.04496708750165579,-0.0050706445673347105,5,2024Q4
2024-11-08,XLC,0.0354416821513599,-0.002526240896695947,5,2024Q4
2024-11-08,XLE,-0.045039914854254515,-0.00234274353136145,5,2024Q4
2024-11-08,XLF,0.002661379446755374,-0.005760478500675827,5,2024Q4
2024-11-08,XLI,-0.029453361730647387,-0.0004018099570048195,5,2024Q4
2024-11-08,XLK,-0.012808622337247777,0.0041481931115388004,5,2024Q4
2024-11-08,XLP,0.01481259690026171,-0.0009660292662771325,5,2024Q4
2024-11-08,XLRE,-0.025014711787375243,-0.0034500868251588664,5,2024Q4
2024-11-08,XLU,-0.021093800515616823,0.002063731120411966,5,2024Q4
2024-11-08,XLV,-0.048191333152296956,-0.0041217600034812105,5,2024Q4
2024-11-08,XLY,0.07280662041288322,-0.013921881674271875,5,2024Q4
2024-11-12,XLB,-0.03748374823023004,-0.004424608017145586,5,2024Q4
2024-11-12,XLC,0.03181456393921067,-0.0031078450699174426,5,2024Q4
2024-11-12,XLE,-0.05373320555292416,-0.0022502172512307724,5,2024Q4
2024-11-12,XLF,-0.016485132977965833,-0.006335762256804664,5,2024Q4
2024-11-12,XLI,-0.04079650562375425,-0.0004849289823765442,5,2024Q4
2024-11-12,XLK,-0.004056004367544164,0.0050711772114613906,5,2024Q4
2024-11-12,XLP,-0.0005761879346568577,-0.0010330395745844325,5,2024Q4
2024-11-12,XLRE,-0.01629540745690794,-0.0032250342362927795,5,2024Q4
2024-11-12,XLU,-0.028648215380263187,0.002309770870544876,5,2024Q4
2024-11-12,XLV,-0.05219758682095432,-0.004383634490215133,5,2024Q4
2024-11-12,XLY,0.07462836533685713,-0.013891153682667277,5,2024Q4
2024-11-13,XLB,-0.04087269653750214,-0.004357151013805853,5,2024Q4
2024-11-13,XLC,0.03907281267957474,-0.002954520112639023,5,2024Q4
2024-11-13,XLE,-0.06316750591409848,-0.0025625693061399877,5,2024Q4
2024-11-13,XLF,-0.01577355468437347,-0.005544918159484508,5,2024Q4
2024-11-13,XLI,-0.04337733511102937,-0.0004123357724276752,5,2024Q4
2024-11-13,XLK,-0.0004827435754626297,0.004113918885402912,5,2024Q4
2024-11-13,XLP,0.005108430480027737,-0.0009341774544111767,5,2024Q4
2024-11-13,XLRE,-0.019112041919561173,-0.003392914044366881,5,2024Q4
2024-11-13,XLU,-0.021656057720996547,0.0024405383916175846,5,2024Q4
2024-11-13,XLV,-0.0515936701289923,-0.004362281343184812,5,2024Q4
2024-11-13,XLY,0.06213504007268322,-0.013779394376283841,5,2024Q4
2024-11-14,XLB,-0.047567434555150334,-0.0048364071707472115,5,2024Q4
2024-11-14,XLC,0.021351072682577854,-0.0031564942615834144,5,2024Q4
2024-11-14,XLE,-0.07785803743502007,-0.0026482080968719176,5,2024Q4
2024-11-14,XLF,-0.02031736109323945,-0.005635493210971277,5,2024Q4
2024-11-14,XLI,-0.03567737403584714,-0.00054325994873524,5,2024Q4
2024-11-14,XLK,0.000969731067319124,0.004220695512894963,5,2024Q4
2024-11-14,XLP,-0.0013200873542762448,-0.0013870597367506678,5,2024Q4
2024-11-14,XLRE,-0.02063223005988546,-0.003461472897856129,5,2024Q4
2024-11-14,XLU,-0.02393810256296902,0.0021222171648121587,5,2024Q4
2024-11-14,XLV,-0.042728541687623633,-0.004678650271571387,5,2024Q4
2024-11-14,XLY,0.07557488395554146,-0.013132642900023306,5,2024Q4
2024-11-15,XLB,-0.06703281971060426,-0.004811835138146237,5,2024Q4
2024-11-15,XLC,0.02903031783272758,-0.002233455824934488,5,2024Q4
2024-11-15,XLE,-0.11477545612372098,-0.0028281085251769867,5,2024Q4
2024-11-15,XLF,-0.04434165792220668,-0.006693282201868451,5,2024Q4
2024-11-15,XLI,-0.047133908068035635,-0.0005343831379749386,5,2024Q4
2024-11-15,XLK,0.019740245131105283,0.004847844268440218,5,2024Q4
2024-11-15,XLP,-0.015284443331354147,-0.0011310286033406952,5,2024Q4
2024-11-15,XLRE,-0.044528416178643226,-0.0032446888509335796,5,2024Q4
2024-11-15,XLU,-0.06405856225201323,0.0016246141168956346,5,2024Q4
2024-11-15,XLV,-0.05375676042616784,-0.00425773896106661,5,2024Q4
2024-11-15,XLY,0.08233361232315972,-0.010026755332581856,5,2024Q4
2024-11-18,XLB,-0.07135979624100597,-0.004453538643984256,5,2024Q4
2024-11-18,XLC,0.019180978556907924,-0.0026150773542202173,5,2024Q4
2024-11-18,XLE,-0.12516049143200347,-0.003826790670219257,5,2024Q4
2024-11-18,XLF,-0.045834622029790495,-0.008232833318590004,5,2024Q4
2024-11-18,XLI,-0.046373738372887496,0.0001937700427261733,5,2024Q4
2024-11-18,XLK,0.018450372187819974,0.005374467533998555,5,2024Q4
2024-11-18,XLP,-0.015643668108328734,-0.0011281934101036702,5,2024Q4
2024-11-18,XLRE,-0.0491209458766354,-0.003071581936433812,5,2024Q4
2024-11-18,XLU,-0.06797237688531621,0.0014381627892509864,5,2024Q4
2024-11-18,XLV,-0.04667545802172868,-0.004223519001751437,5,2024Q4
2024-11-18,XLY,0.08406630743640653,-0.011286752562120705,5,2024Q4
2024-11-19,XLB,-0.061245307517891145,-0.004528186103061195,5,2024Q4
2024-11-19,XLC,0.01694243733857259,-0.002749271684133442,5,2024Q4
2024-11-19,XLE,-0.11197790931018126,-0.0035116639493220636,5,2024Q4
2024-11-19,XLF,-0.03464693704730126,-0.005721520324321481,5,2024Q4
2024-11-19,XLI,-0.03901122908734456,0.00022360721950925866,5,2024Q4
2024-11-19,XLK,0.010743870822947588,0.005220204036642044,5,2024Q4
2024-11-19,XLP,0.0018491639057314213,-0.0013038606468215794,5,2024Q4
2024-11-19,XLRE,-0.05703923738472638,-0.0030477978806834035,5,2024Q4
2024-11-19,XLU,-0.062301152662049386,0.0012174694373057408,5,2024Q4
2024-11-19,XLV,-0.020737527544871015,-0.004452083214457248,5,2024Q4
2024-11-19,XLY,0.06744005434740441,-0.010605817572165773,5,2024Q4
2024-11-20,XLB,-0.07811770529415873,-0.004685506234995211,5,2024Q4
2024-11-20,XLC,0.008375906652955178,-0.002868952458436989,5,2024Q4
2024-11-20,XLE,-0.12769504420644018,-0.0032971234829869455,5,2024Q4
2024-11-20,XLF,-0.02767182037488336,-0.005588366821334062,5,2024Q4
2024-11-20,XLI,-0.04062353462021151,0.0003605638051312755,5,2024Q4
2024-11-20,XLK,0.013335446916857618,0.005439932463334744,5,2024Q4
2024-11-20,XLP,0.0004705096547575893,-0.001290878539104267,5,2024Q4
2024-11-20,XLRE,-0.07099359208478218,-0.0031339456831413906,5,2024Q4
2024-11-20,XLU,-0.05789842043899396,0.0010372312318401196,5,2024Q4
2024-11-20,XLV,-0.03874129673545201,-0.004498301022328362,5,2024Q4
2024-11-20,XLY,0.07133165910629047,-0.00879336799399166,5,2024Q4
2024-11-21,XLB,-0.08114583419573673,-0.0044628304026552304,5,2024Q4
2024-11-21,XLC,0.013205540514431457,-0.0028871884015095575,5,2024Q4
2024-11-21,XLE,-0.129404311449549,-0.0032462040874983162,5,2024Q4
2024-11-21,XLF,-0.0288427200366298,-0.00588325808182052,5,2024Q4
2024-11-21,XLI,-0.0445859802148002,-0.0004693279875106636,5,2024Q4
2024-11-21,XLK,0.014866677263876471,0.0051215311921376785,5,2024Q4
2024-11-21,XLP,-0.00993699088336708,-0.0012262590072646337,5,2024Q4
2024-11-21,XLRE,-0.063625418641993,-0.0030653791906827457,5,2024Q4
2024-11-21,XLU,-0.06243002521392482,0.0010784966852538042,5,2024Q4
2024-11-21,XLV,-0.03762149540388027,-0.00429098124660798,5,2024Q4
2024-11-21,XLY,0.06894245687350387,-0.009761389097793019,5,2024Q4
2024-11-22,XLB,-0.09448868953813583,-0.004247398599879097,5,2024Q4
2024-11-22,XLC,0.015414956135898383,-0.002780059742076985,5,2024Q4
2024-11-22,XLE,-0.13576706107601832,-0.0028285079241164622,5,2024Q4
2024-11-22,XLF,-0.04415821528066011,-0.006370940016895392,5,2024Q4
2024-11-22,XLI,-0.06542989896179685,-0.0007156208776416993,5,2024Q4
2024-11-22,XLK,0.020512244972250016,0.0055647595751208145,5,2024Q4
2024-11-22,XLP,-0.03430240338940449,-0.0008491355429915363,5,2024Q4
2024-11-22,XLRE,-0.07914015306476652,-0.002844092115193383,5,2024Q4
2024-11-22,XLU,-0.06479859683337907,0.0010658608960328999,5,2024Q4
2024-11-22,XLV,-0.036150775948188385,-0.004150708504362294,5,2024Q4
2024-11-22,XLY,0.05213350469978473,-0.013253292575018094,5,2024Q4
2024-11-25,XLB,-0.10656177876856121,-0.004221966099825344,5,2024Q4
2024-11-25,XLC,0.01207229121834641,-0.0024199142671602054,5,2024Q4
2024-11-25,XLE,-0.1186323270966615,-0.002526757539396173,5,2024Q4
2024-11-25,XLF,-0.046849847186231974,-0.008632015303388507,5,2024Q4
2024-11-25,XLI,-0.07165694493467001,-0.0001695489848038852,5,2024Q4
2024-11-25,XLK,0.023400869303621397,0.00543154894268524,5,2024Q4
2024-11-25,XLP,-0.04094291947835649,-0.0007221866131343832,5,2024Q4
2024-11-25,XLRE,-0.09292524218732068,-0.002772087089693437,5,2024Q4
2024-11-25,XLU,-0.06905440468490698,0.001705726314967424,5,2024Q4
2024-11-25,XLV,-0.04805908310899698,-0.0040651175964101565,5,2024Q4
2024-11-25,XLY,0.0578671559331676,-0.013648095492192739,5,2024Q4
2024-11-26,XLB,-0.09600832096265965,-0.003511864012854275,5,2024Q4
2024-11-26,XLC,0.012151837896231754,-0.0023370791238050297,5,2024Q4
2024-11-26,XLE,-0.1129950063025088,-0.001969834397541497,5,2024Q4
2024-11-26,XLF,-0.04121912298944852,-0.007444275127004905,5,2024Q4
2024-11-26,XLI,-0.0669061836687802,1.804614691753876e-06,5,2024Q4
2024-11-26,XLK,0.02411108432156972,0.005486643936238232,5,2024Q4
2024-11-26,XLP,-0.036729053227554154,-0.0006006857736364597,5,2024Q4
2024-11-26,XLRE,-0.09090376665071653,-0.0025316917535135727,5,2024Q4
2024-11-26,XLU,-0.0807627482772234,0.0014383681382993214,5,2024Q4
2024-11-26,XLV,-0.04609641919413654,-0.003573208918661406,5,2024Q4
2024-11-26,XLY,0.05524341198841953,-0.013703565850224392,5,2024Q4
2024-11-27,XLB,-0.09287858230583923,-0.004040523889138903,5,2024Q4
2024-11-27,XLC,0.009342220258559797,-0.002586784721351817,5,2024Q4
2024-11-27,XLE,-0.1046385559775399,-0.0021703499371461166,5,2024Q4
2024-11-27,XLF,-0.042586949480606595,-0.007716441929894352,5,2024Q4
2024-11-27,XLI,-0.06290431354877646,0.00020696118603659983,5,2024Q4
2024-11-27,XLK,0.031899444467132776,0.006002159198683194,5,2024Q4
2024-11-27,XLP,-0.03589142547774915,-0.0006455543421940895,5,2024Q4
2024-11-27,XLRE,-0.0969166251097403,-0.0027145677739789783,5,2024Q4
2024-11-27,XLU,-0.07588868659789283,0.0014417588766396233,5,2024Q4
2024-11-27,XLV,-0.04806117988828351,-0.004045547061283836,5,2024Q4
2024-11-27,XLY,0.050461999942486235,-0.01323223865722294,5,2024Q4
2024-11-29,XLB,-0.09206496641927098,-0.00364971972910136,5,2024Q4
2024-11-29,XLC,0.010875754668674187,-0.004390452060290866,5,2024Q4
2024-11-29,XLE,-0.0911554571670492,-1.7005732111421668e-05,5,2024Q4
2024-11-29,XLF,-0.03582039027290762,-0.0071871754461238935,5,2024Q4
2024-11-29,XLI,-0.06004300690973263,0.0006380325888025443,5,2024Q4
2024-11-29,XLK,0.026948305026445962,0.0043072375304762925,5,2024Q4
2024-11-29,XLP,-0.03449700105960385,2.6868664279931613e-05,5,2024Q4
2024-11-29,XLRE,-0.0795510745996183,-0.002546104703632191,5,2024Q4
2024-11-29,XLU,-0.06267620020756082,0.001840794649671314,5,2024Q4
2024-11-29,XLV,-0.04520899016391744,-0.003616440785598223,5,2024Q4
2024-11-29,XLY,0.04065135455017932,-0.013931133305171229,5,2024Q4
2024-12-02,XLB,-0.08262353345032825,-0.00340339865035349,5,2024Q4
2024-12-02,XLC,0.0048829919176464065,-0.004250992770434241,5,2024Q4
2024-12-02,XLE,-0.06466267360084699,0.004628106700288941,5,2024Q4
2024-12-02,XLF,-0.020109451335063366,-0.004193347665417348,5,2024Q4
2024-12-02,XLI,-0.049076041742045606,0.0015139079385544643,5,2024Q4
2024-12-02,XLK,0.014537123511465078,0.005064039221281037,5,2024Q4
2024-12-02,XLP,-0.025184801106338583,0.0004901093008904331,5,2024Q4
2024-12-02,XLRE,-0.053281493983063144,-0.001981679653011873,5,2024Q4
2024-12-02,XLU,-0.038208707927023244,0.0028580534946450985,5,2024Q4
2024-12-02,XLV,-0.03602953406103082,-0.003077164168249616,5,2024Q4
2024-12-02,XLY,0.029564647528545596,-0.013139849917912816,5,2024Q4
2024-12-03,XLB,-0.08681611830910108,-0.00508085609539608,5,2024Q4
2024-12-03,XLC,0.004611457848767153,-0.005440529876837021,5,2024Q4
2024-12-03,XLE,-0.0511512655297256,0.0029313163062171244,5,2024Q4
2024-12-03,XLF,-0.012491668310371074,-0.005300666580673756,5,2024Q4
2024-12-03,XLI,-0.04363869143750798,-0.0002781300980230156,5,2024Q4
2024-12-03,XLK,0.01151176866228043,0.0037772816431996276,5,2024Q4
2024-12-03,XLP,-0.02033459029644835,-0.0013307769438060252,5,2024Q4
2024-12-03,XLRE,-0.05365641032583157,-0.0033790952530356145,5,2024Q4
2024-12-03,XLU,-0.02004900960355538,0.0012394800527657035,5,2024Q4
2024-12-03,XLV,-0.030821145192522326,-0.004945502587599177,5,2024Q4
2024-12-03,XLY,0.019992808989325983,-0.01344214277075326,5,2024Q4
2024-12-04,XLB,-0.08441410646715108,-0.0020778748814487737,5,2024Q4
2024-12-04,XLC,0.0023097776014586735,-0.00391525318764567,5,2024Q4
2024-12-04,XLE,-0.025756831959859672,0.005553173915591846,5,2024Q4
2024-12-04,XLF,-0.007373945251993752,-0.0032942120403169615,5,2024Q4
2024-12-04,XLI,-0.04375766264499936,0.0016296078488214573,5,2024Q4
2024-12-04,XLK,0.0035416570713223683,0.0025282065472031095,5,2024Q4
2024-12-04,XLP,-0.024231616431470093,0.0017013759857755105,5,2024Q4
2024-12-04,XLRE,-0.04469747781213029,-0.0005425952710134633,5,2024Q4
2024-12-04,XLU,-0.015916990338479042,0.0037411427150714615,5,2024Q4
2024-12-04,XLV,-0.027165671860924667,-0.0020315886187695963,5,2024Q4
2024-12-04,XLY,0.024659375356587576,-0.012673653082828038,5,2024Q4
2024-12-05,XLB,-0.07371112624864906,-0.002038015020225558,5,2024Q4
2024-12-05,XLC,0.007927648207057936,-0.0035140364617459127,5,2024Q4
2024-12-05,XLE,-0.04099109098069298,0.005299265490068003,5,2024Q4
2024-12-05,XLF,-0.020452969394740617,-0.003098324105348069,5,2024Q4
2024-12-05,XLI,-0.04162037030928489,0.0018785907584909461,5,2024Q4
2024-12-05,XLK,0.01379143180077158,0.0027976306037085148,5,2024Q4
2024-12-05,XLP,-0.04514924002150045,0.0014230983728659588,5,2024Q4
2024-12-05,XLRE,-0.06236817413861062,-0.0009767976149972941,5,2024Q4
2024-12-05,XLU,-0.03677062084322125,0.003472211843797939,5,2024Q4
2024-12-05,XLV,-0.023275558143567965,-0.0022227552440295347,5,2024Q4
2024-12-05,XLY,0.013231841471942118,-0.012529049190509784,5,2024Q4
2024-12-06,XLB,-0.05777060121443078,-0.0017011594512751785,5,2024Q4
2024-12-06,XLC,0.0009406359392715169,-0.004521360019433858,5,2024Q4
2024-12-06,XLE,-0.0022828029108875603,0.005394300529630577,5,2024Q4
2024-12-06,XLF,-0.009515514716770035,-0.0032481135599264346,5,2024Q4
2024-12-06,XLI,-0.02720902638438527,0.0018559486372372214,5,2024Q4
2024-12-06,XLK,0.0029892305794551044,0.003080472960212568,5,2024Q4
2024-12-06,XLP,-0.030837871044588905,0.0018598957924759732,5,2024Q4
2024-12-06,XLRE,-0.0550330740365913,-0.0003653520608358947,5,2024Q4
2024-12-06,XLU,-0.014372057032529306,0.00407028877723667,5,2024Q4
2024-12-06,XLV,-0.00011860790857964876,-0.0021672617565031676,5,2024Q4
2024-12-06,XLY,-0.013203536317162867,-0.012987925031001138,5,2024Q4
2024-12-09,XLB,-0.05900159515383896,-0.004110921621124287,5,2024Q4
2024-12-09,XLC,0.009732994701797004,-0.004279827714532846,5,2024Q4
2024-12-09,XLE,-0.006132713967184622,0.0032952371278382893,5,2024Q4
2024-12-09,XLF,0.0005783794070701731,-0.004706462219597581,5,2024Q4
2024-12-09,XLI,-0.021671294509020944,0.00018734195561699888,5,2024Q4
2024-12-09,XLK,0.0025938725018591624,0.004221201992583667,5,2024Q4
2024-12-09,XLP,-0.034089001432192845,-0.00037248197411305067,5,2024Q4
2024-12-09,XLRE,-0.05946659828983736,-0.002501275744487169,5,2024Q4
2024-12-09,XLU,-0.008936969739980372,0.002257346953185609,5,2024Q4
2024-12-09,XLV,-0.004388604635970239,-0.0041861766641684076,5,2024Q4
2024-12-09,XLY,-0.013877809850097456,-0.013660935928874676,5,2024Q4
2024-12-10,XLB,-0.052576112647119144,-0.002483301825614701,5,2024Q4
2024-12-10,XLC,-0.008518731252559975,-0.0044804060582274395,5,2024Q4
2024-12-10,XLE,-0.0025180459793355814,0.005076408556996485,5,2024Q4
2024-12-10,XLF,-0.0022657844879496736,-0.003766680166681185,5,2024Q4
2024-12-10,XLI,-0.022380139683873423,0.0017476669536884398,5,2024Q4
2024-12-10,XLK,0.013307246834121433,0.0056522535570066226,5,2024Q4
2024-12-10,XLP,-0.04156927240480224,0.0010066918731784606,5,2024Q4
2024-12-10,XLRE,-0.04744462112305581,-0.0010095903478731794,5,2024Q4
2024-12-10,XLU,-0.004929436651828989,0.003716331507684175,5,2024Q4
2024-12-10,XLV,-0.003388132734262972,-0.002720236909207125,5,2024Q4
2024-12-10,XLY,-0.01848931739075288,-0.01330391089613521,5,2024Q4
2024-12-11,XLB,-0.03648031131734164,-0.0018047406894516208,5,2024Q4
2024-12-11,XLC,-0.016011939435080613,-0.005943150588729166,5,2024Q4
2024-12-11,XLE,0.022163471778177457,0.0053862077224681145,5,2024Q4
2024-12-11,XLF,-0.005401211734634703,-0.003468505079024598,5,2024Q4
2024-12-11,XLI,-0.00860172651368174,0.0024345971957901724,5,2024Q4
2024-12-11,XLK,0.00015685207845683724,0.005677666996678417,5,2024Q4
2024-12-11,XLP,-0.024739924958460446,0.0013692519121133026,5,2024Q4
2024-12-11,XLRE,-0.04528602981737462,-0.000545732253307828,5,2024Q4
2024-12-11,XLU,0.01799066829352891,0.004577700871287372,5,2024Q4
2024-12-11,XLV,0.02680969182048898,-0.0024354844032788295,5,2024Q4
2024-12-11,XLY,-0.02198117950016676,-0.01293899782795239,5,2024Q4
2024-12-12,XLB,-0.015818384730932444,-0.0017765957205608143,5,2024Q4
2024-12-12,XLC,-0.023806464431619823,-0.005804301284154403,5,2024Q4
2024-12-12,XLE,0.04442755408175114,0.0056446367044195875,5,2024Q4
2024-12-12,XLF,-0.0007658994097904381,-0.0037378346714065265,5,2024Q4
2024-12-12,XLI,0.002252883140466233,0.00229878222504185,5,2024Q4
2024-12-12,XLK,-0.007707119577613719,0.0055005599368794095,5,2024Q4
2024-12-12,XLP,-0.032314163184157696,0.0012108222985874146,5,2024Q4
2024-12-12,XLRE,-0.0394644618706157,-0.0007165232842854929,5,2024Q4
2024-12-12,XLU,0.0007123251257215024,0.004334122004232758,5,2024Q4
2024-12-12,XLV,0.0411506560778363,-0.002548349758407945,5,2024Q4
2024-12-12,XLY,-0.015289242696674421,-0.01291780498978776,5,2024Q4
2024-12-13,XLB,0.002711233194130913,-0.0014473479841463949,5,2024Q4
2024-12-13,XLC,-0.017151913142886444,-0.0032180273871580665,5,2024Q4
2024-12-13,XLE,0.058860781159898456,0.005989500600532865,5,2024Q4
2024-12-13,XLF,0.010404718628274856,-0.003650359489174748,5,2024Q4
2024-12-13,XLI,0.014687752019575728,0.0028481801133178894,5,2024Q4
2024-12-13,XLK,-0.010784330643853313,0.005048865102322842,5,2024Q4
2024-12-13,XLP,-0.03120564424797323,0.0010280103508182644,5,2024Q4
2024-12-13,XLRE,-0.029163935921436734,-0.000528633459219257,5,2024Q4
2024-12-13,XLU,0.011199563400072443,0.004476513031883089,5,2024Q4
2024-12-13,XLV,0.029422508023027927,-0.002488483486235549,5,2024Q4
2024-12-13,XLY,-0.022369255112869135,-0.013061344635092752,5,2024Q4
2024-12-16,XLB,0.007258771531148844,-0.0010313503931382762,5,2024Q4
2024-12-16,XLC,-0.018656081502428257,-0.003219642550126097,5,2024Q4
2024-12-16,XLE,0.08394133707527396,0.006424119761036971,5,2024Q4
2024-12-16,XLF,0.02369538614170641,-0.0032448138438386682,5,2024Q4
2024-12-16,XLI,0.0066583237847512855,0.002930802562794111,5,2024Q4
2024-12-16,XLK,-0.01480890157989101,0.005172090727071995,5,2024Q4
2024-12-16,XLP,-0.04283458097978132,0.0017097219532193784,5,2024Q4
2024-12-16,XLRE,-0.03370546703578281,0.00024346275253555281,5,2024Q4
2024-12-16,XLU,0.020102475393274033,0.004786497197584717,5,2024Q4
2024-12-16,XLV,0.03213328957723616,-0.0020198061526921487,5,2024Q4
2024-12-16,XLY,-0.0246739820872941,-0.01327995127848959,5,2024Q4
2024-12-17,XLB,0.01877333931820868,0.002592988270650155,5,2024Q4
2024-12-17,XLC,-0.019038501014521314,0.002066684713283461,5,2024Q4
2024-12-17,XLE,0.09748370963796349,0.009697191735634523,5,2024Q4
2024-12-17,XLF,0.03539394281329766,0.0003511843653783522,5,2024Q4
2024-12-17,XLI,0.02562952678356356,0.007097218378563469,5,2024Q4
2024-12-17,XLK,-0.018569634260080292,0.00921356953139047,5,2024Q4
2024-12-17,XLP,-0.03638805583326232,0.004685492646703573,5,2024Q4
2024-12-17,XLRE,-0.010419477632616636,0.0033857139751494996,5,2024Q4
2024-12-17,XLU,0.04740041126631245,0.007550822157374159,5,2024Q4
2024-12-17,XLV,0.03472577031650115,0.0018235838803550364,5,2024Q4
2024-12-17,XLY,-0.03494906378256102,-0.01035251207825007,5,2024Q4
2024-12-18,XLB,0.014429853422595285,-0.0021584789370676406,5,2024Q4
2024-12-18,XLC,-0.022447045504333185,-0.0004295277017463072,5,2024Q4
2024-12-18,XLE,0.09863194132967212,0.0024598833853276335,5,2024Q4
2024-12-18,XLF,0.03531337788897204,-0.002297930326185356,5,2024Q4
2024-12-18,XLI,0.020819560304225826,0.0035190041848565112,5,2024Q4
2024-12-18,XLK,-0.011222051841969227,0.00580747104808191,5,2024Q4
2024-12-18,XLP,-0.056541921915817084,0.0005026130037634599,5,2024Q4
2024-12-18,XLRE,-0.011423232847575182,-0.006442632068762,5,2024Q4
2024-12-18,XLU,0.03346995757066473,0.004315770803854533,5,2024Q4
2024-12-18,XLV,0.0015531977842850875,-0.0026878833108939185,5,2024Q4
2024-12-18,XLY,-0.01673732802039707,-0.009879049827281976,5,2024Q4
2024-12-19,XLB,0.029402509531461396,-0.00145614270924966,5,2024Q4
2024-12-19,XLC,-0.020298405061960567,0.00024580412280820725,5,2024Q4
2024-12-19,XLE,0.09301953079597358,0.0029790292424312927,5,2024Q4
2024-12-19,XLF,0.030703451436665086,-0.0022062208222323612,5,2024Q4
2024-12-19,XLI,0.033906058124582694,0.003864361642928623,5,2024Q4
2024-12-19,XLK,-0.013564480364423925,0.0061782370736137866,5,2024Q4
2024-12-19,XLP,-0.05477988412020485,0.0008591974496306104,5,2024Q4
2024-12-19,XLRE,0.015263744887701769,-0.006203603064400209,5,2024Q4
2024-12-19,XLU,0.03515020524103729,0.004819521883244235,5,2024Q4
2024-12-19,XLV,0.016721347154685873,-0.0020914588522742143,5,2024Q4
2024-12-19,XLY,-0.017664340757229002,-0.00903706773510566,5,2024Q4
2024-12-20,XLB,0.011059675354423648,-0.0023749634232400956,5,2024Q4
2024-12-20,XLC,-0.01269619945786049,-0.00030805935620090716,5,2024Q4
2024-12-20,XLE,0.06493620615672957,0.001383569695587564,5,2024Q4
2024-12-20,XLF,0.013302342305133275,-0.003730336691751306,5,2024Q4
2024-12-20,XLI,0.022184779171856128,0.003164383201766278,5,2024Q4
2024-12-20,XLK,-0.0028524647403818104,0.0047217572642658506,5,2024Q4
2024-12-20,XLP,-0.0598903588585461,-6.289164213540369e-05,5,2024Q4
2024-12-20,XLRE,-0.018264937782442425,-0.006985667796145101,5,2024Q4
2024-12-20,XLU,-0.0011363299717104258,0.003709706466771022,5,2024Q4
2024-12-20,XLV,0.00442501535327211,-0.0030530240830228296,5,2024Q4
2024-12-20,XLY,-0.020972087108995563,-0.009225173127277964,5,2024Q4
2024-12-23,XLB,0.02357678668867913,-0.001738023407556725,5,2024Q4
2024-12-23,XLC,-0.012396594018299512,-0.00014704347813013295,5,2024Q4
2024-12-23,XLE,0.07321037458163882,0.0017771399261422552,5,2024Q4
2024-12-23,XLF,0.02176386172521494,-0.003453911172986682,5,2024Q4
2024-12-23,XLI,0.038903645974809775,0.0034557124950049378,5,2024Q4
2024-12-23,XLK,-0.009572448771281383,0.0049000052574868815,5,2024Q4
2024-12-23,XLP,-0.04331702265505877,0.000794664743302257,5,2024Q4
2024-12-23,XLRE,-0.003370492399919822,-0.006727898699413784,5,2024Q4
2024-12-23,XLU,0.009253846316392256,0.004337846396295099,5,2024Q4
2024-12-23,XLV,0.013090295966147414,-0.0028038314695544063,5,2024Q4
2024-12-23,XLY,-0.015506079437925369,-0.008954780067125492,5,2024Q4
2024-12-24,XLB,0.029477927408110505,-0.0020532465483326682,5,2024Q4
2024-12-24,XLC,0.001411148756196301,-0.0002779977091850914,5,2024Q4
2024-12-24,XLE,0.06771171519678365,0.0012809034568125686,5,2024Q4
2024-12-24,XLF,0.026874299397640966,-0.0035547788483051394,5,2024Q4
2024-12-24,XLI,0.040413032248454606,0.0037491197281630416,5,2024Q4
2024-12-24,XLK,-0.016206339859170638,0.005179605242388258,5,2024Q4
2024-12-24,XLP,-0.030478332528598218,0.0012399441741631906,5,2024Q4
2024-12-24,XLRE,0.007040177956337379,-0.006422841884043101,5,2024Q4
2024-12-24,XLU,0.028264061931366102,0.004228951606575771,5,2024Q4
2024-12-24,XLV,0.024724191947211205,-0.0026466874870682538,5,2024Q4
2024-12-24,XLY,-0.03011425586468519,-0.012031367024600692,5,2024Q4
2024-12-26,XLB,0.04601606373400724,-0.001981755630119788,5,2024Q4
2024-12-26,XLC,0.02235921560319265,-0.00036881409589366873,5,2024Q4
2024-12-26,XLE,0.07174001121982831,0.0018646047775686195,5,2024Q4
2024-12-26,XLF,0.050109655665707686,-0.0038092545010280916,5,2024Q4
2024-12-26,XLI,0.03992133195593062,0.0037396719729956224,5,2024Q4
2024-12-26,XLK,-0.051233933663210274,0.004713170546187775,5,2024Q4
2024-12-26,XLP,0.007291577191747445,0.001261605284128932,5,2024Q4
2024-12-26,XLRE,0.02994594593890798,-0.006433751880829696,5,2024Q4
2024-12-26,XLU,0.020969332754053438,0.004197303540796651,5,2024Q4
2024-12-26,XLV,0.060224440964367965,-0.002682571740371186,5,2024Q4
2024-12-26,XLY,-0.006484257077002842,-0.01210030800924656,5,2024Q4
2024-12-27,XLB,0.028989997405904022,-0.0015766066316519603,5,2024Q4
2024-12-27,XLC,0.01722815928785182,0.00012834087253548528,5,2024Q4
2024-12-27,XLE,0.04243713210769906,0.00214011145202341,5,2024Q4
2024-12-27,XLF,0.03673502406122031,-0.0031764390114561517,5,2024Q4
2024-12-27,XLI,0.021537711693264017,0.003682540983986361,5,2024Q4
2024-12-27,XLK,-0.03219413354973455,0.004626216748733397,5,2024Q4
2024-12-27,XLP,-0.022792508515492527,0.0010474241928088287,5,2024Q4
2024-12-27,XLRE,0.006464041302817858,-0.006412581524890332,5,2024Q4
2024-12-27,XLU,-0.009410895214036596,0.004296634442690916,5,2024Q4
2024-12-27,XLV,0.03849710413060525,-0.0026085731192093996,5,2024Q4
2024-12-27,XLY,-0.007886816012173892,-0.008721791755817835,5,2024Q4
2024-12-30,XLB,0.03417563558323189,-0.0018308134244728628,5,2024Q4
2024-12-30,XLC,0.025696975853278126,0.00043372503164630584,5,2024Q4
2024-12-30,XLE,0.03780710303198842,0.002418536258447198,5,2024Q4
2024-12-30,XLF,0.039033930375147685,-0.0030070967469152006,5,2024Q4
2024-12-30,XLI,0.02139306395162177,0.0035788614742262373,5,2024Q4
2024-12-30,XLK,-0.034746881283885145,0.004258658325317405,5,2024Q4
2024-12-30,XLP,-0.015702809574567267,0.00042756420735788874,5,2024Q4
2024-12-30,XLRE,-0.007738049268587011,-0.006606456073932376,5,2024Q4
2024-12-30,XLU,-0.010168014632371936,0.0033103724386315484,5,2024Q4
2024-12-30,XLV,0.03824877470713983,-0.002541753821576653,5,2024Q4
2024-12-30,XLY,-0.001471218477294034,-0.007066390806895348,5,2024Q4
2024-12-31,XLB,0.030639721987475887,-0.003612197673474398,5,2024Q4
2024-12-31,XLC,0.020949746546276016,-0.00048753667831990567,5,2024Q4
2024-12-31,XLE,0.02018273872114662,0.0006946524101947128,5,2024Q4
2024-12-31,XLF,0.03882679022343849,-0.004387757488244545,5,2024Q4
2024-12-31,XLI,0.025102412397494778,0.001895858968498771,5,2024Q4
2024-12-31,XLK,-0.033855779211017456,0.003699536665620611,5,2024Q4
2024-12-31,XLP,-0.018102981148395036,-0.0007629745181747293,5,2024Q4
2024-12-31,XLRE,-0.011696487600102001,-0.008399771733404653,5,2024Q4
2024-12-31,XLU,0.0026606976666432303,0.0014664135797573764,5,2024Q4
2024-12-31,XLV,0.03866785828696151,-0.004620544353303821,5,2024Q4
2024-12-31,XLY,0.007096759826869192,-0.009020731944368622,5,2024Q4
2025-01-02,XLB,0.03767364286993691,-0.0006226707388083067,6,2025Q1
2025-01-02,XLC,0.023040382025465878,0.0020561115834010525,6,2025Q1
2025-01-02,XLE,-0.018077042619547345,0.005243588462212959,6,2025Q1
2025-01-02,XLF,0.03823522073822461,-0.0008034724256100532,6,2025Q1
2025-01-02,XLI,0.02430822610491412,0.005098739181222702,6,2025Q1
2025-01-02,XLK,-0.034386251451980154,0.0033140707531303234,6,2025Q1
2025-01-02,XLP,-0.02160201415694818,-0.005532584977590547,6,2025Q1
2025-01-02,XLRE,-0.0013389431139836372,-0.005485515177906352,6,2025Q1
2025-01-02,XLU,-0.008276387562148768,-0.0012397975561745135,6,2025Q1
2025-01-02,XLV,0.03790601643181635,-0.0009115487710171085,6,2025Q1
2025-01-02,XLY,0.019259381633224937,-0.003823797385468976,6,2025Q1
2025-01-03,XLB,0.05856573246857977,-0.00048508493266849473,6,2025Q1
2025-01-03,XLC,0.038390401557361065,0.001422200996768203,6,2025Q1
2025-01-03,XLE,-0.0016005178583400337,0.004554137043536963,6,2025Q1
2025-01-03,XLF,0.045117666623480046,-0.0008868348796618864,6,2025Q1
2025-01-03,XLI,0.022265737707246824,0.004648066930544599,6,2025Q1
2025-01-03,XLK,-0.043978252942424634,0.002417661602275271,6,2025Q1
2025-01-03,XLP,0.002423929195061403,-0.004640531318261533,6,2025Q1
2025-01-03,XLRE,0.0026558456218714888,-0.00636275585314239,6,2025Q1
2025-01-03,XLU,0.005995799989594097,-0.0012177197352360005,6,2025Q1
2025-01-03,XLV,0.051192843846263436,-0.0022222260159625177,6,2025Q1
2025-01-03,XLY,0.004423445347623733,-0.005023847145498424,6,2025Q1
2025-01-06,XLB,0.053574817393815755,-0.0006970320123784622,6,2025Q1
2025-01-06,XLC,0.03550728965953387,0.0005652141125186382,6,2025Q1
2025-01-06,XLE,0.023327094254602,0.00529751488289931,6,2025Q1
2025-01-06,XLF,0.044955667067823946,-0.0012518705982134484,6,2025Q1
2025-01-06,XLI,0.02387642872100515,0.00490054605935971,6,2025Q1
2025-01-06,XLK,-0.043327894179209236,0.001379936007533518,6,2025Q1
2025-01-06,XLP,0.0035373412472616828,-0.003014996991697442,6,2025Q1
2025-01-06,XLRE,0.0157806600771222,-0.005242755347024467,6,2025Q1
2025-01-06,XLU,0.007453291723818811,-0.0005724569123967517,6,2025Q1
2025-01-06,XLV,0.046906149511818596,-0.0024112339765697006,6,2025Q1
2025-01-06,XLY,0.011397672953298299,-0.005368655502668872,6,2025Q1
2025-01-07,XLB,0.0376724776814541,-0.005078567465604466,6,2025Q1
2025-01-07,XLC,0.02134796864468269,0.0003381437523712215,6,2025Q1
2025-01-07,XLE,-0.0004447462648173861,0.0005215123423298573,6,2025Q1
2025-01-07,XLF,0.04282989676931126,-0.003941492658985598,6,2025Q1
2025-01-07,XLI,0.009947122306329215,0.0011836504667876125,6,2025Q1
2025-01-07,XLK,-0.025502154381987108,0.0010235506310327714,6,2025Q1
2025-01-07,XLP,-0.002274974657204387,-0.007087279742270327,6,2025Q1
2025-01-07,XLRE,0.024040034219579898,-0.009073459378240814,6,2025Q1
2025-01-07,XLU,0.00455515038610721,-0.005477553764137095,6,2025Q1
2025-01-07,XLV,0.03607292776892401,-0.00686226442570005,6,2025Q1
2025-01-07,XLY,0.0040480929301114355,-0.004687802927432306,6,2025Q1
2025-01-08,XLB,0.03347461219780934,-0.004860852266345551,6,2025Q1
2025-01-08,XLC,0.030055696258486364,-6.084598829538554e-05,6,2025Q1
2025-01-08,XLE,-0.022415830223954103,0.00019625966186180772,6,2025Q1
2025-01-08,XLF,0.046104465321067156,-0.004559318711189048,6,2025Q1
2025-01-08,XLI,0.00849251143305918,0.0006008232707149615,6,2025Q1
2025-01-08,XLK,-0.024488190539416976,0.0015436703602951548,6,2025Q1
2025-01-08,XLP,-0.001540539436464039,-0.007644026945440378,6,2025Q1
2025-01-08,XLRE,0.02051589985957203,-0.008867772232843718,6,2025Q1
2025-01-08,XLU,0.0015775121564398642,-0.006215616264049914,6,2025Q1
2025-01-08,XLV,0.01908929066094367,-0.006810968575479491,6,2025Q1
2025-01-08,XLY,0.003152511601457908,-0.0050276274141288265,6,2025Q1
2025-01-09,XLB,0.02993800926521084,-0.005036175528703547,6,2025Q1
2025-01-09,XLC,0.03720863603567959,0.00024055160346920677,6,2025Q1
2025-01-09,XLE,-0.013114509881174463,0.0006060604131429553,6,2025Q1
2025-01-09,XLF,0.04953876874131291,-0.0044424385085095434,6,2025Q1
2025-01-09,XLI,0.01482054490766238,0.0009092504055800165,6,2025Q1
2025-01-09,XLK,-0.02366742340605621,0.0022208089794593,6,2025Q1
2025-01-09,XLP,0.006323590226090081,-0.007121330277092969,6,2025Q1
2025-01-09,XLRE,0.02619482780216087,-0.008910674144193175,6,2025Q1
2025-01-09,XLU,0.008887443950360563,-0.006033328353471767,6,2025Q1
2025-01-09,XLV,0.023590728615256795,-0.006911093305843231,6,2025Q1
2025-01-09,XLY,-0.007611037751896976,-0.004007957348198201,6,2025Q1
2025-01-10,XLB,0.023341575256090596,-0.004988367976183874,6,2025Q1
2025-01-10,XLC,0.03516727620759119,0.0008933839522087088,6,2025Q1
2025-01-10,XLE,-0.017979933548811555,-0.0012737759100035096,6,2025Q1
2025-01-10,XLF,0.044468250778370466,-0.0035959649372686083,6,2025Q1
2025-01-10,XLI,0.013087611491341633,0.0006098220562727511,6,2025Q1
2025-01-10,XLK,-0.009444221989636903,0.001671108084764201,6,2025Q1
2025-01-10,XLP,0.0038829770408024267,-0.00744413077920673,6,2025Q1
2025-01-10,XLRE,0.03077664729409424,-0.007260383262711217,6,2025Q1
2025-01-10,XLU,0.0031532088272221426,-0.006668466786491672,6,2025Q1
2025-01-10,XLV,0.005729523274026205,-0.007093174603757025,6,2025Q1
2025-01-10,XLY,-0.01692152572744199,-0.003753075212543744,6,2025Q1
2025-01-13,XLB,0.007001890345056827,-0.004780858062441001,6,2025Q1
2025-01-13,XLC,0.03731314219587967,0.0008718608415918098,6,2025Q1
2025-01-13,XLE,-0.03017324942768984,-0.0017507763391188475,6,2025Q1
2025-01-13,XLF,0.04026720889726443,-0.0038957058653071564,6,2025Q1
2025-01-13,XLI,0.0020573419048919295,0.0007139892159477408,6,2025Q1
2025-01-13,XLK,-0.0007747559743827015,0.00235743236228166,6,2025Q1
2025-01-13,XLP,0.012996099477806888,-0.006997973609681796,6,2025Q1
2025-01-13,XLRE,0.023877382776760214,-0.008087883861598545,6,2025Q1
2025-01-13,XLU,0.02164169270464389,-0.005015216072460631,6,2025Q1
2025-01-13,XLV,-0.00883682630092264,-0.007147051382546093,6,2025Q1
2025-01-13,XLY,-0.03344250382540093,-0.00420160754526458,6,2025Q1
2025-01-14,XLB,-0.008526930499257013,-0.005847775353570062,6,2025Q1
2025-01-14,XLC,0.0468572314493807,0.000431541661137179,6,2025Q1
2025-01-14,XLE,-0.06026096738607556,-0.002893593682761351,6,2025Q1
2025-01-14,XLF,0.02809325908684812,-0.00429563823396684,6,2025Q1
2025-01-14,XLI,-0.011742050845891416,0.0002826335945520542,6,2025Q1
2025-01-14,XLK,-0.0009745716084934575,0.0031864581829571335,6,2025Q1
2025-01-14,XLP,0.01671613437211361,-0.007423017692168778,6,2025Q1
2025-01-14,XLRE,0.010613812281753177,-0.008569616871054987,6,2025Q1
2025-01-14,XLU,0.0108096049773716,-0.005754812320465692,6,2025Q1
2025-01-14,XLV,0.0052087291090539,-0.007562036823050808,6,2025Q1
2025-01-14,XLY,-0.02688787542339255,-0.004006158217242855,6,2025Q1
2025-01-15,XLB,0.007251506113764794,-0.00573677316126492,6,2025Q1
2025-01-15,XLC,0.049366782966009604,-0.00041470646596428185,6,2025Q1
2025-01-15,XLE,-0.059489620632925955,-0.002800309102388392,6,2025Q1
2025-01-15,XLF,0.016272530651308514,-0.0034338471526013537,6,2025Q1
2025-01-15,XLI,-0.009376105922253464,0.000577788316585048,6,2025Q1
2025-01-15,XLK,0.0009810179688751752,0.0022110228380712066,6,2025Q1
2025-01-15,XLP,0.03948934959826622,-0.006266172289540583,6,2025Q1
2025-01-15,XLRE,0.02216481312604479,-0.00886907457422318,6,2025Q1
2025-01-15,XLU,0.005785394372806119,-0.004961948862979248,6,2025Q1
2025-01-15,XLV,0.012808777663631199,-0.00613193656042641,6,2025Q1
2025-01-15,XLY,-0.029386056778340164,-0.005621352052257646,6,2025Q1
2025-01-16,XLB,-0.0067103695877541725,-0.006474679142313205,6,2025Q1
2025-01-16,XLC,0.06020487215954695,0.00011148140692280326,6,2025Q1
2025-01-16,XLE,-0.06452360344930153,-0.003376401251799,6,2025Q1
2025-01-16,XLF,0.00942649745321833,-0.0040823961931075806,6,2025Q1
2025-01-16,XLI,-0.02599745850016677,-0.00024102640950737157,6,2025Q1
2025-01-16,XLK,0.010559279247464026,0.0020344710133969853,6,2025Q1
2025-01-16,XLP,0.019084055548982404,-0.007824525914197716,6,2025Q1
2025-01-16,XLRE,-0.006918602488252823,-0.011269075535399083,6,2025Q1
2025-01-16,XLU,-0.025825713201811595,-0.005055480114253087,6,2025Q1
2025-01-16,XLV,-0.004520926338284603,-0.006883950988614458,6,2025Q1
2025-01-16,XLY,-0.026322709408991507,-0.00474432183971552,6,2025Q1
2025-01-17,XLB,0.0068371258244512845,-0.00821739325654315,6,2025Q1
2025-01-17,XLC,0.053013982215520006,-0.0014157716286585225,6,2025Q1
2025-01-17,XLE,-0.05158713722757258,-0.005302018854163461,6,2025Q1
2025-01-17,XLF,0.015345119135600438,-0.0055177060813367375,6,2025Q1
2025-01-17,XLI,-0.016888833358065014,-0.0006557945899734096,6,2025Q1
2025-01-17,XLK,0.011108327143447339,0.002026788337747441,6,2025Q1
2025-01-17,XLP,0.024107556615064363,-0.009783251096501898,6,2025Q1
2025-01-17,XLRE,0.004230084710702853,-0.01253423100831949,6,2025Q1
2025-01-17,XLU,-0.010593301319550052,-0.006076687096379864,6,2025Q1
2025-01-17,XLV,0.007682975923183344,-0.008601460906862575,6,2025Q1
2025-01-17,XLY,-0.03571068814184908,-0.006619101689700351,6,2025Q1
2025-01-21,XLB,-0.011241421573874533,-0.008584045545218801,6,2025Q1
2025-01-21,XLC,0.05149083961420753,-0.003161135051035382,6,2025Q1
2025-01-21,XLE,-0.03200169854019419,-0.004672227379393618,6,2025Q1
2025-01-21,XLF,0.014021353938473258,-0.006911254287403907,6,2025Q1
2025-01-21,XLI,-0.029258615647406838,-0.0007213105389025489,6,2025Q1
2025-01-21,XLK,0.009542227670192194,0.0019965549983845835,6,2025Q1
2025-01-21,XLP,0.03451867739335368,-0.009767194776566861,6,2025Q1
2025-01-21,XLRE,-0.005386492279672472,-0.012975357108249028,6,2025Q1
2025-01-21,XLU,-0.013760024062566156,-0.006825067817121597,6,2025Q1
2025-01-21,XLV,0.010985036590315245,-0.00872675414061657,6,2025Q1
2025-01-21,XLY,-0.036565281387392234,-0.007867109585703438,6,2025Q1
2025-01-22,XLB,0.004433876185259367,-0.0056364231540094595,6,2025Q1
2025-01-22,XLC,0.04589601418328271,-0.0017605609630041374,6,2025Q1
2025-01-22,XLE,0.005270336637645867,-0.002119045398199851,6,2025Q1
2025-01-22,XLF,0.012943654265090476,-0.0035606125584859635,6,2025Q1
2025-01-22,XLI,-0.02353793113746072,0.0004701609919535834,6,2025Q1
2025-01-22,XLK,-0.006414079446360077,0.002335327189161165,6,2025Q1
2025-01-22,XLP,0.04543261900955997,-0.0071575222225742354,6,2025Q1
2025-01-22,XLRE,0.02951279944010521,-0.00946577290504031,6,2025Q1
2025-01-22,XLU,0.018145559419129764,-0.0034123047155154695,6,2025Q1
2025-01-22,XLV,0.02895109071202362,-0.005701219941031395,6,2025Q1
2025-01-22,XLY,-0.031450199885170504,-0.007154224234221421,6,2025Q1
2025-01-23,XLB,0.0030884488156769363,-0.008218216705509977,6,2025Q1
2025-01-23,XLC,0.05136139778642268,-0.0028739622728137537,6,2025Q1
2025-01-23,XLE,0.0023141574148929367,-0.003391572677559583,6,2025Q1
2025-01-23,XLF,0.017074754179494223,-0.005937674894264372,6,2025Q1
2025-01-23,XLI,-0.032122069452500845,-0.0004188035581967833,6,2025Q1
2025-01-23,XLK,-0.012651824525027222,0.001484681583071815,6,2025Q1
2025-01-23,XLP,0.07647565765980247,-0.009551901733286464,6,2025Q1
2025-01-23,XLRE,0.0353982398621957,-0.012353763030991479,6,2025Q1
2025-01-23,XLU,0.036167351074959386,-0.005790135643844155,6,2025Q1
2025-01-23,XLV,0.03239894400609722,-0.008381353714669982,6,2025Q1
2025-01-23,XLY,-0.04021599360406369,-0.0067873607732568605,6,2025Q1
2025-01-24,XLB,0.006125207981691805,-0.008111010802040177,6,2025Q1
2025-01-24,XLC,0.04568350212178496,-0.0032215109103378987,6,2025Q1
2025-01-24,XLE,0.013755628613223658,-0.0035543610133058202,6,2025Q1
2025-01-24,XLF,0.020058123695456676,-0.0070211370820614126,6,2025Q1
2025-01-24,XLI,-0.030788325263019778,-0.0010543007135113162,6,2025Q1
2025-01-24,XLK,-0.014855038711613089,0.0019706295852650406,6,2025Q1
2025-01-24,XLP,0.07584971794116169,-0.009890751590281341,6,2025Q1
2025-01-24,XLRE,0.03863686984840187,-0.012383560116465086,6,2025Q1
2025-01-24,XLU,0.022478717221070532,-0.006641519457912043,6,2025Q1
2025-01-24,XLV,0.04063497511066427,-0.008148678557244854,6,2025Q1
2025-01-24,XLY,-0.036386363327616134,-0.007103579140606761,6,2025Q1
2025-01-27,XLB,0.00406712842982615,-0.008629344288810148,6,2025Q1
2025-01-27,XLC,0.016088958203497872,-0.003182816323198005,6,2025Q1
2025-01-27,XLE,0.0005908594462432637,-0.004196497664454265,6,2025Q1
2025-01-27,XLF,-0.0001941739273619847,-0.006687539417911123,6,2025Q1
2025-01-27,XLI,-0.022048859018595657,-0.0009916783358853093,6,2025Q1
2025-01-27,XLK,0.01268958411517318,0.0024167305145772586,6,2025Q1
2025-01-27,XLP,0.05342837826236713,-0.009152797041378592,6,2025Q1
2025-01-27,XLRE,0.03024630819462437,-0.012601568270581679,6,2025Q1
2025-01-27,XLU,0.031997493053475545,-0.00694766850888833,6,2025Q1
2025-01-27,XLV,0.017640654167729974,-0.008350354820228464,6,2025Q1
2025-01-27,XLY,-0.05581071736944054,-0.008139973198707299,6,2025Q1
2025-01-28,XLB,0.014819015362920074,-0.00845674035362681,6,2025Q1
2025-01-28,XLC,0.017396364726162128,-0.0016536715877180372,6,2025Q1
2025-01-28,XLE,0.012374887578750382,-0.005266657376719578,6,2025Q1
2025-01-28,XLF,0.007350742875998018,-0.004986539944434671,6,2025Q1
2025-01-28,XLI,-0.007069798855277587,-0.001080880476063416,6,2025Q1
2025-01-28,XLK,0.005209530762792403,0.0018473804735556327,6,2025Q1
2025-01-28,XLP,0.05764659910744507,-0.00867501691758662,6,2025Q1
2025-01-28,XLRE,0.04570076313724103,-0.012040910471269945,6,2025Q1
2025-01-28,XLU,0.05855649778372829,-0.007018096400365664,6,2025Q1
2025-01-28,XLV,0.025381474663549675,-0.008472434557754493,6,2025Q1
2025-01-28,XLY,-0.05283473023659302,-0.007682647712603944,6,2025Q1
2025-01-29,XLB,0.021190179002147258,-0.009500757598808706,6,2025Q1
2025-01-29,XLC,0.014695301385142634,-0.0016809722722297975,6,2025Q1
2025-01-29,XLE,0.026845976732731258,-0.006427480440439419,6,2025Q1
2025-01-29,XLF,0.024924204209656575,-0.004447650530627158,6,2025Q1
2025-01-29,XLI,0.004190129691004185,-0.0016582832848020435,6,2025Q1
2025-01-29,XLK,-0.01163458316125665,0.002159131182928692,6,2025Q1
2025-01-29,XLP,0.06635470436823154,-0.009862184830603126,6,2025Q1
2025-01-29,XLRE,0.0737365557762113,-0.013421471520999402,6,2025Q1
2025-01-29,XLU,0.044659329032945116,-0.0077763216785735135,6,2025Q1
2025-01-29,XLV,0.03855919351970538,-0.00895663198468055,6,2025Q1
2025-01-29,XLY,-0.05230136727618029,-0.007473288963014531,6,2025Q1
2025-01-30,XLB,0.010346364243396744,-0.009802666685577227,6,2025Q1
2025-01-30,XLC,0.01824343067512113,-0.0014224723307141455,6,2025Q1
2025-01-30,XLE,0.027265996683757177,-0.006623172494453815,6,2025Q1
2025-01-30,XLF,0.025868871079225864,-0.0045254008470923405,6,2025Q1
2025-01-30,XLI,-0.003582389091468019,-0.0010629659965300958,6,2025Q1
2025-01-30,XLK,-0.010650506456878928,0.0019865630665348325,6,2025Q1
2025-01-30,XLP,0.059966033220110626,-0.009982667886920317,6,2025Q1
2025-01-30,XLRE,0.057457778653528635,-0.013491833610129528,6,2025Q1
2025-01-30,XLU,0.029182313043247587,-0.00820270806336465,6,2025Q1
2025-01-30,XLV,0.028740593403896453,-0.009142357122299934,6,2025Q1
2025-01-30,XLY,-0.055978732336197434,-0.008129363674765131,6,2025Q1
2025-01-31,XLB,0.009607178007466799,-0.00993954599680063,6,2025Q1
2025-01-31,XLC,0.016317810708832092,-0.0016487962640247796,6,2025Q1
2025-01-31,XLE,0.032046213205005,-0.005243139030249626,6,2025Q1
2025-01-31,XLF,0.03523813075598037,-0.004822945534388334,6,2025Q1
2025-01-31,XLI,0.001369299055604123,-0.0010252737971544186,6,2025Q1
2025-01-31,XLK,-0.022605017945284356,0.001942639719389834,6,2025Q1
2025-01-31,XLP,0.08747526358364022,-0.010171379758330556,6,2025Q1
2025-01-31,XLRE,0.08069250137611728,-0.013549530228356924,6,2025Q1
2025-01-31,XLU,0.048610743781015486,-0.008859291159142019,6,2025Q1
2025-01-31,XLV,0.048444048491053104,-0.009058359968313997,6,2025Q1
2025-01-31,XLY,-0.05696978329278468,-0.0075956973286742824,6,2025Q1
2025-02-03,XLB,0.00032654368704010395,-0.009915667697064125,6,2025Q1
2025-02-03,XLC,0.011393264394198743,-0.0028888347439393644,6,2025Q1
2025-02-03,XLE,0.021146241032667712,-0.003992441701520637,6,2025Q1
2025-02-03,XLF,0.008838768300059474,-0.004940477089218657,6,2025Q1
2025-02-03,XLI,-0.0030547405649066217,-0.0009024495636282263,6,2025Q1
2025-02-03,XLK,-0.005424031370465543,0.0023378075409381475,6,2025Q1
2025-02-03,XLP,0.0704195348249732,-0.009295307744368314,6,2025Q1
2025-02-03,XLRE,0.07536694978327252,-0.012782625665505865,6,2025Q1
2025-02-03,XLU,0.03165944709232327,-0.008572700696802701,6,2025Q1
2025-02-03,XLV,0.040066824009158175,-0.009212805872265434,6,2025Q1
2025-02-03,XLY,-0.05607193334966387,-0.006789119139450628,6,2025Q1
2025-02-04,XLB,0.018767574675422893,-0.01003127278072597,6,2025Q1
2025-02-04,XLC,0.011304777151842749,-0.0030737749986191015,6,2025Q1
2025-02-04,XLE,-0.017093085862156965,-0.006414912561159238,6,2025Q1
2025-02-04,XLF,0.012922340297893298,-0.004416578911226988,6,2025Q1
2025-02-04,XLI,0.007972405068389032,-0.0016293431018451418,6,2025Q1
2025-02-04,XLK,-0.009631744179282808,0.0016748567214437127,6,2025Q1
2025-02-04,XLP,0.07969585929249379,-0.009543445746742289,6,2025Q1
2025-02-04,XLRE,0.08116817327458581,-0.013582602446310212,6,2025Q1
2025-02-04,XLU,0.029561521281479042,-0.009173083737167643,6,2025Q1
2025-02-04,XLV,0.04906201193260873,-0.009364912586813066,6,2025Q1
2025-02-04,XLY,-0.056856048081230126,-0.0065877733365575595,6,2025Q1
2025-02-05,XLB,0.03542146333037899,-0.010401514055285173,6,2025Q1
2025-02-05,XLC,0.02415534153188914,-0.002337495219557799,6,2025Q1
2025-02-05,XLE,0.004826372588819794,-0.0056195215657702975,6,2025Q1
2025-02-05,XLF,0.0076452352202307505,-0.006429491948352122,6,2025Q1
2025-02-05,XLI,0.019915340093230594,-0.004359990740080462,6,2025Q1
2025-02-05,XLK,-0.027998718109717435,0.001928085231272221,6,2025Q1
2025-02-05,XLP,0.09613926105642001,-0.01080240923468723,6,2025Q1
2025-02-05,XLRE,0.05762606965926942,-0.013763369731920496,6,2025Q1
2025-02-05,XLU,0.02013048895473346,-0.009131214259061035,6,2025Q1
2025-02-05,XLV,0.05767362455189029,-0.00957595272322974,6,2025Q1
2025-02-05,XLY,-0.048735926114298334,-0.003519223865415168,6,2025Q1
2025-02-06,XLB,0.032684971673475394,-0.010932346060120775,6,2025Q1
2025-02-06,XLC,0.02420613977217778,-0.0026211729609942227,6,2025Q1
2025-02-06,XLE,0.03726736536304098,-0.005597491097976658,6,2025Q1
2025-02-06,XLF,-0.007240081440882951,-0.008860504719559122,6,2025Q1
2025-02-06,XLI,0.024800948138875012,-0.0051366048669229175,6,2025Q1
2025-02-06,XLK,-0.019230790300829637,0.0017379999019130296,6,2025Q1
2025-02-06,XLP,0.09279614734859509,-0.011052901220005856,6,2025Q1
2025-02-06,XLRE,0.05844813234750357,-0.014258079436358158,6,2025Q1
2025-02-06,XLU,0.0372394347020244,-0.010147812213830565,6,2025Q1
2025-02-06,XLV,0.06482043303736817,-0.010534721402940804,6,2025Q1
2025-02-06,XLY,-0.055954991979705215,-0.0036641610471206463,6,2025Q1
2025-02-07,XLB,0.04084696621817285,-0.010791959360119948,6,2025Q1
2025-02-07,XLC,0.018717610044981847,-0.001686289414487957,6,2025Q1
2025-02-07,XLE,0.061477427364782344,-0.004875923785944475,6,2025Q1
2025-02-07,XLF,-0.006433278758874672,-0.0072852600304928825,6,2025Q1
2025-02-07,XLI,0.029178119444884465,-0.003989152083633071,6,2025Q1
2025-02-07,XLK,-0.034339525564647255,0.002256288147669349,6,2025Q1
2025-02-07,XLP,0.10886345510029616,-0.010428320617542038,6,2025Q1
2025-02-07,XLRE,0.0690418704145025,-0.01360519355317192,6,2025Q1
2025-02-07,XLU,0.06689748156532438,-0.009251982178171577,6,2025Q1
2025-02-07,XLV,0.07536569163156759,-0.01005543552595822,6,2025Q1
2025-02-07,XLY,-0.05390223472158051,-0.002225929629653918,6,2025Q1
2025-02-10,XLB,0.042469224940781536,-0.010694074360795378,6,2025Q1
2025-02-10,XLC,0.0145201209474064,-0.0020652303158019583,6,2025Q1
2025-02-10,XLE,0.04631427577547376,-0.005538413481872608,6,2025Q1
2025-02-10,XLF,0.006980509313317396,-0.007789567793935785,6,2025Q1
2025-02-10,XLI,0.019983849754897087,-0.0037212130144094646,6,2025Q1
2025-02-10,XLK,-0.03687547893681653,0.002944487757702113,6,2025Q1
2025-02-10,XLP,0.10131192160298108,-0.009783781229393392,6,2025Q1
2025-02-10,XLRE,0.07114115298985668,-0.01372354414436348,6,2025Q1
2025-02-10,XLU,0.06089355797358298,-0.008877914379404231,6,2025Q1
2025-02-10,XLV,0.07925562514129503,-0.009433775361370971,6,2025Q1
2025-02-10,XLY,-0.05146529729250804,-0.0027578468081903566,6,2025Q1
2025-02-11,XLB,0.028211048110398096,-0.009949178959698112,6,2025Q1
2025-02-11,XLC,0.013453146291673379,-0.00196646564853633,6,2025Q1
2025-02-11,XLE,0.03879905493115432,-0.005264107951858062,6,2025Q1
2025-02-11,XLF,0.0018277322144499841,-0.007591672877132393,6,2025Q1
2025-02-11,XLI,0.015397882123196593,-0.0035607301843906917,6,2025Q1
2025-02-11,XLK,-0.02758228571904453,0.0028895108263661522,6,2025Q1
2025-02-11,XLP,0.06543209701203023,-0.009450837397923538,6,2025Q1
2025-02-11,XLRE,0.05802721869805272,-0.013354421994786111,6,2025Q1
2025-02-11,XLU,0.04875779943294756,-0.008403893241383735,6,2025Q1
2025-02-11,XLV,0.06692851059332183,-0.009346511924936681,6,2025Q1
2025-02-11,XLY,-0.04058168903479309,-0.002350157797576144,6,2025Q1
2025-02-12,XLB,0.04376908854535577,-0.01047335421597388,6,2025Q1
2025-02-12,XLC,0.0025901978939841808,-0.0026566940665386737,6,2025Q1
2025-02-12,XLE,0.06519510507554827,-0.0043638534536741555,6,2025Q1
2025-02-12,XLF,0.009371197307538992,-0.008402397416628835,6,2025Q1
2025-02-12,XLI,0.02096662561404483,-0.004406879924953896,6,2025Q1
2025-02-12,XLK,-0.033328518749192626,0.0025329404126017353,6,2025Q1
2025-02-12,XLP,0.07093872081705588,-0.009976026579363955,6,2025Q1
2025-02-12,XLRE,0.056490320869795885,-0.013855297647369237,6,2025Q1
2025-02-12,XLU,0.062236012504527816,-0.008885355509833626,6,2025Q1
2025-02-12,XLV,0.07243763093821332,-0.010027922301711715,6,2025Q1
2025-02-12,XLY,-0.05309481171996222,-0.002701695473683766,6,2025Q1
2025-02-13,XLB,0.03059007047950657,-0.010952826793312363,6,2025Q1
2025-02-13,XLC,-0.000338438599053581,-0.005228983886474421,6,2025Q1
2025-02-13,XLE,0.07750944501543866,-0.006299410386528621,6,2025Q1
2025-02-13,XLF,0.015443389487708514,-0.008786829763065157,6,2025Q1
2025-02-13,XLI,0.027927508735621998,-0.005299171539667222,6,2025Q1
2025-02-13,XLK,-0.028500323242501624,0.001633546080839098,6,2025Q1
2025-02-13,XLP,0.05349348387139241,-0.010751865934435535,6,2025Q1
2025-02-13,XLRE,0.0584818117594077,-0.014345330399799867,6,2025Q1
2025-02-13,XLU,0.06990186064012405,-0.00975847461833818,6,2025Q1
2025-02-13,XLV,0.06697873471361815,-0.010559363481857644,6,2025Q1
2025-02-13,XLY,-0.05690964136893406,-0.004075687100815939,6,2025Q1
2025-02-14,XLB,0.03873666761315342,-0.011009127501784014,6,2025Q1
2025-02-14,XLC,-0.006557605483732631,-0.0055331122866064154,6,2025Q1
2025-02-14,XLE,0.08222319348905804,-0.006662071234878383,6,2025Q1
2025-02-14,XLF,0.017471818218087076,-0.008937875191450863,6,2025Q1
2025-02-14,XLI,0.036273335111206784,-0.005463673840047241,6,2025Q1
2025-02-14,XLK,-0.032474362313166694,0.001814739405693368,6,2025Q1
2025-02-14,XLP,0.07053274506018248,-0.010685169291249155,6,2025Q1
2025-02-14,XLRE,0.0726414875817647,-0.015033131228458441,6,2025Q1
2025-02-14,XLU,0.07105264303784997,-0.01029902718158709,6,2025Q1
2025-02-14,XLV,0.08339339291037984,-0.01110808455002666,6,2025Q1
2025-02-14,XLY,-0.0623261169102447,-0.00406214380833899,6,2025Q1
2025-02-18,XLB,0.03769600802722173,-0.010225790174391935,6,2025Q1
2025-02-18,XLC,-0.0024667617041683743,-0.0035315801014512657,6,2025Q1
2025-02-18,XLE,0.08297421644582559,-0.00564120131523894,6,2025Q1
2025-02-18,XLF,0.022348252923168888,-0.00828718791234319,6,2025Q1
2025-02-18,XLI,0.03384534076920953,-0.004932468451534719,6,2025Q1
2025-02-18,XLK,-0.04139022935431336,0.0022067444591468656,6,2025Q1
2025-02-18,XLP,0.06832101999895246,-0.009946964910335745,6,2025Q1
2025-02-18,XLRE,0.07566569048957439,-0.013827008782710726,6,2025Q1
2025-02-18,XLU,0.06763129072582041,-0.008956139361921304,6,2025Q1
2025-02-18,XLV,0.09858924177877038,-0.010013292916300365,6,2025Q1
2025-02-18,XLY,-0.06266865293496937,-0.0035077843709726687,6,2025Q1
2025-02-19,XLB,0.04447394125167292,-0.009643588948355871,6,2025Q1
2025-02-19,XLC,-0.00046276889688179335,-0.0032188226023360466,6,2025Q1
2025-02-19,XLE,0.08352548582538077,-0.005143480121396408,6,2025Q1
2025-02-19,XLF,0.02452186360491415,-0.007912669903968857,6,2025Q1
2025-02-19,XLI,0.03768334558363151,-0.005073807717933136,6,2025Q1
2025-02-19,XLK,-0.03787914514123103,0.0022351246987942085,6,2025Q1
2025-02-19,XLP,0.052650703319351844,-0.0097697484483519,6,2025Q1
2025-02-19,XLRE,0.06715625090986255,-0.013449141973041017,6,2025Q1
2025-02-19,XLU,0.05827650285528663,-0.00866949520726636,6,2025Q1
2025-02-19,XLV,0.07827496414026347,-0.009415158857516627,6,2025Q1
2025-02-19,XLY,-0.053592012077264495,-0.003045540101622682,6,2025Q1
2025-02-20,XLB,0.039434439712609404,-0.009826372047315178,6,2025Q1
2025-02-20,XLC,0.0006865227103266536,-0.0032785116255917442,6,2025Q1
2025-02-20,XLE,0.07688270824140042,-0.0046302430952874785,6,2025Q1
2025-02-20,XLF,0.03949103165556944,-0.008622431897963849,6,2025Q1
2025-02-20,XLI,0.038001044619698665,-0.005244960467894029,6,2025Q1
2025-02-20,XLK,-0.042565173796090594,0.0017060264670359488,6,2025Q1
2025-02-20,XLP,0.050523298085958346,-0.009539915000323845,6,2025Q1
2025-02-20,XLRE,0.05804411456962866,-0.013342730269710733,6,2025Q1
2025-02-20,XLU,0.061207900823540995,-0.008789933354888622,6,2025Q1
2025-02-20,XLV,0.07211791279621316,-0.009372043800040093,6,2025Q1
2025-02-20,XLY,-0.04928769837359326,-0.00307997217150663,6,2025Q1
2025-02-21,XLB,0.03405082948020799,-0.009988952416790185,6,2025Q1
2025-02-21,XLC,0.007328183798772092,-0.0025167455945607604,6,2025Q1
2025-02-21,XLE,0.07742530549106807,-0.005833772096702154,6,2025Q1
2025-02-21,XLF,0.0345206080542374,-0.007680870123934759,6,2025Q1
2025-02-21,XLI,0.04073137710290364,-0.00371528229212068,6,2025Q1
2025-02-21,XLK,-0.029088645655130474,0.002305433415841829,6,2025Q1
2025-02-21,XLP,0.025259356470245797,-0.009169204280165754,6,2025Q1
2025-02-21,XLRE,0.04288983638280164,-0.01342890433921886,6,2025Q1
2025-02-21,XLU,0.04100323657215199,-0.008480026677793481,6,2025Q1
2025-02-21,XLV,0.06110029154933527,-0.009260185891800405,6,2025Q1
2025-02-21,XLY,-0.035944183883717895,-0.0013182255981638398,6,2025Q1
2025-02-24,XLB,0.022474553279547727,-0.009836012467164899,6,2025Q1
2025-02-24,XLC,-0.005156748693476598,-0.002400440630829181,6,2025Q1
2025-02-24,XLE,0.05962069417182414,-0.0061956619676469885,6,2025Q1
2025-02-24,XLF,0.022642200101375853,-0.007514935438041886,6,2025Q1
2025-02-24,XLI,0.0391770889070594,-0.0034522093621749067,6,2025Q1
2025-02-24,XLK,-0.02122411869940155,0.002581923054831863,6,2025Q1
2025-02-24,XLP,0.0019716332163777217,-0.009315041993240783,6,2025Q1
2025-02-24,XLRE,0.024585823371463644,-0.013204443987504744,6,2025Q1
2025-02-24,XLU,0.01744550748686402,-0.00840923969883324,6,2025Q1
2025-02-24,XLV,0.03554624451470645,-0.008998523233317665,6,2025Q1
2025-02-24,XLY,-0.022307731964805178,-0.0009686523317907797,6,2025Q1
2025-02-25,XLB,0.00757631981062179,-0.009526473296168915,6,2025Q1
2025-02-25,XLC,0.014394227459012088,-0.0009154083088221392,6,2025Q1
2025-02-25,XLE,0.07165247779846717,-0.005243436183699259,6,2025Q1
2025-02-25,XLF,0.021203078596916503,-0.007072239727951061,6,2025Q1
2025-02-25,XLI,0.02841631874713535,-0.0032416168628596454,6,2025Q1
2025-02-25,XLK,-0.012858556580174652,0.0038054008748334383,6,2025Q1
2025-02-25,XLP,-0.027248282072489083,-0.008755554911960058,6,2025Q1
2025-02-25,XLRE,-0.0045524273520313185,-0.012546382805342577,6,2025Q1
2025-02-25,XLU,-0.0004841876502914566,-0.008761490289732353,6,2025Q1
2025-02-25,XLV,0.007290141175012921,-0.007546943586525108,6,2025Q1
2025-02-25,XLY,-0.0169573430040435,-0.00012436779874069198,6,2025Q1
2025-02-26,XLB,0.021866352046485016,-0.009724642406976111,6,2025Q1
2025-02-26,XLC,0.019807173661762212,-0.0012571449004133593,6,2025Q1
2025-02-26,XLE,0.09581817562368877,-0.005063799902703805,6,2025Q1
2025-02-26,XLF,0.03243774989573256,-0.007140639546196271,6,2025Q1
2025-02-26,XLI,0.03327681905338575,-0.003832532131553749,6,2025Q1
2025-02-26,XLK,-0.03219696642039982,0.002709492679222986,6,2025Q1
2025-02-26,XLP,0.01803743332619523,-0.009167079314732825,6,2025Q1
2025-02-26,XLRE,0.017158675593470285,-0.012555903015787406,6,2025Q1
2025-02-26,XLU,0.013947941303455447,-0.008072925619948058,6,2025Q1
2025-02-26,XLV,0.022811037346906038,-0.007978122977892613,6,2025Q1
2025-02-26,XLY,-0.013465179510084524,-0.0002283803456902833,6,2025Q1
2025-02-27,XLB,0.015148910569001584,-0.009560952541604072,6,2025Q1
2025-02-27,XLC,0.012014438168757469,-0.0008324766843324353,6,2025Q1
2025-02-27,XLE,0.06709519179489387,-0.006192659668488457,6,2025Q1
2025-02-27,XLF,0.012135233509874332,-0.004945663028658403,6,2025Q1
2025-02-27,XLI,0.01852473401702559,-0.003490179484459732,6,2025Q1
2025-02-27,XLK,-0.01906229456551456,0.0037629863641610818,6,2025Q1
2025-02-27,XLP,0.016323324452354626,-0.008810103498384108,6,2025Q1
2025-02-27,XLRE,-0.002423532999453637,-0.012557876450943414,6,2025Q1
2025-02-27,XLU,0.022769661551724996,-0.008421464397651495,6,2025Q1
2025-02-27,XLV,0.015432073918141831,-0.008043301811367354,6,2025Q1
2025-02-27,XLY,-0.01198109416683324,-0.0003823792497519176,6,2025Q1
2025-02-28,XLB,0.023030732490011085,-0.009518947765091917,6,2025Q1
2025-02-28,XLC,0.003456290725923794,-0.0006521048632121482,6,2025Q1
2025-02-28,XLE,0.08054312545981746,-0.005460482117323865,6,2025Q1
2025-02-28,XLF,0.007910480220809535,-0.004238205196625071,6,2025Q1
2025-02-28,XLI,0.019497658054047684,-0.0034831945807376253,6,2025Q1
2025-02-28,XLK,-0.020082258556246346,0.003527793817775357,6,2025Q1
2025-02-28,XLP,0.03269114114177618,-0.008675766165655963,6,2025Q1
2025-02-28,XLRE,0.024504390151093625,-0.011522133519636933,6,2025Q1
2025-02-28,XLU,0.04917622676901068,-0.008257554903789537,6,2025Q1
2025-02-28,XLV,0.03521761299470916,-0.007217873412600809,6,2025Q1
2025-02-28,XLY,-0.022779976701958637,-0.00028593052688302245,6,2025Q1
2025-03-03,XLB,0.03026612727029221,-0.008645088076735875,6,2025Q1
2025-03-03,XLC,-0.0030973452813641833,0.00012958361297266173,6,2025Q1
2025-03-03,XLE,0.10587142666113747,-0.005042871247876381,6,2025Q1
2025-03-03,XLF,0.004461129022602317,-0.0029013396108669015,6,2025Q1
2025-03-03,XLI,0.017058804044497555,-0.002642818838226763,6,2025Q1
2025-03-03,XLK,-0.013983078322964637,0.004587987725630262,6,2025Q1
2025-03-03,XLP,0.019612639966653522,-0.008422972162539144,6,2025Q1
2025-03-03,XLRE,0.003389861343709999,-0.011689106806941435,6,2025Q1
2025-03-03,XLU,0.03571234871033191,-0.007908956373650909,6,2025Q1
2025-03-03,XLV,0.01789619599249126,-0.0062086875892094495,6,2025Q1
2025-03-03,XLY,-0.02673400491309541,0.0005579552739665436,6,2025Q1
2025-03-04,XLB,0.03337318415500301,-0.00890472479055333,6,2025Q1
2025-03-04,XLC,-0.00908838036685311,-0.00023360626993424588,6,2025Q1
2025-03-04,XLE,0.10837814929449718,-0.004152291548913297,6,2025Q1
2025-03-04,XLF,0.024140229609548314,-0.003977562656222774,6,2025Q1
2025-03-04,XLI,0.0278492375594922,-0.0018123360236385936,6,2025Q1
2025-03-04,XLK,-0.02055500817135869,0.0040630495105514275,6,2025Q1
2025-03-04,XLP,0.02376979525806977,-0.00916744373188726,6,2025Q1
2025-03-04,XLRE,0.0010463756775668243,-0.012188875974896873,6,2025Q1
2025-03-04,XLU,0.04048775931160764,-0.00855730368042782,6,2025Q1
2025-03-04,XLV,-0.005182575940672063,-0.00706701539027927,6,2025Q1
2025-03-04,XLY,-0.014329081564934731,0.0013184338957446156,6,2025Q1
2025-03-05,XLB,0.02009852903931475,-0.008507625947800527,6,2025Q1
2025-03-05,XLC,-0.01373294206556619,-9.715541298727223e-05,6,2025Q1
2025-03-05,XLE,0.1301641510621886,-0.002268188669703461,6,2025Q1
2025-03-05,XLF,0.03080193909690021,-0.0036735288146255915,6,2025Q1
2025-03-05,XLI,0.025820916917137948,-0.002295965474267116,6,2025Q1
2025-03-05,XLK,-0.02254172972944002,0.003937136138919504,6,2025Q1
2025-03-05,XLP,0.021002026435077426,-0.008443698822574477,6,2025Q1
2025-03-05,XLRE,0.0009364024484743716,-0.011237433854621184,6,2025Q1
2025-03-05,XLU,0.056704196203708146,-0.00774783833877919,6,2025Q1
2025-03-05,XLV,-0.004145589141260508,-0.006720505681326002,6,2025Q1
2025-03-05,XLY,-0.006516419582088595,0.0005691222828309001,6,2025Q1
2025-03-06,XLB,0.01149490547875709,-0.007397606078497484,6,2025Q1
2025-03-06,XLC,-0.00857357581343865,0.00010789691184646347,6,2025Q1
2025-03-06,XLE,0.07195048735133291,-0.003368021637123497,6,2025Q1
2025-03-06,XLF,0.028652117108954545,-0.002939841242185463,6,2025Q1
2025-03-06,XLI,0.011256303519312727,-0.0019905912321241106,6,2025Q1
2025-03-06,XLK,-0.030847388768380668,0.005363107527780224,6,2025Q1
2025-03-06,XLP,0.05597493751754601,-0.00856546622059752,6,2025Q1
2025-03-06,XLRE,0.029487913136935884,-0.012917572715344914,6,2025Q1
2025-03-06,XLU,0.10293975722541837,-0.007275602242188163,6,2025Q1
2025-03-06,XLV,0.02174298300327604,-0.007490054745363161,6,2025Q1
2025-03-06,XLY,-0.0100184289654498,0.001896874182318752,6,2025Q1
2025-03-07,XLB,0.009469862033584797,-0.007152436794713364,6,2025Q1
2025-03-07,XLC,-0.007566430736057894,-0.00033965407314436903,6,2025Q1
2025-03-07,XLE,0.02349087811117656,-0.005328358073618442,6,2025Q1
2025-03-07,XLF,0.022493057984437792,-0.0022594524238088165,6,2025Q1
2025-03-07,XLI,0.0011661665196102122,-0.002281128185485518,6,2025Q1
2025-03-07,XLK,-0.04285153415486753,0.0050666626077830144,6,2025Q1
2025-03-07,XLP,0.06955430724833478,-0.008826314843230076,6,2025Q1
2025-03-07,XLRE,0.04000935038167697,-0.012786587004694467,6,2025Q1
2025-03-07,XLU,0.0869462595355146,-0.0076421673666552765,6,2025Q1
2025-03-07,XLV,0.028872430328911625,-0.006951539777511624,6,2025Q1
2025-03-07,XLY,0.011409753383236798,0.002195018865350917,6,2025Q1
2025-03-10,XLB,-0.008596557190772791,-0.007165504299270669,6,2025Q1
2025-03-10,XLC,-0.006506073277187441,0.0007334645963229833,6,2025Q1
2025-03-10,XLE,-0.01134977902897949,-0.007316647222215467,6,2025Q1
2025-03-10,XLF,0.01841240944759004,-0.0017499527010780818,6,2025Q1
2025-03-10,XLI,-0.011437950859149448,-0.0017154208466033096,6,2025Q1
2025-03-10,XLK,-0.02299639224147121,0.006156092801969798,6,2025Q1
2025-03-10,XLP,0.038206864950830255,-0.009117045420438001,6,2025Q1
2025-03-10,XLRE,0.0042000518212008675,-0.012976860780789317,6,2025Q1
2025-03-10,XLU,0.03946498043184521,-0.008162168676926228,6,2025Q1
2025-03-10,XLV,0.01086480768451581,-0.007975154535257878,6,2025Q1
2025-03-10,XLY,0.011008111674470578,0.0025078634390043493,6,2025Q1
2025-03-11,XLB,-0.02269257880366171,-0.006890607867451912,6,2025Q1
2025-03-11,XLC,0.0008502453526967324,0.0006528083947501106,6,2025Q1
2025-03-11,XLE,-0.01827841540206898,-0.007304368199449317,6,2025Q1
2025-03-11,XLF,0.02941713336240459,-0.002199834400689298,6,2025Q1
2025-03-11,XLI,0.0016344322698548241,0.00045668379176241674,6,2025Q1
2025-03-11,XLK,-0.0306501177070454,0.006255626795043101,6,2025Q1
2025-03-11,XLP,0.04407664016127022,-0.010265564079322078,6,2025Q1
2025-03-11,XLRE,-0.0021603127723514026,-0.013562068363146388,6,2025Q1
2025-03-11,XLU,0.051115115945507994,-0.008068482963024592,6,2025Q1
2025-03-11,XLV,0.017369620454354973,-0.00953808061393091,6,2025Q1
2025-03-11,XLY,0.0048290846791347875,0.0030879528537941423,6,2025Q1
2025-03-12,XLB,-0.03075867811351707,-0.006579676148402522,6,2025Q1
2025-03-12,XLC,-0.013571017546229247,4.852637322141874e-05,6,2025Q1
2025-03-12,XLE,-0.04340469217245946,-0.008253886615453948,6,2025Q1
2025-03-12,XLF,0.008902660636041282,-0.0026236446416414293,6,2025Q1
2025-03-12,XLI,-0.0074068643709351845,-4.6399372007637396e-05,6,2025Q1
2025-03-12,XLK,-0.018601974700569013,0.005088317777373933,6,2025Q1
2025-03-12,XLP,0.013447230036393365,-0.010878788426189265,6,2025Q1
2025-03-12,XLRE,-0.036156646811891346,-0.014081110148069856,6,2025Q1
2025-03-12,XLU,0.002790495869505749,-0.008929464735238195,6,2025Q1
2025-03-12,XLV,-0.02204669514291846,-0.009968360297894156,6,2025Q1
2025-03-12,XLY,0.00826616102354516,0.0020805177104772704,6,2025Q1
2025-03-13,XLB,-0.03015210871295393,-0.006578613263933408,6,2025Q1
2025-03-13,XLC,0.002913049565937076,0.0015064598496841845,6,2025Q1
2025-03-13,XLE,-0.06832498004339083,-0.006498857692060765,6,2025Q1
2025-03-13,XLF,0.016831227549909955,-0.0020205318764883475,6,2025Q1
2025-03-13,XLI,0.007596524612457745,0.0009448174158941733,6,2025Q1
2025-03-13,XLK,-0.015324512539299895,0.005938838150178982,6,2025Q1
2025-03-13,XLP,0.04892644315861694,-0.009760816556570816,6,2025Q1
2025-03-13,XLRE,-0.0074004346297765755,-0.012852397571920518,6,2025Q1
2025-03-13,XLU,0.023338240722261205,-0.008121017266570952,6,2025Q1
2025-03-13,XLV,-0.013482381060564541,-0.00948824642267805,6,2025Q1
2025-03-13,XLY,0.024271424144885922,0.0030583377172572882,6,2025Q1
2025-03-14,XLB,-0.012439577947890856,-0.007288878983261086,6,2025Q1
2025-03-14,XLC,-0.003684152637203675,0.0009589239878043856,6,2025Q1
2025-03-14,XLE,-0.06980453845978696,-0.007237483192536097,6,2025Q1
2025-03-14,XLF,0.013167567792591761,-0.002503318494386826,6,2025Q1
2025-03-14,XLI,0.009658105460949806,0.00036645660928573664,6,2025Q1
2025-03-14,XLK,-0.021574723830033338,0.004886858411320054,6,2025Q1
2025-03-14,XLP,0.0618608833943457,-0.0099651282116642,6,2025Q1
2025-03-14,XLRE,-0.009741219898455222,-0.01306551465244966,6,2025Q1
2025-03-14,XLU,0.01896448950134033,-0.00969126238639658,6,2025Q1
2025-03-14,XLV,-0.004316880025381442,-0.010291501841734812,6,2025Q1
2025-03-14,XLY,0.01581066362234007,0.002654364036137358,6,2025Q1
2025-03-17,XLB,-0.0147860404225294,-0.007602434200775012,6,2025Q1
2025-03-17,XLC,-0.005990217229039252,0.0009302233940771622,6,2025Q1
2025-03-17,XLE,-0.08239014740757156,-0.00814997925895673,6,2025Q1
2025-03-17,XLF,0.009903300996769282,-0.003022875947494469,6,2025Q1
2025-03-17,XLI,0.004590296200557065,0.00022182819839504866,6,2025Q1
2025-03-17,XLK,-0.02145894147503946,0.004860424159381793,6,2025Q1
2025-03-17,XLP,0.062438542428006394,-0.01027049585299049,6,2025Q1
2025-03-17,XLRE,-0.007476452914167875,-0.012881792533757814,6,2025Q1
2025-03-17,XLU,0.03035689478760084,-0.009696961120048225,6,2025Q1
2025-03-17,XLV,-0.006651578237258482,-0.010524909015460913,6,2025Q1
2025-03-17,XLY,0.015211090006117867,0.0027172963766112384,6,2025Q1
2025-03-18,XLB,-0.028229859578917327,-0.007167748691897932,6,2025Q1
2025-03-18,XLC,0.00210709011362864,0.0007506150912479498,6,2025Q1
2025-03-18,XLE,-0.09282465482086633,-0.009766375242433628,6,2025Q1
2025-03-18,XLF,0.005831177679319954,-0.003401929154988605,6,2025Q1
2025-03-18,XLI,-0.00020449180333581563,0.0001849333359338936,6,2025Q1
2025-03-18,XLK,-0.011348086373736077,0.005412242310582045,6,2025Q1
2025-03-18,XLP,0.05777772438445916,-0.009868520972409998,6,2025Q1
2025-03-18,XLRE,-0.007890752966039694,-0.013768358902148937,6,2025Q1
2025-03-18,XLU,0.02939444622061671,-0.010029904627753336,6,2025Q1
2025-03-18,XLV,-0.020585153684690827,-0.011586993496704636,6,2025Q1
2025-03-18,XLY,0.017954957825525808,0.002914855110112836,6,2025Q1
2025-03-19,XLB,-0.00715266486641164,-0.007321694641006441,6,2025Q1
2025-03-19,XLC,-0.0033328708512203598,0.0005790972692686141,6,2025Q1
2025-03-19,XLE,-0.06831877990158985,-0.00933501531587024,6,2025Q1
2025-03-19,XLF,0.011795148715715742,-0.003936847916559545,6,2025Q1
2025-03-19,XLI,0.00569758507059781,-0.0014214271053298454,6,2025Q1
2025-03-19,XLK,-0.02459275820183393,0.005232866873871394,6,2025Q1
2025-03-19,XLP,0.07826363032210748,-0.009898287605260032,6,2025Q1
2025-03-19,XLRE,0.02189549753880138,-0.013669189997422025,6,2025Q1
2025-03-19,XLU,0.04829358045287635,-0.008685494264858208,6,2025Q1
2025-03-19,XLV,0.0007702639196468519,-0.011115299455406735,6,2025Q1
2025-03-19,XLY,0.007355108480028072,0.002861014799540723,6,2025Q1
2025-03-20,XLB,0.001018189730659369,-0.008676975521237616,6,2025Q1
2025-03-20,XLC,0.0006447621841837448,0.0002890439398953008,6,2025Q1
2025-03-20,XLE,-0.056146703337196624,-0.009185067228783204,6,2025Q1
2025-03-20,XLF,0.008874524527579197,-0.004493094835182641,6,2025Q1
2025-03-20,XLI,0.011496895368997118,-0.00165110991145005,6,2025Q1
2025-03-20,XLK,-0.027058256544409742,0.005424999153463703,6,2025Q1
2025-03-20,XLP,0.10073623123522923,-0.009920780081241995,6,2025Q1
2025-03-20,XLRE,0.034041413148551025,-0.013348682432184731,6,2025Q1
2025-03-20,XLU,0.05030931731167809,-0.008420786843949736,6,2025Q1
2025-03-20,XLV,-0.009253809147694025,-0.01011336875880037,6,2025Q1
2025-03-20,XLY,0.011468682796484053,0.002928228199150317,6,2025Q1
2025-03-21,XLB,0.015747496144591144,-0.009210231200711683,6,2025Q1
2025-03-21,XLC,-0.0076834561044193395,-0.000886253442217497,6,2025Q1
2025-03-21,XLE,-0.053298493703733296,-0.010204920613817918,6,2025Q1
2025-03-21,XLF,0.011800992332137938,-0.00521980083399712,6,2025Q1
2025-03-21,XLI,0.015033315410037162,-0.002751105209570934,6,2025Q1
2025-03-21,XLK,-0.033059005080940285,0.005453283107873553,6,2025Q1
2025-03-21,XLP,0.11101874346451135,-0.011295666440989421,6,2025Q1
2025-03-21,XLRE,0.04306083423051865,-0.014430472561525633,6,2025Q1
2025-03-21,XLU,0.053023413528679786,-0.009671371771713224,6,2025Q1
2025-03-21,XLV,-0.006869654749108944,-0.010770187598762356,6,2025Q1
2025-03-21,XLY,0.002735191073326315,0.002712095211762639,6,2025Q1
2025-03-24,XLB,0.021948389999636664,-0.00988653295395507,6,2025Q1
2025-03-24,XLC,-0.0016157895436911263,-0.0023258993447939,6,2025Q1
2025-03-24,XLE,-0.04185088218131505,-0.01055669466860753,6,2025Q1
2025-03-24,XLF,0.02195286006528907,-0.006023239016578509,6,2025Q1
2025-03-24,XLI,0.009640122204703117,-0.0020943771463082105,6,2025Q1
2025-03-24,XLK,-0.0340810141426251,0.003272721362846016,6,2025Q1
2025-03-24,XLP,0.11734225862025394,-0.012755777181165155,6,2025Q1
2025-03-24,XLRE,0.048097191299229625,-0.016033401431796386,6,2025Q1
2025-03-24,XLU,0.07939924930998943,-0.01070805897681297,6,2025Q1
2025-03-24,XLV,-0.0005870634871930624,-0.01131893829912499,6,2025Q1
2025-03-24,XLY,-0.0071723932803570145,0.0012249571063161848,6,2025Q1
2025-03-25,XLB,0.011326692128779348,-0.009213456279707528,6,2025Q1
2025-03-25,XLC,-0.010568969540066697,-0.0014170871358209743,6,2025Q1
2025-03-25,XLE,-0.0590275523589634,-0.010693898721356645,6,2025Q1
2025-03-25,XLF,0.015841264861529925,-0.005299489975374837,6,2025Q1
2025-03-25,XLI,0.007864493690522223,-0.0015081704035326414,6,2025Q1
2025-03-25,XLK,-0.023436681007340976,0.003861996079599953,6,2025Q1
2025-03-25,XLP,0.10885212388874066,-0.011246310435682538,6,2025Q1
2025-03-25,XLRE,0.049007967328734026,-0.014966587424192438,6,2025Q1
2025-03-25,XLU,0.08790985254257444,-0.00881082940562747,6,2025Q1
2025-03-25,XLV,0.003908299460557041,-0.009936626059445682,6,2025Q1
2025-03-25,XLY,-0.00617845644433046,0.001654248209919592,6,2025Q1
2025-03-26,XLB,-0.0011698722541282347,-0.009547170211384825,6,2025Q1
2025-03-26,XLC,-0.015172236081524071,-0.0014832404941914892,6,2025Q1
2025-03-26,XLE,-0.08133864987119421,-0.011488911659455044,6,2025Q1
2025-03-26,XLF,-0.0018575762570738341,-0.004697475387818463,6,2025Q1
2025-03-26,XLI,0.004234892742873919,-0.0009768334690384447,6,2025Q1
2025-03-26,XLK,0.0008078794283000734,0.005963228175679628,6,2025Q1
2025-03-26,XLP,0.0529093211076711,-0.011678795083626126,6,2025Q1
2025-03-26,XLRE,0.015882089560411372,-0.015190908599005199,6,2025Q1
2025-03-26,XLU,0.051689518555177894,-0.008678810449050781,6,2025Q1
2025-03-26,XLV,-0.012264380370427208,-0.009937952972428995,6,2025Q1
2025-03-26,XLY,-0.006358934610047107,0.0013909819246774662,6,2025Q1
2025-03-27,XLB,-0.017408273359154958,-0.010645487033495485,6,2025Q1
2025-03-27,XLC,-0.014496456911909483,-0.0017110027262766752,6,2025Q1
2025-03-27,XLE,-0.08385529503512246,-0.010105140710120366,6,2025Q1
2025-03-27,XLF,-0.014054419256086637,-0.005668099310034227,6,2025Q1
2025-03-27,XLI,-0.0002064616843667766,-0.001366731642555693,6,2025Q1
2025-03-27,XLK,0.014617775716014969,0.004742396498333341,6,2025Q1
2025-03-27,XLP,0.029361859790625888,-0.012065754872717448,6,2025Q1
2025-03-27,XLRE,0.007267229758943672,-0.014961737527223578,6,2025Q1
2025-03-27,XLU,0.03932520070294043,-0.008778141205029781,6,2025Q1
2025-03-27,XLV,-0.018743395326313306,-0.010470471121641142,6,2025Q1
2025-03-27,XLY,0.0006664643983198548,0.0009781344755946258,6,2025Q1
2025-03-28,XLB,-0.018151387539142805,-0.008256232964581146,6,2025Q1
2025-03-28,XLC,-0.0019974815864761686,0.0003231686999362511,6,2025Q1
2025-03-28,XLE,-0.09369134999893647,-0.008950049253988174,6,2025Q1
2025-03-28,XLF,-0.012477543268807234,-0.004004900196746459,6,2025Q1
2025-03-28,XLI,0.0032011286526614224,0.00019233451093248995,6,2025Q1
2025-03-28,XLK,0.017135876429840935,0.006251735705936338,6,2025Q1
2025-03-28,XLP,0.010646174865350688,-0.010991805548847077,6,2025Q1
2025-03-28,XLRE,-0.006557343891649747,-0.0141326099452035,6,2025Q1
2025-03-28,XLU,0.01776127129392291,-0.007682093099383136,6,2025Q1
2025-03-28,XLV,-0.03230681588407203,-0.010143935488194384,6,2025Q1
2025-03-28,XLY,0.011853692942998317,0.0018510151886739512,6,2025Q1
2025-03-31,XLB,-0.02024569755209027,-0.009135858667975286,6,2025Q1
2025-03-31,XLC,-0.0017193449010884931,0.0007126497321167777,6,2025Q1
2025-03-31,XLE,-0.10565030656004559,-0.007585190600324286,6,2025Q1
2025-03-31,XLF,-0.013823526379092566,-0.0035104492274456917,6,2025Q1
2025-03-31,XLI,0.0030361304595661887,0.000840023214276503,6,2025Q1
2025-03-31,XLK,0.02175232438772301,0.006358691197255921,6,2025Q1
2025-03-31,XLP,0.0037983528879946826,-0.010073139939860396,6,2025Q1
2025-03-31,XLRE,-0.008618754218598368,-0.013507325581529936,6,2025Q1
2025-03-31,XLU,0.014770482789801309,-0.006581461236118209,6,2025Q1
2025-03-31,XLV,-0.037029289265665066,-0.009929105940147953,6,2025Q1
2025-03-31,XLY,0.017216994194854673,0.0018987666469306437,6,2025Q1
2025-04-01,XLB,-0.016463551556770928,-0.001807665948483042,7,2025Q2
2025-04-01,XLC,0.00037535453945181096,0.0057268555654821415,7,2025Q2
2025-04-01,XLE,-0.1321547327406668,-0.0027149228244246824,7,2025Q2
2025-04-01,XLF,-0.008437208951508346,0.004075574881188224,7,2025Q2
2025-04-01,XLI,0.006986148637590395,0.0062682585515559715,7,2025Q2
2025-04-01,XLK,0.020981976982488715,0.004745361209538165,7,2025Q2
2025-04-01,XLP,0.011951345877902253,0.000936023164250678,7,2025Q2
2025-04-01,XLRE,-0.002386804109725471,-0.0022257684973695383,7,2025Q2
2025-04-01,XLU,0.00956475532909784,0.004465124932142566,7,2025Q2
2025-04-01,XLV,-0.008560036007115635,0.003170635311407854,7,2025Q2
2025-04-01,XLY,0.00013510329134180932,0.0010398342678211725,7,2025Q2
2025-04-02,XLB,-0.029393262777063334,-0.002178616155342086,7,2025Q2
2025-04-02,XLC,0.0012178437620591342,0.006151263641437266,7,2025Q2
2025-04-02,XLE,-0.13089559396926975,-0.0029409321094793764,7,2025Q2
2025-04-02,XLF,-0.017392978478222743,0.003291829411151693,7,2025Q2
2025-04-02,XLI,0.004403653359647874,0.005748450648799588,7,2025Q2
2025-04-02,XLK,0.027516573019695567,0.004763661098891,7,2025Q2
2025-04-02,XLP,0.005444230619433665,-1.557554791521915e-05,7,2025Q2
2025-04-02,XLRE,-0.004967341277720583,-0.005912552822907185,7,2025Q2
2025-04-02,XLU,0.007065596188107981,0.0008062063540716982,7,2025Q2
2025-04-02,XLV,-0.042366783715186096,0.0010807755587365535,7,2025Q2
2025-04-02,XLY,-0.01367917282305986,-0.00021527423034623286,7,2025Q2
2025-04-03,XLB,-0.033741249754760005,-0.003432597951348687,7,2025Q2
2025-04-03,XLC,-0.003161218481737116,0.004308884769253089,7,2025Q2
2025-04-03,XLE,-0.11088558638455226,0.00045620378187774405,7,2025Q2
2025-04-03,XLF,-0.012603617479714613,0.0026770302658944405,7,2025Q2
2025-04-03,XLI,0.013359352046109052,0.003824377301780258,7,2025Q2
2025-04-03,XLK,0.053502914264859536,0.0035956720420039635,7,2025Q2
2025-04-03,XLP,-0.061617331741879444,-0.0021504144987938047,7,2025Q2
2025-04-03,XLRE,-0.028816390873619424,-0.00502766101160626,7,2025Q2
2025-04-03,XLU,-0.04549196432441627,0.0009225858816562409,7,2025Q2
2025-04-03,XLV,-0.08814755878876135,0.0004989029822617171,7,2025Q2
2025-04-03,XLY,-0.001567232817815123,-0.00047922927506071776,7,2025Q2
2025-04-04,XLB,-0.03280851892764347,-0.004238759246726047,7,2025Q2
2025-04-04,XLC,0.004211282610079747,0.004512643451354164,7,2025Q2
2025-04-04,XLE,-0.09315060085859006,-7.01895861136419e-05,7,2025Q2
2025-04-04,XLF,0.0033090026335469425,0.0030519207333183727,7,2025Q2
2025-04-04,XLI,0.026439177728330376,0.0033773896927531038,7,2025Q2
2025-04-04,XLK,0.06620128293387628,0.0035925734860738586,7,2025Q2
2025-04-04,XLP,-0.07662462928311098,0.001004250450741684,7,2025Q2
2025-04-04,XLRE,-0.040294368267806524,-0.006283670959424668,7,2025Q2
2025-04-04,XLU,-0.04788760622085442,0.00030441631630061705,7,2025Q2
2025-04-04,XLV,-0.09410169707826244,-0.0014232072236268645,7,2025Q2
2025-04-04,XLY,-0.024975513460509413,-0.0006531115315849493,7,2025Q2
2025-04-07,XLB,-0.0157638220080778,-0.0036993762949413915,7,2025Q2
2025-04-07,XLC,0.009792623033219261,0.004865910795633864,7,2025Q2
2025-04-07,XLE,-0.0788852565266287,0.0010446321042306376,7,2025Q2
2025-04-07,XLF,0.007097220500828172,0.0034552420930900754,7,2025Q2
2025-04-07,XLI,0.02908445857883213,0.0038525124951540634,7,2025Q2
2025-04-07,XLK,0.056773206339631566,0.004101928373241218,7,2025Q2
2025-04-07,XLP,-0.05889419644583982,0.0020951379339789584,7,2025Q2
2025-04-07,XLRE,-0.013996892742980105,-0.004614869013717339,7,2025Q2
2025-04-07,XLU,-0.010742640618880417,0.0008195527093060619,7,2025Q2
2025-04-07,XLV,-0.10893596560553276,-0.0009499610021455954,7,2025Q2
2025-04-07,XLY,-0.014222693707358625,-0.0001903473052752749,7,2025Q2
2025-04-08,XLB,-0.009616104539007964,-0.004100325956310222,7,2025Q2
2025-04-08,XLC,0.0011722255317165864,0.004648572236901363,7,2025Q2
2025-04-08,XLE,-0.07648934843527622,0.0010879461728688909,7,2025Q2
2025-04-08,XLF,-0.004346262533408085,0.003531713548827191,7,2025Q2
2025-04-08,XLI,0.0220364110287119,0.0038796025974829436,7,2025Q2
2025-04-08,XLK,0.07048855344283322,0.00419176712952014,7,2025Q2
2025-04-08,XLP,-0.06306643960119684,0.002490402526156736,7,2025Q2
2025-04-08,XLRE,-0.00943716037060538,-0.004706164304094577,7,2025Q2
2025-04-08,XLU,-0.02545471080974271,0.00048764921742977464,7,2025Q2
2025-04-08,XLV,-0.11235958116110467,-0.0010222679100035889,7,2025Q2
2025-04-08,XLY,-0.0012448736987487052,-0.00037742282344667053,7,2025Q2
2025-04-09,XLB,0.014362778929180253,-0.002590703916663495,7,2025Q2
2025-04-09,XLC,0.012065053237482193,0.004627217363263031,7,2025Q2
2025-04-09,XLE,-0.039072459063651865,0.002381072150482237,7,2025Q2
2025-04-09,XLF,0.025718849257042598,0.00388106625056685,7,2025Q2
2025-04-09,XLI,0.0429275605532935,0.005445054729341175,7,2025Q2
2025-04-09,XLK,0.038757537114528784,0.008300910767251236,7,2025Q2
2025-04-09,XLP,-0.003865983273095841,0.001966524069814375,7,2025Q2
2025-04-09,XLRE,0.02486685402601263,-0.0033598893716860244,7,2025Q2
2025-04-09,XLU,0.024397467813109808,0.002715869926315123,7,2025Q2
2025-04-09,XLV,-0.06326099441688326,0.0012015520639194824,7,2025Q2
2025-04-09,XLY,0.00020675790704327568,0.0012061833835044112,7,2025Q2
2025-04-10,XLB,0.005812580481371343,-0.002292072141159443,7,2025Q2
2025-04-10,XLC,-0.001981813812007127,0.006408656230594375,7,2025Q2
2025-04-10,XLE,-0.004996358739368656,0.00556701966565425,7,2025Q2
2025-04-10,XLF,0.010243931731459321,0.00418981725090085,7,2025Q2
2025-04-10,XLI,0.02640054116875712,0.005525236243312431,7,2025Q2
2025-04-10,XLK,0.04372035983471134,0.008669720470768461,7,2025Q2
2025-04-10,XLP,-0.05613423315842336,0.0012225564033173492,7,2025Q2
2025-04-10,XLRE,0.008364447333444103,-0.002998058177681657,7,2025Q2
2025-04-10,XLU,-0.011602987075779225,0.00145414106162605,7,2025Q2
2025-04-10,XLV,-0.09217768857634345,0.0015812448575011498,7,2025Q2
2025-04-10,XLY,0.0014279580485392351,0.001982058805130145,7,2025Q2
2025-04-11,XLB,-0.01708164571495563,-0.0023959356650792435,7,2025Q2
2025-04-11,XLC,-0.004979188123766631,0.006276264376254939,7,2025Q2
2025-04-11,XLE,-0.0197385097027869,0.0050374614209463715,7,2025Q2
2025-04-11,XLF,-0.0018706825228855806,0.00398870772418712,7,2025Q2
2025-04-11,XLI,0.02455175577479851,0.005358286941541544,7,2025Q2
2025-04-11,XLK,0.0561065043491602,0.008542371511183196,7,2025Q2
2025-04-11,XLP,-0.08340127992398672,-0.0013898761476507657,7,2025Q2
2025-04-11,XLRE,-0.02172036951852152,-0.0030724330067933795,7,2025Q2
2025-04-11,XLU,-0.04679087914855318,0.0017897284742496385,7,2025Q2
2025-04-11,XLV,-0.09851289910995753,0.0011598873929758238,7,2025Q2
2025-04-11,XLY,0.028049302409969945,0.0019968263366670434,7,2025Q2
2025-04-14,XLB,-0.031806625740517847,-0.0025798391876947885,7,2025Q2
2025-04-14,XLC,0.0017117658257708168,0.006147185808066483,7,2025Q2
2025-04-14,XLE,-0.005149705460812726,0.005163521699774347,7,2025Q2
2025-04-14,XLF,-0.005163608988812962,0.0039796802111179514,7,2025Q2
2025-04-14,XLI,0.024101543613270104,0.005149105960481675,7,2025Q2
2025-04-14,XLK,0.07365564737703822,0.008409165749733077,7,2025Q2
2025-04-14,XLP,-0.11029630999979156,-0.0020796422966644808,7,2025Q2
2025-04-14,XLRE,-0.0555834952455152,-0.0030404049065507702,7,2025Q2
2025-04-14,XLU,-0.06328614427909485,0.0026246326027629203,7,2025Q2
2025-04-14,XLV,-0.13665955650143535,0.0011464167152827809,7,2025Q2
2025-04-14,XLY,0.04293017257214471,0.00198172346013071,7,2025Q2
2025-04-15,XLB,-0.037665771166676576,-0.0026296167859816656,7,2025Q2
2025-04-15,XLC,0.00018247446607988493,0.005740983305267776,7,2025Q2
2025-04-15,XLE,-0.014535648153720437,0.004971031684572535,7,2025Q2
2025-04-15,XLF,-0.015327926139592218,0.0038620030867971755,7,2025Q2
2025-04-15,XLI,0.019814934184477995,0.005108367365410604,7,2025Q2
2025-04-15,XLK,0.07249666589191395,0.008451683715618115,7,2025Q2
2025-04-15,XLP,-0.11172550521464908,-0.0014895923514375389,7,2025Q2
2025-04-15,XLRE,-0.0703766592569568,-0.0032063552968187234,7,2025Q2
2025-04-15,XLU,-0.07211223182529425,0.002254432615328891,7,2025Q2
2025-04-15,XLV,-0.15775022935986827,0.0011462153299014958,7,2025Q2
2025-04-15,XLY,0.05107744726973218,0.002211063760317847,7,2025Q2
2025-04-16,XLB,-0.048834696161092817,-0.0024902952530066608,7,2025Q2
2025-04-16,XLC,0.004585376885121395,0.006109626563038522,7,2025Q2
2025-04-16,XLE,-0.04912052487663132,0.0045075271240753514,7,2025Q2
2025-04-16,XLF,-0.021188922351473183,0.004036288455332783,7,2025Q2
2025-04-16,XLI,0.017474274631313236,0.005466338728552435,7,2025Q2
2025-04-16,XLK,0.08579246267072249,0.008749191997631328,7,2025Q2
2025-04-16,XLP,-0.11104805000203921,0.00074114788414619,7,2025Q2
2025-04-16,XLRE,-0.08133487464506861,-0.003220724038090441,7,2025Q2
2025-04-16,XLU,-0.07118214657895572,0.0024012120906732855,7,2025Q2
2025-04-16,XLV,-0.1660500315111758,0.0012147620975884116,7,2025Q2
2025-04-16,XLY,0.04710199814309468,0.002546795557058803,7,2025Q2
2025-04-17,XLB,-0.05075937289578136,-0.002529125851886263,7,2025Q2
2025-04-17,XLC,-0.0005216578703315378,0.006226476046047314,7,2025Q2
2025-04-17,XLE,-0.07994359291895359,0.004247872707365234,7,2025Q2
2025-04-17,XLF,-0.022882986260571947,0.004010622487588852,7,2025Q2
2025-04-17,XLI,0.01870808477237862,0.005735064916371243,7,2025Q2
2025-04-17,XLK,0.08915215599201431,0.008356576221510401,7,2025Q2
2025-04-17,XLP,-0.1263350514710051,-0.0003375421393393748,7,2025Q2
2025-04-17,XLRE,-0.09021181772121656,-0.005010575386168781,7,2025Q2
2025-04-17,XLU,-0.07207227818011774,0.0008927877593989926,7,2025Q2
2025-04-17,XLV,-0.1464914331371664,0.0014771755096683464,7,2025Q2
2025-04-17,XLY,0.04527814618270676,0.00242193064868462,7,2025Q2
2025-04-21,XLB,-0.06010621015733997,-0.0022102821669452628,7,2025Q2
2025-04-21,XLC,-0.002201940584356743,0.006298108045698459,7,2025Q2
2025-04-21,XLE,-0.0945698744664909,0.004419170946497308,7,2025Q2
2025-04-21,XLF,-0.02678831262978698,0.0044755243039892095,7,2025Q2
2025-04-21,XLI,0.02024446479612818,0.0059094979281702036,7,2025Q2
2025-04-21,XLK,0.09083726739950637,0.00862167047121037,7,2025Q2
2025-04-21,XLP,-0.14252095699326994,-0.0005136980614216693,7,2025Q2
2025-04-21,XLRE,-0.09470305530294221,-0.0044732271447404034,7,2025Q2
2025-04-21,XLU,-0.07064380355653421,0.00133725484652856,7,2025Q2
2025-04-21,XLV,-0.14398823618997847,0.0013154719956904619,7,2025Q2
2025-04-21,XLY,0.04586988609877807,0.002927151932946262,7,2025Q2
2025-04-22,XLB,-0.053885855432853846,-0.0027855702389889825,7,2025Q2
2025-04-22,XLC,-0.001187502594036216,0.005979006779613491,7,2025Q2
2025-04-22,XLE,-0.09738880828953955,0.004459355240767399,7,2025Q2
2025-04-22,XLF,-0.0357847200354231,0.00425411390711689,7,2025Q2
2025-04-22,XLI,0.02899494975492556,0.005655259995055183,7,2025Q2
2025-04-22,XLK,0.08970325904917908,0.008804525117482143,7,2025Q2
2025-04-22,XLP,-0.12004172409148861,-0.0012707810116183806,7,2025Q2
2025-04-22,XLRE,-0.08829842368736607,-0.0049627287956487375,7,2025Q2
2025-04-22,XLU,-0.06326530984425727,0.0005071482300093124,7,2025Q2
2025-04-22,XLV,-0.12708463800609993,0.0008353807224910212,7,2025Q2
2025-04-22,XLY,0.03603421744409685,0.003102106643318712,7,2025Q2
2025-04-23,XLB,-0.033620521565047135,-0.0028183058195131016,7,2025Q2
2025-04-23,XLC,0.008644566580983781,0.0058995073536834905,7,2025Q2
2025-04-23,XLE,-0.07863288153195169,0.004363736203931604,7,2025Q2
2025-04-23,XLF,-0.03474751378483987,0.003928300527868278,7,2025Q2
2025-04-23,XLI,0.03129522622050196,0.005317911327057809,7,2025Q2
2025-04-23,XLK,0.06914257048272576,0.008021558228354483,7,2025Q2
2025-04-23,XLP,-0.09019316455369952,0.0006455216337079984,7,2025Q2
2025-04-23,XLRE,-0.08119044099117123,-0.0034285839636129843,7,2025Q2
2025-04-23,XLU,-0.051197492377140996,9.154045985245557e-05,7,2025Q2
2025-04-23,XLV,-0.11917874649259275,9.059441312720545e-05,7,2025Q2
2025-04-23,XLY,0.023471061574364516,0.003024595664198831,7,2025Q2
2025-04-24,XLB,-0.034987137083408504,-0.002649588324685029,7,2025Q2
2025-04-24,XLC,0.00678849026697903,0.004817969759284616,7,2025Q2
2025-04-24,XLE,-0.07639594771118585,0.004351828899435833,7,2025Q2
2025-04-24,XLF,-0.025546254486610298,0.0030368928594136048,7,2025Q2
2025-04-24,XLI,0.028519010729129324,0.005029102471274329,7,2025Q2
2025-04-24,XLK,0.0498074872793659,0.0076448632299733555,7,2025Q2
2025-04-24,XLP,-0.06349800818563178,0.0005493870764770119,7,2025Q2
2025-04-24,XLRE,-0.06559705951656336,-0.003184294402946629,7,2025Q2
2025-04-24,XLU,-0.04555001913654744,-0.0005334184274675558,7,2025Q2
2025-04-24,XLV,-0.11636780668833369,0.00045533325417450483,7,2025Q2
2025-04-24,XLY,0.028466674991173724,0.004311460392130451,7,2025Q2
2025-04-25,XLB,-0.014424363148580976,-0.0022651336984742783,7,2025Q2
2025-04-25,XLC,0.010081182191509885,0.004701453368166289,7,2025Q2
2025-04-25,XLE,-0.05655843044910114,0.004510945624107782,7,2025Q2
2025-04-25,XLF,-0.009429419844980913,0.0025925897350886134,7,2025Q2
2025-04-25,XLI,0.03991733226567695,0.0053076350380372546,7,2025Q2
2025-04-25,XLK,0.036270816543388706,0.007627330749626435,7,2025Q2
2025-04-25,XLP,-0.042302185831279315,0.0012254125295242204,7,2025Q2
2025-04-25,XLRE,-0.048989433339645894,-0.0036059035130945587,7,2025Q2
2025-04-25,XLU,-0.015263119427065597,0.0007548842636349552,7,2025Q2
2025-04-25,XLV,-0.10755280227603059,0.0008076894619921888,7,2025Q2
2025-04-25,XLY,0.014339037798342558,0.004320858095232178,7,2025Q2
2025-04-28,XLB,-0.0196378549218732,-0.0023805770666426637,7,2025Q2
2025-04-28,XLC,0.001798107930250259,0.004443835452858994,7,2025Q2
2025-04-28,XLE,-0.07641385060083705,0.004656914175612783,7,2025Q2
2025-04-28,XLF,-0.015862589473090383,0.0022615656152235077,7,2025Q2
2025-04-28,XLI,0.03399423135590096,0.0051315136636537004,7,2025Q2
2025-04-28,XLK,0.04248921096032121,0.007899006475388813,7,2025Q2
2025-04-28,XLP,-0.051191187721675524,0.0022080896299729725,7,2025Q2
2025-04-28,XLRE,-0.06016309539543929,-0.002947211321357215,7,2025Q2
2025-04-28,XLU,-0.03528953907149779,0.0010049544601051154,7,2025Q2
2025-04-28,XLV,-0.11962430880466635,0.0009180426912824531,7,2025Q2
2025-04-28,XLY,0.023971920601245866,0.004481352072125402,7,2025Q2
2025-04-29,XLB,-0.02971848643720043,-0.002000495034393343,7,2025Q2
2025-04-29,XLC,0.006702066700188025,0.0044931680351251,7,2025Q2
2025-04-29,XLE,-0.07332655971447144,0.00503664301917409,7,2025Q2
2025-04-29,XLF,-0.020822692244086616,0.002009411711590764,7,2025Q2
2025-04-29,XLI,0.03429350609252069,0.004474102558732621,7,2025Q2
2025-04-29,XLK,0.04561030791303411,0.00819833732477368,7,2025Q2
2025-04-29,XLP,-0.05362507309313491,0.0011476027345222847,7,2025Q2
2025-04-29,XLRE,-0.055407048676889614,-0.002897418969891921,7,2025Q2
2025-04-29,XLU,-0.044761326238734966,0.00022417089556859052,7,2025Q2
2025-04-29,XLV,-0.1162743425582976,0.0012496010225841354,7,2025Q2
2025-04-29,XLY,0.019147254715666362,0.004237798153860827,7,2025Q2
2025-04-30,XLB,-0.034949348608445785,-0.002625742032729676,7,2025Q2
2025-04-30,XLC,-0.005988115596349486,0.004067153771029657,7,2025Q2
2025-04-30,XLE,-0.04217170204525167,0.004313588884205166,7,2025Q2
2025-04-30,XLF,-0.02117205362148522,0.0018400443804811191,7,2025Q2
2025-04-30,XLI,0.02368023122124563,0.0038263584594957246,7,2025Q2
2025-04-30,XLK,0.03912253785947284,0.007755409048305697,7,2025Q2
2025-04-30,XLP,-0.06061332810989262,0.0002910319232398641,7,2025Q2
2025-04-30,XLRE,-0.054591956808911046,-0.0034401042016501127,7,2025Q2
2025-04-30,XLU,-0.03627840209012345,0.0014453591285317087,7,2025Q2
2025-04-30,XLV,-0.12176980371546531,0.0006753203912721484,7,2025Q2
2025-04-30,XLY,0.025744929723017007,0.003966595469748781,7,2025Q2
2025-05-01,XLB,-0.0216011844964763,-0.0027988035609925015,7,2025Q2
2025-05-01,XLC,0.0016551919801450765,0.004007907182651758,7,2025Q2
2025-05-01,XLE,-0.046330898847221746,0.003996553729543268,7,2025Q2
2025-05-01,XLF,-0.010032218979234786,0.0014153528804906278,7,2025Q2
2025-05-01,XLI,0.024885563336777494,0.00384174370607234,7,2025Q2
2025-05-01,XLK,0.02846453452150821,0.007486201306542201,7,2025Q2
2025-05-01,XLP,-0.03428567065576349,0.0007541882402112049,7,2025Q2
2025-05-01,XLRE,-0.04788124521454806,-0.003964245088448725,7,2025Q2
2025-05-01,XLU,-0.02010711682665889,0.0009767037909819965,7,2025Q2
2025-05-01,XLV,-0.08463955699640902,0.00025949619034999934,7,2025Q2
2025-05-01,XLY,0.02252706175347674,0.0037534647084829465,7,2025Q2
2025-05-02,XLB,-0.023179723626379545,-0.0016992931833808029,7,2025Q2
2025-05-02,XLC,0.00019987409225352692,0.005028891715213672,7,2025Q2
2025-05-02,XLE,-0.03822375612855611,0.004561802784357694,7,2025Q2
2025-05-02,XLF,-0.021268891441144966,0.0024945841714540777,7,2025Q2
2025-05-02,XLI,0.014103451907388598,0.004702898677488361,7,2025Q2
2025-05-02,XLK,0.02964853747038876,0.008498984044705907,7,2025Q2
2025-05-02,XLP,-0.02960217220893835,0.0010536479991475147,7,2025Q2
2025-05-02,XLRE,-0.04912547449221072,-0.0028904009436836707,7,2025Q2
2025-05-02,XLU,-0.015316356892868033,0.0010760704263944262,7,2025Q2
2025-05-02,XLV,-0.08772695025483013,0.0012705511630822482,7,2025Q2
2025-05-02,XLY,0.018106587549665765,0.004744346540490624,7,2025Q2
2025-05-05,XLB,-0.01700954488087958,-0.0015406131569108946,7,2025Q2
2025-05-05,XLC,-0.0172631924310489,0.006045481249360683,7,2025Q2
2025-05-05,XLE,-0.019555318257536536,0.004576638670871092,7,2025Q2
2025-05-05,XLF,-0.024644666787155156,0.0018984092329692509,7,2025Q2
2025-05-05,XLI,0.009692167171676092,0.004341516079845406,7,2025Q2
2025-05-05,XLK,0.03960328678970315,0.008521625999200363,7,2025Q2
2025-05-05,XLP,-0.0417405957255641,0.0015200180045958334,7,2025Q2
2025-05-05,XLRE,-0.06354684684854195,-0.002604440396923117,7,2025Q2
2025-05-05,XLU,-0.02198966362413657,0.0010802449334090705,7,2025Q2
2025-05-05,XLV,-0.09480764576397283,0.001054174027214679,7,2025Q2
2025-05-05,XLY,0.023221495954655946,0.00508410515037948,7,2025Q2
2025-05-06,XLB,-0.014109953707366563,-0.0019847856824441543,7,2025Q2
2025-05-06,XLC,-0.01902200806208043,0.0052443586865594805,7,2025Q2
2025-05-06,XLE,-0.04868639277765374,0.004404884043491859,7,2025Q2
2025-05-06,XLF,-0.03328891737671036,0.0018547279668073618,7,2025Q2
2025-05-06,XLI,0.01109956022707359,0.003909402517398866,7,2025Q2
2025-05-06,XLK,0.041805085706224654,0.008268826158340067,7,2025Q2
2025-05-06,XLP,-0.05575142580971848,0.0019610112441462127,7,2025Q2
2025-05-06,XLRE,-0.06211799216643077,-0.0026574976557309548,7,2025Q2
2025-05-06,XLU,-0.060981474744866926,-0.001139228557115444,7,2025Q2
2025-05-06,XLV,-0.07418808321540227,0.0002340101142936698,7,2025Q2
2025-05-06,XLY,0.021228050961428657,0.004614120669827217,7,2025Q2
2025-05-07,XLB,-0.004943183811492169,-0.0020842631486175977,7,2025Q2
2025-05-07,XLC,-0.00605226558905847,0.00597352784703166,7,2025Q2
2025-05-07,XLE,-0.040460208161910094,0.004229192549176031,7,2025Q2
2025-05-07,XLF,-0.03258060892034598,0.0017514390699744716,7,2025Q2
2025-05-07,XLI,0.01449050919705952,0.0038875777682973118,7,2025Q2
2025-05-07,XLK,0.03730935205110919,0.008215666079132291,7,2025Q2
2025-05-07,XLP,-0.05746119274050221,0.0026733834081713,7,2025Q2
2025-05-07,XLRE,-0.052035225681621,-0.002530325171613137,7,2025Q2
2025-05-07,XLU,-0.05585683314533485,-0.0003453669974781456,7,2025Q2
2025-05-07,XLV,-0.0734698856451701,0.0004306631983178053,7,2025Q2
2025-05-07,XLY,-0.004810777928463406,0.004232207740319631,7,2025Q2
2025-05-08,XLB,-0.01952488969527444,-0.0010972633109416798,7,2025Q2
2025-05-08,XLC,0.0014200074945833752,0.006079807073235617,7,2025Q2
2025-05-08,XLE,-0.038256058664144055,0.004448262089186875,7,2025Q2
2025-05-08,XLF,-0.03183243595641572,0.001961819690740085,7,2025Q2
2025-05-08,XLI,0.005349585468279239,0.004518668794223407,7,2025Q2
2025-05-08,XLK,0.03373472946942413,0.008502515806579864,7,2025Q2
2025-05-08,XLP,-0.05650288948582127,0.004488345660624575,7,2025Q2
2025-05-08,XLRE,-0.04773964538847353,-0.0014195394026326868,7,2025Q2
2025-05-08,XLU,-0.046704189225118764,0.0024000566459008573,7,2025Q2
2025-05-08,XLV,-0.05852300374930719,0.0010782785245694246,7,2025Q2
2025-05-08,XLY,-0.007045697903210746,0.004361543180413235,7,2025Q2
2025-05-09,XLB,-0.017565059295661767,-0.00017105539964944877,7,2025Q2
2025-05-09,XLC,0.0014860173962847334,0.007200837259480281,7,2025Q2
2025-05-09,XLE,-0.04879190743067552,0.005038624781324438,7,2025Q2
2025-05-09,XLF,-0.03975780446937627,0.0029136435931579217,7,2025Q2
2025-05-09,XLI,0.0012235954229915524,0.004877181654831943,7,2025Q2
2025-05-09,XLK,0.03815942627671287,0.00881761299064282,7,2025Q2
2025-05-09,XLP,-0.05434101788964485,0.0046694199102388055,7,2025Q2
2025-05-09,XLRE,-0.05661365261057383,-0.0011329027275775666,7,2025Q2
2025-05-09,XLU,-0.05726290049297811,0.0027479626485660746,7,2025Q2
2025-05-09,XLV,-0.05154253520956997,0.0016939000755826668,7,2025Q2
2025-05-09,XLY,-0.006004067683565761,0.005036249262280038,7,2025Q2
2025-05-12,XLB,-0.0067210312973826625,0.0002344193061536888,7,2025Q2
2025-05-12,XLC,0.021184878952718034,0.006118977710708384,7,2025Q2
2025-05-12,XLE,-0.02878518184103318,0.004799717473350593,7,2025Q2
2025-05-12,XLF,-0.030725271525731124,0.0015360835634423003,7,2025Q2
2025-05-12,XLI,-0.00687653322855275,0.003759371665176056,7,2025Q2
2025-05-12,XLK,0.023378979849483672,0.0094159883189045,7,2025Q2
2025-05-12,XLP,-0.025451273328595425,0.004915672668865775,7,2025Q2
2025-05-12,XLRE,-0.02053471210951341,-0.0006859437121056987,7,2025Q2
2025-05-12,XLU,-0.02066890821523759,0.00407361402016491,7,2025Q2
2025-05-12,XLV,-0.0365197115814998,0.002209453609766171,7,2025Q2
2025-05-12,XLY,-0.015822356983436814,0.005538478165471618,7,2025Q2
2025-05-13,XLB,-0.0020919752911892076,-0.0003171197836010012,7,2025Q2
2025-05-13,XLC,0.01828416468773586,0.005648820562373289,7,2025Q2
2025-05-13,XLE,-0.01867996376503811,0.004660196307846469,7,2025Q2
2025-05-13,XLF,-0.026308860372480924,0.0011528443540112215,7,2025Q2
2025-05-13,XLI,-0.00379138728161732,0.0007898892132457051,7,2025Q2
2025-05-13,XLK,0.008444482552318222,0.00791971644373338,7,2025Q2
2025-05-13,XLP,-0.005478241323620958,0.004979416369375418,7,2025Q2
2025-05-13,XLRE,-0.002596181993774538,-0.0016721382019195515,7,2025Q2
2025-05-13,XLU,-0.00892348062032533,0.0036287015102559267,7,2025Q2
2025-05-13,XLV,0.004680226848809532,0.0007006519750404408,7,2025Q2
2025-05-13,XLY,-0.027343953130701926,0.005093049048593843,7,2025Q2
2025-05-14,XLB,0.008957384633123011,1.9427919569607772e-05,7,2025Q2
2025-05-14,XLC,0.0016963602616613116,0.0056027967366845035,7,2025Q2
2025-05-14,XLE,-0.011783694807044887,0.004699507095481191,7,2025Q2
2025-05-14,XLF,-0.026324313578827585,0.0013042578215833368,7,2025Q2
2025-05-14,XLI,-0.004315825641382887,0.0034719629748357645,7,2025Q2
2025-05-14,XLK,0.008546179327346248,0.007869664337811087,7,2025Q2
2025-05-14,XLP,0.003311564241135212,0.005338324574459397,7,2025Q2
2025-05-14,XLRE,0.0090712223631364,-0.0013016116885015677,7,2025Q2
2025-05-14,XLU,0.005158611960750958,0.003819004141104928,7,2025Q2
2025-05-14,XLV,0.03493473312499962,0.0007902016041424773,7,2025Q2
2025-05-14,XLY,-0.038607625435400195,0.0051096299378491986,7,2025Q2
2025-05-15,XLB,0.0029658998288639715,0.00016837228957359077,7,2025Q2
2025-05-15,XLC,0.003663231029718217,0.005612919130533314,7,2025Q2
2025-05-15,XLE,0.01800927706971156,0.004488488169375462,7,2025Q2
2025-05-15,XLF,-0.036817139792593045,0.0012414109146764328,7,2025Q2
2025-05-15,XLI,-0.007629289667445693,0.0009465197273983043,7,2025Q2
2025-05-15,XLK,0.009056114203465748,0.0074996101846445,7,2025Q2
2025-05-15,XLP,-0.013294498122814913,0.00465907213265737,7,2025Q2
2025-05-15,XLRE,-0.0014352328315714313,-0.0007869323390743109,7,2025Q2
2025-05-15,XLU,-0.005766812707278524,0.004090413700528312,7,2025Q2
2025-05-15,XLV,0.03238548727309043,0.0010862197480530217,7,2025Q2
2025-05-15,XLY,-0.02911627153896934,0.005389158074868092,7,2025Q2
2025-05-16,XLB,-0.001979502798543864,7.240932512796519e-06,7,2025Q2
2025-05-16,XLC,0.010881000123087015,0.005564816932138855,7,2025Q2
2025-05-16,XLE,0.013337508251264563,0.004419521043236884,7,2025Q2
2025-05-16,XLF,-0.03481790668978246,0.001021591852325829,7,2025Q2
2025-05-16,XLI,-0.015314549665170984,-0.0015165493800828414,7,2025Q2
2025-05-16,XLK,0.02042580312771003,0.008091885065132925,7,2025Q2
2025-05-16,XLP,-0.024628301434806987,0.004236683596341105,7,2025Q2
2025-05-16,XLRE,-0.01617559762621612,-0.000948221906822113,7,2025Q2
2025-05-16,XLU,-0.028386645662676235,0.0011964285858401316,7,2025Q2
2025-05-16,XLV,0.0054146376882004965,0.0013498776836121636,7,2025Q2
2025-05-16,XLY,-0.03103979190767614,0.005088012804408321,7,2025Q2
2025-05-19,XLB,-0.004619924394211328,0.0003650288485403134,7,2025Q2
2025-05-19,XLC,0.010610485056280261,0.006092362326048278,7,2025Q2
2025-05-19,XLE,0.0463421201470815,0.0064438470334885894,7,2025Q2
2025-05-19,XLF,-0.03123916157922324,0.0013206189038388679,7,2025Q2
2025-05-19,XLI,-0.016427428004747613,-5.2933731526615016e-05,7,2025Q2
2025-05-19,XLK,0.024358444229619636,0.008598081162018285,7,2025Q2
2025-05-19,XLP,-0.026130899380170658,0.004929951826778552,7,2025Q2
2025-05-19,XLRE,-0.012581346981224706,-0.000575314690457733,7,2025Q2
2025-05-19,XLU,-0.03091997458169704,0.0010035521003649223,7,2025Q2
2025-05-19,XLV,-0.011203261123707509,0.002183160743601523,7,2025Q2
2025-05-19,XLY,-0.035956801838113894,0.0061245893615919506,7,2025Q2
2025-05-20,XLB,-0.009004888217589713,0.00030197876602943916,7,2025Q2
2025-05-20,XLC,0.010362628333337343,0.005985229415033825,7,2025Q2
2025-05-20,XLE,0.04597229720283047,0.005702978378591633,7,2025Q2
2025-05-20,XLF,-0.029557610610982166,0.003022222030168889,7,2025Q2
2025-05-20,XLI,-0.018455305433224267,0.0005866450308484319,7,2025Q2
2025-05-20,XLK,0.026237281846123617,0.008589141579851892,7,2025Q2
2025-05-20,XLP,-0.034013448395641244,0.004344475348160841,7,2025Q2
2025-05-20,XLRE,-0.008697371792594666,-0.0010574177634319754,7,2025Q2
2025-05-20,XLU,-0.03444275730351953,0.00014126755349122186,7,2025Q2
2025-05-20,XLV,-0.018581163217027075,0.002174509860156007,7,2025Q2
2025-05-20,XLY,-0.033664587557888925,0.006118169685457642,7,2025Q2
2025-05-21,XLB,-0.014241715012350387,-0.00030772507234567894,7,2025Q2
2025-05-21,XLC,-6.295297820391177e-05,0.006170817096787159,7,2025Q2
2025-05-21,XLE,0.06486765348777257,0.005713285810049033,7,2025Q2
2025-05-21,XLF,-0.018201114386163786,0.0033085027828259417,7,2025Q2
2025-05-21,XLI,-0.01216309498924062,0.0011548246278932001,7,2025Q2
2025-05-21,XLK,0.029517216988999007,0.009517133189911643,7,2025Q2
2025-05-21,XLP,-0.02718735772209624,0.0045915468602550375,7,2025Q2
2025-05-21,XLRE,0.006406468232635687,-0.001112440638007908,7,2025Q2
2025-05-21,XLU,-0.02550000650716122,0.0029499554928363887,7,2025Q2
2025-05-21,XLV,-0.011841103226086336,0.0022856796718130554,7,2025Q2
2025-05-21,XLY,-0.024176079245073145,0.006052629270211463,7,2025Q2
2025-05-22,XLB,-0.016797222616110163,-0.0001186941396610795,7,2025Q2
2025-05-22,XLC,0.0029328410419653395,0.00623016332656345,7,2025Q2
2025-05-22,XLE,0.0233543408624457,0.0055529344236137194,7,2025Q2
2025-05-22,XLF,-0.01751195047295262,0.003136672505136934,7,2025Q2
2025-05-22,XLI,-0.011068379772123604,0.0016627451067410906,7,2025Q2
2025-05-22,XLK,0.029781062407311376,0.009826611612497949,7,2025Q2
2025-05-22,XLP,-0.028027906717523976,0.0044208827984680964,7,2025Q2
2025-05-22,XLRE,0.005937749207801879,-0.0014170631026238873,7,2025Q2
2025-05-22,XLU,-0.015025709279819388,0.0041472171527864666,7,2025Q2
2025-05-22,XLV,-0.01692547933936317,0.0024258481736729298,7,2025Q2
2025-05-22,XLY,-0.02060153964241196,0.005941692853355288,7,2025Q2
2025-05-23,XLB,-0.024909736053958298,-0.0007972063023322408,7,2025Q2
2025-05-23,XLC,0.00252420713193513,0.005733382552927459,7,2025Q2
2025-05-23,XLE,-0.012166115186626802,0.004925220260513058,7,2025Q2
2025-05-23,XLF,-0.017210783897596338,0.002454287109586814,7,2025Q2
2025-05-23,XLI,-0.017744000592142317,0.0010797350391297447,7,2025Q2
2025-05-23,XLK,0.042295179034141483,0.008899958844925063,7,2025Q2
2025-05-23,XLP,-0.05108903799643871,0.003326659301930724,7,2025Q2
2025-05-23,XLRE,-0.007918009742617471,-0.0019790970291094154,7,2025Q2
2025-05-23,XLU,-0.04124184782503337,0.0007138018179512794,7,2025Q2
2025-05-23,XLV,-0.02138770257505218,0.0018794570907787198,7,2025Q2
2025-05-23,XLY,-0.024328992060191013,0.0053082478912462915,7,2025Q2
2025-05-27,XLB,-0.03137293814652997,-0.000378978501842815,7,2025Q2
2025-05-27,XLC,0.006278908339173439,0.005176751201285046,7,2025Q2
2025-05-27,XLE,-0.004766046873774243,0.0058195931323022,7,2025Q2
2025-05-27,XLF,-0.01759043941198324,0.00240829021210176,7,2025Q2
2025-05-27,XLI,-0.023735536324983153,0.0004295679631835888,7,2025Q2
2025-05-27,XLK,0.04684360248200137,0.006704218985694272,7,2025Q2
2025-05-27,XLP,-0.05251914775404232,0.003533030586588545,7,2025Q2
2025-05-27,XLRE,-0.028951717081368233,-0.0009154942730865041,7,2025Q2
2025-05-27,XLU,-0.04134108586115226,0.0014801796765708155,7,2025Q2
2025-05-27,XLV,-0.013849280417227439,0.0018859217509091981,7,2025Q2
2025-05-27,XLY,-0.0446293789263823,0.004871402630087756,7,2025Q2
2025-05-28,XLB,-0.02049427950761773,-0.0009934867398300237,7,2025Q2
2025-05-28,XLC,0.004408054003654405,0.004731132476025178,7,2025Q2
2025-05-28,XLE,0.009141047505796474,0.005291244808967664,7,2025Q2
2025-05-28,XLF,-0.017353179162082455,0.0022691563449983455,7,2025Q2
2025-05-28,XLI,-0.021858695693934838,-7.341200710702289e-05,7,2025Q2
2025-05-28,XLK,0.04468177772906201,0.004795227616345522,7,2025Q2
2025-05-28,XLP,-0.06076024697731863,0.0029645627964765046,7,2025Q2
2025-05-28,XLRE,-0.049303734624091544,-0.001774177825750135,7,2025Q2
2025-05-28,XLU,-0.033125933135087715,0.00246646408352062,7,2025Q2
2025-05-28,XLV,-0.020233610516276812,0.0010003107182116385,7,2025Q2
2025-05-28,XLY,-0.04046829311821898,0.0041853088682952165,7,2025Q2
2025-05-29,XLB,-0.024061826949485665,-0.0012816188226243445,7,2025Q2
2025-05-29,XLC,0.02421774952218536,0.005933103991271914,7,2025Q2
2025-05-29,XLE,-0.00517602951762286,0.005268348427367614,7,2025Q2
2025-05-29,XLF,-0.020696427823017505,0.0008504973119179266,7,2025Q2
2025-05-29,XLI,-0.013686706378404745,-0.0007246611044711752,7,2025Q2
2025-05-29,XLK,0.04049976073780015,0.0040088940597162795,7,2025Q2
2025-05-29,XLP,-0.06113092661932962,0.0023793070521980733,7,2025Q2
2025-05-29,XLRE,-0.05580436619758666,-0.0017515854038883403,7,2025Q2
2025-05-29,XLU,-0.039172348274127744,-0.0007578830195480778,7,2025Q2
2025-05-29,XLV,-0.030270433105829886,0.0011093209619368258,7,2025Q2
2025-05-29,XLY,-0.025292463701706014,0.003200728369116692,7,2025Q2
2025-05-30,XLB,-0.031261499902238254,-0.0013408920988685555,7,2025Q2
2025-05-30,XLC,0.022028369651596602,0.005751778533687715,7,2025Q2
2025-05-30,XLE,-0.00805662223556336,0.005196151779493174,7,2025Q2
2025-05-30,XLF,-0.02061845239082971,0.0013146122584378219,7,2025Q2
2025-05-30,XLI,-0.01537865597782817,1.896800269717469e-05,7,2025Q2
2025-05-30,XLK,0.04837382456512507,0.005790214629593407,7,2025Q2
2025-05-30,XLP,-0.07074284421983168,0.0026316725870765612,7,2025Q2
2025-05-30,XLRE,-0.05571592056573438,-0.0014910318293267283,7,2025Q2
2025-05-30,XLU,-0.051461040327446805,-0.0018660690956821728,7,2025Q2
2025-05-30,XLV,-0.03207792390329112,0.00149819712492607,7,2025Q2
2025-05-30,XLY,-0.0317764544849537,0.0047308087882169895,7,2025Q2
2025-06-02,XLB,-0.004887354879342887,-0.0014484274820587813,7,2025Q2
2025-06-02,XLC,0.015429446843592043,0.005173951214052268,7,2025Q2
2025-06-02,XLE,-0.00745321597686277,0.004961784562973116,7,2025Q2
2025-06-02,XLF,-0.009123813666504166,0.00037913540857831426,7,2025Q2
2025-06-02,XLI,-0.004430689533278631,-0.0008207667849031074,7,2025Q2
2025-06-02,XLK,0.03527774240668702,0.0030819654718234014,7,2025Q2
2025-06-02,XLP,-0.0529369866724978,0.0027526642487129918,7,2025Q2
2025-06-02,XLRE,-0.04423153858262763,-0.0014606943409420812,7,2025Q2
2025-06-02,XLU,-0.044998331906756395,-0.0033992320664846666,7,2025Q2
2025-06-02,XLV,-0.01201462217418392,0.0014383357506786605,7,2025Q2
2025-06-02,XLY,-0.023599145231296914,0.0021649398495834533,7,2025Q2
2025-06-03,XLB,0.0011897626322814325,-0.001593349887094515,7,2025Q2
2025-06-03,XLC,0.016608345872028085,0.00427441622385979,7,2025Q2
2025-06-03,XLE,-0.0007849529572370173,0.005308641927102195,7,2025Q2
2025-06-03,XLF,-0.010717525916376092,-0.0015395520233705243,7,2025Q2
2025-06-03,XLI,-0.010116346919102348,-0.0014970851322246405,7,2025Q2
2025-06-03,XLK,0.03174946287121294,0.002474600012553908,7,2025Q2
2025-06-03,XLP,-0.04787114305194817,0.0019418683484633673,7,2025Q2
2025-06-03,XLRE,-0.03750416035693638,-0.0018998768538654714,7,2025Q2
2025-06-03,XLU,-0.05506534126028739,-0.00358058741329164,7,2025Q2
2025-06-03,XLV,-0.023351465858797438,0.00070047292585005,7,2025Q2
2025-06-03,XLY,-0.019653909609008924,0.0006705460684977469,7,2025Q2
2025-06-04,XLB,-0.011881239729509163,-0.0020867772771519105,7,2025Q2
2025-06-04,XLC,0.0071711555845590524,0.0014853814939348815,7,2025Q2
2025-06-04,XLE,0.012637583800473084,0.005527341267272978,7,2025Q2
2025-06-04,XLF,-0.0020980375553807384,-0.002163642512913873,7,2025Q2
2025-06-04,XLI,-0.01041387305330388,-0.0022640555296950552,7,2025Q2
2025-06-04,XLK,0.03578370124189245,0.002211680305502699,7,2025Q2
2025-06-04,XLP,-0.04983793352836774,0.002795192882400976,7,2025Q2
2025-06-04,XLRE,-0.048633215075909675,-0.001445047971051063,7,2025Q2
2025-06-04,XLU,-0.03848186867585124,-0.0004219744481808118,7,2025Q2
2025-06-04,XLV,-0.03277104526693897,0.0010940620560344963,7,2025Q2
2025-06-04,XLY,-0.01984522083418372,-0.0005372825390448216,7,2025Q2
2025-06-05,XLB,-0.013008852638243473,-0.0022904990767876107,7,2025Q2
2025-06-05,XLC,-0.0016677886034062173,0.002198317146934122,7,2025Q2
2025-06-05,XLE,0.006176917561855788,0.0056101724229325745,7,2025Q2
2025-06-05,XLF,-0.006510690256910534,-0.0022820211499348523,7,2025Q2
2025-06-05,XLI,-0.010547359122470956,-0.0026271573181195283,7,2025Q2
2025-06-05,XLK,0.03298514688234322,0.001925130582491979,7,2025Q2
2025-06-05,XLP,-0.038238932914471,0.0028853851319146895,7,2025Q2
2025-06-05,XLRE,-0.05329464444631815,-0.0017389572317675767,7,2025Q2
2025-06-05,XLU,-0.031991123457420834,-0.001962173009046137,7,2025Q2
2025-06-05,XLV,-0.03719893413154085,0.0014164384502059566,7,2025Q2
2025-06-05,XLY,-0.0038587015599589325,6.658921386045618e-05,7,2025Q2
2025-06-06,XLB,0.003918751988353453,-0.0020093528706550752,7,2025Q2
2025-06-06,XLC,-0.005782276294347355,0.0016858856813931524,7,2025Q2
2025-06-06,XLE,0.02575969727972449,0.0058288369206404116,7,2025Q2
2025-06-06,XLF,-0.01724832504332663,-0.00204228033178521,7,2025Q2
2025-06-06,XLI,-0.008267511453506904,-0.001833370682569317,7,2025Q2
2025-06-06,XLK,0.03983830227140528,0.002400059917050542,7,2025Q2
2025-06-06,XLP,-0.03954612661385437,0.0024400749159960325,7,2025Q2
2025-06-06,XLRE,-0.046367813605104,-0.0016029043422140492,7,2025Q2
2025-06-06,XLU,-0.03599988986143099,-0.0017167046804432635,7,2025Q2
2025-06-06,XLV,-0.030993516166643476,0.0021957238219298828,7,2025Q2
2025-06-06,XLY,-0.009508573260673892,0.0003288333699811433,7,2025Q2
2025-06-09,XLB,-0.0020672599827373794,-0.0037462121333755654,7,2025Q2
2025-06-09,XLC,-0.0053586230097950605,0.0005375613087003628,7,2025Q2
2025-06-09,XLE,0.013072398135293595,0.00598598100842641,7,2025Q2
2025-06-09,XLF,-0.013204035616381171,-0.0024848264942650715,7,2025Q2
2025-06-09,XLI,-0.005434021533399891,-0.0024098769657241127,7,2025Q2
2025-06-09,XLK,0.03574459990596113,0.0017612184494291737,7,2025Q2
2025-06-09,XLP,-0.04997102483423055,0.002106658410950392,7,2025Q2
2025-06-09,XLRE,-0.051644026997549,-0.0027219309947207546,7,2025Q2
2025-06-09,XLU,-0.025407712178117547,-0.0011395369151839666,7,2025Q2
2025-06-09,XLV,-0.030666197521769467,0.0024089375887158164,7,2025Q2
2025-06-09,XLY,-0.016902269012699422,-0.0008651546916158262,7,2025Q2
2025-06-10,XLB,-3.212628316040522e-05,-0.002012572044759517,7,2025Q2
2025-06-10,XLC,-0.018798877248053847,0.0016313807974841599,7,2025Q2
2025-06-10,XLE,0.005439574304681116,0.006405482528757167,7,2025Q2
2025-06-10,XLF,-0.005391516653992401,-0.0014321283540165589,7,2025Q2
2025-06-10,XLI,0.007864760392616743,-0.0015725534883227008,7,2025Q2
2025-06-10,XLK,0.02917611048025459,0.0032793833711415275,7,2025Q2
2025-06-10,XLP,-0.04565653812062209,0.0027121310434989466,7,2025Q2
2025-06-10,XLRE,-0.05238794631162513,-0.0016121214319594684,7,2025Q2
2025-06-10,XLU,-0.01655877764650171,0.0013602925965072244,7,2025Q2
2025-06-10,XLV,-0.03298945914118856,0.003184690687414779,7,2025Q2
2025-06-10,XLY,-0.014881508424629208,0.0001324586725781156,7,2025Q2
2025-06-11,XLB,0.002511390658532564,-0.0014979522287841898,7,2025Q2
2025-06-11,XLC,-0.022372145851740743,0.0021674392647422014,7,2025Q2
2025-06-11,XLE,-0.004103824277903234,0.005891574623641024,7,2025Q2
2025-06-11,XLF,-0.014270998807930813,-0.0005871794052484245,7,2025Q2
2025-06-11,XLI,0.004303925338100312,-0.0004552557322379838,7,2025Q2
2025-06-11,XLK,0.02751748058482484,0.0040958984237869055,7,2025Q2
2025-06-11,XLP,-0.045238973626724244,0.0029787759668361015,7,2025Q2
2025-06-11,XLRE,-0.04725419208524173,-0.0008324662512151446,7,2025Q2
2025-06-11,XLU,-0.017982602841461137,0.0015479581073113635,7,2025Q2
2025-06-11,XLV,-0.04114132704972473,0.0030708548757728757,7,2025Q2
2025-06-11,XLY,-0.005766096847146462,0.001230721406712549,7,2025Q2
2025-06-12,XLB,-0.005473549618132623,-0.002685978757505602,7,2025Q2
2025-06-12,XLC,-0.0018799611374196168,0.0015955118513537802,7,2025Q2
2025-06-12,XLE,-0.016866050402446042,0.004771107571667351,7,2025Q2
2025-06-12,XLF,-0.004489830714894616,-0.0008909734420259191,7,2025Q2
2025-06-12,XLI,0.014819110712364303,-0.0017865866278268367,7,2025Q2
2025-06-12,XLK,0.018999366258366512,0.0008057899075730429,7,2025Q2
2025-06-12,XLP,-0.04805914716768356,0.0020183567650622508,7,2025Q2
2025-06-12,XLRE,-0.04388032998824809,-0.0025423834581726062,7,2025Q2
2025-06-12,XLU,-0.02401374969755654,-3.9270368723864696e-05,7,2025Q2
2025-06-12,XLV,-0.04789273240623404,0.003357249652197518,7,2025Q2
2025-06-12,XLY,0.005078706821312284,-0.0004310043898386963,7,2025Q2
2025-06-13,XLB,-0.021968643860179604,-0.0028843942949545913,7,2025Q2
2025-06-13,XLC,-0.00886820532767163,0.0025325571790328722,7,2025Q2
2025-06-13,XLE,-0.05595845287732637,0.004446626633725434,7,2025Q2
2025-06-13,XLF,-0.008283491114499553,0.00029812273972406353,7,2025Q2
2025-06-13,XLI,0.008572938298220922,-0.00010503955732956165,7,2025Q2
2025-06-13,XLK,0.03624375588693174,0.0023964496707748187,7,2025Q2
2025-06-13,XLP,-0.05310363576777166,0.0020505119165010895,7,2025Q2
2025-06-13,XLRE,-0.055956339347729256,-0.0027099032804049203,7,2025Q2
2025-06-13,XLU,-0.03510981584414341,0.0016935748871227871,7,2025Q2
2025-06-13,XLV,-0.06804164804039292,0.003856817275119684,7,2025Q2
2025-06-13,XLY,-0.0074926251167046765,0.00022245808153447343,7,2025Q2
2025-06-16,XLB,-0.02144167611330028,-0.0032054178695126276,7,2025Q2
2025-06-16,XLC,-0.016859777016184907,0.0016803214344989434,7,2025Q2
2025-06-16,XLE,-0.05520757284130906,0.004454815014178402,7,2025Q2
2025-06-16,XLF,-0.006450828754855031,6.625139596941375e-05,7,2025Q2
2025-06-16,XLI,0.011464263263071262,-0.0008357444639440062,7,2025Q2
2025-06-16,XLK,0.028734623815248828,0.0009688728892900623,7,2025Q2
2025-06-16,XLP,-0.046452007104048176,0.0018159278214409142,7,2025Q2
2025-06-16,XLRE,-0.039794736068076486,-0.002608938940610695,7,2025Q2
2025-06-16,XLU,-0.0232743019630397,0.0021414440710497635,7,2025Q2
2025-06-16,XLV,-0.046498594197117105,0.003857339084111351,7,2025Q2
2025-06-16,XLY,-0.01027544990504281,-0.001221820495467033,7,2025Q2
2025-06-17,XLB,-0.019545185208330595,-0.0027846888265458474,7,2025Q2
2025-06-17,XLC,-0.019538248481518083,0.0021322072429235082,7,2025Q2
2025-06-17,XLE,-0.07361828488855182,0.004696627374081788,7,2025Q2
2025-06-17,XLF,-0.0058770767952274205,0.00036878655299574134,7,2025Q2
2025-06-17,XLI,0.01382931463743553,-0.0013817235225331349,7,2025Q2
2025-06-17,XLK,0.030739901638672906,0.0019341337790720618,7,2025Q2
2025-06-17,XLP,-0.043857912951551725,0.0018821271471750893,7,2025Q2
2025-06-17,XLRE,-0.05201805222046596,-0.0027482626930028474,7,2025Q2
2025-06-17,XLU,-0.02592018536878493,0.0024542100961476463,7,2025Q2
2025-06-17,XLV,-0.05667943809304998,0.0036362519260392783,7,2025Q2
2025-06-17,XLY,-0.004038850407879213,0.0014094361454072884,7,2025Q2
2025-06-18,XLB,-0.013556269382010822,-0.002709951294592498,7,2025Q2
2025-06-18,XLC,-0.02416076771797937,0.00249662436657065,7,2025Q2
2025-06-18,XLE,-0.07451760876682689,0.004647449019649344,7,2025Q2
2025-06-18,XLF,-0.004251846241827728,0.00031013761935049704,7,2025Q2
2025-06-18,XLI,0.014596071664199739,-0.0005324733431790533,7,2025Q2
2025-06-18,XLK,0.029349440994460796,0.002705578525628442,7,2025Q2
2025-06-18,XLP,-0.04472932162763876,0.0026108477226042567,7,2025Q2
2025-06-18,XLRE,-0.0504485806106052,-0.0029372133737010763,7,2025Q2
2025-06-18,XLU,-0.010850765317655942,0.0021620457179282156,7,2025Q2
2025-06-18,XLV,-0.06095593575920921,0.0032653857675871874,7,2025Q2
2025-06-18,XLY,0.005341943554200146,0.0019822964097896602,7,2025Q2
2025-06-20,XLB,-0.008742470862818097,-0.0020341110447485173,7,2025Q2
2025-06-20,XLC,-0.01165388528161393,0.004041784594218677,7,2025Q2
2025-06-20,XLE,-0.1019790747162359,0.004348167480515433,7,2025Q2
2025-06-20,XLF,-0.017726846078230718,0.0005104157593536189,7,2025Q2
2025-06-20,XLI,0.00019194365082153553,-0.0003306873165172993,7,2025Q2
2025-06-20,XLK,0.02797818429656873,0.003453609318572773,7,2025Q2
2025-06-20,XLP,-0.05976458413955332,0.0010314400603006683,7,2025Q2
2025-06-20,XLRE,-0.05397254688658215,-0.0027668588728897627,7,2025Q2
2025-06-20,XLU,-0.017927677880784865,0.0010633560475074163,7,2025Q2
2025-06-20,XLV,-0.06942424771255706,0.0033326710974694793,7,2025Q2
2025-06-20,XLY,0.0014849335323436907,0.002635564683057312,7,2025Q2
2025-06-23,XLB,0.00955786473211484,-0.002795747112081001,7,2025Q2
2025-06-23,XLC,-0.00962454544704383,0.0028596668175054885,7,2025Q2
2025-06-23,XLE,-0.05434739769085395,0.0049047967343387715,7,2025Q2
2025-06-23,XLF,-0.011238276617386411,0.000470389203145627,7,2025Q2
2025-06-23,XLI,0.0019325698257071089,-0.0002007356058607231,7,2025Q2
2025-06-23,XLK,0.01774990417415423,0.0016735429301001732,7,2025Q2
2025-06-23,XLP,-0.04513533778717482,0.0019194578921112632,7,2025Q2
2025-06-23,XLRE,-0.03190841614370554,-0.0027525560853054725,7,2025Q2
2025-06-23,XLU,-0.0009399607262141618,0.0012976964437333967,7,2025Q2
2025-06-23,XLV,-0.037471817729586965,0.0035142233281239684,7,2025Q2
2025-06-23,XLY,0.0038410639877344277,0.00045335338459015907,7,2025Q2
2025-06-24,XLB,0.007041478520642519,-0.0028277896057785396,7,2025Q2
2025-06-24,XLC,-0.014606201780879235,0.001822621761287429,7,2025Q2
2025-06-24,XLE,-0.022829206583981465,0.006132963366339717,7,2025Q2
2025-06-24,XLF,-0.01573705431582928,6.887702769883971e-05,7,2025Q2
2025-06-24,XLI,0.014562531041130367,-0.001618504538694681,7,2025Q2
2025-06-24,XLK,0.007576880575389078,-0.0005818636931687682,7,2025Q2
2025-06-24,XLP,-0.041271253184034684,0.0007741886998703386,7,2025Q2
2025-06-24,XLRE,-0.03124464804999616,-0.003689552666493094,7,2025Q2
2025-06-24,XLU,-0.010642781468697127,0.00025676943624284155,7,2025Q2
2025-06-24,XLV,-0.026593193036690277,0.003227451656521863,7,2025Q2
2025-06-24,XLY,0.005631396681542888,-0.00010875459416477724,7,2025Q2
2025-06-25,XLB,0.006519434022418169,-0.0024607858471722937,7,2025Q2
2025-06-25,XLC,-0.012459982995062457,0.0008725405605855044,7,2025Q2
2025-06-25,XLE,-0.010781397552139138,0.006646795945234174,7,2025Q2
2025-06-25,XLF,-0.01267696088245307,-0.0011847217033582535,7,2025Q2
2025-06-25,XLI,0.022428231950758937,-0.0015425024196125724,7,2025Q2
2025-06-25,XLK,0.0033191436752555425,-0.001280847530066266,7,2025Q2
2025-06-25,XLP,-0.03100827311188037,0.001973153127751768,7,2025Q2
2025-06-25,XLRE,-0.0071298719341379435,-0.0019232491038547782,7,2025Q2
2025-06-25,XLU,0.002238570209088353,0.00312678260727855,7,2025Q2
2025-06-25,XLV,-0.031075435329484646,0.004340632235612015,7,2025Q2
2025-06-25,XLY,0.0007975064515648445,-0.0018450029908278435,7,2025Q2
2025-06-26,XLB,0.01105556634250826,-0.002526275696691402,7,2025Q2
2025-06-26,XLC,-0.030053191132825896,0.0008418627370068306,7,2025Q2
2025-06-26,XLE,-0.025490808871965864,0.006892831350285209,7,2025Q2
2025-06-26,XLF,-0.00937481678235974,-0.00031780542326733914,7,2025Q2
2025-06-26,XLI,0.02516178777384037,-0.0016681360978504324,7,2025Q2
2025-06-26,XLK,0.002259597232472821,-0.0012772044510193188,7,2025Q2
2025-06-26,XLP,-0.02464450231712667,0.0018659634229954325,7,2025Q2
2025-06-26,XLRE,0.0031884992472510643,-0.0023326640962845055,7,2025Q2
2025-06-26,XLU,3.715658655600862e-05,0.0032992362999190936,7,2025Q2
2025-06-26,XLV,-0.024396221985547806,0.00422281762928944,7,2025Q2
2025-06-26,XLY,0.004624083065394746,-0.002070094697862045,7,2025Q2
2025-06-27,XLB,-9.990481925603589e-05,-0.002447624938588662,7,2025Q2
2025-06-27,XLC,-0.04176991750058123,-0.00024208407220142327,7,2025Q2
2025-06-27,XLE,-0.003118291999117062,0.006702577799624522,7,2025Q2
2025-06-27,XLF,-0.014070508936235848,-0.0009793259354284102,7,2025Q2
2025-06-27,XLI,0.016765757332627418,-0.00028914969404985377,7,2025Q2
2025-06-27,XLK,0.017250143208719315,-0.0007378668693548856,7,2025Q2
2025-06-27,XLP,-0.03446076967494349,0.0016236162476425792,7,2025Q2
2025-06-27,XLRE,-0.013209649578911131,-0.0012214939520665694,7,2025Q2
2025-06-27,XLU,-0.0076694894205322495,0.003080133970409701,7,2025Q2
2025-06-27,XLV,-0.025671822745043205,0.0043946915209364685,7,2025Q2
2025-06-27,XLY,-0.0011038411815116334,-0.0024155043999761687,7,2025Q2
2025-06-30,XLB,0.004505844089040201,-0.002461352134443184,7,2025Q2
2025-06-30,XLC,-0.050384202146228296,-0.0006208799326984397,7,2025Q2
2025-06-30,XLE,0.020636637787867285,0.006587319150274424,7,2025Q2
2025-06-30,XLF,-0.019967552729132976,-0.0011710004588618651,7,2025Q2
2025-06-30,XLI,0.00727445951314265,0.0012132241438672258,7,2025Q2
2025-06-30,XLK,0.014707553547759877,0.0011811718962281747,7,2025Q2
2025-06-30,XLP,-0.02546130474383146,0.0015514731913224985,7,2025Q2
2025-06-30,XLRE,0.0039317312996458575,-0.0027764311671721973,7,2025Q2
2025-06-30,XLU,0.007579660619470685,0.004122980575898626,7,2025Q2
2025-06-30,XLV,-0.030849181721016028,0.00446406275121625,7,2025Q2
2025-06-30,XLY,0.005365098812036617,-0.0013795992766540872,7,2025Q2
2025-07-01,XLB,-0.040870590183183175,-0.00606245258273551,8,2025Q3
2025-07-01,XLC,-0.03937270527085246,-0.0006691344207787019,8,2025Q3
2025-07-01,XLE,-0.0012389955821958676,-0.004898807992618191,8,2025Q3
2025-07-01,XLF,-0.026456471054404185,-0.0045924948221329875,8,2025Q3
2025-07-01,XLI,-0.00025842287846811196,-0.0002520903262949782,8,2025Q3
2025-07-01,XLK,0.027411982316512873,-0.0006215773166148167,8,2025Q3
2025-07-01,XLP,-0.045635187492148566,-0.010222507888534302,8,2025Q3
2025-07-01,XLRE,-0.01642469396942592,-0.010785552850352643,8,2025Q3
2025-07-01,XLU,0.012691188330835823,-0.006267734238635514,8,2025Q3
2025-07-01,XLV,-0.04564924059940301,-0.008691051211178245,8,2025Q3
2025-07-01,XLY,-0.0045825045669114495,-0.003298593033621432,8,2025Q3
2025-07-02,XLB,-0.05921257735203245,-0.0077629558589913245,8,2025Q3
2025-07-02,XLC,-0.019116725836683113,-0.0010046040007867158,8,2025Q3
2025-07-02,XLE,-0.015523477266739638,-0.004938537525760369,8,2025Q3
2025-07-02,XLF,-0.023495504896321906,-0.004578818116959368,8,2025Q3
2025-07-02,XLI,0.007240961499935361,-0.0020234101614696218,8,2025Q3
2025-07-02,XLK,0.01721484953637309,-0.0017452047630790281,8,2025Q3
2025-07-02,XLP,-0.04842093740901299,-0.0070995982739544975,8,2025Q3
2025-07-02,XLRE,-0.02760037158595019,-0.011408549279693248,8,2025Q3
2025-07-02,XLU,0.03591514885264879,-0.005475517969565075,8,2025Q3
2025-07-02,XLV,-0.05516585446542566,-0.008849518150589632,8,2025Q3
2025-07-02,XLY,-0.012290207586920232,-0.003160856366182522,8,2025Q3
2025-07-03,XLB,-0.045103126808067606,-0.0076671429931751385,8,2025Q3
2025-07-03,XLC,-0.011982344988258231,-0.0006030339189483009,8,2025Q3
2025-07-03,XLE,-0.010757167749141594,-0.004669698642739353,8,2025Q3
2025-07-03,XLF,-0.027864091417254544,-0.004221222746952209,8,2025Q3
2025-07-03,XLI,0.007930465106864126,-0.0020815600913369143,8,2025Q3
2025-07-03,XLK,0.006216933056910179,-0.0019688978899149844,8,2025Q3
2025-07-03,XLP,-0.018791338962079296,-0.006977391210953985,8,2025Q3
2025-07-03,XLRE,-0.006412106072669621,-0.011193457620558168,8,2025Q3
2025-07-03,XLU,0.054175947639322874,-0.006925143856545418,8,2025Q3
2025-07-03,XLV,-0.026462071644095753,-0.00820265951465931,8,2025Q3
2025-07-03,XLY,-0.01735657655677747,-0.002758396473148103,8,2025Q3
2025-07-07,XLB,-0.04585429397933294,-0.0074794383980619165,8,2025Q3
2025-07-07,XLC,-0.006059696961848937,7.957112721782489e-05,8,2025Q3
2025-07-07,XLE,-0.026066614953289102,-0.004518282430111762,8,2025Q3
2025-07-07,XLF,-0.0315173712286263,-0.0034124341189033245,8,2025Q3
2025-07-07,XLI,-0.001991483332931532,-0.0015320686892029323,8,2025Q3
2025-07-07,XLK,0.01201021245448275,-0.0010107032114590022,8,2025Q3
2025-07-07,XLP,-0.0358997223665658,-0.006943448928140799,8,2025Q3
2025-07-07,XLRE,-0.013043537840010888,-0.010980811042489432,8,2025Q3
2025-07-07,XLU,0.04784738298167279,-0.006528342751175403,8,2025Q3
2025-07-07,XLV,-0.02694845168134996,-0.008608042277273045,8,2025Q3
2025-07-07,XLY,-0.0158477049040624,-0.002233268316435067,8,2025Q3
2025-07-08,XLB,-0.04233368666292492,-0.010895297872424867,8,2025Q3
2025-07-08,XLC,-0.007242579809730865,-0.002715461846052153,8,2025Q3
2025-07-08,XLE,-0.04619418181304513,-0.0074643720863373855,8,2025Q3
2025-07-08,XLF,-0.022067950243990997,-0.005970684288917912,8,2025Q3
2025-07-08,XLI,0.0007998500178880708,-0.004779612874231377,8,2025Q3
2025-07-08,XLK,0.002644302127596143,-0.005093720172957666,8,2025Q3
2025-07-08,XLP,-0.023117162051961904,-0.0073847732561402495,8,2025Q3
2025-07-08,XLRE,-0.0036082532083501206,-0.013028362880564826,8,2025Q3
2025-07-08,XLU,0.052403275886881096,-0.008599315835509748,8,2025Q3
2025-07-08,XLV,-0.030600069656142148,-0.010790366086450339,8,2025Q3
2025-07-08,XLY,-0.00655680483909471,-0.005484806309703091,8,2025Q3
2025-07-09,XLB,-0.06027940024848144,-0.008325567868009722,8,2025Q3
2025-07-09,XLC,-0.007714842428074409,-0.0007168954058788994,8,2025Q3
2025-07-09,XLE,-0.05190170040269304,-0.00593996761715241,8,2025Q3
2025-07-09,XLF,-0.022560801674726405,-0.003481182078965049,8,2025Q3
2025-07-09,XLI,-0.007101767916852353,-0.00176243967988209,8,2025Q3
2025-07-09,XLK,0.006272883045041366,-0.0017878519696757078,8,2025Q3
2025-07-09,XLP,-0.004074475449829196,-0.006730365012205152,8,2025Q3
2025-07-09,XLRE,-0.013248377734025096,-0.011658764238279943,8,2025Q3
2025-07-09,XLU,0.031448230006061006,-0.006719849762293806,8,2025Q3
2025-07-09,XLV,-0.050728495524417716,-0.008513505207723518,8,2025Q3
2025-07-09,XLY,0.006625294701280593,-0.003800799093270175,8,2025Q3
2025-07-10,XLB,-0.057527147986480176,-0.008689359221093026,8,2025Q3
2025-07-10,XLC,-0.004932439230170393,-0.001399881484305396,8,2025Q3
2025-07-10,XLE,-0.05918695080034253,-0.0064230185188744095,8,2025Q3
2025-07-10,XLF,-0.03569664086963398,-0.004089588150041249,8,2025Q3
2025-07-10,XLI,-0.01047353800697648,-0.002605151688340029,8,2025Q3
2025-07-10,XLK,0.014279920204260943,-0.0024173481170168924,8,2025Q3
2025-07-10,XLP,0.0036571778645060338,-0.0069724073307567535,8,2025Q3
2025-07-10,XLRE,-0.010755173518999905,-0.011870956984894014,8,2025Q3
2025-07-10,XLU,0.037927006147975284,-0.0075932238542296155,8,2025Q3
2025-07-10,XLV,-0.06389834612106282,-0.008839023805066928,8,2025Q3
2025-07-10,XLY,-0.001149525476638047,-0.004557473968249505,8,2025Q3
2025-07-11,XLB,-0.056381248538030726,-0.008118620415816472,8,2025Q3
2025-07-11,XLC,-0.006462433566095882,-0.001400660587058147,8,2025Q3
2025-07-11,XLE,-0.06886619185960297,-0.006936448390930457,8,2025Q3
2025-07-11,XLF,-0.02768726230953511,-0.0031978055639112126,8,2025Q3
2025-07-11,XLI,-0.017549603319068297,-0.0024483536330468045,8,2025Q3
2025-07-11,XLK,0.01761498863792621,-0.0024522836937440305,8,2025Q3
2025-07-11,XLP,-0.0010782515875735754,-0.006321274386669759,8,2025Q3
2025-07-11,XLRE,-0.02944186980874941,-0.010969388282825348,8,2025Q3
2025-07-11,XLU,0.02349552833882207,-0.006605447403766304,8,2025Q3
2025-07-11,XLV,-0.05895090477682852,-0.008667896371282981,8,2025Q3
2025-07-11,XLY,-0.011131176019888223,-0.005012692723132357,8,2025Q3
2025-07-14,XLB,-0.049206523666174506,-0.008021555005262523,8,2025Q3
2025-07-14,XLC,-0.007225590507585311,-0.0013458726174596174,8,2025Q3
2025-07-14,XLE,-0.06202417355636192,-0.0064382074498478105,8,2025Q3
2025-07-14,XLF,-0.03148264246450816,-0.003279298259607779,8,2025Q3
2025-07-14,XLI,-0.022218197812699292,-0.0024588762680269874,8,2025Q3
2025-07-14,XLK,0.015390242082192529,-0.001208270546592032,8,2025Q3
2025-07-14,XLP,0.0011355083993009885,-0.006068321607342289,8,2025Q3
2025-07-14,XLRE,-0.03785309013510019,-0.010999180681776367,8,2025Q3
2025-07-14,XLU,0.02002965992746586,-0.006636434383981548,8,2025Q3
2025-07-14,XLV,-0.052884715922758674,-0.008435259251067017,8,2025Q3
2025-07-14,XLY,-0.008287592273945599,-0.004736914267442654,8,2025Q3
2025-07-15,XLB,-0.031236221220235727,-0.006573864771969025,8,2025Q3
2025-07-15,XLC,0.007161320442935715,-0.0012587342075835437,8,2025Q3
2025-07-15,XLE,-0.05858363673273881,-0.005375451301627142,8,2025Q3
2025-07-15,XLF,-0.017348672326113146,-0.0028567369224587087,8,2025Q3
2025-07-15,XLI,-0.01955370191932637,-0.002007442704179553,8,2025Q3
2025-07-15,XLK,0.006905261381747518,-0.002186095252658015,8,2025Q3
2025-07-15,XLP,-0.0010591260663121993,-0.005176040257439322,8,2025Q3
2025-07-15,XLRE,-0.03859880970732399,-0.010423302601397011,8,2025Q3
2025-07-15,XLU,0.019292303534872435,-0.006806033086750585,8,2025Q3
2025-07-15,XLV,-0.04366463470778936,-0.008413157520581494,8,2025Q3
2025-07-15,XLY,0.0019804895701382996,-0.00450851290938661,8,2025Q3
2025-07-16,XLB,-0.015212228987979692,-0.006499208409242399,8,2025Q3
2025-07-16,XLC,0.012037648137730672,-0.0013747402643772603,8,2025Q3
2025-07-16,XLE,-0.03880240008472857,-0.0036654605392956543,8,2025Q3
2025-07-16,XLF,-0.018693021642403718,-0.0030071823971660246,8,2025Q3
2025-07-16,XLI,-0.01935094260984571,-0.002240777997001908,8,2025Q3
2025-07-16,XLK,0.003993860221751522,-0.002492792048078821,8,2025Q3
2025-07-16,XLP,-0.0047374697985249625,-0.005346935422623544,8,2025Q3
2025-07-16,XLRE,-0.042931333092971924,-0.010660235623266243,8,2025Q3
2025-07-16,XLU,0.02101321364093467,-0.006008980954783406,8,2025Q3
2025-07-16,XLV,-0.04026416341896366,-0.008519387304093665,8,2025Q3
2025-07-16,XLY,0.014182432532227063,-0.004613493768737914,8,2025Q3
2025-07-17,XLB,-0.026702839088263985,-0.004562523610249731,8,2025Q3
2025-07-17,XLC,0.015444667165155135,0.0011233421928920038,8,2025Q3
2025-07-17,XLE,-0.03961832072064819,-0.0032022923210573823,8,2025Q3
2025-07-17,XLF,-0.01740304081154953,-0.001071362628231705,8,2025Q3
2025-07-17,XLI,-0.03133873886166072,-3.36146201083264e-05,8,2025Q3
2025-07-17,XLK,-0.0013753545564456626,-0.0005232315473654593,8,2025Q3
2025-07-17,XLP,-0.017308466531870126,-0.002716005819856748,8,2025Q3
2025-07-17,XLRE,-0.042744787340950885,-0.008105050647702334,8,2025Q3
2025-07-17,XLU,0.015566161629919195,-0.0031668759388202455,8,2025Q3
2025-07-17,XLV,-0.017582058924463295,-0.006999911317337359,8,2025Q3
2025-07-17,XLY,0.015623324108307468,-0.0029356076538357965,8,2025Q3
2025-07-18,XLB,-0.027377641712170275,-0.007283840998944707,8,2025Q3
2025-07-18,XLC,0.02454468837843149,-0.0010686935100481733,8,2025Q3
2025-07-18,XLE,-0.029925005640003333,-0.0048971430955094125,8,2025Q3
2025-07-18,XLF,-0.026794327921079608,-0.0038406199189259917,8,2025Q3
2025-07-18,XLI,-0.03200612985139417,-0.0017952168235410076,8,2025Q3
2025-07-18,XLK,-0.006834789400753216,-0.0022019589151699827,8,2025Q3
2025-07-18,XLP,-0.011302090181275704,-0.005696594155936273,8,2025Q3
2025-07-18,XLRE,-0.03746097105412738,-0.01113072576742418,8,2025Q3
2025-07-18,XLU,-0.0029433203021509424,-0.0060589485186352526,8,2025Q3
2025-07-18,XLV,0.007874559352971433,-0.008608549872678705,8,2025Q3
2025-07-18,XLY,0.005650588221576047,-0.0046154389570245025,8,2025Q3
2025-07-21,XLB,-0.03601112320741551,-0.007295237970394506,8,2025Q3
2025-07-21,XLC,0.00653547625091222,-0.0013227012145130708,8,2025Q3
2025-07-21,XLE,-0.02334370937675445,-0.004968229771325599,8,2025Q3
2025-07-21,XLF,-0.021008971535918963,-0.0037124419564878467,8,2025Q3
2025-07-21,XLI,-0.020652747992488507,-0.0017807173353338594,8,2025Q3
2025-07-21,XLK,-0.003815265840243054,-0.002318043370563457,8,2025Q3
2025-07-21,XLP,-0.01037369294646151,-0.006610335332145586,8,2025Q3
2025-07-21,XLRE,-0.04834670410938369,-0.01119501243944987,8,2025Q3
2025-07-21,XLU,-0.00846923729309279,-0.006466353532825448,8,2025Q3
2025-07-21,XLV,0.013507456427361175,-0.008766167299304229,8,2025Q3
2025-07-21,XLY,0.0070858181513797636,-0.004666125216765406,8,2025Q3
2025-07-22,XLB,-0.03786280329508629,-0.0081551749870955,8,2025Q3
2025-07-22,XLC,0.0040969033472895156,-0.0014233682697598646,8,2025Q3
2025-07-22,XLE,-0.021975465206072964,-0.004561769659194595,8,2025Q3
2025-07-22,XLF,-0.018931063528413783,-0.0035654893910164664,8,2025Q3
2025-07-22,XLI,-0.015161103206967175,-0.0022171032280284618,8,2025Q3
2025-07-22,XLK,-0.0065550749160872,-0.0018444388566525964,8,2025Q3
2025-07-22,XLP,-0.0035678147229507573,-0.00816891138195364,8,2025Q3
2025-07-22,XLRE,-0.04221938786047985,-0.011414111749045556,8,2025Q3
2025-07-22,XLU,-0.005301937421434033,-0.006427339442039248,8,2025Q3
2025-07-22,XLV,0.006776860108822502,-0.009649273373604748,8,2025Q3
2025-07-22,XLY,0.001968415709601601,-0.005129000509578884,8,2025Q3
2025-07-23,XLB,-0.029132903945498834,-0.009118199472870353,8,2025Q3
2025-07-23,XLC,0.00675979203831778,-0.001997888306264172,8,2025Q3
2025-07-23,XLE,-0.01789918110690436,-0.0067378170914616,8,2025Q3
2025-07-23,XLF,-0.010480832790745076,-0.005178038085163965,8,2025Q3
2025-07-23,XLI,-0.022476709828567643,-0.0034058758711863505,8,2025Q3
2025-07-23,XLK,-0.007839804917951554,-0.0010739080715894793,8,2025Q3
2025-07-23,XLP,0.013079031265449848,-0.01021611043005287,8,2025Q3
2025-07-23,XLRE,-0.02995335002447108,-0.012848952533475105,8,2025Q3
2025-07-23,XLU,0.014701227420701679,-0.0072474833503049655,8,2025Q3
2025-07-23,XLV,0.0028768152927027835,-0.011564334561260206,8,2025Q3
2025-07-23,XLY,-0.0016029249609839091,-0.004944469080710043,8,2025Q3
2025-07-24,XLB,-0.01163984652046024,-0.006323729220338935,8,2025Q3
2025-07-24,XLC,0.008344961733893097,0.0012994402772648769,8,2025Q3
2025-07-24,XLE,-0.01379076212642516,-0.0025748994045870425,8,2025Q3
2025-07-24,XLF,-0.008753078314404639,-0.0027345615372902808,8,2025Q3
2025-07-24,XLI,-0.01996060319247528,-0.0005913778706362958,8,2025Q3
2025-07-24,XLK,-0.011268893068379637,0.001187115171957136,8,2025Q3
2025-07-24,XLP,0.011861913406331581,-0.0060311052378456504,8,2025Q3
2025-07-24,XLRE,-0.027721794776803366,-0.008854299903864377,8,2025Q3
2025-07-24,XLU,0.013402712700886443,-0.00214027170835469,8,2025Q3
2025-07-24,XLV,0.007647248623954939,-0.00864329896007167,8,2025Q3
2025-07-24,XLY,0.013613818629741647,-0.00216788417278646,8,2025Q3
2025-07-25,XLB,-0.014943461925822299,-0.00656617903664159,8,2025Q3
2025-07-25,XLC,0.021400790161678396,0.002410959219524409,8,2025Q3
2025-07-25,XLE,-0.0009462185228306108,-0.0023524506959895068,8,2025Q3
2025-07-25,XLF,-0.010453882299754413,-0.0027688259188277204,8,2025Q3
2025-07-25,XLI,-0.024822770982161457,-0.00046256521229453857,8,2025Q3
2025-07-25,XLK,-0.011245233011819344,0.0015139814796800099,8,2025Q3
2025-07-25,XLP,-0.0009846765394958545,-0.00584771341080563,8,2025Q3
2025-07-25,XLRE,-0.023402992842398995,-0.008462642516198082,8,2025Q3
2025-07-25,XLU,0.005097392103639464,-0.0018606572801486507,8,2025Q3
2025-07-25,XLV,-0.0005037503245490793,-0.00843930209009074,8,2025Q3
2025-07-25,XLY,0.02371240679235953,-0.001901636913992595,8,2025Q3
2025-07-28,XLB,-0.0016514872284576487,-0.004569070274293508,8,2025Q3
2025-07-28,XLC,0.03289110718226129,0.0027259915394088844,8,2025Q3
2025-07-28,XLE,-0.005503569090696825,-0.002081711949839629,8,2025Q3
2025-07-28,XLF,-0.005101959340420681,-0.0011263969052342756,8,2025Q3
2025-07-28,XLI,-0.027451148179425178,0.0011820847851080223,8,2025Q3
2025-07-28,XLK,-0.017202281875454806,0.00235957969515456,8,2025Q3
2025-07-28,XLP,-0.0037230489370783104,-0.004063871978209904,8,2025Q3
2025-07-28,XLRE,-0.006779639437624718,-0.007648772260853401,8,2025Q3
2025-07-28,XLU,0.008658212733782866,-0.0005283048000694615,8,2025Q3
2025-07-28,XLV,-0.001955844795226813,-0.006761384615227253,8,2025Q3
2025-07-28,XLY,0.019834973801186484,-0.0020410843845892024,8,2025Q3
2025-07-29,XLB,-0.0019097106227070615,-0.006514810581076029,8,2025Q3
2025-07-29,XLC,0.03040150633154104,0.0016386088390215518,8,2025Q3
2025-07-29,XLE,-0.02367860533688093,-0.0038584223646844808,8,2025Q3
2025-07-29,XLF,0.0008931024662772735,-0.0020169551498429947,8,2025Q3
2025-07-29,XLI,-0.012834579426298509,0.00039855882336175077,8,2025Q3
2025-07-29,XLK,-0.01959795344097215,0.002623885195471456,8,2025Q3
2025-07-29,XLP,-0.023713250196948255,-0.0060634649700279965,8,2025Q3
2025-07-29,XLRE,-0.0328941117814634,-0.00921531448012517,8,2025Q3
2025-07-29,XLU,-0.0075444445575194585,-0.002382255514701362,8,2025Q3
2025-07-29,XLV,0.003905526979203877,-0.00846214338179134,8,2025Q3
2025-07-29,XLY,0.02483965664667065,-0.002484277101423415,8,2025Q3
2025-07-30,XLB,0.017959582997667756,-0.004113741561031958,8,2025Q3
2025-07-30,XLC,0.02534628109424264,0.002876248996956018,8,2025Q3
2025-07-30,XLE,-0.001617797685761202,-0.002241308254132258,8,2025Q3
2025-07-30,XLF,0.0013116923348763798,-0.0009354463659206538,8,2025Q3
2025-07-30,XLI,-0.011615876825215476,0.00123922913784063,8,2025Q3
2025-07-30,XLK,-0.02005064015412117,0.00315801091619022,8,2025Q3
2025-07-30,XLP,-0.015453568871286905,-0.003989464097034098,8,2025Q3
2025-07-30,XLRE,-0.01823267460257716,-0.00698998646109987,8,2025Q3
2025-07-30,XLU,-0.018360166474935324,-0.0006792235554121343,8,2025Q3
2025-07-30,XLV,0.001535227657430971,-0.007096372694251122,8,2025Q3
2025-07-30,XLY,0.028085358790706172,-0.0011782837357315118,8,2025Q3
2025-07-31,XLB,0.023739656223654704,-0.004475040346635224,8,2025Q3
2025-07-31,XLC,0.012460307232078138,0.0010992108586385854,8,2025Q3
2025-07-31,XLE,0.004202889382411978,-0.003639395649887096,8,2025Q3
2025-07-31,XLF,0.0016182572684306784,-0.0012065407662194695,8,2025Q3
2025-07-31,XLI,-0.01736649164454107,0.00013880560569841903,8,2025Q3
2025-07-31,XLK,-0.0121792299983281,0.0021737781024056733,8,2025Q3
2025-07-31,XLP,-0.020625651690103552,-0.004602657767072032,8,2025Q3
2025-07-31,XLRE,-0.010462530443066331,-0.0078770846229002,8,2025Q3
2025-07-31,XLU,-0.03878180265305142,-0.0025090867326774346,8,2025Q3
2025-07-31,XLV,0.01935948953828448,-0.0067356269998619205,8,2025Q3
2025-07-31,XLY,0.030802593488540975,-0.002712578668324043,8,2025Q3
2025-08-01,XLB,0.02658946030687881,-0.007006403972413656,8,2025Q3
2025-08-01,XLC,0.01213583056515355,-0.0005541797734467751,8,2025Q3
2025-08-01,XLE,0.018556387073938252,-0.007855992402324269,8,2025Q3
2025-08-01,XLF,0.012864174221333124,-0.0030126486149541732,8,2025Q3
2025-08-01,XLI,-0.02236532084638232,-0.0018813969359179465,8,2025Q3
2025-08-01,XLK,-0.016596778971782022,-0.0005604469875887764,8,2025Q3
2025-08-01,XLP,-0.02979039989890886,-0.008256810121810568,8,2025Q3
2025-08-01,XLRE,-0.01282161284236083,-0.011860972834205223,8,2025Q3
2025-08-01,XLU,-0.05477434808644999,-0.005828754584214035,8,2025Q3
2025-08-01,XLV,0.010518995038053314,-0.010532073194122905,8,2025Q3
2025-08-01,XLY,0.03489859639699011,-0.004194155923007242,8,2025Q3
2025-08-04,XLB,0.027917599235695256,-0.007291915942115028,8,2025Q3
2025-08-04,XLC,0.013688840101875321,-0.001029321024482117,8,2025Q3
2025-08-04,XLE,0.04553549281864133,-0.00679133597518657,8,2025Q3
2025-08-04,XLF,0.01794603764108471,-0.0032609264606901682,8,2025Q3
2025-08-04,XLI,-0.018123333146548348,-0.0015805431325802435,8,2025Q3
2025-08-04,XLK,-0.023910977706725012,-9.533145077323443e-05,8,2025Q3
2025-08-04,XLP,-0.013176203845248535,-0.008610632607043884,8,2025Q3
2025-08-04,XLRE,-0.015618437265699114,-0.011927203694101492,8,2025Q3
2025-08-04,XLU,-0.051980655489393346,-0.005980651293138019,8,2025Q3
2025-08-04,XLV,0.019790285515286943,-0.010532027371094167,8,2025Q3
2025-08-04,XLY,0.03763374228591698,-0.003912679657943894,8,2025Q3
2025-08-05,XLB,0.002913101005497909,-0.007599038739836424,8,2025Q3
2025-08-05,XLC,0.02837224033940111,-0.0006150448156051402,8,2025Q3
2025-08-05,XLE,0.009737060560605082,-0.0062887443382319014,8,2025Q3
2025-08-05,XLF,0.009703582964468493,-0.002894424808618322,8,2025Q3
2025-08-05,XLI,-0.03180983324050679,-0.000816023101987258,8,2025Q3
2025-08-05,XLK,-0.02038407781164686,0.0011068364380370527,8,2025Q3
2025-08-05,XLP,-0.02362142564669134,-0.008405485771329055,8,2025Q3
2025-08-05,XLRE,-0.03229313374171927,-0.011858314385666991,8,2025Q3
2025-08-05,XLU,-0.05474572399960931,-0.007043121173155028,8,2025Q3
2025-08-05,XLV,0.008170354250188083,-0.010494010537039945,8,2025Q3
2025-08-05,XLY,0.029841426104478153,-0.003301405387540952,8,2025Q3
2025-08-06,XLB,0.017476879428319547,-0.0077707883460705835,8,2025Q3
2025-08-06,XLC,0.03312109467126878,-0.001460813446386202,8,2025Q3
2025-08-06,XLE,0.025641084184449436,-0.0062430592728483884,8,2025Q3
2025-08-06,XLF,0.014793416137251603,-0.0034248890849869085,8,2025Q3
2025-08-06,XLI,-0.02211223147189001,-0.0010487193654977237,8,2025Q3
2025-08-06,XLK,-0.027381199805622036,8.286507993456385e-05,8,2025Q3
2025-08-06,XLP,-0.0378294218270796,-0.009158608284727662,8,2025Q3
2025-08-06,XLRE,-0.01785731818577263,-0.012166380839900159,8,2025Q3
2025-08-06,XLU,-0.04789684247349557,-0.006399523053987482,8,2025Q3
2025-08-06,XLV,0.027200196113253083,-0.010312191934576997,8,2025Q3
2025-08-06,XLY,0.02653580314938986,-0.004716202735100616,8,2025Q3
2025-08-07,XLB,0.02236086827900441,-0.007855542618937367,8,2025Q3
2025-08-07,XLC,0.0454622742367341,-0.0008496377340386886,8,2025Q3
2025-08-07,XLE,0.011484767454723821,-0.004896304385356992,8,2025Q3
2025-08-07,XLF,0.009384269204885554,-0.0031552689642273214,8,2025Q3
2025-08-07,XLI,-0.022249218730302056,-0.0017518188653164839,8,2025Q3
2025-08-07,XLK,-0.025342156023362317,0.0003191327001600703,8,2025Q3
2025-08-07,XLP,-0.040367536191078246,-0.009601334881819357,8,2025Q3
2025-08-07,XLRE,-0.009522873451326186,-0.012000588068742032,8,2025Q3
2025-08-07,XLU,-0.05929534214207044,-0.00861918678027183,8,2025Q3
2025-08-07,XLV,0.04520041098944061,-0.010133474556320061,8,2025Q3
2025-08-07,XLY,0.028755324223164624,-0.004507713085212899,8,2025Q3
2025-08-08,XLB,0.023482017086002616,-0.00820936591999255,8,2025Q3
2025-08-08,XLC,0.048519248486352584,-0.0006813820618882939,8,2025Q3
2025-08-08,XLE,0.00797322996340033,-0.005258515847902992,8,2025Q3
2025-08-08,XLF,0.006017180390100574,-0.0037456977659176237,8,2025Q3
2025-08-08,XLI,-0.015366495957893855,-0.0019332684099729464,8,2025Q3
2025-08-08,XLK,-0.022382664634019167,0.0001995419327770684,8,2025Q3
2025-08-08,XLP,-0.04144081649900844,-0.010623616902616886,8,2025Q3
2025-08-08,XLRE,-0.0025261117404626887,-0.012473708741966346,8,2025Q3
2025-08-08,XLU,-0.05959257587121081,-0.008933564399775919,8,2025Q3
2025-08-08,XLV,0.040797443417757595,-0.011210717903528983,8,2025Q3
2025-08-08,XLY,0.036412889497224876,-0.004358370181743942,8,2025Q3
2025-08-11,XLB,0.004452792750608614,-0.00800759513587887,8,2025Q3
2025-08-11,XLC,0.04472760415870791,-0.0007976775884587007,8,2025Q3
2025-08-11,XLE,0.0168651395226167,-0.004803609702149096,8,2025Q3
2025-08-11,XLF,0.006473623318363098,-0.0031417855038874745,8,2025Q3
2025-08-11,XLI,-0.02325872610500712,-0.0017752858205630716,8,2025Q3
2025-08-11,XLK,-0.018040970504701992,0.0008908048085816984,8,2025Q3
2025-08-11,XLP,-0.04304595852985793,-0.010219888198484975,8,2025Q3
2025-08-11,XLRE,-0.0014457450629621338,-0.01194045555226829,8,2025Q3
2025-08-11,XLU,-0.054321123653220726,-0.008557565793906749,8,2025Q3
2025-08-11,XLV,0.04104396179377501,-0.010990327345976755,8,2025Q3
2025-08-11,XLY,0.027839114688641198,-0.003808064946283647,8,2025Q3
2025-08-12,XLB,0.0009767334828694185,-0.008942128644838145,8,2025Q3
2025-08-12,XLC,0.02482444800727568,-0.0010148528867229716,8,2025Q3
2025-08-12,XLE,0.03775045375093855,-0.006233712487443242,8,2025Q3
2025-08-12,XLF,-0.0014692403919627228,-0.004402739390944834,8,2025Q3
2025-08-12,XLI,-0.018367710576587926,-0.0023214006036536743,8,2025Q3
2025-08-12,XLK,-0.0075796019887466315,-0.00010204454689932089,8,2025Q3
2025-08-12,XLP,-0.04736750239424925,-0.010882978398712242,8,2025Q3
2025-08-12,XLRE,0.004174601570810843,-0.013022575225051656,8,2025Q3
2025-08-12,XLU,-0.03405242494867533,-0.008808346217503031,8,2025Q3
2025-08-12,XLV,0.03198960753857816,-0.012008040086989379,8,2025Q3
2025-08-12,XLY,0.012222630708070392,-0.004844522127254942,8,2025Q3
2025-08-13,XLB,-0.0018392816065284645,-0.009031712279553095,8,2025Q3
2025-08-13,XLC,0.02767516719810481,-0.0007365136878481767,8,2025Q3
2025-08-13,XLE,0.020996677947074938,-0.006154830329596647,8,2025Q3
2025-08-13,XLF,0.004315959004051573,-0.004356435823252724,8,2025Q3
2025-08-13,XLI,-0.017656671219964615,-0.0020263522125753227,8,2025Q3
2025-08-13,XLK,-0.00950596865484754,-0.00017480827291490187,8,2025Q3
2025-08-13,XLP,-0.04444367694810014,-0.010399930951159061,8,2025Q3
2025-08-13,XLRE,0.009023411152128347,-0.012748687043366371,8,2025Q3
2025-08-13,XLU,-0.035945893437157594,-0.0082188534036737,8,2025Q3
2025-08-13,XLV,0.028485371113783353,-0.01166312022277888,8,2025Q3
2025-08-13,XLY,0.01309220213852158,-0.005436492577849024,8,2025Q3
2025-08-14,XLB,-0.000992102821037788,-0.008823432782168527,8,2025Q3
2025-08-14,XLC,0.03598642831606491,-0.000852655287035035,8,2025Q3
2025-08-14,XLE,0.016211294706262702,-0.006269050101620906,8,2025Q3
2025-08-14,XLF,-0.004416478560471004,-0.0044448485117206575,8,2025Q3
2025-08-14,XLI,-0.016341758099270187,-0.0021162767245596855,8,2025Q3
2025-08-14,XLK,-0.00755374234873285,0.00018579301403300226,8,2025Q3
2025-08-14,XLP,-0.038491387160214385,-0.010150884469580797,8,2025Q3
2025-08-14,XLRE,0.012098110816143981,-0.01274628609862966,8,2025Q3
2025-08-14,XLU,-0.023628166022206076,-0.007904360656106536,8,2025Q3
2025-08-14,XLV,0.011660069755257796,-0.011683026967600962,8,2025Q3
2025-08-14,XLY,0.020055210138901547,-0.0055225172516440695,8,2025Q3
2025-08-15,XLB,-0.01704319684064015,-0.00915441855289481,8,2025Q3
2025-08-15,XLC,0.04030510722305736,-0.000656534431531,8,2025Q3
2025-08-15,XLE,0.004873371720969022,-0.006426529859132116,8,2025Q3
2025-08-15,XLF,-0.0038951247509748654,-0.004145668444557494,8,2025Q3
2025-08-15,XLI,-0.014920149020868578,-0.0017614954797462484,8,2025Q3
2025-08-15,XLK,0.001528022530011608,0.0010201714597610914,8,2025Q3
2025-08-15,XLP,-0.05909436713655292,-0.009920034816237513,8,2025Q3
2025-08-15,XLRE,-0.003681304056507795,-0.012968274550267202,8,2025Q3
2025-08-15,XLU,-0.02621657757388629,-0.007917872058344584,8,2025Q3
2025-08-15,XLV,-0.02186498319458874,-0.011404667334213015,8,2025Q3
2025-08-15,XLY,0.023757199611988078,-0.005292166918910074,8,2025Q3
2025-08-18,XLB,-0.013112167784036899,-0.007555092432631242,8,2025Q3
2025-08-18,XLC,0.043715195957666486,0.0003965427072727518,8,2025Q3
2025-08-18,XLE,0.02965445020819235,-0.003718495867641788,8,2025Q3
2025-08-18,XLF,-0.005769418104564883,-0.002911394682333329,8,2025Q3
2025-08-18,XLI,-0.020662933426339514,-3.9757259517392675e-05,8,2025Q3
2025-08-18,XLK,-0.0030508170426282177,0.0012736600795473078,8,2025Q3
2025-08-18,XLP,-0.052208215623328225,-0.008547378128932595,8,2025Q3
2025-08-18,XLRE,0.0011529537753056651,-0.011809884129446944,8,2025Q3
2025-08-18,XLU,-0.03898042215427877,-0.006075333194260714,8,2025Q3
2025-08-18,XLV,-0.018306645343683314,-0.010652581472976734,8,2025Q3
2025-08-18,XLY,0.027179782170431155,-0.004716418829364671,8,2025Q3
2025-08-19,XLB,-0.021168560582441653,-0.008714364363714047,8,2025Q3
2025-08-19,XLC,0.04823328339423605,2.9414494667211015e-05,8,2025Q3
2025-08-19,XLE,0.02743577744530068,-0.004284786316691043,8,2025Q3
2025-08-19,XLF,-0.0021377306463901125,-0.004163207813184834,8,2025Q3
2025-08-19,XLI,-0.03172810114776092,-0.00081282730049632,8,2025Q3
2025-08-19,XLK,0.007222520471026117,0.001138342936034424,8,2025Q3
2025-08-19,XLP,-0.06060693905965564,-0.008818690752706968,8,2025Q3
2025-08-19,XLRE,-0.021635303920376048,-0.012193953654067792,8,2025Q3
2025-08-19,XLU,-0.05037219641879043,-0.00750814969123326,8,2025Q3
2025-08-19,XLV,-0.02705729777128041,-0.01171942412491895,8,2025Q3
2025-08-19,XLY,0.020715163165163197,-0.0052826616279835,8,2025Q3
2025-08-20,XLB,-0.02952390236304736,-0.007427686820400913,8,2025Q3
2025-08-20,XLC,0.04472099762464943,0.0012515907150251106,8,2025Q3
2025-08-20,XLE,0.007846831828407952,-0.0033153600827738237,8,2025Q3
2025-08-20,XLF,-0.01401409852543023,-0.0028684275838583755,8,2025Q3
2025-08-20,XLI,-0.027728430082645472,9.340812834649197e-05,8,2025Q3
2025-08-20,XLK,0.024766906607712524,0.0020286211200666857,8,2025Q3
2025-08-20,XLP,-0.08206627876992723,-0.007622116614946176,8,2025Q3
2025-08-20,XLRE,-0.03234769328903542,-0.010963775131098901,8,2025Q3
2025-08-20,XLU,-0.05827088116984347,-0.005620663038784724,8,2025Q3
2025-08-20,XLV,-0.03806432119853931,-0.010880916462633252,8,2025Q3
2025-08-20,XLY,0.018837224711390377,-0.003863584009796654,8,2025Q3
2025-08-21,XLB,-0.03942455010272927,-0.005821356184032539,8,2025Q3
2025-08-21,XLC,0.043924186273567756,0.0034732049997727053,8,2025Q3
2025-08-21,XLE,-0.01951809191343301,-0.0010127856887977166,8,2025Q3
2025-08-21,XLF,-0.014880580506925645,-0.0011899473318714355,8,2025Q3
2025-08-21,XLI,-0.0280990879789349,0.0007033316819883382,8,2025Q3
2025-08-21,XLK,0.0329931980261553,0.004223678185808893,8,2025Q3
2025-08-21,XLP,-0.08176051545653296,-0.0059251267519519184,8,2025Q3
2025-08-21,XLRE,-0.04021365039514957,-0.008791676533176378,8,2025Q3
2025-08-21,XLU,-0.05165387828128176,-0.003914834502206211,8,2025Q3
2025-08-21,XLV,-0.04246806033248096,-0.00910125176927892,8,2025Q3
2025-08-21,XLY,0.022719103313028732,-0.0015766943241952952,8,2025Q3
2025-08-22,XLB,-0.05299930541102493,-0.00617282968869475,8,2025Q3
2025-08-22,XLC,0.03194927992779273,0.003095081706153132,8,2025Q3
2025-08-22,XLE,-0.03869623532828559,-0.002057612413599929,8,2025Q3
2025-08-22,XLF,-0.025336928925058455,-0.001420611621068062,8,2025Q3
2025-08-22,XLI,-0.0342780058022536,0.0006102024319006174,8,2025Q3
2025-08-22,XLK,0.04376445802064821,0.003770981874666274,8,2025Q3
2025-08-22,XLP,-0.0880503623277028,-0.0058256031730665086,8,2025Q3
2025-08-22,XLRE,-0.04918808928287899,-0.009679219756597482,8,2025Q3
2025-08-22,XLU,-0.04312671061816775,-0.00402211578587932,8,2025Q3
2025-08-22,XLV,-0.044509499733793256,-0.009161069774671755,8,2025Q3
2025-08-22,XLY,-0.0029905792686470978,-0.002502904393924814,8,2025Q3
2025-08-25,XLB,-0.04962648678161352,-0.006142502854481461,8,2025Q3
2025-08-25,XLC,0.02978668397991968,0.0025606454145936314,8,2025Q3
2025-08-25,XLE,-0.023115656393711825,-0.0027973473086210453,8,2025Q3
2025-08-25,XLF,-0.022893754583011017,-0.0014407816866474276,8,2025Q3
2025-08-25,XLI,-0.022849567448813612,0.000661101014459306,8,2025Q3
2025-08-25,XLK,0.03795474998266868,0.003611133874929702,8,2025Q3
2025-08-25,XLP,-0.06571368861703031,-0.006248130774291776,8,2025Q3
2025-08-25,XLRE,-0.035367350115819596,-0.009504650529343805,8,2025Q3
2025-08-25,XLU,-0.025581298551241805,-0.004158977263336462,8,2025Q3
2025-08-25,XLV,-0.02684847646656996,-0.009036244843432751,8,2025Q3
2025-08-25,XLY,-0.009541689608789872,-0.0026637851904498435,8,2025Q3
2025-08-26,XLB,-0.056691383617754165,-0.005071678334406148,8,2025Q3
2025-08-26,XLC,0.033220878513829044,0.003762773487393528,8,2025Q3
2025-08-26,XLE,-0.0007922811946723396,-0.0003877788954849224,8,2025Q3
2025-08-26,XLF,-0.025824992399006708,-0.0005844564364822218,8,2025Q3
2025-08-26,XLI,-0.03071344753383498,0.001791979983457842,8,2025Q3
2025-08-26,XLK,0.034069515996690836,0.004893198454251237,8,2025Q3
2025-08-26,XLP,-0.04966669178340233,-0.0038752267154458066,8,2025Q3
2025-08-26,XLRE,-0.03518074615297051,-0.007201294626547903,8,2025Q3
2025-08-26,XLU,-0.013095508245907439,-0.0017555104154712699,8,2025Q3
2025-08-26,XLV,-0.02952281008538693,-0.0069233407822636706,8,2025Q3
2025-08-26,XLY,0.0005389925200047774,-0.002199409725756961,8,2025Q3
2025-08-27,XLB,-0.06464940073418268,-0.004540871389069625,8,2025Q3
2025-08-27,XLC,0.03486191367696967,0.004256691098704224,8,2025Q3
2025-08-27,XLE,0.003971125894197458,0.0005854268066824704,8,2025Q3
2025-08-27,XLF,-0.02342501981854528,-7.351236270808619e-05,8,2025Q3
2025-08-27,XLI,-0.030262819359048843,0.002528820380105523,8,2025Q3
2025-08-27,XLK,0.03357762416121002,0.005279044468481159,8,2025Q3
2025-08-27,XLP,-0.05480329860445732,-0.0030602331090538127,8,2025Q3
2025-08-27,XLRE,-0.034726450568298595,-0.006511924411218718,8,2025Q3
2025-08-27,XLU,-0.01601914416783301,-0.0008960248688080043,8,2025Q3
2025-08-27,XLV,-0.03839526260134862,-0.006224487941153742,8,2025Q3
2025-08-27,XLY,-0.007093950279941863,-0.0013728980292069517,8,2025Q3
2025-08-28,XLB,-0.055798880022331354,-0.005650816702726918,8,2025Q3
2025-08-28,XLC,0.038896911457213745,0.002394987860729187,8,2025Q3
2025-08-28,XLE,0.0033688695179125983,-0.0024524126943311964,8,2025Q3
2025-08-28,XLF,-0.019693482853390343,-0.001557731793097486,8,2025Q3
2025-08-28,XLI,-0.025354350085148525,0.0009172142990558418,8,2025Q3
2025-08-28,XLK,0.026267735912152812,0.0035708285529989347,8,2025Q3
2025-08-28,XLP,-0.048536049062884556,-0.005509358067740776,8,2025Q3
2025-08-28,XLRE,-0.024632035585772316,-0.00928409463783696,8,2025Q3
2025-08-28,XLU,0.0058800031747638926,-0.0030628292998590486,8,2025Q3
2025-08-28,XLV,-0.0266958664225726,-0.008438461246580943,8,2025Q3
2025-08-28,XLY,0.0038662784357388347,-0.002985006039072727,8,2025Q3
2025-08-29,XLB,-0.06247489341239498,-0.006086715714150163,8,2025Q3
2025-08-29,XLC,0.035397178506334726,0.0025255439527138166,8,2025Q3
2025-08-29,XLE,-0.029877167419079864,-0.003208062250630017,8,2025Q3
2025-08-29,XLF,-0.026288409264396906,-0.0018790033443657915,8,2025Q3
2025-08-29,XLI,-0.022039826901388393,0.0010030076272512696,8,2025Q3
2025-08-29,XLK,0.03924578028002834,0.0034238955856582473,8,2025Q3
2025-08-29,XLP,-0.061934217881354114,-0.005662151837634447,8,2025Q3
2025-08-29,XLRE,-0.03715375811332433,-0.009042990407270766,8,2025Q3
2025-08-29,XLU,0.0036137741113284605,-0.003888723989924325,8,2025Q3
2025-08-29,XLV,-0.04001442246167952,-0.008658858499048495,8,2025Q3
2025-08-29,XLY,0.01004144881514879,-0.002532517985458047,8,2025Q3
2025-09-02,XLB,-0.06197620120795577,-0.0059531761114277985,8,2025Q3
2025-09-02,XLC,0.024011114409579593,0.0028227404300872785,8,2025Q3
2025-09-02,XLE,-0.0535030960514814,-0.0028710317944272866,8,2025Q3
2025-09-02,XLF,-0.03524244747314054,-0.0013015701761263279,8,2025Q3
2025-09-02,XLI,-0.016091638669572417,0.0012677839073036534,8,2025Q3
2025-09-02,XLK,0.04444416750520941,0.0039942808066100646,8,2025Q3
2025-09-02,XLP,-0.06873760663838047,-0.005603315276889144,8,2025Q3
2025-09-02,XLRE,-0.027483412498348292,-0.009543554285222742,8,2025Q3
2025-09-02,XLU,-0.0027471695867360424,-0.003580708295744906,8,2025Q3
2025-09-02,XLV,-0.02876331914041086,-0.008665971554424149,8,2025Q3
2025-09-02,XLY,0.001400442024049875,-0.0025482899684586553,8,2025Q3
2025-09-03,XLB,-0.06355819629244974,-0.0055127729453277865,8,2025Q3
2025-09-03,XLC,-0.006101319146997408,0.0028147190039227964,8,2025Q3
2025-09-03,XLE,-0.028779457139105125,-0.0009414632984201183,8,2025Q3
2025-09-03,XLF,-0.0404411370585851,-0.000859978333737097,8,2025Q3
2025-09-03,XLI,-0.011682792599305936,0.0026679124555373324,8,2025Q3
2025-09-03,XLK,0.05065262663067038,0.004149526512796152,8,2025Q3
2025-09-03,XLP,-0.06742092282083156,-0.0046606182427160105,8,2025Q3
2025-09-03,XLRE,-0.02271485978499732,-0.00909044713294742,8,2025Q3
2025-09-03,XLU,0.011954911464181928,-0.0029915530027076597,8,2025Q3
2025-09-03,XLV,0.009529626189254348,-0.008202916275086037,8,2025Q3
2025-09-03,XLY,0.005782253893792388,-0.0020783848930804568,8,2025Q3
2025-09-04,XLB,-0.04859530976186799,-0.0057122033458124975,8,2025Q3
2025-09-04,XLC,-0.010190103956903007,0.0017873170871713826,8,2025Q3
2025-09-04,XLE,-0.03814955197815939,-0.0020590928017334086,8,2025Q3
2025-09-04,XLF,-0.044098554076478225,-0.0016644901356269509,8,2025Q3
2025-09-04,XLI,-0.013076029198613837,0.0015408628062064337,8,2025Q3
2025-09-04,XLK,0.058587240038408206,0.0037041001565221695,8,2025Q3
2025-09-04,XLP,-0.0644471416247051,-0.004940154889680309,8,2025Q3
2025-09-04,XLRE,-0.027373044744573694,-0.009627236169779833,8,2025Q3
2025-09-04,XLU,0.018718507741454893,-0.00335828656857418,8,2025Q3
2025-09-04,XLV,0.010947247466884358,-0.008513648782512968,8,2025Q3
2025-09-04,XLY,-0.012934721509525016,-0.003276672139597231,8,2025Q3
2025-09-05,XLB,-0.05678014766565653,-0.006972395816405877,8,2025Q3
2025-09-05,XLC,-0.019121566830983427,0.0007305630496728041,8,2025Q3
2025-09-05,XLE,-0.016201458014000414,-0.003301833149204379,8,2025Q3
2025-09-05,XLF,-0.021696157633205537,-0.001757091075227105,8,2025Q3
2025-09-05,XLI,-0.010887085693814358,0.0006613789731637555,8,2025Q3
2025-09-05,XLK,0.049218007535287045,0.0028041770665766276,8,2025Q3
2025-09-05,XLP,-0.06906222276962737,-0.007366829329376206,8,2025Q3
2025-09-05,XLRE,-0.03631492385115054,-0.011578241206504037,8,2025Q3
2025-09-05,XLU,0.031228984082938505,-0.005046362541083727,8,2025Q3
2025-09-05,XLV,0.016237158783753314,-0.00979791335876658,8,2025Q3
2025-09-05,XLY,-0.02224747937599103,-0.0036498146899931914,8,2025Q3
2025-09-08,XLB,-0.059663892181067046,-0.00753928276714029,8,2025Q3
2025-09-08,XLC,-0.02039066055370098,0.000547922664907584,8,2025Q3
2025-09-08,XLE,-0.009983145996326659,-0.0031383029613998824,8,2025Q3
2025-09-08,XLF,-0.024000331660238627,-0.0017619974293851873,8,2025Q3
2025-09-08,XLI,-0.00959206370705501,0.000692262123206138,8,2025Q3
2025-09-08,XLK,0.05087033440362254,0.0025874448105825737,8,2025Q3
2025-09-08,XLP,-0.07370932585423784,-0.007734271770085163,8,2025Q3
2025-09-08,XLRE,-0.04083727430505801,-0.011748434898957518,8,2025Q3
2025-09-08,XLU,0.05143143847779519,-0.004662880464527441,8,2025Q3
2025-09-08,XLV,0.01037487130304049,-0.0100720426158901,8,2025Q3
2025-09-08,XLY,-0.01867006587100062,-0.0037350681208372263,8,2025Q3
2025-09-09,XLB,-0.041263246647703644,-0.007036138762411836,8,2025Q3
2025-09-09,XLC,-0.023783471277236456,0.00030499724211231023,8,2025Q3
2025-09-09,XLE,-0.007084391434106996,-0.003102640236194302,8,2025Q3
2025-09-09,XLF,-0.020831531228433287,-0.0020291682055798843,8,2025Q3
2025-09-09,XLI,-0.002270727368849146,0.0006500692993623033,8,2025Q3
2025-09-09,XLK,0.04776334187606035,0.0025907059487612727,8,2025Q3
2025-09-09,XLP,-0.06047979425909955,-0.0076532280009507184,8,2025Q3
2025-09-09,XLRE,-0.037250234621168166,-0.011615179088667514,8,2025Q3
2025-09-09,XLU,0.05513149863625255,-0.004639276978778846,8,2025Q3
2025-09-09,XLV,0.011802553339554711,-0.010452444649122707,8,2025Q3
2025-09-09,XLY,-0.028850594928036877,-0.004110551523033966,8,2025Q3
2025-09-10,XLB,-0.04097444924293425,-0.007443936026481062,8,2025Q3
2025-09-10,XLC,-0.023669391858240907,0.00012060816376826275,8,2025Q3
2025-09-10,XLE,-0.033615985424768846,-0.0036477471173850325,8,2025Q3
2025-09-10,XLF,-0.025460995848473056,-0.0027333458723691464,8,2025Q3
2025-09-10,XLI,-0.0040982761797399014,-0.0001772518417857494,8,2025Q3
2025-09-10,XLK,0.043986940650311945,0.002179979024478983,8,2025Q3
2025-09-10,XLP,-0.058940064894425936,-0.007742517953946427,8,2025Q3
2025-09-10,XLRE,-0.044945036850818076,-0.01240698887724009,8,2025Q3
2025-09-10,XLU,0.040987486536104845,-0.005695557421966096,8,2025Q3
2025-09-10,XLV,0.0202379288827097,-0.010637760250849136,8,2025Q3
2025-09-10,XLY,-0.016886221295339787,-0.0035901539265621135,8,2025Q3
2025-09-11,XLB,-0.0631178806565561,-0.00774951029864224,8,2025Q3
2025-09-11,XLC,-0.03311898977266847,0.0006437860956864808,8,2025Q3
2025-09-11,XLE,-0.03594468561574271,-0.0037062680649224337,8,2025Q3
2025-09-11,XLF,-0.03371472660609731,-0.0026201903946210855,8,2025Q3
2025-09-11,XLI,-0.017367072646158555,-7.421978247823535e-06,8,2025Q3
2025-09-11,XLK,0.05003779376351192,0.0027305205638273643,8,2025Q3
2025-09-11,XLP,-0.05221552181261335,-0.008410053371295781,8,2025Q3
2025-09-11,XLRE,-0.05371915396414184,-0.012260054540306544,8,2025Q3
2025-09-11,XLU,0.0440787600742929,-0.006746283979429716,8,2025Q3
2025-09-11,XLV,0.01141867761277382,-0.010215655777169756,8,2025Q3
2025-09-11,XLY,-0.029756692745224744,-0.003719833847418568,8,2025Q3
2025-09-12,XLB,-0.04600552592909635,-0.00783357710620765,8,2025Q3
2025-09-12,XLC,-0.03209518143227841,0.0002437868910334564,8,2025Q3
2025-09-12,XLE,-0.03147126405444334,-0.003372753154894867,8,2025Q3
2025-09-12,XLF,-0.02380555123126249,-0.0028050523053590034,8,2025Q3
2025-09-12,XLI,-0.00440553622207307,-0.00015315303377941812,8,2025Q3
2025-09-12,XLK,0.0344021737768071,0.002624691480511977,8,2025Q3
2025-09-12,XLP,-0.020961722086873524,-0.008445298621254732,8,2025Q3
2025-09-12,XLRE,-0.032755573834546414,-0.01260278301040156,8,2025Q3
2025-09-12,XLU,0.06164848037812043,-0.006674589592661205,8,2025Q3
2025-09-12,XLV,0.035640141402619396,-0.010677732174080749,8,2025Q3
2025-09-12,XLY,-0.03472528869793834,-0.0040751225462111575,8,2025Q3
2025-09-15,XLB,-0.022120404347356626,-0.007187993924942789,8,2025Q3
2025-09-15,XLC,-0.03905606975053122,-0.0006708755380854031,8,2025Q3
2025-09-15,XLE,-0.02385455086438104,-0.0030779630303247605,8,2025Q3
2025-09-15,XLF,-0.010193967532594939,-0.0026373145997793668,8,2025Q3
2025-09-15,XLI,0.004306930295822964,-6.247794153922876e-05,8,2025Q3
2025-09-15,XLK,0.02796763011431147,0.0020490613322281595,8,2025Q3
2025-09-15,XLP,-0.005901528336988537,-0.007207017277406863,8,2025Q3
2025-09-15,XLRE,-0.025637908159653833,-0.012232847708594334,8,2025Q3
2025-09-15,XLU,0.06801442239031563,-0.006419505547318306,8,2025Q3
2025-09-15,XLV,0.037511992075820455,-0.010565888103692524,8,2025Q3
2025-09-15,XLY,-0.028378633840562828,-0.0048039988911621,8,2025Q3
2025-09-16,XLB,-0.029342267813809886,-0.0070914680874244575,8,2025Q3
2025-09-16,XLC,-0.03415800427494653,-0.00041389176931996364,8,2025Q3
2025-09-16,XLE,-0.046371983366748415,-0.0031565004114256917,8,2025Q3
2025-09-16,XLF,-0.013807941249688871,-0.0025403973258670246,8,2025Q3
2025-09-16,XLI,-0.002761871830336604,-2.1109388940440676e-05,8,2025Q3
2025-09-16,XLK,0.035967378933069005,0.002284423727343456,8,2025Q3
2025-09-16,XLP,-0.014478268137746664,-0.007835749126665811,8,2025Q3
2025-09-16,XLRE,-0.01140051525961161,-0.012238627877233114,8,2025Q3
2025-09-16,XLU,0.09627886062911029,-0.005777809395810057,8,2025Q3
2025-09-16,XLV,0.033282565301005373,-0.010459045957971473,8,2025Q3
2025-09-16,XLY,-0.03876074269826857,-0.004969754490206903,8,2025Q3
2025-09-17,XLB,-0.0332482173621258,-0.006938516474120427,8,2025Q3
2025-09-17,XLC,-0.04143055929857009,-0.00013967253544790517,8,2025Q3
2025-09-17,XLE,-0.05455402181837077,-0.004002192263073308,8,2025Q3
2025-09-17,XLF,-0.04511428130808404,-0.002530620598045342,8,2025Q3
2025-09-17,XLI,0.0008286627705671457,0.0005847042669392758,8,2025Q3
2025-09-17,XLK,0.04597434703267611,0.002699587753402383,8,2025Q3
2025-09-17,XLP,-0.021656547999134967,-0.006527185304498598,8,2025Q3
2025-09-17,XLRE,-0.008400930601980772,-0.011365952342407493,8,2025Q3
2025-09-17,XLU,0.08717457570148812,-0.005318910303463038,8,2025Q3
2025-09-17,XLV,0.03510291123249942,-0.009723940533480418,8,2025Q3
2025-09-17,XLY,-0.040092092877518914,-0.004076351680709964,8,2025Q3
2025-09-18,XLB,-0.036120408259107784,-0.005485812185422202,8,2025Q3
2025-09-18,XLC,-0.03668413703988005,0.0012269413427350778,8,2025Q3
2025-09-18,XLE,-0.044794678826373335,-0.00294500766602455,8,2025Q3
2025-09-18,XLF,-0.03924064521316872,-0.001345520989634738,8,2025Q3
2025-09-18,XLI,-0.009893837216538248,0.0016336558380222526,8,2025Q3
2025-09-18,XLK,0.028979887127795534,0.003496810992433949,8,2025Q3
2025-09-18,XLP,-0.0008275242475721534,-0.003209624453130672,8,2025Q3
2025-09-18,XLRE,-0.0036917706496433222,-0.009573072401383014,8,2025Q3
2025-09-18,XLU,0.08160781350200486,-0.0029261054031688646,8,2025Q3
2025-09-18,XLV,0.03897476402090505,-0.008495228838520205,8,2025Q3
2025-09-18,XLY,-0.02841586027353382,-0.003062794264153422,8,2025Q3
2025-09-19,XLB,-0.032369155590555754,-0.0072666583224832056,8,2025Q3
2025-09-19,XLC,-0.037998147110137936,0.0001921208923453075,8,2025Q3
2025-09-19,XLE,-0.029864874516269624,-0.00421763786380663,8,2025Q3
2025-09-19,XLF,-0.038363399153884536,-0.002139388618508002,8,2025Q3
2025-09-19,XLI,-0.00883862655903389,0.00027319545019133555,8,2025Q3
2025-09-19,XLK,0.021784379539574905,0.002716606657679313,8,2025Q3
2025-09-19,XLP,-0.007923619896900824,-0.005497602219051797,8,2025Q3
2025-09-19,XLRE,0.0036028066832889394,-0.011264265085885015,8,2025Q3
2025-09-19,XLU,0.0661240873860427,-0.005869129936816676,8,2025Q3
2025-09-19,XLV,0.04317793099827427,-0.010335240404295346,8,2025Q3
2025-09-19,XLY,-0.03262001927051694,-0.0039519934269441545,8,2025Q3
2025-09-22,XLB,-0.02637006698718647,-0.0067822668712874965,8,2025Q3
2025-09-22,XLC,-0.022949196811459904,0.000501549096440877,8,2025Q3
2025-09-22,XLE,-0.017851547145705915,-0.004166710521712544,8,2025Q3
2025-09-22,XLF,-0.03019178346963114,-0.002314224043693019,8,2025Q3
2025-09-22,XLI,0.005614316748233872,0.0005871297314187402,8,2025Q3
2025-09-22,XLK,0.013421548605810907,0.0026014203823666268,8,2025Q3
2025-09-22,XLP,0.010386765833905631,-0.006480406319747519,8,2025Q3
2025-09-22,XLRE,0.009645429553327034,-0.011736894328346731,8,2025Q3
2025-09-22,XLU,0.056824387631047024,-0.00651702296522221,8,2025Q3
2025-09-22,XLV,0.05553854797430646,-0.010893046556189851,8,2025Q3
2025-09-22,XLY,-0.01087844439985941,-0.004007889448887109,8,2025Q3
2025-09-23,XLB,-0.026459073064710736,-0.005682875490796887,8,2025Q3
2025-09-23,XLC,-0.03031417927288671,0.0010794607314474735,8,2025Q3
2025-09-23,XLE,-0.022395206384394295,-0.0032323467480937546,8,2025Q3
2025-09-23,XLF,-0.03166046812095691,-0.0013085128382453912,8,2025Q3
2025-09-23,XLI,-0.008031705488094065,0.0021544364254312996,8,2025Q3
2025-09-23,XLK,0.011885767128727798,0.00329630278732966,8,2025Q3
2025-09-23,XLP,0.010820021402548674,-0.005659305379159469,8,2025Q3
2025-09-23,XLRE,0.005936258069519251,-0.010455803989014727,8,2025Q3
2025-09-23,XLU,0.04866061918248388,-0.004408228189399026,8,2025Q3
2025-09-23,XLV,0.05894737868543043,-0.010186692438960358,8,2025Q3
2025-09-23,XLY,-0.009526802743238916,-0.0025417839095618015,8,2025Q3
2025-09-24,XLB,-0.011629248527293301,-0.0045157900763082535,8,2025Q3
2025-09-24,XLC,-0.03468889179343937,0.002743209104440038,8,2025Q3
2025-09-24,XLE,-0.03128957322757264,-0.0020839535519050685,8,2025Q3
2025-09-24,XLF,-0.03608360363032437,-0.0013476601219573154,8,2025Q3
2025-09-24,XLI,0.0004927648326582545,0.0029282232756244423,8,2025Q3
2025-09-24,XLK,0.021937767235659322,0.004211663009030965,8,2025Q3
2025-09-24,XLP,-0.005554085477722737,-0.0037820002405107443,8,2025Q3
2025-09-24,XLRE,0.006247262064265069,-0.008644503307087787,8,2025Q3
2025-09-24,XLU,0.031179707075822183,-0.0026457564163375807,8,2025Q3
2025-09-24,XLV,0.05462834700543606,-0.0087289584913379,8,2025Q3
2025-09-24,XLY,-0.021258196676808838,-0.0028064042890285894,8,2025Q3
2025-09-25,XLB,-0.01562667011086405,-0.005621742531362311,8,2025Q3
2025-09-25,XLC,-0.04182344420190309,0.0016658054388564239,8,2025Q3
2025-09-25,XLE,-0.06296756949452109,-0.002778087682027165,8,2025Q3
2025-09-25,XLF,-0.03590986153600284,-0.0017206882588822697,8,2025Q3
2025-09-25,XLI,-0.004775580012449154,0.002567726814367257,8,2025Q3
2025-09-25,XLK,0.026866051266577262,0.00374564945780362,8,2025Q3
2025-09-25,XLP,-0.012203988317031511,-0.0040102254933313194,8,2025Q3
2025-09-25,XLRE,-0.0007228098846754349,-0.009261553561466272,8,2025Q3
2025-09-25,XLU,0.04071284131288255,-0.003852208996871005,8,2025Q3
2025-09-25,XLV,0.05954278440478156,-0.008636988398590954,8,2025Q3
2025-09-25,XLY,-0.023081102009024246,-0.0027729062542455156,8,2025Q3
2025-09-26,XLB,-0.0339239606019508,-0.005175057488977954,8,2025Q3
2025-09-26,XLC,-0.04393427396660898,0.001250070172531938,8,2025Q3
2025-09-26,XLE,-0.07571773612293764,-0.0027300681581136767,8,2025Q3
2025-09-26,XLF,-0.04522759219271588,-0.0018899033431811914,8,2025Q3
2025-09-26,XLI,-0.014349121495101924,0.002741537204244487,8,2025Q3
2025-09-26,XLK,0.03691226119064228,0.003704121524294646,8,2025Q3
2025-09-26,XLP,-0.019225130991688433,-0.003352343271865967,8,2025Q3
2025-09-26,XLRE,-0.01485240391052689,-0.009578581277632923,8,2025Q3
2025-09-26,XLU,0.020251485876333186,-0.004692367195247279,8,2025Q3
2025-09-26,XLV,0.04483413679442183,-0.008714913010055551,8,2025Q3
2025-09-26,XLY,-0.029672026172176347,-0.002855797805557023,8,2025Q3
2025-09-29,XLB,-0.03623701552319725,-0.0067986289477560795,8,2025Q3
2025-09-29,XLC,-0.05184528162337665,0.0004966874243192087,8,2025Q3
2025-09-29,XLE,-0.06778596017133509,-0.004390642242830112,8,2025Q3
2025-09-29,XLF,-0.05628823076022749,-0.002534453698642987,8,2025Q3
2025-09-29,XLI,-0.024577706294732993,0.00179781453563483,8,2025Q3
2025-09-29,XLK,0.04193124189699127,0.003194947859499241,8,2025Q3
2025-09-29,XLP,-0.03113103405342743,-0.00653681783454831,8,2025Q3
2025-09-29,XLRE,-0.03927929823416354,-0.01172010336744607,8,2025Q3
2025-09-29,XLU,3.5216349535183156e-05,-0.007098880208218792,8,2025Q3
2025-09-29,XLV,0.03504443837752946,-0.010476499694169288,8,2025Q3
2025-09-29,XLY,-0.03364948536481149,-0.0039021272286920445,8,2025Q3
2025-09-30,XLB,-0.057278991749225905,-0.006989188739811695,8,2025Q3
2025-09-30,XLC,-0.04941026185408337,0.0006059327909424209,8,2025Q3
2025-09-30,XLE,-0.04672519065176828,-0.0037773342955214513,8,2025Q3
2025-09-30,XLF,-0.06488075166228313,-0.0025135317678959155,8,2025Q3
2025-09-30,XLI,-0.026326992483933553,0.001793781061479681,8,2025Q3
2025-09-30,XLK,0.04717261453695931,0.0033993112333213977,8,2025Q3
2025-09-30,XLP,-0.054678614508152146,-0.006723508237644037,8,2025Q3
2025-09-30,XLRE,-0.06696760341671804,-0.011615694150230253,8,2025Q3
2025-09-30,XLU,0.0013001596428550144,-0.006897462611815387,8,2025Q3
2025-09-30,XLV,0.0027238045014505996,-0.010779078828114793,8,2025Q3
2025-09-30,XLY,-0.03388297568391674,-0.0038634950366540056,8,2025Q3
2025-10-01,XLB,-0.0453284740045683,-0.009349746593279256,9,2025Q4
2025-10-01,XLC,-0.03750256770191407,-0.0008069749318938566,9,2025Q4
2025-10-01,XLE,-0.03773186946543261,-0.006292429531356614,9,2025Q4
2025-10-01,XLF,-0.038751374723298926,-0.004845719584321541,9,2025Q4
2025-10-01,XLI,-0.011237723549842427,-0.001723610831733778,9,2025Q4
2025-10-01,XLK,0.03838275004216851,0.003197337780124369,9,2025Q4
2025-10-01,XLP,-0.0393886768230447,-0.009296579671800762,9,2025Q4
2025-10-01,XLRE,-0.04669452840520827,-0.013400314542404299,9,2025Q4
2025-10-01,XLU,0.0019420367382667614,-0.007297489674968085,9,2025Q4
2025-10-01,XLV,-0.011239277999588237,-0.010721153152978733,9,2025Q4
2025-10-01,XLY,-0.04767055727322789,-0.004765132704132376,9,2025Q4
2025-10-02,XLB,-0.06422051408449503,-0.009493505705114504,9,2025Q4
2025-10-02,XLC,-0.03326981319767697,-0.0006470875199182202,9,2025Q4
2025-10-02,XLE,-0.022691716911474535,-0.006358002055496046,9,2025Q4
2025-10-02,XLF,-0.03755577525145226,-0.004773564116059165,9,2025Q4
2025-10-02,XLI,-0.013609343141836705,-0.0014995485991557975,9,2025Q4
2025-10-02,XLK,0.031554328637839246,0.0031713109710475103,9,2025Q4
2025-10-02,XLP,-0.04048495033843302,-0.00923374222196048,9,2025Q4
2025-10-02,XLRE,-0.04328577596481198,-0.013274661303345018,9,2025Q4
2025-10-02,XLU,-0.005419306633815291,-0.006689760219233667,9,2025Q4
2025-10-02,XLV,-0.01178376405628101,-0.010873549111519958,9,2025Q4
2025-10-02,XLY,-0.01697264764173756,-0.004445900395848301,9,2025Q4
2025-10-03,XLB,-0.07364060017110852,-0.009622847890724456,9,2025Q4
2025-10-03,XLC,-0.04517149795413822,-0.0007005364716347515,9,2025Q4
2025-10-03,XLE,-0.029774891524185665,-0.006593123562856154,9,2025Q4
2025-10-03,XLF,-0.05034006267578406,-0.005320713810560457,9,2025Q4
2025-10-03,XLI,-0.02117921102433895,-0.001326306004226663,9,2025Q4
2025-10-03,XLK,0.03926065698724357,0.003205757572421169,9,2025Q4
2025-10-03,XLP,-0.05123107019155604,-0.009334448339127126,9,2025Q4
2025-10-03,XLRE,-0.05081977157334894,-0.013342149457057917,9,2025Q4
2025-10-03,XLU,-0.018415089477171742,-0.007010384105402925,9,2025Q4
2025-10-03,XLV,-0.023669344112066226,-0.010884606807924661,9,2025Q4
2025-10-03,XLY,-0.0029525043787599348,-0.0033591287622517143,9,2025Q4
2025-10-06,XLB,-0.06176491358899461,-0.010023149639678462,9,2025Q4
2025-10-06,XLC,-0.03716185323522425,-0.0010410303319106614,9,2025Q4
2025-10-06,XLE,-0.02957951679177473,-0.0070729598124017416,9,2025Q4
2025-10-06,XLF,-0.02924104912908776,-0.005437431665333381,9,2025Q4
2025-10-06,XLI,-0.021649362646638415,-0.002147875951026446,9,2025Q4
2025-10-06,XLK,0.01663958375902741,0.0030741995775225924,9,2025Q4
2025-10-06,XLP,-0.024382459292848657,-0.009899921729060734,9,2025Q4
2025-10-06,XLRE,-0.022687687742103835,-0.013614200791524655,9,2025Q4
2025-10-06,XLU,-0.015876126688146752,-0.008118000482389184,9,2025Q4
2025-10-06,XLV,0.0013949664817392016,-0.011079899423317675,9,2025Q4
2025-10-06,XLY,-0.012657944592203707,-0.004294409798512653,9,2025Q4
2025-10-07,XLB,-0.05961283010839513,-0.009325043147719998,9,2025Q4
2025-10-07,XLC,-0.035390327097916785,-0.00025057836970450355,9,2025Q4
2025-10-07,XLE,-0.035774548120843574,-0.006716705127926721,9,2025Q4
2025-10-07,XLF,-0.03440281738282169,-0.005227011196991756,9,2025Q4
2025-10-07,XLI,-0.019450603303344582,-0.001214231102856625,9,2025Q4
2025-10-07,XLK,0.020295480651365327,0.0031993173293858373,9,2025Q4
2025-10-07,XLP,-0.04129530113526059,-0.009132166870800687,9,2025Q4
2025-10-07,XLRE,-0.027090859453728577,-0.012744135213775196,9,2025Q4
2025-10-07,XLU,-0.027391753238302785,-0.007753120931693951,9,2025Q4
2025-10-07,XLV,-0.0027287524777845906,-0.010839799588554452,9,2025Q4
2025-10-07,XLY,0.01009730014505461,-0.003287259057416607,9,2025Q4
2025-10-08,XLB,-0.052569904090535524,-0.0094731061412278,9,2025Q4
2025-10-08,XLC,-0.02335361504891509,-0.0005784579881002068,9,2025Q4
2025-10-08,XLE,-0.003708025037929663,-0.0058395993458489875,9,2025Q4
2025-10-08,XLF,-0.01639710967559449,-0.004908728934259175,9,2025Q4
2025-10-08,XLI,-0.015121649247171631,-0.001678170307046302,9,2025Q4
2025-10-08,XLK,-0.00110354337638785,0.00313101879951226,9,2025Q4
2025-10-08,XLP,-0.02399292328270486,-0.008801376553584032,9,2025Q4
2025-10-08,XLRE,-0.010119004037018042,-0.012669990407287368,9,2025Q4
2025-10-08,XLU,-0.02161112953437183,-0.00749698034133668,9,2025Q4
2025-10-08,XLV,0.014055304537077928,-0.01180047008861373,9,2025Q4
2025-10-08,XLY,0.0003103877923424925,-0.0036793290937565983,9,2025Q4
2025-10-09,XLB,-0.031858556850006936,-0.008906826812357771,9,2025Q4
2025-10-09,XLC,-0.024168700591151837,-0.00018057343413557672,9,2025Q4
2025-10-09,XLE,0.020565680838948608,-0.005385471287482787,9,2025Q4
2025-10-09,XLF,-0.0098444399227825,-0.0049318675270443825,9,2025Q4
2025-10-09,XLI,0.0005440352702542617,-0.0011168655056497277,9,2025Q4
2025-10-09,XLK,-0.006746542774477393,0.0027942020391731226,9,2025Q4
2025-10-09,XLP,-0.016759450325819047,-0.008542940751021558,9,2025Q4
2025-10-09,XLRE,0.003686933438428075,-0.011488533430515495,9,2025Q4
2025-10-09,XLU,-0.009433149620909131,-0.00778951214525618,9,2025Q4
2025-10-09,XLV,0.013806914694081018,-0.01139993328494592,9,2025Q4
2025-10-09,XLY,0.0030039490301653204,-0.003358815004333329,9,2025Q4
2025-10-10,XLB,-0.046053975306299066,-0.009153034649579398,9,2025Q4
2025-10-10,XLC,-0.039265553106125006,0.00035604135809089773,9,2025Q4
2025-10-10,XLE,0.016676264567280885,-0.006124182901230008,9,2025Q4
2025-10-10,XLF,-0.027991731150766697,-0.005449373367938487,9,2025Q4
2025-10-10,XLI,-0.014835081728043376,-0.0023195269602564635,9,2025Q4
2025-10-10,XLK,0.01804743120411456,0.002858398480851253,9,2025Q4
2025-10-10,XLP,-0.06490371476466417,-0.009435100895942095,9,2025Q4
2025-10-10,XLRE,-0.029754893887312894,-0.01184150309247373,9,2025Q4
2025-10-10,XLU,-0.04950756848566007,-0.008277610431126878,9,2025Q4
2025-10-10,XLV,-0.0071406034492067505,-0.011590485958537927,9,2025Q4
2025-10-10,XLY,0.0011130075263594552,-0.003162900460694998,9,2025Q4
2025-10-14,XLB,-0.042710746018568835,-0.008718430998940728,9,2025Q4
2025-10-14,XLC,-0.041100647595330164,-0.0002765199722503842,9,2025Q4
2025-10-14,XLE,0.012985461315565772,-0.007202844896618336,9,2025Q4
2025-10-14,XLF,-0.023860910248008294,-0.005038195657551421,9,2025Q4
2025-10-14,XLI,-0.024432976359788805,-0.0023296938462743855,9,2025Q4
2025-10-14,XLK,0.01214614716302731,0.003243121139898633,9,2025Q4
2025-10-14,XLP,-0.05431711193893707,-0.009489163347926093,9,2025Q4
2025-10-14,XLRE,-0.03024262910346298,-0.012254510287057676,9,2025Q4
2025-10-14,XLU,-0.05134866758561751,-0.007934516660501156,9,2025Q4
2025-10-14,XLV,0.041688983673773494,-0.011570783305322239,9,2025Q4
2025-10-14,XLY,-0.01661857700118241,-0.0034761139224743494,9,2025Q4
2025-10-15,XLB,-0.023179049139820163,-0.008455663921699857,9,2025Q4
2025-10-15,XLC,-0.04039751086944099,-0.0009317466314214141,9,2025Q4
2025-10-15,XLE,0.03786458430501782,-0.0071938207367843905,9,2025Q4
2025-10-15,XLF,-0.015211732985180082,-0.0051469199606307735,9,2025Q4
2025-10-15,XLI,-0.014260034747864858,-0.002366254724376489,9,2025Q4
2025-10-15,XLK,-0.0022733151648279826,0.002432914790427022,9,2025Q4
2025-10-15,XLP,-0.03443521694466123,-0.009438332830403967,9,2025Q4
2025-10-15,XLRE,-0.035865179619415155,-0.01268242812155214,9,2025Q4
2025-10-15,XLU,-0.055753375153915985,-0.008699302886397912,9,2025Q4
2025-10-15,XLV,0.0610803429625435,-0.012429606372598916,9,2025Q4
2025-10-15,XLY,-0.021790115280747036,-0.0036648956876559786,9,2025Q4
2025-10-16,XLB,-0.03162668375607813,-0.008023520399198176,9,2025Q4
2025-10-16,XLC,-0.04196467510633506,-2.076109086939686e-05,9,2025Q4
2025-10-16,XLE,0.061944282126559225,-0.006613082961327028,9,2025Q4
2025-10-16,XLF,-0.003758731638805912,-0.0038843275018413657,9,2025Q4
2025-10-16,XLI,-0.01438500349225591,-0.0022581831557275407,9,2025Q4
2025-10-16,XLK,-0.0042955625806075926,0.001733813814509739,9,2025Q4
2025-10-16,XLP,-0.03513727749080453,-0.009341742516095777,9,2025Q4
2025-10-16,XLRE,-0.036720803320818285,-0.012528255541836498,9,2025Q4
2025-10-16,XLU,-0.05115195497232938,-0.008219923922558912,9,2025Q4
2025-10-16,XLV,0.0497317589116919,-0.012302625465946189,9,2025Q4
2025-10-16,XLY,-0.023672399229070273,-0.0034365335418659344,9,2025Q4
2025-10-17,XLB,-0.029577922008300894,-0.008185071267990694,9,2025Q4
2025-10-17,XLC,-0.03463929894803375,-0.00012215139891902718,9,2025Q4
2025-10-17,XLE,0.04878288804978004,-0.006142231727126625,9,2025Q4
2025-10-17,XLF,-0.01591661376417619,-0.004185523253211315,9,2025Q4
2025-10-17,XLI,-0.009901271155105085,-0.0013526881864359662,9,2025Q4
2025-10-17,XLK,-0.006733428150696219,0.0022660706257223917,9,2025Q4
2025-10-17,XLP,-0.039051877148547076,-0.009624555631147053,9,2025Q4
2025-10-17,XLRE,-0.03427672198941867,-0.012672097079176103,9,2025Q4
2025-10-17,XLU,-0.023876999711577418,-0.008371125846847613,9,2025Q4
2025-10-17,XLV,0.056913373268966616,-0.011748463871666327,9,2025Q4
2025-10-17,XLY,-0.026241910724561168,-0.0035240594211274536,9,2025Q4
2025-10-20,XLB,-0.021630926725735633,-0.008210216373806384,9,2025Q4
2025-10-20,XLC,-0.02139696641035793,-0.00012867705238643005,9,2025Q4
2025-10-20,XLE,0.06470555248115017,-0.006069695759125028,9,2025Q4
2025-10-20,XLF,-0.01018519508773763,-0.004132015725003974,9,2025Q4
2025-10-20,XLI,-0.00719184122148897,-0.0015608364283627705,9,2025Q4
2025-10-20,XLK,-0.01507074773728001,0.002194725649309286,9,2025Q4
2025-10-20,XLP,-0.015422741646785254,-0.009245762123266065,9,2025Q4
2025-10-20,XLRE,-0.022127969089404953,-0.012873510869771485,9,2025Q4
2025-10-20,XLU,-0.008630273043466752,-0.007937831390139451,9,2025Q4
2025-10-20,XLV,0.07058496251658752,-0.011567133923889526,9,2025Q4
2025-10-20,XLY,-0.03314226410852916,-0.003759332689166443,9,2025Q4
2025-10-21,XLB,-0.019270139099735628,-0.007714229449561356,9,2025Q4
2025-10-21,XLC,-0.03390615187830148,-0.0005325323280473858,9,2025Q4
2025-10-21,XLE,0.04969832000289642,-0.005932214578012263,9,2025Q4
2025-10-21,XLF,-0.009287972699768998,-0.003770957560728058,9,2025Q4
2025-10-21,XLI,-0.01634791562200033,-0.0016010528460411423,9,2025Q4
2025-10-21,XLK,-0.012659567865363042,0.002570853183312245,9,2025Q4
2025-10-21,XLP,-0.022160633073577296,-0.00885340316851775,9,2025Q4
2025-10-21,XLRE,-0.030546926838057153,-0.01263269796853993,9,2025Q4
2025-10-21,XLU,-0.01071716744914808,-0.007055718949013593,9,2025Q4
2025-10-21,XLV,0.06251122865189962,-0.011492504808305269,9,2025Q4
2025-10-21,XLY,-0.04839477816608795,-0.0037566947293821277,9,2025Q4
2025-10-22,XLB,-0.020838582561818808,-0.007872337141497068,9,2025Q4
2025-10-22,XLC,-0.02616534941447002,-0.0003470881636510499,9,2025Q4
2025-10-22,XLE,0.034939020521605246,-0.007056167547602011,9,2025Q4
2025-10-22,XLF,-0.002310298127362387,-0.0038880826093835074,9,2025Q4
2025-10-22,XLI,-0.01010306192431587,-0.001380639785076181,9,2025Q4
2025-10-22,XLK,-0.023860552861040052,0.003307961503816975,9,2025Q4
2025-10-22,XLP,-0.010743102414383032,-0.009154600486620902,9,2025Q4
2025-10-22,XLRE,-0.02814468576903051,-0.013472983993319568,9,2025Q4
2025-10-22,XLU,-0.0034613060452099997,-0.006731147836405457,9,2025Q4
2025-10-22,XLV,0.06027363648965822,-0.011930823418731404,9,2025Q4
2025-10-22,XLY,-0.04514904308692935,-0.0033036059081774827,9,2025Q4
2025-10-23,XLB,-0.014949981070555118,-0.00825961155532667,9,2025Q4
2025-10-23,XLC,-0.010117024802525965,-0.00038982297486626167,9,2025Q4
2025-10-23,XLE,0.024008104997009228,-0.005922799245943038,9,2025Q4
2025-10-23,XLF,0.0023914079833197155,-0.003937926161639513,9,2025Q4
2025-10-23,XLI,-0.01432281237478239,-0.002236203316421499,9,2025Q4
2025-10-23,XLK,-0.03601536133599259,0.003073200802426037,9,2025Q4
2025-10-23,XLP,0.000676748357107626,-0.008876423156810968,9,2025Q4
2025-10-23,XLRE,-0.018696838506749636,-0.01192812484586199,9,2025Q4
2025-10-23,XLU,-0.00518351155524488,-0.006380672235752887,9,2025Q4
2025-10-23,XLV,0.07763277304206084,-0.012030926617526184,9,2025Q4
2025-10-23,XLY,-0.03504147326882234,-0.0037375756880480447,9,2025Q4
2025-10-24,XLB,-0.01539409697144789,-0.008105094974167787,9,2025Q4
2025-10-24,XLC,-0.009401538120204056,-0.0008768627157388106,9,2025Q4
2025-10-24,XLE,0.02507035265036961,-0.005637284403739732,9,2025Q4
2025-10-24,XLF,-0.010390903936813412,-0.00358314302341343,9,2025Q4
2025-10-24,XLI,-0.019115535452193022,-0.001933492004549746,9,2025Q4
2025-10-24,XLK,-0.0346640747658814,0.0019530511376915378,9,2025Q4
2025-10-24,XLP,-0.01384530316962318,-0.00856751697048676,9,2025Q4
2025-10-24,XLRE,-0.027044565529257047,-0.01201994828719518,9,2025Q4
2025-10-24,XLU,-0.011930052370688782,-0.006629944938557243,9,2025Q4
2025-10-24,XLV,0.07578647843792463,-0.01281967909580765,9,2025Q4
2025-10-24,XLY,-0.025920090763124293,-0.0037848995909760715,9,2025Q4
2025-10-27,XLB,0.001876379785816673,-0.0088019889613976,9,2025Q4
2025-10-27,XLC,-0.009496579278760353,-0.0016011983948785728,9,2025Q4
2025-10-27,XLE,0.018652588543354387,-0.006493299378090798,9,2025Q4
2025-10-27,XLF,0.00010105667795945461,-0.0045665629631781186,9,2025Q4
2025-10-27,XLI,-0.009926649776397567,-0.002080029678552729,9,2025Q4
2025-10-27,XLK,-0.04709220644613643,0.0005815732937522128,9,2025Q4
2025-10-27,XLP,0.00027171553903859724,-0.009349838613663277,9,2025Q4
2025-10-27,XLRE,-0.019011582059434762,-0.012913751331987468,9,2025Q4
2025-10-27,XLU,-0.01596722852613819,-0.007426457555553697,9,2025Q4
2025-10-27,XLV,0.09963129607176469,-0.013644141269119978,9,2025Q4
2025-10-27,XLY,-0.016942162579988818,-0.0055162437319983635,9,2025Q4
2025-10-28,XLB,0.008496499096782517,-0.009215907807827385,9,2025Q4
2025-10-28,XLC,-0.007443517418733281,-0.0022651292890143626,9,2025Q4
2025-10-28,XLE,0.03271944194134391,-0.007008348374072771,9,2025Q4
2025-10-28,XLF,0.009986560555886648,-0.005365535923607239,9,2025Q4
2025-10-28,XLI,-0.0014127046811052146,-0.002861479492423621,9,2025Q4
2025-10-28,XLK,-0.04946522992408031,-0.0005982124423653786,9,2025Q4
2025-10-28,XLP,0.01686152706519617,-0.009831788475576624,9,2025Q4
2025-10-28,XLRE,0.0030840856728219235,-0.013097192435946016,9,2025Q4
2025-10-28,XLU,0.00918810808048609,-0.007372353466933614,9,2025Q4
2025-10-28,XLV,0.09991295657384103,-0.013577021679439756,9,2025Q4
2025-10-28,XLY,-0.014720967031784493,-0.006110052060152287,9,2025Q4
2025-10-29,XLB,0.02940509867885266,-0.009923024231801532,9,2025Q4
2025-10-29,XLC,-0.0019201596321422043,-0.0018200013192906038,9,2025Q4
2025-10-29,XLE,0.03354323513507629,-0.007542076771778745,9,2025Q4
2025-10-29,XLF,0.029624065842262293,-0.006138512145197021,9,2025Q4
2025-10-29,XLI,-0.003144002934952317,-0.003447200171443708,9,2025Q4
2025-10-29,XLK,-0.05307017788757595,-0.0006610923421106968,9,2025Q4
2025-10-29,XLP,0.04225160177673837,-0.010843130119372395,9,2025Q4
2025-10-29,XLRE,0.030911363798751368,-0.014117423127358841,9,2025Q4
2025-10-29,XLU,0.011701465817418488,-0.007015049196471399,9,2025Q4
2025-10-29,XLV,0.10076285506265703,-0.013238366053857073,9,2025Q4
2025-10-29,XLY,-0.00542905772798119,-0.005497511860425956,9,2025Q4
2025-10-30,XLB,0.03428372981810468,-0.008274575289840998,9,2025Q4
2025-10-30,XLC,0.003988888538563273,3.233931156384866e-05,9,2025Q4
2025-10-30,XLE,0.043129210963495535,-0.00657563446285476,9,2025Q4
2025-10-30,XLF,0.011989195224271665,-0.004763831218898895,9,2025Q4
2025-10-30,XLI,-0.021656982087087218,-0.002248515629763411,9,2025Q4
2025-10-30,XLK,-0.047386459618000254,0.0005645830766834456,9,2025Q4
2025-10-30,XLP,0.03582336760660776,-0.008943493265073826,9,2025Q4
2025-10-30,XLRE,0.004489765672683443,-0.012549592453051329,9,2025Q4
2025-10-30,XLU,-0.014133622768677467,-0.005968402188081109,9,2025Q4
2025-10-30,XLV,0.0755135555320896,-0.010816587211176171,9,2025Q4
2025-10-30,XLY,0.011545292740297475,-0.003592137094317449,9,2025Q4
2025-10-31,XLB,0.03229334114995286,-0.007434784531487093,9,2025Q4
2025-10-31,XLC,0.004435275662123761,0.0002924405037945015,9,2025Q4
2025-10-31,XLE,0.0235842743486796,-0.007212153509119282,9,2025Q4
2025-10-31,XLF,0.009751661517646726,-0.004192160329125852,9,2025Q4
2025-10-31,XLI,-0.01405591014654406,-0.002475217381136723,9,2025Q4
2025-10-31,XLK,-0.03707048782653366,0.0007744729491041633,9,2025Q4
2025-10-31,XLP,0.033419952335702385,-0.008577118241439434,9,2025Q4
2025-10-31,XLRE,0.002977546734411085,-0.012355903998904308,9,2025Q4
2025-10-31,XLU,-0.012915422622291062,-0.0058528107336917965,9,2025Q4
2025-10-31,XLV,0.07086371284950777,-0.011608201246101759,9,2025Q4
2025-10-31,XLY,-0.013768851486667621,-0.0042419465884267205,9,2025Q4
2025-11-03,XLB,0.04441476804650568,-0.006782396807653396,9,2025Q4
2025-11-03,XLC,0.012752661276452582,0.0002579243415538044,9,2025Q4
2025-11-03,XLE,0.04106034423519778,-0.007209182589822698,9,2025Q4
2025-11-03,XLF,0.02604076738750427,-0.004272968044667945,9,2025Q4
2025-11-03,XLI,-0.002035440144574796,-0.0015593459208429218,9,2025Q4
2025-11-03,XLK,-0.04028683502034247,0.0006106776211481507,9,2025Q4
2025-11-03,XLP,0.040817751368093624,-0.008650717433191537,9,2025Q4
2025-11-03,XLRE,0.005073160663273679,-0.012151271383037147,9,2025Q4
2025-11-03,XLU,-0.01819129756599025,-0.005889798419712242,9,2025Q4
2025-11-03,XLV,0.07278460713140689,-0.012113136851369496,9,2025Q4
2025-11-03,XLY,-0.01397689100735533,-0.00449449536677061,9,2025Q4
2025-11-04,XLB,0.030712718575101716,-0.007018678236374973,9,2025Q4
2025-11-04,XLC,0.012865360348114585,0.0003962850351630874,9,2025Q4
2025-11-04,XLE,0.04413936456037626,-0.007127500199666801,9,2025Q4
2025-11-04,XLF,0.010104355960222522,-0.005405035361287685,9,2025Q4
2025-11-04,XLI,0.002175623797601167,-0.002437061762389683,9,2025Q4
2025-11-04,XLK,-0.02331463490957597,0.0018630421961454945,9,2025Q4
2025-11-04,XLP,0.018821943100320704,-0.008985476256322797,9,2025Q4
2025-11-04,XLRE,-0.012085178160395893,-0.01277831155238087,9,2025Q4
2025-11-04,XLU,-0.029423753388565732,-0.0059328407142746915,9,2025Q4
2025-11-04,XLV,0.04709709156784103,-0.011608458909363746,9,2025Q4
2025-11-04,XLY,-0.013634714673762871,-0.0038207376134394063,9,2025Q4
2025-11-05,XLB,0.022764564219839523,-0.00713039102921236,9,2025Q4
2025-11-05,XLC,0.020741213990526308,0.00016204285729494493,9,2025Q4
2025-11-05,XLE,0.038591446085237235,-0.007104834798733635,9,2025Q4
2025-11-05,XLF,0.008563253008329497,-0.005576316368532048,9,2025Q4
2025-11-05,XLI,-0.002961233485132997,-0.0026013785166337233,9,2025Q4
2025-11-05,XLK,-0.018373892029718286,0.001640955367269381,9,2025Q4
2025-11-05,XLP,0.02121502632146144,-0.008775846719946922,9,2025Q4
2025-11-05,XLRE,-0.010503148963320053,-0.01268414806064787,9,2025Q4
2025-11-05,XLU,-0.03729264544914668,-0.005847649385917865,9,2025Q4
2025-11-05,XLV,0.04020723459156761,-0.012096507518683734,9,2025Q4
2025-11-05,XLY,-0.018606418079978426,-0.004289342098086613,9,2025Q4
2025-11-06,XLB,0.005600295329420746,-0.007179642813513004,9,2025Q4
2025-11-06,XLC,0.014470234226889422,-0.00013856772695146997,9,2025Q4
2025-11-06,XLE,0.00924381189843837,-0.008245139664588362,9,2025Q4
2025-11-06,XLF,0.0005445483705730503,-0.005903662351944028,9,2025Q4
2025-11-06,XLI,-0.008075085856072084,-0.002753340518318726,9,2025Q4
2025-11-06,XLK,0.001224184434362341,0.00220945659850237,9,2025Q4
2025-11-06,XLP,0.009361401449017537,-0.009069021124832908,9,2025Q4
2025-11-06,XLRE,-0.019625883510523634,-0.014096361570370967,9,2025Q4
2025-11-06,XLU,-0.054011126952902666,-0.006093670632080224,9,2025Q4
2025-11-06,XLV,0.01774679647618327,-0.012478543309189852,9,2025Q4
2025-11-06,XLY,-0.017790635022947754,-0.0042581712207160755,9,2025Q4
2025-11-07,XLB,-0.006802678086060832,-0.007455945060815246,9,2025Q4
2025-11-07,XLC,0.020187908883851913,1.9585376973265452e-05,9,2025Q4
2025-11-07,XLE,0.0027839571864707313,-0.008159418098666535,9,2025Q4
2025-11-07,XLF,-0.008515596432832062,-0.005724694159360805,9,2025Q4
2025-11-07,XLI,-0.0184454134319183,-0.002455552433140166,9,2025Q4
2025-11-07,XLK,0.009357037165739213,0.002496195840704017,9,2025Q4
2025-11-07,XLP,-0.0013026609364825692,-0.008984121424067095,9,2025Q4
2025-11-07,XLRE,-0.03664650231579969,-0.014426518276791433,9,2025Q4
2025-11-07,XLU,-0.0647053496018356,-0.006044702845815561,9,2025Q4
2025-11-07,XLV,0.008150436693562746,-0.01110889635092666,9,2025Q4
2025-11-07,XLY,-0.017564901440873637,-0.004084023023353785,9,2025Q4
2025-11-10,XLB,0.012359532476357682,-0.008491309247885,9,2025Q4
2025-11-10,XLC,0.024461264646617353,-0.000918602156193076,9,2025Q4
2025-11-10,XLE,0.013251161672933831,-0.009582476936677485,9,2025Q4
2025-11-10,XLF,0.008372665434186022,-0.005577876192086105,9,2025Q4
2025-11-10,XLI,0.003066600552001253,-0.003422797642785165,9,2025Q4
2025-11-10,XLK,-0.0024650163899804234,0.001298754885204925,9,2025Q4
2025-11-10,XLP,0.014424466731017827,-0.009804646041738998,9,2025Q4
2025-11-10,XLRE,-0.02499953598575655,-0.014929836828495618,9,2025Q4
2025-11-10,XLU,-0.05583928775410307,-0.007090512103311742,9,2025Q4
2025-11-10,XLV,0.024002714193504415,-0.013604183554750227,9,2025Q4
2025-11-10,XLY,-0.007070647887736037,-0.004515299800050849,9,2025Q4
2025-11-12,XLB,0.015236993817408173,-0.008992709637194101,9,2025Q4
2025-11-12,XLC,0.02032783064283894,-0.0010352657892858598,9,2025Q4
2025-11-12,XLE,0.01003156300899355,-0.009740423338998324,9,2025Q4
2025-11-12,XLF,0.013886267582494893,-0.00666838152749925,9,2025Q4
2025-11-12,XLI,0.013160933371741734,-0.0036578961220811415,9,2025Q4
2025-11-12,XLK,-0.0015999737160958816,0.0005577729924083367,9,2025Q4
2025-11-12,XLP,0.010668639131106383,-0.00999040547006968,9,2025Q4
2025-11-12,XLRE,-0.022250692188176657,-0.014010116959852326,9,2025Q4
2025-11-12,XLU,-0.05117721845017997,-0.007719541386825017,9,2025Q4
2025-11-12,XLV,-0.003499421064750541,-0.014970556934350714,9,2025Q4
2025-11-12,XLY,0.0016980391359158187,-0.004564392268784953,9,2025Q4
2025-11-13,XLB,0.016711635155895355,-0.008959917718176476,9,2025Q4
2025-11-13,XLC,0.026812372577215138,-0.0005285098550972724,9,2025Q4
2025-11-13,XLE,-0.00849525503487003,-0.010072301804867886,9,2025Q4
2025-11-13,XLF,0.022720418163464373,-0.006196799414149253,9,2025Q4
2025-11-13,XLI,0.01672078573017277,-0.003075746233209179,9,2025Q4
2025-11-13,XLK,-0.011706873625481062,0.0016784940695903586,9,2025Q4
2025-11-13,XLP,0.012696430351296195,-0.009404322861994411,9,2025Q4
2025-11-13,XLRE,-0.016422768416030298,-0.014482390144189018,9,2025Q4
2025-11-13,XLU,-0.04851845411504252,-0.006910941201392502,9,2025Q4
2025-11-13,XLV,-0.005821287831366373,-0.01497435246803576,9,2025Q4
2025-11-13,XLY,0.02605381658316741,-0.003997132323738099,9,2025Q4
2025-11-14,XLB,0.026894177898932448,-0.007763998612383505,9,2025Q4
2025-11-14,XLC,0.03397067513875007,0.00013286664751557256,9,2025Q4
2025-11-14,XLE,-0.03091881488713344,-0.010298479742009573,9,2025Q4
2025-11-14,XLF,0.03533047107859422,-0.005377912855604544,9,2025Q4
2025-11-14,XLI,0.019664400240973823,-0.0029176751271915886,9,2025Q4
2025-11-14,XLK,-0.025416574561329175,0.0013387535901214324,9,2025Q4
2025-11-14,XLP,0.017708471452210217,-0.008276915538818465,9,2025Q4
2025-11-14,XLRE,-0.014073403301448129,-0.012424023986789422,9,2025Q4
2025-11-14,XLU,-0.03923450227958181,-0.005722968726290494,9,2025Q4
2025-11-14,XLV,0.01502695691924405,-0.013300522020349727,9,2025Q4
2025-11-14,XLY,0.04134490661900592,-0.0033255300086147605,9,2025Q4
2025-11-17,XLB,0.033417867845840776,-0.007601841221626966,9,2025Q4
2025-11-17,XLC,0.02936985099253331,-0.00026515255615727545,9,2025Q4
2025-11-17,XLE,-0.04993812439878775,-0.009977810172469324,9,2025Q4
2025-11-17,XLF,0.04217229831484359,-0.004571069414125153,9,2025Q4
2025-11-17,XLI,0.016976094781230078,-0.002642116806270306,9,2025Q4
2025-11-17,XLK,-0.014611763497724972,0.0017274694907997191,9,2025Q4
2025-11-17,XLP,0.012865417855966621,-0.00926963656698977,9,2025Q4
2025-11-17,XLRE,-0.02302531886940895,-0.013163092094102524,9,2025Q4
2025-11-17,XLU,-0.05868627774494295,-0.006715501885827351,9,2025Q4
2025-11-17,XLV,-0.004206705306569081,-0.014067984725326978,9,2025Q4
2025-11-17,XLY,0.04636482827241206,-0.003366780366979371,9,2025Q4
2025-11-18,XLB,0.03967937554185985,-0.007871856718528029,9,2025Q4
2025-11-18,XLC,0.01862553897275676,-0.0005036299852027083,9,2025Q4
2025-11-18,XLE,-0.03362209182399678,-0.010484216819090501,9,2025Q4
2025-11-18,XLF,0.046311727671614955,-0.004447866758729608,9,2025Q4
2025-11-18,XLI,0.0074084547926103195,-0.0029463486224671994,9,2025Q4
2025-11-18,XLK,-0.018045397439724442,0.0020105315162387105,9,2025Q4
2025-11-18,XLP,0.015924493529142048,-0.009776903180763567,9,2025Q4
2025-11-18,XLRE,-0.019598615956806786,-0.013506540255201186,9,2025Q4
2025-11-18,XLU,-0.05861995873636361,-0.007444027962118359,9,2025Q4
2025-11-18,XLV,-0.009285225146804521,-0.014619182014938573,9,2025Q4
2025-11-18,XLY,0.0565253965301904,-0.0036167440805266278,9,2025Q4
2025-11-19,XLB,0.03276410393413576,-0.009145529025329701,9,2025Q4
2025-11-19,XLC,0.026599817176753637,-0.0012514523395530182,9,2025Q4
2025-11-19,XLE,-0.03891049960380599,-0.009608132273096898,9,2025Q4
2025-11-19,XLF,0.03691027409911918,-0.005748541776826349,9,2025Q4
2025-11-19,XLI,0.006915328248694674,-0.0037929507955101935,9,2025Q4
2025-11-19,XLK,-0.013376769016754109,0.0010722950461150684,9,2025Q4
2025-11-19,XLP,0.01414163334076024,-0.010583937740536814,9,2025Q4
2025-11-19,XLRE,-0.021627025448023973,-0.014168074890684664,9,2025Q4
2025-11-19,XLU,-0.04473636018004934,-0.007739819540588271,9,2025Q4
2025-11-19,XLV,-0.01051424935061851,-0.015304981921664,9,2025Q4
2025-11-19,XLY,0.06895362864844046,-0.0032766989486179843,9,2025Q4
2025-11-20,XLB,0.03135286980889118,-0.008855900201368049,9,2025Q4
2025-11-20,XLC,0.01655984432421076,-0.0014012725002629672,9,2025Q4
2025-11-20,XLE,-0.049754048784074856,-0.009696807138418652,9,2025Q4
2025-11-20,XLF,0.029977993067112463,-0.005818289297483388,9,2025Q4
2025-11-20,XLI,0.011317296054556891,-0.0038956637469899614,9,2025Q4
2025-11-20,XLK,0.019647419976388303,0.0012844341480684508,9,2025Q4
2025-11-20,XLP,-0.020681584401331055,-0.011131469787723676,9,2025Q4
2025-11-20,XLRE,-0.043992689099174975,-0.014338235697314029,9,2025Q4
2025-11-20,XLU,-0.07435836420499142,-0.008227928188089777,9,2025Q4
2025-11-20,XLV,-0.01975525545678769,-0.017354030555430777,9,2025Q4
2025-11-20,XLY,0.05891530972325665,-0.0033603563941209747,9,2025Q4
2025-11-21,XLB,0.018639626358266437,-0.009223232613407507,9,2025Q4
2025-11-21,XLC,0.0033895348970445216,-0.001588645921965969,9,2025Q4
2025-11-21,XLE,-0.050331625939077584,-0.009701754687844084,9,2025Q4
2025-11-21,XLF,0.03149215838946651,-0.005990820992254562,9,2025Q4
2025-11-21,XLI,0.01044054072333167,-0.004117847432867526,9,2025Q4
2025-11-21,XLK,0.023516269052331173,0.0015236883948178482,9,2025Q4
2025-11-21,XLP,-0.039405184852043806,-0.011333248030122346,9,2025Q4
2025-11-21,XLRE,-0.05650785864547836,-0.015846481936387526,9,2025Q4
2025-11-21,XLU,-0.07556364680386041,-0.008040289331933343,9,2025Q4
2025-11-21,XLV,-0.034685603453022296,-0.018371942848862982,9,2025Q4
2025-11-21,XLY,0.04590698692996131,-0.0033933965939686728,9,2025Q4
2025-11-24,XLB,0.02880294572901576,-0.009265294334971894,9,2025Q4
2025-11-24,XLC,0.010001631888513884,-0.001534697087545897,9,2025Q4
2025-11-24,XLE,-0.0306624709655835,-0.00952275416726764,9,2025Q4
2025-11-24,XLF,0.03946523705316274,-0.006037423970413113,9,2025Q4
2025-11-24,XLI,0.01784399982055529,-0.0033209691070840985,9,2025Q4
2025-11-24,XLK,0.014824851416851414,0.0010478233804830008,9,2025Q4
2025-11-24,XLP,-0.022132623556067932,-0.010861701296621933,9,2025Q4
2025-11-24,XLRE,-0.047798968929444685,-0.0145117526598007,9,2025Q4
2025-11-24,XLU,-0.07261466535050487,-0.008541110096019388,9,2025Q4
2025-11-24,XLV,-0.03049501860015824,-0.017922281780019145,9,2025Q4
2025-11-24,XLY,0.04051886744122846,-0.00364876378669738,9,2025Q4
2025-11-25,XLB,0.021317547771452894,-0.009268668965554743,9,2025Q4
2025-11-25,XLC,0.01040347386875018,-0.0014881781558714175,9,2025Q4
2025-11-25,XLE,-0.021287778301074534,-0.008465135647104665,9,2025Q4
2025-11-25,XLF,0.037960763885838134,-0.005889858368864956,9,2025Q4
2025-11-25,XLI,0.013974976483056123,-0.004255822473472576,9,2025Q4
2025-11-25,XLK,0.020531148756568918,0.0013521012432456412,9,2025Q4
2025-11-25,XLP,-0.021986241828778397,-0.0108426939947675,9,2025Q4
2025-11-25,XLRE,-0.04334097966574246,-0.014690944863025846,9,2025Q4
2025-11-25,XLU,-0.058674259785222116,-0.009198054661185031,9,2025Q4
2025-11-25,XLV,-0.04146118605436511,-0.020526748003938774,9,2025Q4
2025-11-25,XLY,0.027716412579174676,-0.005130602236650435,9,2025Q4
2025-11-26,XLB,0.02182231891857711,-0.009403674399184051,9,2025Q4
2025-11-26,XLC,0.015026021948473023,-0.001512360473549417,9,2025Q4
2025-11-26,XLE,-0.0254963436303991,-0.007940894416429445,9,2025Q4
2025-11-26,XLF,0.034785216372443806,-0.00571078838443094,9,2025Q4
2025-11-26,XLI,0.013221543738476171,-0.004364851173630827,9,2025Q4
2025-11-26,XLK,0.017061675593438075,0.0006461962425480276,9,2025Q4
2025-11-26,XLP,-0.024257125047820738,-0.010751017127120378,9,2025Q4
2025-11-26,XLRE,-0.03854783916242854,-0.01437128334176423,9,2025Q4
2025-11-26,XLU,-0.06486740477180031,-0.00949794826459036,9,2025Q4
2025-11-26,XLV,-0.03059994509992847,-0.01873457892014148,9,2025Q4
2025-11-26,XLY,0.023083691449292676,-0.005219567454700789,9,2025Q4
2025-11-28,XLB,0.0167399311754568,-0.009897408290190743,9,2025Q4
2025-11-28,XLC,0.015139367538821835,-0.002222842101888677,9,2025Q4
2025-11-28,XLE,-0.019903844725055575,-0.008609781658868903,9,2025Q4
2025-11-28,XLF,0.030788544113094396,-0.0063398578317118166,9,2025Q4
2025-11-28,XLI,0.014164713302470266,-0.004764258789291022,9,2025Q4
2025-11-28,XLK,0.012759575956766467,-3.741526077068267e-05,9,2025Q4
2025-11-28,XLP,-0.020259436608706993,-0.011294493321506652,9,2025Q4
2025-11-28,XLRE,-0.03148429142364795,-0.014868175167898706,9,2025Q4
2025-11-28,XLU,-0.06070260937032734,-0.010818609636128454,9,2025Q4
2025-11-28,XLV,-0.018197712104513042,-0.016951618314403546,9,2025Q4
2025-11-28,XLY,0.015633908163774857,-0.005830592657106306,9,2025Q4
2025-12-01,XLB,0.01565843974995418,-0.00953004487935086,9,2025Q4
2025-12-01,XLC,0.020044280735441955,-0.0017730009958158897,9,2025Q4
2025-12-01,XLE,-0.02523853592671499,-0.009863071350621954,9,2025Q4
2025-12-01,XLF,0.03338957900400796,-0.006216049703162634,9,2025Q4
2025-12-01,XLI,0.022976479903791258,-0.004267736072943784,9,2025Q4
2025-12-01,XLK,0.005702436441303416,0.0005905974081445425,9,2025Q4
2025-12-01,XLP,-0.02428543192502064,-0.011100374770772168,9,2025Q4
2025-12-01,XLRE,-0.0189124547103815,-0.014864278130608066,9,2025Q4
2025-12-01,XLU,-0.03917006097074349,-0.00936747381236218,9,2025Q4
2025-12-01,XLV,-0.007396400486958443,-0.016100132970407396,9,2025Q4
2025-12-01,XLY,0.0075055251606190865,-0.005463183432066702,9,2025Q4
2025-12-02,XLB,0.025794172073820176,-0.010048871374392759,9,2025Q4
2025-12-02,XLC,0.02103671413347863,-0.0021056982124489586,9,2025Q4
2025-12-02,XLE,-0.008559816751077198,-0.010146786218085586,9,2025Q4
2025-12-02,XLF,0.03595311770851617,-0.0068050101231791485,9,2025Q4
2025-12-02,XLI,0.01487682856972472,-0.0046193154877743866,9,2025Q4
2025-12-02,XLK,-0.0052732442871963325,-0.0001526867839501773,9,2025Q4
2025-12-02,XLP,-0.014409997358231563,-0.011546591548258935,9,2025Q4
2025-12-02,XLRE,-0.01618580615153442,-0.015524866002458398,9,2025Q4
2025-12-02,XLU,-0.029020125345031955,-0.009252706078864418,9,2025Q4
2025-12-02,XLV,0.002278237531245342,-0.01609492223335454,9,2025Q4
2025-12-02,XLY,0.0094937368162471,-0.00510184173541843,9,2025Q4
2025-12-03,XLB,0.037573758299977,-0.010216555664598106,9,2025Q4
2025-12-03,XLC,0.01642672601714812,-0.00221370831611079,9,2025Q4
2025-12-03,XLE,-0.004718733467932057,-0.011706794579892531,9,2025Q4
2025-12-03,XLF,0.026823109012281354,-0.008014631588391975,9,2025Q4
2025-12-03,XLI,0.025499983302623597,-0.005104410645587532,9,2025Q4
2025-12-03,XLK,-0.0037404678443726525,-0.0003703381695296364,9,2025Q4
2025-12-03,XLP,-0.01340869854011939,-0.011837886289901409,9,2025Q4
2025-12-03,XLRE,-0.01574778347911998,-0.015479004822097013,9,2025Q4
2025-12-03,XLU,-0.013102450252520548,-0.009692735319913558,9,2025Q4
2025-12-03,XLV,0.003825563334221349,-0.0165132628486805,9,2025Q4
2025-12-03,XLY,-0.008529189989247565,-0.0054498015241496315,9,2025Q4
2025-12-04,XLB,0.04814667378029758,-0.010354686359257358,9,2025Q4
2025-12-04,XLC,0.012061549005129235,-0.0022987102101671053,9,2025Q4
2025-12-04,XLE,0.012050423486408945,-0.011415888801404591,9,2025Q4
2025-12-04,XLF,0.041164916022488285,-0.008097326303886723,9,2025Q4
2025-12-04,XLI,0.026358145233073893,-0.005141228399582999,9,2025Q4
2025-12-04,XLK,-0.011152794201926941,1.595140070527034e-05,9,2025Q4
2025-12-04,XLP,-0.018887316633754425,-0.011794487954688102,9,2025Q4
2025-12-04,XLRE,-0.01876808580473477,-0.015283459694283118,9,2025Q4
2025-12-04,XLU,-0.027972487320266692,-0.009559040054057742,9,2025Q4
2025-12-04,XLV,0.0025417606270627946,-0.015894038858394615,9,2025Q4
2025-12-04,XLY,0.005464411168761174,-0.005365081721342424,9,2025Q4
2025-12-05,XLB,0.06841648475692819,-0.009937930359764735,9,2025Q4
2025-12-05,XLC,-0.007217811622745929,-0.0022099503819852672,9,2025Q4
2025-12-05,XLE,-0.015022877080554942,-0.011012272024995039,9,2025Q4
2025-12-05,XLF,0.041745324729629996,-0.007754413148251163,9,2025Q4
2025-12-05,XLI,0.039205101801640385,-0.005047433518690869,9,2025Q4
2025-12-05,XLK,-0.008584251984890434,-0.00020535550278850956,9,2025Q4
2025-12-05,XLP,-0.02154321057346409,-0.011647360569834625,9,2025Q4
2025-12-05,XLRE,-0.01600021242111982,-0.01502583134254204,9,2025Q4
2025-12-05,XLU,-0.017932244511411732,-0.008889897137400744,9,2025Q4
2025-12-05,XLV,0.0225897563209978,-0.014806234285704916,9,2025Q4
2025-12-05,XLY,0.0022665322204535876,-0.005233436781831804,9,2025Q4
2025-12-08,XLB,0.06489351765396645,-0.009831312038536164,9,2025Q4
2025-12-08,XLC,-0.001564367639773856,-0.0020939077446796655,9,2025Q4
2025-12-08,XLE,-0.015088390951679798,-0.010306898007737939,9,2025Q4
2025-12-08,XLF,0.03112443461025749,-0.007507117810469997,9,2025Q4
2025-12-08,XLI,0.020961595288397028,-0.004755527246742137,9,2025Q4
2025-12-08,XLK,-0.01615459854642798,0.00018902939751040335,9,2025Q4
2025-12-08,XLP,-0.02399720251725257,-0.011775526414339346,9,2025Q4
2025-12-08,XLRE,-0.023431078964525454,-0.014982365361654192,9,2025Q4
2025-12-08,XLU,-0.02860054220910735,-0.008176515078621112,9,2025Q4
2025-12-08,XLV,0.04564500541787231,-0.014211548624352057,9,2025Q4
2025-12-08,XLY,0.015959568579180905,-0.005129480171797179,9,2025Q4
2025-12-09,XLB,0.08524992737482417,-0.009119207708106324,9,2025Q4
2025-12-09,XLC,-0.00010729313894897174,-0.0019315422266714343,9,2025Q4
2025-12-09,XLE,0.009127203496993364,-0.009971007812562814,9,2025Q4
2025-12-09,XLF,0.039701815307928934,-0.006885098139502722,9,2025Q4
2025-12-09,XLI,0.03561442176797125,-0.0044979424753964214,9,2025Q4
2025-12-09,XLK,-0.03500944844873399,0.00019358958787709084,9,2025Q4
2025-12-09,XLP,-0.0037023883572053773,-0.011477203530019114,9,2025Q4
2025-12-09,XLRE,-0.010953840347726618,-0.014572579064367607,9,2025Q4
2025-12-09,XLU,-0.02725013664402287,-0.007917416203220987,9,2025Q4
2025-12-09,XLV,0.04494215166989779,-0.013640473802224084,9,2025Q4
2025-12-09,XLY,0.032399144778440414,-0.004758369858642251,9,2025Q4
2025-12-10,XLB,0.08141440985880477,-0.010681607646724732,9,2025Q4
2025-12-10,XLC,-0.0022783885797423853,-0.002376939701252866,9,2025Q4
2025-12-10,XLE,0.0011570710548323149,-0.011404627382690073,9,2025Q4
2025-12-10,XLF,0.024690042996698303,-0.007890262639711912,9,2025Q4
2025-12-10,XLI,0.028160155397857878,-0.004961229113752202,9,2025Q4
2025-12-10,XLK,-0.026800453075339403,-0.0004710072218284747,9,2025Q4
2025-12-10,XLP,0.003714404819002093,-0.012023027601848032,9,2025Q4
2025-12-10,XLRE,-0.011424997397818548,-0.015022790060027885,9,2025Q4
2025-12-10,XLU,-0.014602190443611218,-0.008410942372352884,9,2025Q4
2025-12-10,XLV,0.024528275906328112,-0.015340461708132408,9,2025Q4
2025-12-10,XLY,0.029807965834873107,-0.005391410488296784,9,2025Q4
2025-12-11,XLB,0.06666299537824161,-0.01141996040351429,9,2025Q4
2025-12-11,XLC,-0.0023565404989573935,-0.0017850483043337089,9,2025Q4
2025-12-11,XLE,-0.0004235553689391214,-0.011733044840306685,9,2025Q4
2025-12-11,XLF,-0.0010371585639583625,-0.008304455807244992,9,2025Q4
2025-12-11,XLI,0.02579770263676262,-0.00528434411264829,9,2025Q4
2025-12-11,XLK,-0.016666203994642692,-0.00020307244876260205,9,2025Q4
2025-12-11,XLP,0.008821075804493539,-0.01293148825673778,9,2025Q4
2025-12-11,XLRE,-0.013103379256718783,-0.01533336696803905,9,2025Q4
2025-12-11,XLU,-0.01937934689284393,-0.008814911017582897,9,2025Q4
2025-12-11,XLV,0.016051190501904733,-0.015510321138782318,9,2025Q4
2025-12-11,XLY,0.027420883368950433,-0.005570771948464429,9,2025Q4
2025-12-12,XLB,0.06167508147110867,-0.011637520843979204,9,2025Q4
2025-12-12,XLC,-0.014698966995962959,-0.0022081494608029426,9,2025Q4
2025-12-12,XLE,0.015123887217135312,-0.010796587696211677,9,2025Q4
2025-12-12,XLF,-0.03071899065929884,-0.008203193503961509,9,2025Q4
2025-12-12,XLI,0.02876637442778085,-0.005101049865800709,9,2025Q4
2025-12-12,XLK,0.0018006301425095295,0.00044520990666979936,9,2025Q4
2025-12-12,XLP,0.003663104828712793,-0.012919846781669015,9,2025Q4
2025-12-12,XLRE,-0.013198991999055387,-0.015380680289902363,9,2025Q4
2025-12-12,XLU,-0.017149207503639685,-0.008505667546417274,9,2025Q4
2025-12-12,XLV,-0.0002203501027022714,-0.016738923549728172,9,2025Q4
2025-12-12,XLY,0.011464194627016422,-0.0053853543468591406,9,2025Q4
2025-12-15,XLB,0.06630554972118485,-0.01125147888658567,9,2025Q4
2025-12-15,XLC,-0.013546080383272319,-0.001680565239992065,9,2025Q4
2025-12-15,XLE,0.049363048085067085,-0.010001409948041284,9,2025Q4
2025-12-15,XLF,-0.02942208257559642,-0.00763465787720281,9,2025Q4
2025-12-15,XLI,0.03222580246800577,-0.005129385022301805,9,2025Q4
2025-12-15,XLK,0.0027191985900711924,0.0013819241745309258,9,2025Q4
2025-12-15,XLP,0.01837476811886818,-0.012606300664479675,9,2025Q4
2025-12-15,XLRE,-0.0024135053400027306,-0.015061210771552546,9,2025Q4
2025-12-15,XLU,-0.015303449756992049,-0.008528903139619898,9,2025Q4
2025-12-15,XLV,-0.002871754107511837,-0.01837412163555421,9,2025Q4
2025-12-15,XLY,-0.009874828985789508,-0.005090048493455317,9,2025Q4
2025-12-16,XLB,0.06830550768188326,-0.011111774526437794,9,2025Q4
2025-12-16,XLC,-0.02346645974203465,-0.0018398993279698244,9,2025Q4
2025-12-16,XLE,0.06704369531027843,-0.00916943884969765,9,2025Q4
2025-12-16,XLF,-0.024635927164383342,-0.007574334022550908,9,2025Q4
2025-12-16,XLI,0.0425892447061047,-0.004996478079066854,9,2025Q4
2025-12-16,XLK,0.0006478196908619172,0.0012951876785005636,9,2025Q4
2025-12-16,XLP,0.019281289720228356,-0.012831100330803119,9,2025Q4
2025-12-16,XLRE,0.00866555700370819,-0.015006434910018802,9,2025Q4
2025-12-16,XLU,-0.006450997894325017,-0.008710252033683799,9,2025Q4
2025-12-16,XLV,-0.0009367847825809683,-0.01763399129479095,9,2025Q4
2025-12-16,XLY,-0.013379393490920988,-0.005356904125035558,9,2025Q4
2025-12-17,XLB,0.047053723388021274,-0.011261773074149363,9,2025Q4
2025-12-17,XLC,-0.035702045225895596,-0.0018278606213255198,9,2025Q4
2025-12-17,XLE,0.03480861586177175,-0.009994508698558103,9,2025Q4
2025-12-17,XLF,-0.03365369468209001,-0.007539685390496339,9,2025Q4
2025-12-17,XLI,0.0569082053730634,-0.004490953611031749,9,2025Q4
2025-12-17,XLK,0.014518989213459399,0.001797032334463852,9,2025Q4
2025-12-17,XLP,0.0007093702508795818,-0.012677872738215135,9,2025Q4
2025-12-17,XLRE,0.0061611002832504536,-0.015775693170139753,9,2025Q4
2025-12-17,XLU,-0.01544235646275327,-0.008409580826571443,9,2025Q4
2025-12-17,XLV,-0.017496124095422783,-0.018420444324860313,9,2025Q4
2025-12-17,XLY,-0.015406419268859883,-0.0051696799969608385,9,2025Q4
2025-12-18,XLB,0.06521766343344182,-0.011451796987075857,9,2025Q4
2025-12-18,XLC,-0.027398576839060884,-0.001860012678070132,9,2025Q4
2025-12-18,XLE,0.07699044557263357,-0.009634668313388096,9,2025Q4
2025-12-18,XLF,-0.026209994571086193,-0.007629053908809454,9,2025Q4
2025-12-18,XLI,0.05660024723740831,-0.0047718212539354325,9,2025Q4
2025-12-18,XLK,0.0004786711868278726,0.001644078018341294,9,2025Q4
2025-12-18,XLP,0.03838943586486465,-0.012975879668490646,9,2025Q4
2025-12-18,XLRE,0.021086401735211036,-0.015731342872865144,9,2025Q4
2025-12-18,XLU,-0.006735822358434951,-0.00854163729764124,9,2025Q4
2025-12-18,XLV,0.00804011140024552,-0.018674466230853042,9,2025Q4
2025-12-18,XLY,-0.02796096254020619,-0.005255186972565851,9,2025Q4
2025-12-19,XLB,0.0782312580940363,-0.011889861581593691,9,2025Q4
2025-12-19,XLC,-0.02328778875431714,-0.0019810876390362084,9,2025Q4
2025-12-19,XLE,0.09762328920255725,-0.009935993526697185,9,2025Q4
2025-12-19,XLF,-0.03223151119075052,-0.008271163707619315,9,2025Q4
2025-12-19,XLI,0.06030075349946551,-0.00479563154103034,9,2025Q4
2025-12-19,XLK,-0.012530744569784424,0.0011961988688920936,9,2025Q4
2025-12-19,XLP,0.03939109459785395,-0.012804056033188075,9,2025Q4
2025-12-19,XLRE,0.023183036514966116,-0.015277756406731936,9,2025Q4
2025-12-19,XLU,0.0020810895758067716,-0.00858641506453044,9,2025Q4
2025-12-19,XLV,0.014360252007483254,-0.01841594454486068,9,2025Q4
2025-12-19,XLY,-0.010760462649345048,-0.005654066351147985,9,2025Q4
2025-12-22,XLB,0.0782405179511323,-0.012440307790482174,9,2025Q4
2025-12-22,XLC,-0.009574384618982967,-0.00242327849333175,9,2025Q4
2025-12-22,XLE,0.10025089133726461,-0.009423465877284109,9,2025Q4
2025-12-22,XLF,-0.033355631988680856,-0.008684184909876783,9,2025Q4
2025-12-22,XLI,0.04774462277633651,-0.005474330425323855,9,2025Q4
2025-12-22,XLK,-0.007988804111615178,0.0003064621925000623,9,2025Q4
2025-12-22,XLP,0.050308874393572456,-0.012495623468908748,9,2025Q4
2025-12-22,XLRE,0.017577822749181404,-0.015210131297963258,9,2025Q4
2025-12-22,XLU,-0.0004088502784489467,-0.00858974813540666,9,2025Q4
2025-12-22,XLV,0.01319316051937025,-0.018326376197082942,9,2025Q4
2025-12-22,XLY,-0.0037711944640126394,-0.005726632371539758,9,2025Q4
2025-12-23,XLB,0.09039439959814666,-0.014087126004717159,9,2025Q4
2025-12-23,XLC,-0.005509041223327071,-0.0033746141775673915,9,2025Q4
2025-12-23,XLE,0.10354722086664303,-0.010196818460617553,9,2025Q4
2025-12-23,XLF,-0.044422259822636145,-0.009331323275785845,9,2025Q4
2025-12-23,XLI,0.04420785122240156,-0.006335451536246109,9,2025Q4
2025-12-23,XLK,-0.007738466474334849,-0.0006575144706047371,9,2025Q4
2025-12-23,XLP,0.06782239231969212,-0.013643499350507028,9,2025Q4
2025-12-23,XLRE,0.024784126700502895,-0.015896399554105947,9,2025Q4
2025-12-23,XLU,-0.0032538273303841514,-0.00956551316185119,9,2025Q4
2025-12-23,XLV,0.014219515055974297,-0.019349709185836186,9,2025Q4
2025-12-23,XLY,0.006011865361834179,-0.0066428632050985256,9,2025Q4
2025-12-24,XLB,0.08800096408447833,-0.012881281436954706,9,2025Q4
2025-12-24,XLC,-0.006113720089467201,-0.003194675938171464,9,2025Q4
2025-12-24,XLE,0.10590416857503682,-0.010092195306049176,9,2025Q4
2025-12-24,XLF,-0.045033206525565195,-0.009231744257952024,9,2025Q4
2025-12-24,XLI,0.040278617205063316,-0.006161038741118729,9,2025Q4
2025-12-24,XLK,-0.004907681875972458,-0.00024587036016588456,9,2025Q4
2025-12-24,XLP,0.05624789523885765,-0.013511671506912008,9,2025Q4
2025-12-24,XLRE,0.015883911350417,-0.01580182767114869,9,2025Q4
2025-12-24,XLU,-0.0020023807816109684,-0.008446906451683396,9,2025Q4
2025-12-24,XLV,0.011358593568736808,-0.019375116181076162,9,2025Q4
2025-12-24,XLY,-0.005606385973683126,-0.0063703111334683735,9,2025Q4
2025-12-26,XLB,0.07642585817596381,-0.013380621466941585,9,2025Q4
2025-12-26,XLC,-0.01657397763906998,-0.003124735219331943,9,2025Q4
2025-12-26,XLE,0.11625178103797684,-0.009958219728908885,9,2025Q4
2025-12-26,XLF,-0.05460923285558983,-0.008999552928098991,9,2025Q4
2025-12-26,XLI,0.04242933528495496,-0.006020499778948267,9,2025Q4
2025-12-26,XLK,0.002869427324793561,-0.0002237316092674529,9,2025Q4
2025-12-26,XLP,0.05551542698741341,-0.013408766202696465,9,2025Q4
2025-12-26,XLRE,0.010511919598678476,-0.01602752964360265,9,2025Q4
2025-12-26,XLU,0.0076901408246576874,-0.008464374363023061,9,2025Q4
2025-12-26,XLV,-0.011348796570139985,-0.019307718554604815,9,2025Q4
2025-12-26,XLY,-0.0022601225101943623,-0.006550169239811096,9,2025Q4
2025-12-29,XLB,0.08103666999880721,-0.012553392626486155,9,2025Q4
2025-12-29,XLC,-0.020675337774664015,-0.0026165579907955184,9,2025Q4
2025-12-29,XLE,0.11068900109595825,-0.010714170475332224,9,2025Q4
2025-12-29,XLF,-0.053123889180508366,-0.008662332021467512,9,2025Q4
2025-12-29,XLI,0.035338800195595876,-0.005371312996367152,9,2025Q4
2025-12-29,XLK,0.01202890215237784,0.0003290558705150524,9,2025Q4
2025-12-29,XLP,0.04060430015114891,-0.013018207884909783,9,2025Q4
2025-12-29,XLRE,-0.0055905882009437136,-0.015192353277728823,9,2025Q4
2025-12-29,XLU,-3.93707851813474e-05,-0.008689992609922297,9,2025Q4
2025-12-29,XLV,-0.020632416331069936,-0.017430910972139377,9,2025Q4
2025-12-29,XLY,-0.0033925633195530658,-0.006033044215380657,9,2025Q4
2025-12-30,XLB,0.0831414049312138,-0.012610387856850556,9,2025Q4
2025-12-30,XLC,0.002447952270820508,-0.0028869901402625215,9,2025Q4
2025-12-30,XLE,0.11321031279440263,-0.010819630126530142,9,2025Q4
2025-12-30,XLF,-0.03977243599667779,-0.008916939334053853,9,2025Q4
2025-12-30,XLI,0.05011759112753378,-0.005470931619467918,9,2025Q4
2025-12-30,XLK,-0.00019217277774674635,0.0005036018687179919,9,2025Q4
2025-12-30,XLP,0.040694955431178625,-0.013037273665108377,9,2025Q4
2025-12-30,XLRE,0.005729924201879344,-0.015377549907231575,9,2025Q4
2025-12-30,XLU,-0.001620084761546181,-0.0088008359689356,9,2025Q4
2025-12-30,XLV,-0.02218033249312945,-0.01566880694969728,9,2025Q4
2025-12-30,XLY,-0.003336768973342785,-0.006149970814912135,9,2025Q4
2025-12-31,XLB,0.07170101010597496,-0.011865273369510987,9,2025Q4
2025-12-31,XLC,0.005309771350960002,-0.002830924639414502,9,2025Q4
2025-12-31,XLE,0.1270649295407149,-0.010642545093698493,9,2025Q4
2025-12-31,XLF,-0.03902116596197225,-0.008636688924425286,9,2025Q4
2025-12-31,XLI,0.05179133957597859,-0.005002070974226158,9,2025Q4
2025-12-31,XLK,-0.015362929390791868,0.001497965768944327,9,2025Q4
2025-12-31,XLP,0.060313694150543995,-0.012842523879740777,9,2025Q4
2025-12-31,XLRE,0.012028000101179437,-0.015324852454913905,9,2025Q4
2025-12-31,XLU,-0.0016199729665231644,-0.008686864133132348,9,2025Q4
2025-12-31,XLV,-0.015125396054550988,-0.015161079174590713,9,2025Q4
2025-12-31,XLY,1.3349205469914693e-06,-0.0058484738047831115,9,2025Q4
2026-01-02,XLB,0.058622984675248846,-0.0037335917929685954,10,2026Q1
2026-01-02,XLC,0.005778988613352132,0.0007254826754415594,10,2026Q1
2026-01-02,XLE,0.07846906457159042,-0.0039553993394206965,10,2026Q1
2026-01-02,XLF,-0.034300966947166,-0.00336919069969775,10,2026Q1
2026-01-02,XLI,0.0425342123636705,-0.0003675590000488269,10,2026Q1
2026-01-02,XLK,-0.011263670944277715,0.0031106735725194975,10,2026Q1
2026-01-02,XLP,0.06973959139506425,-0.00693373655344592,10,2026Q1
2026-01-02,XLRE,-0.0035529312870297147,-0.009218966505083932,10,2026Q1
2026-01-02,XLU,-0.03088544471148902,-0.004914376855771534,10,2026Q1
2026-01-02,XLV,-0.016758995763118456,-0.007931497398831006,10,2026Q1
2026-01-02,XLY,0.012670763636545068,-0.0022736117208623317,10,2026Q1
2026-01-05,XLB,0.08581809346205382,-0.005198795626877687,10,2026Q1
2026-01-05,XLC,-0.0027168107595261226,0.0007994016541772889,10,2026Q1
2026-01-05,XLE,0.09930882723589085,-0.005604305101512833,10,2026Q1
2026-01-05,XLF,-0.04895292551133634,-0.005149013092597584,10,2026Q1
2026-01-05,XLI,0.054233926628962426,-0.000599981187389408,10,2026Q1
2026-01-05,XLK,-0.020195154326868914,0.003981201958933305,10,2026Q1
2026-01-05,XLP,0.10751678978505241,-0.0068034968074990165,10,2026Q1
2026-01-05,XLRE,0.006767076097945024,-0.009500428581038107,10,2026Q1
2026-01-05,XLU,0.010014484953914327,-0.003353296589285016,10,2026Q1
2026-01-05,XLV,-0.008694836565892872,-0.008690835294782664,10,2026Q1
2026-01-05,XLY,0.003103775778375395,-0.0019621344085165755,10,2026Q1
2026-01-06,XLB,0.10054467038789916,-0.008337476057239997,10,2026Q1
2026-01-06,XLC,0.0036064439729740494,0.000647528613627139,10,2026Q1
2026-01-06,XLE,0.16566086578436567,-0.0036102183081015878,10,2026Q1
2026-01-06,XLF,-0.03513879359119754,-0.005325436592386138,10,2026Q1
2026-01-06,XLI,0.05361182908825435,-0.001545258449763136,10,2026Q1
2026-01-06,XLK,-0.05004208289148071,0.0028310387717276394,10,2026Q1
2026-01-06,XLP,0.13100989631576243,-0.0071209483685093205,10,2026Q1
2026-01-06,XLRE,0.026796836429538784,-0.009905087055902298,10,2026Q1
2026-01-06,XLU,0.012085398227072996,-0.0035108983316094943,10,2026Q1
2026-01-06,XLV,-0.004906934460771395,-0.009218005350836903,10,2026Q1
2026-01-06,XLY,0.00011172381066892889,-0.002959479522092387,10,2026Q1
2026-01-07,XLB,0.09917765226641073,-0.005952283082702678,10,2026Q1
2026-01-07,XLC,0.009828304182926906,0.000401603680166859,10,2026Q1
2026-01-07,XLE,0.17422401457003667,-0.003817726889404527,10,2026Q1
2026-01-07,XLF,-0.02437522478297549,-0.004485748955952291,10,2026Q1
2026-01-07,XLI,0.07647454406649978,0.0003783624474206544,10,2026Q1
2026-01-07,XLK,-0.05704360695673427,0.0027293019708467393,10,2026Q1
2026-01-07,XLP,0.1517735433162215,-0.007182481052518731,10,2026Q1
2026-01-07,XLRE,0.04449884813229388,-0.010017119679206068,10,2026Q1
2026-01-07,XLU,0.04672053247116592,-0.0032232385695346207,10,2026Q1
2026-01-07,XLV,-0.012845261463826363,-0.010571779141195493,10,2026Q1
2026-01-07,XLY,-0.010695811749187767,-0.00267833944941982,10,2026Q1
2026-01-08,XLB,0.0828112137604966,-0.008816106187125873,10,2026Q1
2026-01-08,XLC,-0.01625062879277117,-0.0001342490993963604,10,2026Q1
2026-01-08,XLE,0.14232141784212926,-0.006886067002073523,10,2026Q1
2026-01-08,XLF,-0.03094794262779077,-0.005640460976040479,10,2026Q1
2026-01-08,XLI,0.07961635829442937,-0.00166811162454958,10,2026Q1
2026-01-08,XLK,-0.02317112561539747,0.004057860283784133,10,2026Q1
2026-01-08,XLP,0.11950183884436893,-0.006094461777801853,10,2026Q1
2026-01-08,XLRE,0.036718548863833744,-0.010552199478137578,10,2026Q1
2026-01-08,XLU,0.030778825096529072,-0.003123004830571851,10,2026Q1
2026-01-08,XLV,-0.004202806237639356,-0.010007758348847661,10,2026Q1
2026-01-08,XLY,-0.04171722578940329,-0.004368994280003409,10,2026Q1
2026-01-09,XLB,0.08139958199319342,-0.010280590784028196,10,2026Q1
2026-01-09,XLC,-0.008562582986642808,-0.0014397035429528802,10,2026Q1
2026-01-09,XLE,0.14951936847579406,-0.00655556246728046,10,2026Q1
2026-01-09,XLF,-0.031946252657904406,-0.006064469868441351,10,2026Q1
2026-01-09,XLI,0.07285862162518719,-0.002299685279960709,10,2026Q1
2026-01-09,XLK,-0.018985505681208048,0.0017699279257616905,10,2026Q1
2026-01-09,XLP,0.10339055883916837,-0.006492762702454435,10,2026Q1
2026-01-09,XLRE,0.04338276976723621,-0.010338237112864846,10,2026Q1
2026-01-09,XLU,0.0229910536568656,-0.003440168997415177,10,2026Q1
2026-01-09,XLV,-0.0061204129866405665,-0.009857952115728999,10,2026Q1
2026-01-09,XLY,-0.05496736881278741,-0.005051400898263441,10,2026Q1
2026-01-12,XLB,0.0948512473028087,-0.009397315582460052,10,2026Q1
2026-01-12,XLC,0.0046283045126820355,-0.0001673144229762582,10,2026Q1
2026-01-12,XLE,0.16060960669596036,-0.00608026840017914,10,2026Q1
2026-01-12,XLF,-0.02709733468496256,-0.004642210122978966,10,2026Q1
2026-01-12,XLI,0.0701940169277595,-0.002064008491447773,10,2026Q1
2026-01-12,XLK,-0.024511707453010678,0.0020759574381866274,10,2026Q1
2026-01-12,XLP,0.09130250279411167,-0.00641082446315345,10,2026Q1
2026-01-12,XLRE,0.059025974318484664,-0.010027146099771744,10,2026Q1
2026-01-12,XLU,0.04241912496444922,-0.003105948318400558,10,2026Q1
2026-01-12,XLV,-0.008652703468985279,-0.008843989508173935,10,2026Q1
2026-01-12,XLY,-0.04533779585291742,-0.004469065859731416,10,2026Q1
2026-01-13,XLB,0.10295779486771173,-0.009475158754668861,10,2026Q1
2026-01-13,XLC,0.0013256760327935435,0.0003831944772147305,10,2026Q1
2026-01-13,XLE,0.1723961678390561,-0.005745059274066457,10,2026Q1
2026-01-13,XLF,-0.02486663323281646,-0.0028365802938762996,10,2026Q1
2026-01-13,XLI,0.06864149278680853,-0.0019582219348012048,10,2026Q1
2026-01-13,XLK,-0.02135338187799174,0.0033601514834179563,10,2026Q1
2026-01-13,XLP,0.09248687732997618,-0.006454356124249929,10,2026Q1
2026-01-13,XLRE,0.04829669338604614,-0.009815331728856583,10,2026Q1
2026-01-13,XLU,0.043215701591135525,-0.0030480964949963106,10,2026Q1
2026-01-13,XLV,-0.0005172624520615177,-0.008616410868281386,10,2026Q1
2026-01-13,XLY,-0.04931925233987877,-0.0038713199182318675,10,2026Q1
2026-01-14,XLB,0.09685935097407383,-0.01013297867902621,10,2026Q1
2026-01-14,XLC,-0.00397973312426958,0.00033889388046728615,10,2026Q1
2026-01-14,XLE,0.13634640241618134,-0.007193836568296917,10,2026Q1
2026-01-14,XLF,-0.03226231959912029,-0.004005217537914587,10,2026Q1
2026-01-14,XLI,0.06478937237411397,-0.0018618610937281566,10,2026Q1
2026-01-14,XLK,-0.024773523407936593,0.004066740922747215,10,2026Q1
2026-01-14,XLP,0.09805090561911234,-0.008116385776578833,10,2026Q1
2026-01-14,XLRE,0.048924472612522196,-0.009821899869626394,10,2026Q1
2026-01-14,XLU,0.061348650879635036,-0.0028387082334826565,10,2026Q1
2026-01-14,XLV,0.0013844511114885494,-0.008773303195169559,10,2026Q1
2026-01-14,XLY,-0.0368943064114855,-0.0038595566784375445,10,2026Q1
2026-01-15,XLB,0.10400174313340271,-0.010896499904068564,10,2026Q1
2026-01-15,XLC,0.001127372276721661,0.0002549062979547291,10,2026Q1
2026-01-15,XLE,0.1567206016282815,-0.006434769864891948,10,2026Q1
2026-01-15,XLF,-0.03487388482607612,-0.0041126642955823505,10,2026Q1
2026-01-15,XLI,0.06576294508070346,-0.0035445914120398984,10,2026Q1
2026-01-15,XLK,-0.025407275045572497,0.0035945544066099573,10,2026Q1
2026-01-15,XLP,0.10183574835136955,-0.0074860193805604425,10,2026Q1
2026-01-15,XLRE,0.058319171543615655,-0.010254754317628696,10,2026Q1
2026-01-15,XLU,0.08142290822865428,-0.0029563844258449342,10,2026Q1
2026-01-15,XLV,0.019677149381528758,-0.009398333222716264,10,2026Q1
2026-01-15,XLY,-0.03798403039361198,-0.004128046620912642,10,2026Q1
2026-01-16,XLB,0.09531758720538264,-0.009340446778806327,10,2026Q1
2026-01-16,XLC,0.006051703304987166,0.0008202711033114642,10,2026Q1
2026-01-16,XLE,0.1398081368779891,-0.0051900408364061994,10,2026Q1
2026-01-16,XLF,-0.028408743849227647,-0.0036436170831019837,10,2026Q1
2026-01-16,XLI,0.06174885623071913,-0.002242849716698241,10,2026Q1
2026-01-16,XLK,-0.0294270656698028,0.0040729019240183,10,2026Q1
2026-01-16,XLP,0.08690627012237062,-0.00739667515135018,10,2026Q1
2026-01-16,XLRE,0.05372302061664125,-0.01009155890628207,10,2026Q1
2026-01-16,XLU,0.08164735923916,-0.002837635442075762,10,2026Q1
2026-01-16,XLV,0.023203633719709904,-0.00722970669552267,10,2026Q1
2026-01-16,XLY,-0.03844813698940219,-0.002874226535558119,10,2026Q1
2026-01-20,XLB,0.08737369244712889,-0.009431965422157549,10,2026Q1
2026-01-20,XLC,-0.0029841203387042103,0.0013488512571708292,10,2026Q1
2026-01-20,XLE,0.1379857654564527,-0.006360986130131528,10,2026Q1
2026-01-20,XLF,-0.024320736091534845,-0.0014310273661661546,10,2026Q1
2026-01-20,XLI,0.05753006822617546,-0.0009710197223998027,10,2026Q1
2026-01-20,XLK,-0.019411254265141453,0.004328402209097437,10,2026Q1
2026-01-20,XLP,0.05611094656337845,-0.008051603239294635,10,2026Q1
2026-01-20,XLRE,0.03424687859736131,-0.011083215816721503,10,2026Q1
2026-01-20,XLU,0.04883071796259486,-0.00344810002669918,10,2026Q1
2026-01-20,XLV,0.0017528939294635393,-0.007051479935040381,10,2026Q1
2026-01-20,XLY,-0.030483852074911777,-0.0021418120643114783,10,2026Q1
2026-01-21,XLB,0.07425048659081113,-0.010497254485418998,10,2026Q1
2026-01-21,XLC,0.005791378974195904,0.0006643551159449424,10,2026Q1
2026-01-21,XLE,0.13323971777663046,-0.0063125810092330235,10,2026Q1
2026-01-21,XLF,-0.023162020402885508,-0.0017406558336881823,10,2026Q1
2026-01-21,XLI,0.061332664182632834,-0.002247568596889683,10,2026Q1
2026-01-21,XLK,-0.023690747812760038,0.004303132034543832,10,2026Q1
2026-01-21,XLP,0.06478235951141209,-0.00852922946963308,10,2026Q1
2026-01-21,XLRE,0.0410534732149348,-0.010658597098360223,10,2026Q1
2026-01-21,XLU,0.07316933906190015,-0.0033121439705294554,10,2026Q1
2026-01-21,XLV,-0.004976434157706655,-0.007982479690590353,10,2026Q1
2026-01-21,XLY,-0.04116183673695051,-0.0026880296103635173,10,2026Q1
2026-01-22,XLB,0.0688137426443558,-0.010493254004647812,10,2026Q1
2026-01-22,XLC,0.00407804337220341,0.00034725227703739274,10,2026Q1
2026-01-22,XLE,0.12140778881203929,-0.00635065940411807,10,2026Q1
2026-01-22,XLF,-0.025183895788483346,-0.0032619972853677264,10,2026Q1
2026-01-22,XLI,0.070222993507018,-0.0025286027862243274,10,2026Q1
2026-01-22,XLK,-0.028262195193788142,0.003957096174431269,10,2026Q1
2026-01-22,XLP,0.06765851731650696,-0.009187097992103436,10,2026Q1
2026-01-22,XLRE,0.05817038998826929,-0.009734536968978521,10,2026Q1
2026-01-22,XLU,0.08410452856994866,-0.0026038622302221137,10,2026Q1
2026-01-22,XLV,-0.009939891587245508,-0.009057902099612476,10,2026Q1
2026-01-22,XLY,-0.04281591874171431,-0.003336978815458628,10,2026Q1
2026-01-23,XLB,0.06976001975980661,-0.012480643462418457,10,2026Q1
2026-01-23,XLC,-0.003755772341993535,0.0001935942654111432,10,2026Q1
2026-01-23,XLE,0.13108695619408028,-0.00822480884520439,10,2026Q1
2026-01-23,XLF,-0.03416858952560653,-0.0015579714787426321,10,2026Q1
2026-01-23,XLI,0.07453257029536486,-0.001887944058715596,10,2026Q1
2026-01-23,XLK,-0.03535812039163566,0.00408120338807047,10,2026Q1
2026-01-23,XLP,0.08301542204230505,-0.010347834657268665,10,2026Q1
2026-01-23,XLRE,0.06713623943100322,-0.010355279393200271,10,2026Q1
2026-01-23,XLU,0.1067286294970774,-0.002186487712370559,10,2026Q1
2026-01-23,XLV,0.01665513168090882,-0.00880682894009117,10,2026Q1
2026-01-23,XLY,-0.05618487227896585,-0.0035741904956183013,10,2026Q1
2026-01-26,XLB,0.07432643758482405,-0.012651790478312348,10,2026Q1
2026-01-26,XLC,-0.005904340480560544,9.776052064829023e-05,10,2026Q1
2026-01-26,XLE,0.12723000629284753,-0.008826316522012819,10,2026Q1
2026-01-26,XLF,-0.03773072429853652,-0.0020657993152049864,10,2026Q1
2026-01-26,XLI,0.08441803440918472,-0.0015709155665399452,10,2026Q1
2026-01-26,XLK,-0.03166407544580241,0.0039424958969984415,10,2026Q1
2026-01-26,XLP,0.09184465340092496,-0.010365776899674084,10,2026Q1
2026-01-26,XLRE,0.06865914412295826,-0.01050350557070062,10,2026Q1
2026-01-26,XLU,0.1087694060468074,-0.0022886627673244907,10,2026Q1
2026-01-26,XLV,0.006311598164630561,-0.009270763872932958,10,2026Q1
2026-01-26,XLY,-0.03785167739053352,-0.0025512019129434464,10,2026Q1
2026-01-27,XLB,0.06498918421701605,-0.011883293742740844,10,2026Q1
2026-01-27,XLC,-5.7193615554118615e-05,0.0003907695256248854,10,2026Q1
2026-01-27,XLE,0.10805549469530429,-0.00856929716212698,10,2026Q1
2026-01-27,XLF,-0.01795622035990907,-0.0019194064152588826,10,2026Q1
2026-01-27,XLI,0.06722010202943363,-0.0021965228635191353,10,2026Q1
2026-01-27,XLK,-0.030678018834417453,0.004219962849205966,10,2026Q1
2026-01-27,XLP,0.07371085470339245,-0.010486672834894026,10,2026Q1
2026-01-27,XLRE,0.056455443447981146,-0.01072057064913268,10,2026Q1
2026-01-27,XLU,0.09385497875034865,-0.003654019435647973,10,2026Q1
2026-01-27,XLV,0.018674923549738764,-0.007819655912485455,10,2026Q1
2026-01-27,XLY,-0.042278957370045056,-0.0026067180287969493,10,2026Q1
2026-01-28,XLB,0.0698614982069583,-0.012006858658277261,10,2026Q1
2026-01-28,XLC,0.008543477831122193,0.0003396745614440927,10,2026Q1
2026-01-28,XLE,0.10870053704599725,-0.008604588621103557,10,2026Q1
2026-01-28,XLF,-0.000446590595185814,-0.0024158089492688694,10,2026Q1
2026-01-28,XLI,0.08532048101089074,-0.0014440135236947283,10,2026Q1
2026-01-28,XLK,-0.04628232101264984,0.0042578462047059215,10,2026Q1
2026-01-28,XLP,0.08824650128583911,-0.00959142365975931,10,2026Q1
2026-01-28,XLRE,0.07685429271505284,-0.01079492679582443,10,2026Q1
2026-01-28,XLU,0.09765342583733516,-0.0033731660590901407,10,2026Q1
2026-01-28,XLV,0.028954672127428083,-0.0077261969567600725,10,2026Q1
2026-01-28,XLY,-0.029961162591312096,-0.0027152577001264603,10,2026Q1
2026-01-29,XLB,0.07979875511497891,-0.012144535389702418,10,2026Q1
2026-01-29,XLC,-0.0029266643691183702,0.0012941330416789193,10,2026Q1
2026-01-29,XLE,0.11870625857963935,-0.008897138332519811,10,2026Q1
2026-01-29,XLF,-0.0279904138859548,-0.0031505459221115315,10,2026Q1
2026-01-29,XLI,0.0796079194704592,-0.0021022894562558745,10,2026Q1
2026-01-29,XLK,-0.04362014595399377,0.0041331350562642125,10,2026Q1
2026-01-29,XLP,0.10754420744664828,-0.009623461527387108,10,2026Q1
2026-01-29,XLRE,0.07130385542921636,-0.01076932317096204,10,2026Q1
2026-01-29,XLU,0.11314502790519343,-0.0024375325800703534,10,2026Q1
2026-01-29,XLV,0.0530758062136657,-0.007795616152209464,10,2026Q1
2026-01-29,XLY,-0.024130265431270836,-0.0034400512401298227,10,2026Q1
2026-01-30,XLB,0.08885776383349275,-0.01211396989854776,10,2026Q1
2026-01-30,XLC,-0.010326012167541254,0.0017732560408148272,10,2026Q1
2026-01-30,XLE,0.1254143300528915,-0.008442434438384895,10,2026Q1
2026-01-30,XLF,-0.03196652527856114,-0.0024966393140001576,10,2026Q1
2026-01-30,XLI,0.0894371856747741,-0.0020657499340788377,10,2026Q1
2026-01-30,XLK,-0.022085640675789997,0.0057199696913270365,10,2026Q1
2026-01-30,XLP,0.07034637675834199,-0.009763439801386662,10,2026Q1
2026-01-30,XLRE,0.06817976071570675,-0.010579262890818746,10,2026Q1
2026-01-30,XLU,0.10333850050801596,-0.0034232474680369516,10,2026Q1
2026-01-30,XLV,0.03257108232902317,-0.007747403398548965,10,2026Q1
2026-01-30,XLY,-0.0393756053605363,-0.0018722746032259208,10,2026Q1
2026-02-02,XLB,0.06780790912786139,-0.012551865270566807,10,2026Q1
2026-02-02,XLC,0.007395753544922723,0.002104152707083404,10,2026Q1
2026-02-02,XLE,0.15095577837844987,-0.006914916754912714,10,2026Q1
2026-02-02,XLF,-0.03050817687784302,-0.0034105053590600598,10,2026Q1
2026-02-02,XLI,0.06890047321086623,-0.0023286474628595936,10,2026Q1
2026-02-02,XLK,-0.03173640208324735,0.005445877352862099,10,2026Q1
2026-02-02,XLP,0.06002824437399257,-0.011177951151756245,10,2026Q1
2026-02-02,XLRE,0.08857958035772051,-0.010073364445876927,10,2026Q1
2026-02-02,XLU,0.12609612372057843,-0.002041791793601745,10,2026Q1
2026-02-02,XLV,0.028429220216976248,-0.007690824141809784,10,2026Q1
2026-02-02,XLY,-0.04070734246397745,-0.0016835113730066982,10,2026Q1
2026-02-03,XLB,0.03044427455101839,-0.011258623939781125,10,2026Q1
2026-02-03,XLC,0.015299112995905362,0.002883537123488051,10,2026Q1
2026-02-03,XLE,0.0938593853913573,-0.0055829526906437145,10,2026Q1
2026-02-03,XLF,-0.031541502010337674,-0.001604122068936962,10,2026Q1
2026-02-03,XLI,0.04799356495184448,-0.00278351997510598,10,2026Q1
2026-02-03,XLK,-0.009384607585556148,0.006134342002580631,10,2026Q1
2026-02-03,XLP,0.021403866925988058,-0.010285722483930101,10,2026Q1
2026-02-03,XLRE,0.07866736254188555,-0.009038836111994577,10,2026Q1
2026-02-03,XLU,0.09958189823571384,-0.0021007243333829697,10,2026Q1
2026-02-03,XLV,0.025524571548152575,-0.006676956697394369,10,2026Q1
2026-02-03,XLY,-0.03163851286698427,-0.0015687929063760203,10,2026Q1
2026-02-04,XLB,-0.013316095195933353,-0.011151683968702985,10,2026Q1
2026-02-04,XLC,0.02115282879237701,0.0037388627302702903,10,2026Q1
2026-02-04,XLE,0.07620126536458205,-0.005262297367783281,10,2026Q1
2026-02-04,XLF,-0.043481298973497284,-0.0024302821181091698,10,2026Q1
2026-02-04,XLI,0.022874174604545994,-0.00297462328474814,10,2026Q1
2026-02-04,XLK,0.022026299945117067,0.006820039328580676,10,2026Q1
2026-02-04,XLP,-0.011051274340245665,-0.011073181874988422,10,2026Q1
2026-02-04,XLRE,0.052456643659322566,-0.009627589875881479,10,2026Q1
2026-02-04,XLU,0.09578397059927335,-0.001930747243055515,10,2026Q1
2026-02-04,XLV,-0.006475397778031411,-0.006439045849342274,10,2026Q1
2026-02-04,XLY,-0.02244696818046521,-0.0007298722252834003,10,2026Q1
2026-02-05,XLB,-0.004940319656947301,-0.012985740594381944,10,2026Q1
2026-02-05,XLC,0.018489336965026748,0.002611476734135641,10,2026Q1
2026-02-05,XLE,0.09124185400956697,-0.007104714861566712,10,2026Q1
2026-02-05,XLF,-0.043308523525560805,-0.0018515848344120404,10,2026Q1
2026-02-05,XLI,0.017057649219942794,-0.0040830728382121335,10,2026Q1
2026-02-05,XLK,0.019972127792177163,0.007822557247396094,10,2026Q1
2026-02-05,XLP,-0.005382560843790296,-0.012527961236526866,10,2026Q1
2026-02-05,XLRE,0.047994892855329985,-0.009737134863029377,10,2026Q1
2026-02-05,XLU,0.09218770405029586,-0.003210045153132478,10,2026Q1
2026-02-05,XLV,-0.0060877704908967045,-0.007805030538709904,10,2026Q1
2026-02-05,XLY,-0.018392488463309764,-0.0005617507564634186,10,2026Q1
2026-02-06,XLB,-0.01162635082915231,-0.012893724206425199,10,2026Q1
2026-02-06,XLC,0.033431894984859545,0.002696547033870959,10,2026Q1
2026-02-06,XLE,0.07553506456673675,-0.006749116559160677,10,2026Q1
2026-02-06,XLF,-0.05454656293015259,-0.0030398133935835006,10,2026Q1
2026-02-06,XLI,0.004947963409537626,-0.004385318565690901,10,2026Q1
2026-02-06,XLK,0.008175120400451874,0.0052624562317439985,10,2026Q1
2026-02-06,XLP,-0.004519155072987613,-0.012575668322909427,10,2026Q1
2026-02-06,XLRE,0.04145952456000579,-0.010755545024997358,10,2026Q1
2026-02-06,XLU,0.09862066003110326,-0.0014904542137106512,10,2026Q1
2026-02-06,XLV,-0.003993112038388924,-0.00772108449582945,10,2026Q1
2026-02-06,XLY,-0.010933518948934573,-0.00048014785644960416,10,2026Q1
2026-02-09,XLB,-0.019912184681318945,-0.012869313115846947,10,2026Q1
2026-02-09,XLC,0.02844389805130576,0.0020545415222907007,10,2026Q1
2026-02-09,XLE,0.060705901796710204,-0.00687309049045195,10,2026Q1
2026-02-09,XLF,-0.04776576985104808,-0.002394759620849147,10,2026Q1
2026-02-09,XLI,0.002980053404241678,-0.004978404006587633,10,2026Q1
2026-02-09,XLK,-0.0008775933850321271,0.005100538450608113,10,2026Q1
2026-02-09,XLP,0.004607502250397966,-0.01265497717609159,10,2026Q1
2026-02-09,XLRE,0.04002399436209236,-0.011910398729240925,10,2026Q1
2026-02-09,XLU,0.09500317270975156,-0.003224727438120417,10,2026Q1
2026-02-09,XLV,0.003887091150352684,-0.007879202038877658,10,2026Q1
2026-02-09,XLY,-0.0022908206857658042,-0.00039868384769194414,10,2026Q1
2026-02-10,XLB,-0.03520909512645043,-0.013172494491507977,10,2026Q1
2026-02-10,XLC,0.01788115119393696,0.001909654807012349,10,2026Q1
2026-02-10,XLE,0.0862704765210941,-0.007014813989904041,10,2026Q1
2026-02-10,XLF,-0.05020191011926556,-0.001577067612151553,10,2026Q1
2026-02-10,XLI,-0.002601481873676037,-0.005234513173931417,10,2026Q1
2026-02-10,XLK,0.007941988150904078,0.004988078512810457,10,2026Q1
2026-02-10,XLP,-0.006560678526226771,-0.012143652705400392,10,2026Q1
2026-02-10,XLRE,0.012776614623964844,-0.01269573943314209,10,2026Q1
2026-02-10,XLU,0.06738409864321382,-0.0035863394780657545,10,2026Q1
2026-02-10,XLV,0.006847955042361464,-0.0044021576668354335,10,2026Q1
2026-02-10,XLY,-0.012595485256861716,-0.0007002470606780625,10,2026Q1
2026-02-11,XLB,-0.03605013551610903,-0.013231722105923679,10,2026Q1
2026-02-11,XLC,0.02483782426815051,0.0008285464194168087,10,2026Q1
2026-02-11,XLE,0.08344664260089352,-0.006883955555325885,10,2026Q1
2026-02-11,XLF,-0.03670736796564056,-0.0010039649237167565,10,2026Q1
2026-02-11,XLI,-0.017477434613931808,-0.0061137732335292145,10,2026Q1
2026-02-11,XLK,0.0015482557495690719,0.004940096959184474,10,2026Q1
2026-02-11,XLP,-0.009515792114157096,-0.012783884697462194,10,2026Q1
2026-02-11,XLRE,0.02200934849564551,-0.014018470792497843,10,2026Q1
2026-02-11,XLU,0.0802646255474131,-0.004082019169120836,10,2026Q1
2026-02-11,XLV,-0.0015460907566909876,-0.004809151804135355,10,2026Q1
2026-02-11,XLY,-0.015559221191473682,-0.0009472625687656478,10,2026Q1
2026-02-12,XLB,-0.04104051351399718,-0.012964552460338601,10,2026Q1
2026-02-12,XLC,0.02620237038105966,0.0023734618281896986,10,2026Q1
2026-02-12,XLE,0.09677414530377171,-0.007352139687336057,10,2026Q1
2026-02-12,XLF,-0.026309352371076455,-0.0005268585646810342,10,2026Q1
2026-02-12,XLI,-0.019028834735466904,-0.004871119526182177,10,2026Q1
2026-02-12,XLK,0.010547757843850092,0.005151462833489812,10,2026Q1
2026-02-12,XLP,-0.02224675774546736,-0.012835644510904541,10,2026Q1
2026-02-12,XLRE,0.013397404590034023,-0.013127109128684063,10,2026Q1
2026-02-12,XLU,0.06564978780692898,-0.0036400570175761293,10,2026Q1
2026-02-12,XLV,-0.01194795974938212,-0.005360442915088029,10,2026Q1
2026-02-12,XLY,-0.017520444829100423,0.00029444976188935565,10,2026Q1
2026-02-13,XLB,-0.05468672247078399,-0.012678399807159936,10,2026Q1
2026-02-13,XLC,0.025203510750795854,0.0023150361421049115,10,2026Q1
2026-02-13,XLE,0.08397525309108655,-0.007030614778130398,10,2026Q1
2026-02-13,XLF,-0.026840682132104776,-0.000365063932981326,10,2026Q1
2026-02-13,XLI,-0.02790583634352406,-0.005771850966429342,10,2026Q1
2026-02-13,XLK,0.013068871805495319,0.005613625826071986,10,2026Q1
2026-02-13,XLP,-0.03195100473068191,-0.012950142131392879,10,2026Q1
2026-02-13,XLRE,-0.002491559500777729,-0.013813978365908836,10,2026Q1
2026-02-13,XLU,0.035001951808084075,-0.005077812270391801,10,2026Q1
2026-02-13,XLV,-0.02358225598674535,-0.006304996732076569,10,2026Q1
2026-02-13,XLY,-0.015599321336850491,-0.0005412974992063968,10,2026Q1
2026-02-17,XLB,-0.042680283369775474,-0.01279076159697485,10,2026Q1
2026-02-17,XLC,0.02614029358647496,0.003695974872722045,10,2026Q1
2026-02-17,XLE,0.10621941214233788,-0.00720382669303724,10,2026Q1
2026-02-17,XLF,-0.032913440036224095,-0.000885913142850276,10,2026Q1
2026-02-17,XLI,-0.031344896001182065,-0.006095866619967787,10,2026Q1
2026-02-17,XLK,0.01809144180733946,0.005492943213608907,10,2026Q1
2026-02-17,XLP,-0.02202126707508556,-0.012733863177382648,10,2026Q1
2026-02-17,XLRE,-0.010103861666555858,-0.0139826416566986,10,2026Q1
2026-02-17,XLU,0.03383203586747996,-0.005001784570487516,10,2026Q1
2026-02-17,XLV,-0.03145863588844744,-0.005669140414230547,10,2026Q1
2026-02-17,XLY,-0.0069854009533869554,-0.0017276834404779512,10,2026Q1
2026-02-18,XLB,-0.04940431107447718,-0.012756131191920879,10,2026Q1
2026-02-18,XLC,0.028107862367656278,0.0032547964152627074,10,2026Q1
2026-02-18,XLE,0.10285391079830264,-0.007206027508281828,10,2026Q1
2026-02-18,XLF,-0.03261062535283632,-0.0009476293330158334,10,2026Q1
2026-02-18,XLI,-0.020106227911764418,-0.0057191174448901995,10,2026Q1
2026-02-18,XLK,0.015288405002498617,0.0054061175547143545,10,2026Q1
2026-02-18,XLP,-0.02511200266763003,-0.012663103652281404,10,2026Q1
2026-02-18,XLRE,0.005543246309583361,-0.013350276555432508,10,2026Q1
2026-02-18,XLU,0.06077977222371356,-0.00374123627507491,10,2026Q1
2026-02-18,XLV,-0.03056130359166387,-0.005697240079951385,10,2026Q1
2026-02-18,XLY,-0.018895029307297806,-0.0017598440729507119,10,2026Q1
2026-02-19,XLB,-0.04628301129426493,-0.012858059441546204,10,2026Q1
2026-02-19,XLC,0.02320265151930423,0.0018569993904115204,10,2026Q1
2026-02-19,XLE,0.09495471999411687,-0.006880353476630217,10,2026Q1
2026-02-19,XLF,-0.02492137973632169,-0.0007753415717415397,10,2026Q1
2026-02-19,XLI,-0.027230263765920637,-0.005732408902149104,10,2026Q1
2026-02-19,XLK,0.020009210954822776,0.004481700349162943,10,2026Q1
2026-02-19,XLP,-0.02131767583536215,-0.010197810744228389,10,2026Q1
2026-02-19,XLRE,0.008741753675133856,-0.013280660949684383,10,2026Q1
2026-02-19,XLU,0.04950267562506039,-0.004731154480732181,10,2026Q1
2026-02-19,XLV,-0.028295459997905947,-0.005717090822475855,10,2026Q1
2026-02-19,XLY,-0.012721821048936488,-0.0025039116222688768,10,2026Q1
