date,ticker,y_true,y_pred,fold_id,fold_quarter
2023-07-03,XLB,-0.010948747060101294,0.00018404289439652563,0,2023Q3
2023-07-03,XLC,0.013869807288169222,0.0011340643700404082,0,2023Q3
2023-07-03,XLE,0.025735359365338106,0.005083728227805154,0,2023Q3
2023-07-03,XLF,0.01007655897202453,-0.0025385035480709026,0,2023Q3
2023-07-03,XLI,0.018275467081398156,0.00119309589921483,0,2023Q3
2023-07-03,XLK,-0.005418557677987823,0.0025111787168266594,0,2023Q3
2023-07-03,XLP,-0.013056598751360338,-0.001852479044169541,0,2023Q3
2023-07-03,XLRE,0.012473090895888883,-0.0030737318991406653,0,2023Q3
2023-07-03,XLU,0.0028452369343040518,0.0026084766096786008,0,2023Q3
2023-07-03,XLV,-0.009081482670104668,-0.0006069044658437434,0,2023Q3
2023-07-03,XLY,-0.0002033663427769561,0.00020001898565981,0,2023Q3
2023-07-05,XLB,0.01776022832813373,-0.0013747628224443946,0,2023Q3
2023-07-05,XLC,0.008827755884380561,0.0012330487701845095,0,2023Q3
2023-07-05,XLE,0.03142160570588293,0.004259137383913362,0,2023Q3
2023-07-05,XLF,0.009144779946223869,-0.0027497558141439523,0,2023Q3
2023-07-05,XLI,0.012492824025744698,0.0009355692434886416,0,2023Q3
2023-07-05,XLK,0.0025258860951580253,0.0025314669722278993,0,2023Q3
2023-07-05,XLP,-0.018582897810653032,-0.0020350630615275683,0,2023Q3
2023-07-05,XLRE,0.002645315006822635,-0.00304900430976174,0,2023Q3
2023-07-05,XLU,-0.003522388068591953,0.0021069161878401275,0,2023Q3
2023-07-05,XLV,-0.020734754670288513,-0.0011539214175404911,0,2023Q3
2023-07-05,XLY,-0.001170773240623868,0.0001581120313676193,0,2023Q3
2023-07-06,XLB,0.017338572378789552,-0.001338160601885832,0,2023Q3
2023-07-06,XLC,0.015932355093017714,0.0010827244524863,0,2023Q3
2023-07-06,XLE,0.03526487355052055,0.003691566261550308,0,2023Q3
2023-07-06,XLF,0.005508837519619725,-0.0031137506109404195,0,2023Q3
2023-07-06,XLI,0.0055120452646695295,0.0008359263444914315,0,2023Q3
2023-07-06,XLK,0.0024302624380909688,0.0026610320711715585,0,2023Q3
2023-07-06,XLP,-0.027891576888077974,-0.002044591434752026,0,2023Q3
2023-07-06,XLRE,-0.0009214029693329628,-0.0033445790995306904,0,2023Q3
2023-07-06,XLU,-0.0036924415578425407,0.001721320052606072,0,2023Q3
2023-07-06,XLV,-0.028416878815991975,-0.00154131833179983,0,2023Q3
2023-07-06,XLY,0.00887299981271683,0.00025114851075574247,0,2023Q3
2023-07-07,XLB,0.0003976052185314938,-0.0012539078646557492,0,2023Q3
2023-07-07,XLC,0.00781586583765903,0.0010895592450553705,0,2023Q3
2023-07-07,XLE,-0.016297665614196433,0.004577225382708851,0,2023Q3
2023-07-07,XLF,-0.0048182885295933175,-0.0027297596637047943,0,2023Q3
2023-07-07,XLI,-0.0017739614862453124,0.0007245806124889023,0,2023Q3
2023-07-07,XLK,0.0034519364677327857,0.002538213193150199,0,2023Q3
2023-07-07,XLP,-0.013304456065972081,-0.001405824862848183,0,2023Q3
2023-07-07,XLRE,0.0019950334899563327,-0.003261194536763121,0,2023Q3
2023-07-07,XLU,-0.0021394204779130455,0.0020558129901624062,0,2023Q3
2023-07-07,XLV,-0.0035367609431715685,0.00045437870861115686,0,2023Q3
2023-07-07,XLY,0.00830150150961173,0.0003512668138653287,0,2023Q3
2023-07-10,XLB,0.0006732049433602061,-0.0009151800385202801,0,2023Q3
2023-07-10,XLC,0.005859792285407561,0.001094756186116153,0,2023Q3
2023-07-10,XLE,-0.0270253996877714,0.004536973212781815,0,2023Q3
2023-07-10,XLF,-0.0005324748301356319,-0.0025742341988704617,0,2023Q3
2023-07-10,XLI,-0.01326645276612548,0.0011633572340192183,0,2023Q3
2023-07-10,XLK,0.012902845302346755,0.0026455375136348385,0,2023Q3
2023-07-10,XLP,-0.016986474595094503,-0.0004672421771500911,0,2023Q3
2023-07-10,XLRE,-0.011188234061187519,-0.0029266144666183127,0,2023Q3
2023-07-10,XLU,-0.010530875239019188,0.002315502356585112,0,2023Q3
2023-07-10,XLV,-0.017122325992516618,0.00022475345534555646,0,2023Q3
2023-07-10,XLY,0.008357827388849826,6.629806811693571e-05,0,2023Q3
2023-07-11,XLB,-0.002492338973840047,-0.0012533381393568526,0,2023Q3
2023-07-11,XLC,-0.005907932090545742,0.000789018829280089,0,2023Q3
2023-07-11,XLE,-0.039730435995324886,0.003965870116458801,0,2023Q3
2023-07-11,XLF,-0.002199213159869595,-0.003174055600564738,0,2023Q3
2023-07-11,XLI,-0.020546473902100626,0.0013466234725914921,0,2023Q3
2023-07-11,XLK,0.02132962189808829,0.0022495297383053007,0,2023Q3
2023-07-11,XLP,-0.02066450802083497,-0.0017859423269782643,0,2023Q3
2023-07-11,XLRE,-0.03198675109134119,-0.0032433386243581174,0,2023Q3
2023-07-11,XLU,-0.03182033705860754,0.001580222915932734,0,2023Q3
2023-07-11,XLV,-0.010978383534384184,0.0005101651008491705,0,2023Q3
2023-07-11,XLY,0.002909478035586721,-0.00015801931201710466,0,2023Q3
2023-07-12,XLB,-0.015287211168537373,-0.000312997737177364,0,2023Q3
2023-07-12,XLC,-0.009356172288411457,0.0008348605568454615,0,2023Q3
2023-07-12,XLE,-0.03713359657518278,0.0050212572275183005,0,2023Q3
2023-07-12,XLF,0.0015367060441280334,-0.0029193845485481745,0,2023Q3
2023-07-12,XLI,-0.013320339832832984,0.001424523279359531,0,2023Q3
2023-07-12,XLK,0.012927562124490644,0.002213516662195056,0,2023Q3
2023-07-12,XLP,-0.006881548345731847,-0.0008430248951358408,0,2023Q3
2023-07-12,XLRE,-0.019803422613008825,-0.0030503720451957876,0,2023Q3
2023-07-12,XLU,-0.03015141467040028,0.0023778870138722375,0,2023Q3
2023-07-12,XLV,0.002394062009313469,0.001486140338239232,0,2023Q3
2023-07-12,XLY,0.003253659009935017,2.0037161665926724e-05,0,2023Q3
2023-07-13,XLB,-0.005947323618583078,-0.0005379661427728414,0,2023Q3
2023-07-13,XLC,-0.028987678709920917,0.0004651466058526898,0,2023Q3
2023-07-13,XLE,-0.007023235001186956,0.004702043674622508,0,2023Q3
2023-07-13,XLF,0.020274167533545162,-0.0027016039021749206,0,2023Q3
2023-07-13,XLI,0.00463751588535688,0.0012835160155889886,0,2023Q3
2023-07-13,XLK,-0.005998133399465755,0.0020077698836935757,0,2023Q3
2023-07-13,XLP,0.012272849324616697,0.0002095637627849266,0,2023Q3
2023-07-13,XLRE,-0.01510866309290504,-0.0030723251306689456,0,2023Q3
2023-07-13,XLU,-0.0007616115886566188,0.002335981831949965,0,2023Q3
2023-07-13,XLV,0.03370965162082684,0.0013496903492283565,0,2023Q3
2023-07-13,XLY,-0.02606062539650489,-0.00016690059643116074,0,2023Q3
2023-07-14,XLB,-0.0005695931222895467,-0.0006136451481528705,0,2023Q3
2023-07-14,XLC,-0.030133104172102687,0.0004851842474948837,0,2023Q3
2023-07-14,XLE,0.02853601981709719,0.004586326593454991,0,2023Q3
2023-07-14,XLF,0.023034279015118342,-0.0027829116790500283,0,2023Q3
2023-07-14,XLI,0.0022000479183863497,0.0012586893887887919,0,2023Q3
2023-07-14,XLK,-0.005659272335468479,0.0020484884810161143,0,2023Q3
2023-07-14,XLP,0.011719702879840144,-0.0005605436607118988,0,2023Q3
2023-07-14,XLRE,-0.011352941711120335,-0.0030982281308228727,0,2023Q3
2023-07-14,XLU,0.017628997553735815,0.0023367865413840816,0,2023Q3
2023-07-14,XLV,0.02801751341757064,-0.0005764387442138021,0,2023Q3
2023-07-14,XLY,-0.02897935474613378,-9.020535344654324e-05,0,2023Q3
2023-07-17,XLB,0.0005866019938527423,-5.688223810248463e-05,0,2023Q3
2023-07-17,XLC,-0.025835657263816314,0.0007897660371842522,0,2023Q3
2023-07-17,XLE,0.04630539497632857,0.0051037054948798784,0,2023Q3
2023-07-17,XLF,0.02204406411290427,-0.002011908648320517,0,2023Q3
2023-07-17,XLI,-0.0002981043347591861,0.0019378876806915904,0,2023Q3
2023-07-17,XLK,-0.017551498125103704,0.0024167640276910292,0,2023Q3
2023-07-17,XLP,0.017662016949044235,0.0010543813156743626,0,2023Q3
2023-07-17,XLRE,0.0058077755636176676,-0.002750142363222162,0,2023Q3
2023-07-17,XLU,0.025840223350633407,0.003081604855686079,0,2023Q3
2023-07-17,XLV,0.029465628056207116,0.001659080989830887,0,2023Q3
2023-07-17,XLY,-0.027551826770142562,9.729097381416731e-05,0,2023Q3
2023-07-18,XLB,0.015464302156795284,-0.0002020226859948976,0,2023Q3
2023-07-18,XLC,-0.024720387302496594,0.0005986332278884069,0,2023Q3
2023-07-18,XLE,0.04596298604619764,0.004886426136545422,0,2023Q3
2023-07-18,XLF,0.008686223567636153,-0.002461948895045882,0,2023Q3
2023-07-18,XLI,-0.002478504458844011,0.0017520287805382383,0,2023Q3
2023-07-18,XLK,-0.012737728572666418,0.002088603220960977,0,2023Q3
2023-07-18,XLP,0.023200808076522472,0.001071460609749163,0,2023Q3
2023-07-18,XLRE,0.011406211739384053,-0.002971170022187219,0,2023Q3
2023-07-18,XLU,0.040407829515940685,0.00296201656849825,0,2023Q3
2023-07-18,XLV,0.026096185819567186,0.0011610566866572724,0,2023Q3
2023-07-18,XLY,-0.029120170328740147,-0.000382844934007243,0,2023Q3
2023-07-19,XLB,0.019548810689384633,-0.0006026058090660934,0,2023Q3
2023-07-19,XLC,-0.010154080314991876,0.0004885543471240191,0,2023Q3
2023-07-19,XLE,0.04230239270319358,0.004273709383254499,0,2023Q3
2023-07-19,XLF,0.012416930553942995,-0.0025499458162826696,0,2023Q3
2023-07-19,XLI,0.007075870611258583,0.0015848909175345846,0,2023Q3
2023-07-19,XLK,-0.021536366643212346,0.0018807038022681313,0,2023Q3
2023-07-19,XLP,0.016179679182490858,0.0009010468986814213,0,2023Q3
2023-07-19,XLRE,0.006061719257049791,-0.0031948404684668612,0,2023Q3
2023-07-19,XLU,0.031927676320012255,0.002561656794163204,0,2023Q3
2023-07-19,XLV,0.0227588359587636,0.0009538951982132829,0,2023Q3
2023-07-19,XLY,-0.03068610493989199,-0.0003325303896270206,0,2023Q3
2023-07-20,XLB,0.010539653227620294,-0.0004462947273661789,0,2023Q3
2023-07-20,XLC,0.018341916449482243,0.0005478361639366253,0,2023Q3
2023-07-20,XLE,0.02360835284186069,0.004004484284037191,0,2023Q3
2023-07-20,XLF,-0.007751706755897647,-0.0024109069850333687,0,2023Q3
2023-07-20,XLI,-0.006045793005446498,0.0017287460858799609,0,2023Q3
2023-07-20,XLK,-0.004487633294099291,0.0018885609907932728,0,2023Q3
2023-07-20,XLP,-0.001348961617592792,0.0008867926851536189,0,2023Q3
2023-07-20,XLRE,-0.011874742817882256,-0.003063434666811062,0,2023Q3
2023-07-20,XLU,-0.004540274884792583,0.0021557894065748393,0,2023Q3
2023-07-20,XLV,-0.0013528274807578233,-0.0003837306455736127,0,2023Q3
2023-07-20,XLY,-0.006886573895287129,-0.0008978150378083251,0,2023Q3
2023-07-21,XLB,0.00766670253491708,-0.000349593262137171,0,2023Q3
2023-07-21,XLC,0.039090359114739126,0.0006557763718971053,0,2023Q3
2023-07-21,XLE,0.00790416291982532,0.003936907920731339,0,2023Q3
2023-07-21,XLF,-0.012184196119851998,-0.002116695972709028,0,2023Q3
2023-07-21,XLI,-0.004914317513176503,0.0017231982697873288,0,2023Q3
2023-07-21,XLK,-0.0002060508841568165,0.0019078198517313437,0,2023Q3
2023-07-21,XLP,-0.004268086037097829,0.0007268327371446558,0,2023Q3
2023-07-21,XLRE,-0.02887633357984587,-0.003021679816145118,0,2023Q3
2023-07-21,XLU,-0.031224590343373104,0.002005536536762937,0,2023Q3
2023-07-21,XLV,-0.01818953886524599,-0.0002583175353438512,0,2023Q3
2023-07-21,XLY,-7.197686024640326e-05,-0.000687760209513281,0,2023Q3
2023-07-24,XLB,0.012450712630874605,-0.00019119487986503318,0,2023Q3
2023-07-24,XLC,0.03944678467206342,0.0006178412897778139,0,2023Q3
2023-07-24,XLE,0.013342782588080082,0.0015029781110434833,0,2023Q3
2023-07-24,XLF,-0.015488276708275905,-0.002311644551143725,0,2023Q3
2023-07-24,XLI,-0.0022573768085603074,0.002182132684161598,0,2023Q3
2023-07-24,XLK,0.0029212026576608263,0.002501021161290226,0,2023Q3
2023-07-24,XLP,-0.010143206202361865,0.0007486090649986875,0,2023Q3
2023-07-24,XLRE,-0.027919403504168883,-0.002554589763999233,0,2023Q3
2023-07-24,XLU,-0.0256251552585941,0.001862559282975392,0,2023Q3
2023-07-24,XLV,-0.021071580975029258,9.18507961854002e-05,0,2023Q3
2023-07-24,XLY,0.0016253363596427928,-0.000541304632935087,0,2023Q3
2023-07-25,XLB,-0.004388276873918517,-0.00017288596868947052,0,2023Q3
2023-07-25,XLC,0.0403633295750756,-0.0005594489080202848,0,2023Q3
2023-07-25,XLE,0.008865024888712547,0.001059946147162333,0,2023Q3
2023-07-25,XLF,-0.003414407954334564,-0.002362640610251675,0,2023Q3
2023-07-25,XLI,0.007656307910380189,0.0018827120135650839,0,2023Q3
2023-07-25,XLK,-0.0012188417095191362,0.0025957656185233574,0,2023Q3
2023-07-25,XLP,-0.009661635177333427,0.0005756232186551866,0,2023Q3
2023-07-25,XLRE,-0.016761272347560974,-0.0028072808612990877,0,2023Q3
2023-07-25,XLU,-0.03371625459808569,0.0018602563861444914,0,2023Q3
2023-07-25,XLV,-0.02016693261291469,-0.00020274889000115935,0,2023Q3
2023-07-25,XLY,-0.0018758182324674078,-0.0004727176156718177,0,2023Q3
2023-07-26,XLB,0.0006646272065329306,-6.096059772688349e-06,0,2023Q3
2023-07-26,XLC,0.01913311292349762,-0.0005477831538156031,0,2023Q3
2023-07-26,XLE,0.009373045387240264,0.0008756723361714666,0,2023Q3
2023-07-26,XLF,-0.003647185349473059,-0.0023807885815058873,0,2023Q3
2023-07-26,XLI,0.004204308557756553,0.0017443764257675204,0,2023Q3
2023-07-26,XLK,0.001416753390303116,0.003970588245790879,0,2023Q3
2023-07-26,XLP,0.006810279209966907,0.0006779129892839205,0,2023Q3
2023-07-26,XLRE,-0.010342591917426702,-0.0029002686016770703,0,2023Q3
2023-07-26,XLU,-0.019621811346731688,0.0005966265345311222,0,2023Q3
2023-07-26,XLV,-0.004758766026924488,-0.00026796165938618524,0,2023Q3
2023-07-26,XLY,-0.0054907055909638736,-0.000743886013368794,0,2023Q3
2023-07-27,XLB,-0.002797954191081531,-0.00024756866809049236,0,2023Q3
2023-07-27,XLC,0.004509867241479837,-0.0005429585993341055,0,2023Q3
2023-07-27,XLE,0.022203642163941884,0.0008392602308848356,0,2023Q3
2023-07-27,XLF,0.005789220700585296,-0.002677740720726021,0,2023Q3
2023-07-27,XLI,0.002768705324791898,0.0014880713969231932,0,2023Q3
2023-07-27,XLK,-0.0034971804705377085,0.004139543739940734,0,2023Q3
2023-07-27,XLP,0.009128611498349204,0.0005153197615881643,0,2023Q3
2023-07-27,XLRE,-0.006670365498045339,-0.0038834059434441357,0,2023Q3
2023-07-27,XLU,-0.028397282880801122,0.0017852275446495645,0,2023Q3
2023-07-27,XLV,-0.006177903539677176,-0.0009757800988254828,0,2023Q3
2023-07-27,XLY,0.003416135189746816,-0.000916910802843373,0,2023Q3
2023-07-28,XLB,0.0021897398771041354,-0.0003657264219613802,0,2023Q3
2023-07-28,XLC,-0.0028699551814825863,-0.00044703694428689173,0,2023Q3
2023-07-28,XLE,0.03459001092677416,0.0011381235643640208,0,2023Q3
2023-07-28,XLF,0.013887775262030999,-0.002331253605366792,0,2023Q3
2023-07-28,XLI,0.004697217725885383,0.0017789028115294322,0,2023Q3
2023-07-28,XLK,-0.01597631963205981,0.00403915349912333,0,2023Q3
2023-07-28,XLP,0.003072535147349731,0.0006369545248307467,0,2023Q3
2023-07-28,XLRE,0.00048481753751761225,-0.0035773632521384612,0,2023Q3
2023-07-28,XLU,-0.023368815104642837,0.0018502141485198691,0,2023Q3
2023-07-28,XLV,0.0014887904998446277,0.000395188426162011,0,2023Q3
2023-07-28,XLY,0.015122475529349089,-0.0006981244795129074,0,2023Q3
2023-07-31,XLB,-0.0031998158043821112,0.0001223873215058448,0,2023Q3
2023-07-31,XLC,0.005871188707513353,0.00041190936666504264,0,2023Q3
2023-07-31,XLE,0.010207261736279727,0.0017423898666948884,0,2023Q3
2023-07-31,XLF,0.017446925493155296,-0.0018144570703582427,0,2023Q3
2023-07-31,XLI,0.007767725682105042,0.002459343175655696,0,2023Q3
2023-07-31,XLK,-0.022157045587792523,0.004949935300487438,0,2023Q3
2023-07-31,XLP,0.008996959636111024,0.001031610647139232,0,2023Q3
2023-07-31,XLRE,-0.0015545558453664565,-0.0028917872464774242,0,2023Q3
2023-07-31,XLU,-0.030605662322819693,0.0021984905215673587,0,2023Q3
2023-07-31,XLV,0.01382565122685031,0.0018910372194591869,0,2023Q3
2023-07-31,XLY,0.012990643913022515,0.00020923088587938897,0,2023Q3
2023-08-01,XLB,-0.007790701690875701,0.00011851361020665099,0,2023Q3
2023-08-01,XLC,0.0058713382220813015,0.0005938970905948259,0,2023Q3
2023-08-01,XLE,0.02129823377985607,0.0021192587607899343,0,2023Q3
2023-08-01,XLF,0.009857789938915507,-0.0017037022447114272,0,2023Q3
2023-08-01,XLI,0.0017646289716024555,0.002675871614318556,0,2023Q3
2023-08-01,XLK,-0.029693554709744774,0.005053960262774997,0,2023Q3
2023-08-01,XLP,0.00870456896372851,0.0011383158160062315,0,2023Q3
2023-08-01,XLRE,-0.003265441211897757,-0.0028976999372426243,0,2023Q3
2023-08-01,XLU,-0.012801919859267596,0.002641365739232219,0,2023Q3
2023-08-01,XLV,0.028249028485459182,0.0021828271031616706,0,2023Q3
2023-08-01,XLY,0.017865407336708494,0.0002494513079265482,0,2023Q3
2023-08-02,XLB,-0.006762121275495914,-0.000371424929800278,0,2023Q3
2023-08-02,XLC,0.006763603438790233,2.733755477716583e-05,0,2023Q3
2023-08-02,XLE,0.040220455960497836,0.0007570388385874176,0,2023Q3
2023-08-02,XLF,0.003735660746314373,-0.0025468745237903698,0,2023Q3
2023-08-02,XLI,0.004438068602529488,0.00168328910333005,0,2023Q3
2023-08-02,XLK,-0.025338065205722793,0.004467384686783065,0,2023Q3
2023-08-02,XLP,-0.0005855734609702123,0.0004955130677318058,0,2023Q3
2023-08-02,XLRE,-0.003968107843426716,-0.004193291715737993,0,2023Q3
2023-08-02,XLU,-0.017892119215874303,0.0011995154213040786,0,2023Q3
2023-08-02,XLV,0.020064504620952106,-0.0007261282994483917,0,2023Q3
2023-08-02,XLY,0.016844162699037102,-0.0005376657740625099,0,2023Q3
2023-08-03,XLB,-0.0031425484196258013,-0.0001596541769374393,0,2023Q3
2023-08-03,XLC,0.009502358674493783,-0.00012862449016878092,0,2023Q3
2023-08-03,XLE,0.026574021635700218,0.0009564982118911367,0,2023Q3
2023-08-03,XLF,0.0008218045922403494,-0.0024080797191909334,0,2023Q3
2023-08-03,XLI,0.004783218759853214,0.0018615707760268967,0,2023Q3
2023-08-03,XLK,-0.024477132775111654,0.0043048878867293985,0,2023Q3
2023-08-03,XLP,-0.0030211329316456315,0.0001519509468398133,0,2023Q3
2023-08-03,XLRE,0.003322810481263372,-0.004008158518125555,0,2023Q3
2023-08-03,XLU,-0.0015041898276647592,0.0013385654472708663,0,2023Q3
2023-08-03,XLV,0.02127919931708311,-0.0006378692376165037,0,2023Q3
2023-08-03,XLY,0.013683891137748816,-0.000516527722706754,0,2023Q3
2023-08-04,XLB,-0.007574932213886276,-0.0004815945399649484,0,2023Q3
2023-08-04,XLC,0.0030433423528815062,0.0004855458358848868,0,2023Q3
2023-08-04,XLE,0.03688058127001925,0.0019198488920172685,0,2023Q3
2023-08-04,XLF,0.002882632695926368,-0.0019935430522639583,0,2023Q3
2023-08-04,XLI,0.008601355510351683,0.002149473350246957,0,2023Q3
2023-08-04,XLK,-0.022292810933065565,0.00443140498856389,0,2023Q3
2023-08-04,XLP,0.0046055589153521925,0.00037134485205623456,0,2023Q3
2023-08-04,XLRE,0.011228499059909636,-0.004004882000311001,0,2023Q3
2023-08-04,XLU,0.011660098059163015,0.0015271606472894495,0,2023Q3
2023-08-04,XLV,0.027294067018625467,0.0003950708005694306,0,2023Q3
2023-08-04,XLY,-0.008071262071657426,0.0002738436587649785,0,2023Q3
2023-08-07,XLB,-0.00873441473379677,-0.0002954885666950853,0,2023Q3
2023-08-07,XLC,-0.0018637912530088396,0.00017952963915492213,0,2023Q3
2023-08-07,XLE,0.03449770389853657,0.0014321562152762718,0,2023Q3
2023-08-07,XLF,-0.009768047075004116,-0.0022922792775887423,0,2023Q3
2023-08-07,XLI,-7.233878749701717e-05,0.0020372821968090175,0,2023Q3
2023-08-07,XLK,-0.006349711233464839,0.003901392450192257,0,2023Q3
2023-08-07,XLP,-0.005259758670662751,0.00016062361592767072,0,2023Q3
2023-08-07,XLRE,-0.0035547122968843103,-0.003806064398165376,0,2023Q3
2023-08-07,XLU,0.007019066835946219,0.0017411108996850293,0,2023Q3
2023-08-07,XLV,0.021821838188441856,0.0011421061597744107,0,2023Q3
2023-08-07,XLY,-0.011945246939262355,-0.00010418432760159993,0,2023Q3
2023-08-08,XLB,-0.007126533614774333,-0.0007582592496883551,0,2023Q3
2023-08-08,XLC,-0.0006300528977312148,0.0002595794364873168,0,2023Q3
2023-08-08,XLE,0.01545986803442001,0.002030615270401607,0,2023Q3
2023-08-08,XLF,-0.01174196027861496,-0.0024018480128222227,0,2023Q3
2023-08-08,XLI,-0.0009691928185955323,0.0023355408232388127,0,2023Q3
2023-08-08,XLK,-0.0012087658034491966,0.004420356622096029,0,2023Q3
2023-08-08,XLP,-0.0015292986108211837,0.00019959386653015885,0,2023Q3
2023-08-08,XLRE,-0.001399335503574184,-0.003984409339893497,0,2023Q3
2023-08-08,XLU,-0.006543246555373083,0.0016963890066365368,0,2023Q3
2023-08-08,XLV,0.017652449585805252,0.0012921921582158941,0,2023Q3
2023-08-08,XLY,-0.010264949766593867,0.0004561633197982752,0,2023Q3
2023-08-09,XLB,-0.009094067934400374,-0.00028646288202616513,0,2023Q3
2023-08-09,XLC,-0.001171503285797848,0.0007421570540866023,0,2023Q3
2023-08-09,XLE,-0.004926305375475004,0.0030915082047708597,0,2023Q3
2023-08-09,XLF,-0.005247388782241513,-0.002061131959718362,0,2023Q3
2023-08-09,XLI,-0.005281848573118975,0.0028276296685520227,0,2023Q3
2023-08-09,XLK,0.002822152912970055,0.005187012161144895,0,2023Q3
2023-08-09,XLP,-0.004600930177199647,0.0003446228291183653,0,2023Q3
2023-08-09,XLRE,-0.015138918848958127,-0.0037761242045536653,0,2023Q3
2023-08-09,XLU,-0.0036786700012519935,0.0016031894047812713,0,2023Q3
2023-08-09,XLV,0.010964869150768441,0.0016911450373112418,0,2023Q3
2023-08-09,XLY,-0.01013171962049797,0.0007158576640190218,0,2023Q3
2023-08-10,XLB,-0.003863150051133135,0.0009935658291229258,0,2023Q3
2023-08-10,XLC,-0.007933850361528827,0.00046131315152088675,0,2023Q3
2023-08-10,XLE,0.014797262048273807,0.002551407379503933,0,2023Q3
2023-08-10,XLF,-0.003103327752346341,-0.002204641962042514,0,2023Q3
2023-08-10,XLI,-0.002986897783942788,0.0021655877121853325,0,2023Q3
2023-08-10,XLK,0.0011741932517906895,0.004607776064906552,0,2023Q3
2023-08-10,XLP,-0.00426973916125406,-0.00016324768894369275,0,2023Q3
2023-08-10,XLRE,-0.011384339160909418,-0.004074796317619863,0,2023Q3
2023-08-10,XLU,0.0050680987509710285,0.001445616414700477,0,2023Q3
2023-08-10,XLV,0.01156125172607847,0.0014124057299089155,0,2023Q3
2023-08-10,XLY,-0.02111551150100166,0.00019779142194027168,0,2023Q3
2023-08-11,XLB,-0.00231635500359062,0.0011408611666553093,0,2023Q3
2023-08-11,XLC,-0.010159491693441991,-0.00017365426009564075,0,2023Q3
2023-08-11,XLE,0.008407224602376084,0.0034170785913999325,0,2023Q3
2023-08-11,XLF,-0.006386863776336793,-0.002162775982973515,0,2023Q3
2023-08-11,XLI,-0.0038046788901525685,0.0018877302262216757,0,2023Q3
2023-08-11,XLK,0.008908080689727038,0.004382869510265704,0,2023Q3
2023-08-11,XLP,-0.0032649839716187845,-0.000515743428144602,0,2023Q3
2023-08-11,XLRE,-0.011562335346704145,-0.0035410321965825076,0,2023Q3
2023-08-11,XLU,0.0038057737104227884,0.0015507886368511764,0,2023Q3
2023-08-11,XLV,0.004758239255234442,0.0021656455979275737,0,2023Q3
2023-08-11,XLY,-0.021066118523526245,-0.0006511433766235398,0,2023Q3
2023-08-14,XLB,-0.005278128466593479,0.000919709638137741,0,2023Q3
2023-08-14,XLC,-0.011193592324892365,-0.00034143695778474927,0,2023Q3
2023-08-14,XLE,0.005384313550932496,0.0034245107441471306,0,2023Q3
2023-08-14,XLF,-0.006540820721700369,-0.003233499748784344,0,2023Q3
2023-08-14,XLI,-0.006317097616777678,0.0017317784238760497,0,2023Q3
2023-08-14,XLK,0.011019542280456096,0.0039705913256796056,0,2023Q3
2023-08-14,XLP,-0.005956253669685108,-0.0012746651428950117,0,2023Q3
2023-08-14,XLRE,-0.01565343526495644,-0.004103057611947217,0,2023Q3
2023-08-14,XLU,0.0044290331321339416,0.0011490043348158152,0,2023Q3
2023-08-14,XLV,0.0018609169682566318,0.001800959196937503,0,2023Q3
2023-08-14,XLY,-0.013969796002441637,-0.0010306999694639234,0,2023Q3
2023-08-15,XLB,0.001137747512267473,0.00017388844134224565,0,2023Q3
2023-08-15,XLC,-0.011383824027655698,-5.9296292025540925e-05,0,2023Q3
2023-08-15,XLE,0.009675737709888832,0.0027604493616511317,0,2023Q3
2023-08-15,XLF,-0.006543987420616348,-0.0036149606077264702,0,2023Q3
2023-08-15,XLI,-0.0049196623494559555,0.001781822806241216,0,2023Q3
2023-08-15,XLK,0.010881120182009485,0.004171978704084842,0,2023Q3
2023-08-15,XLP,-0.009805513375997221,-0.0028017809917007864,0,2023Q3
2023-08-15,XLRE,-0.011574123528826918,-0.004201708793282404,0,2023Q3
2023-08-15,XLU,0.01466942635995061,7.578730036490126e-05,0,2023Q3
2023-08-15,XLV,-0.006851779780561507,0.0017017136832255379,0,2023Q3
2023-08-15,XLY,-0.00805650107009137,-7.150317860743423e-05,0,2023Q3
2023-08-16,XLB,-0.008945422236599776,-0.0002591250789683742,0,2023Q3
2023-08-16,XLC,-0.0019715400323896404,-0.00043371167004131663,0,2023Q3
2023-08-16,XLE,-0.00253248839750575,0.0026088151549187757,0,2023Q3
2023-08-16,XLF,-0.013858395318971595,-0.003775105606435029,0,2023Q3
2023-08-16,XLI,-0.007617343955713007,0.0014795592166651423,0,2023Q3
2023-08-16,XLK,0.0203124783966091,0.0039779922933658885,0,2023Q3
2023-08-16,XLP,-0.01941790579194025,-0.0025545059580627297,0,2023Q3
2023-08-16,XLRE,-0.003310414291360697,-0.004659347271596792,0,2023Q3
2023-08-16,XLU,-0.004235340907245089,-0.0014833403214942727,0,2023Q3
2023-08-16,XLV,-0.014771426613328975,0.0009712057991438401,0,2023Q3
2023-08-16,XLY,-0.006203377249016873,-0.00030218205940764397,0,2023Q3
2023-08-17,XLB,-0.004838863935825111,0.0009091567931994779,0,2023Q3
2023-08-17,XLC,-0.0035142695035670357,-0.00015394876929445252,0,2023Q3
2023-08-17,XLE,-0.014907185675142376,0.0032966078552574673,0,2023Q3
2023-08-17,XLF,-0.006082498913601131,-0.003635553940691999,0,2023Q3
2023-08-17,XLI,-0.0050530894827091055,0.0020564944599057965,0,2023Q3
2023-08-17,XLK,0.01258870454545824,0.004123807207859143,0,2023Q3
2023-08-17,XLP,-0.01140959633158034,-0.0026630914323839796,0,2023Q3
2023-08-17,XLRE,0.00582897962257789,-0.00453113374006431,0,2023Q3
2023-08-17,XLU,-0.001533560126143363,-0.0013300702914983851,0,2023Q3
2023-08-17,XLV,-0.009166661498041462,0.0008681713669179562,0,2023Q3
2023-08-17,XLY,-0.002540661745931705,-4.043685358195081e-05,0,2023Q3
2023-08-18,XLB,-0.008320748409365253,0.0008369292106239322,0,2023Q3
2023-08-18,XLC,-0.003031062348298752,-0.00027380003967381365,0,2023Q3
2023-08-18,XLE,-0.02168679084130476,0.0030087599852702,0,2023Q3
2023-08-18,XLF,-0.0076553083243495745,-0.003688864636844642,0,2023Q3
2023-08-18,XLI,-0.005125803902896742,0.0015687587398175308,0,2023Q3
2023-08-18,XLK,0.014783184621520729,0.004502982430394479,0,2023Q3
2023-08-18,XLP,-0.016166525952970634,-0.002805613103280726,0,2023Q3
2023-08-18,XLRE,-0.0007652940269742281,-0.004627312956336508,0,2023Q3
2023-08-18,XLU,-0.005744527418790613,-0.0016366408960545335,0,2023Q3
2023-08-18,XLV,-0.008848273538798468,0.0013830677897331246,0,2023Q3
2023-08-18,XLY,0.0043459868010475855,-0.00020834962005306535,0,2023Q3
2023-08-21,XLB,-0.0009808412857692517,0.00029086998861609765,0,2023Q3
2023-08-21,XLC,0.0021347171347314564,-2.4944501066064342e-05,0,2023Q3
2023-08-21,XLE,-0.008577605011689471,0.0033508813827415294,0,2023Q3
2023-08-21,XLF,-0.0007131015803718554,-0.0027310325764315305,0,2023Q3
2023-08-21,XLI,0.004467033309278889,0.0017803724865965121,0,2023Q3
2023-08-21,XLK,0.003993598619818961,0.004944996081567351,0,2023Q3
2023-08-21,XLP,-0.004751176248598776,-0.002657996052840539,0,2023Q3
2023-08-21,XLRE,0.01618438095980501,-0.004054929284816983,0,2023Q3
2023-08-21,XLU,0.0006162935378442036,-0.00017702942285695422,0,2023Q3
2023-08-21,XLV,-0.0074103483687073535,0.0016942800902374165,0,2023Q3
2023-08-21,XLY,-0.0029828479313014356,-5.525692980138237e-05,0,2023Q3
2023-08-22,XLB,-0.0007381367891050594,0.0001412475282590757,0,2023Q3
2023-08-22,XLC,0.007223213997911149,-0.00011959075292650384,0,2023Q3
2023-08-22,XLE,-0.015421860193656656,0.0028634177059048732,0,2023Q3
2023-08-22,XLF,0.0007490732049462157,-0.003415007434352374,0,2023Q3
2023-08-22,XLI,-0.0027403209900516146,0.0015184781449531586,0,2023Q3
2023-08-22,XLK,0.008101728884444492,0.003184590454495305,0,2023Q3
2023-08-22,XLP,-0.01278783715299725,-0.0030277434926266685,0,2023Q3
2023-08-22,XLRE,0.00738064959464646,-0.004108378859322991,0,2023Q3
2023-08-22,XLU,-0.01580326610327165,-0.001741900918207945,0,2023Q3
2023-08-22,XLV,-0.01221546777863125,-0.000271794939780725,0,2023Q3
2023-08-22,XLY,0.003274848051552093,-1.773393910474636e-05,0,2023Q3
2023-08-23,XLB,0.007080382823899445,-0.0009088827091612273,0,2023Q3
2023-08-23,XLC,-0.0019438454712730202,-0.0011365831966048665,0,2023Q3
2023-08-23,XLE,-0.000725546889265738,0.002705016013916862,0,2023Q3
2023-08-23,XLF,-0.0015174788610112788,-0.00376131316018143,0,2023Q3
2023-08-23,XLI,-0.0014625346005177065,0.0008308401077506222,0,2023Q3
2023-08-23,XLK,0.004567377445318321,0.002413272353917703,0,2023Q3
2023-08-23,XLP,-0.010712048739742297,-0.003335816231845217,0,2023Q3
2023-08-23,XLRE,0.003072013127561446,-0.003992427905601633,0,2023Q3
2023-08-23,XLU,-0.01722517056944306,-0.0018195275999269961,0,2023Q3
2023-08-23,XLV,-0.008880587694889863,-0.0008951100602545935,0,2023Q3
2023-08-23,XLY,0.006612878981246739,-0.000512836168151736,0,2023Q3
2023-08-24,XLB,-0.0018861281701259003,0.00021340695059398783,0,2023Q3
2023-08-24,XLC,0.0062453795410923885,-0.001307534676501985,0,2023Q3
2023-08-24,XLE,-0.005794261152791913,0.002776715713945241,0,2023Q3
2023-08-24,XLF,-0.014550910989532762,-0.0031146482536086144,0,2023Q3
2023-08-24,XLI,-0.006388414813879972,0.0011581491038742595,0,2023Q3
2023-08-24,XLK,0.02098463541537865,0.001468171230709421,0,2023Q3
2023-08-24,XLP,-0.020533746742369408,-0.00368623978103097,0,2023Q3
2023-08-24,XLRE,-0.012376758407706356,-0.004299712139621903,0,2023Q3
2023-08-24,XLU,-0.03381737979670496,-0.001774770312173104,0,2023Q3
2023-08-24,XLV,-0.02499471688632182,-0.0008224382519182028,0,2023Q3
2023-08-24,XLY,0.017520978360260564,-0.00043683681870582136,0,2023Q3
2023-08-25,XLB,0.011874498868847283,-0.00016039911596109991,0,2023Q3
2023-08-25,XLC,0.0008060006149228638,-0.0013753404371645707,0,2023Q3
2023-08-25,XLE,0.010461270721052518,0.0031237032957230604,0,2023Q3
2023-08-25,XLF,-0.004907446315962405,-0.003051908278397141,0,2023Q3
2023-08-25,XLI,-0.004289048685457653,0.0010158197321042243,0,2023Q3
2023-08-25,XLK,0.018893969857496806,0.0028075330574698094,0,2023Q3
2023-08-25,XLP,-0.029368074021415946,-0.003146889048199607,0,2023Q3
2023-08-25,XLRE,-0.010412575517603662,-0.003891968203468315,0,2023Q3
2023-08-25,XLU,-0.041060437481930556,-0.001197006752649994,0,2023Q3
2023-08-25,XLV,-0.024302428358393025,-0.0008949284462204751,0,2023Q3
2023-08-25,XLY,0.004924594295006024,-0.0003643945227108012,0,2023Q3
2023-08-28,XLB,-0.003823329341906545,-0.0009386796858444105,0,2023Q3
2023-08-28,XLC,-0.0008850906677013715,-0.0018652257294207472,0,2023Q3
2023-08-28,XLE,0.019839469202247884,0.0018353683983437978,0,2023Q3
2023-08-28,XLF,-0.009954368366818178,-0.0038934496560040603,0,2023Q3
2023-08-28,XLI,-0.01873192126957368,0.0005344846470821153,0,2023Q3
2023-08-28,XLK,0.024990611885091996,0.002082737379219876,0,2023Q3
2023-08-28,XLP,-0.03154268492017742,-0.003756988963660484,0,2023Q3
2023-08-28,XLRE,-0.017629480401379904,-0.004244075659214353,0,2023Q3
2023-08-28,XLU,-0.045129023911028354,-0.0017750213842557257,0,2023Q3
2023-08-28,XLV,-0.02607728715102753,-0.0014731257907865155,0,2023Q3
2023-08-28,XLY,0.01240300241909087,-0.0012283657558484328,0,2023Q3
2023-08-29,XLB,-0.0013103825553730797,-0.0030582242333074615,0,2023Q3
2023-08-29,XLC,-0.004836562124638233,-0.0018348756756791343,0,2023Q3
2023-08-29,XLE,0.03866498168971433,0.0013090888437005748,0,2023Q3
2023-08-29,XLF,0.0016165867791327893,-0.005173911443476868,0,2023Q3
2023-08-29,XLI,-0.009346529981407947,-0.0012155429278540664,0,2023Q3
2023-08-29,XLK,0.01496053728727842,0.00214674068712867,0,2023Q3
2023-08-29,XLP,-0.014958351878352705,-0.0037792501171981237,0,2023Q3
2023-08-29,XLRE,-0.009600842275512611,-0.005091707497439971,0,2023Q3
2023-08-29,XLU,-0.025399327727239296,-0.0021853619005538704,0,2023Q3
2023-08-29,XLV,-0.01902515687154005,-0.001576583289900451,0,2023Q3
2023-08-29,XLY,-0.0003591399529538908,-0.001975816008449824,0,2023Q3
2023-08-30,XLB,-0.0009323848519494637,-0.0038743582161886135,0,2023Q3
2023-08-30,XLC,0.0003564306087320279,-0.0023850511424853026,0,2023Q3
2023-08-30,XLE,0.03965418242536767,0.0008665491299382441,0,2023Q3
2023-08-30,XLF,0.005544643478353817,-0.006066225176734894,0,2023Q3
2023-08-30,XLI,-0.009888491791434917,-0.0015785981876105693,0,2023Q3
2023-08-30,XLK,4.345197898858455e-05,0.001400957765186784,0,2023Q3
2023-08-30,XLP,-0.007126669854289669,-0.00443185758669592,0,2023Q3
2023-08-30,XLRE,0.00212699212230838,-0.005797963896859568,0,2023Q3
2023-08-30,XLU,-0.001128615400631805,-0.0027805655353932753,0,2023Q3
2023-08-30,XLV,-0.006813506355862753,-0.002740289680273321,0,2023Q3
2023-08-30,XLY,0.005255366190041744,-0.002350923046963792,0,2023Q3
2023-08-31,XLB,-0.0024249661022217595,-0.00306516964531032,0,2023Q3
2023-08-31,XLC,-0.0006436780448548785,-0.0017292358150473577,0,2023Q3
2023-08-31,XLE,0.045925171610165294,0.0016619897997035538,0,2023Q3
2023-08-31,XLF,0.008398057409035986,-0.005955529002307114,0,2023Q3
2023-08-31,XLI,-0.013297922491136593,-0.0009750047431433143,0,2023Q3
2023-08-31,XLK,-0.005613389290081261,0.0021377003562901473,0,2023Q3
2023-08-31,XLP,-0.0038434525269667175,-0.004166404010271033,0,2023Q3
2023-08-31,XLRE,-7.997861318864707e-05,-0.005628402088271037,0,2023Q3
2023-08-31,XLU,0.014219273757006046,-0.002042343904731687,0,2023Q3
2023-08-31,XLV,0.0020920061615449237,-0.0023954688231104956,0,2023Q3
2023-08-31,XLY,-0.0007564681124581085,-0.0018362945387118963,0,2023Q3
2023-09-01,XLB,-0.013850816279581513,-0.0022165909595741416,0,2023Q3
2023-09-01,XLC,0.01903855243010477,-0.0015095788292696748,0,2023Q3
2023-09-01,XLE,0.007174879440967952,0.0025908105843950105,0,2023Q3
2023-09-01,XLF,-0.000557323153465128,-0.004390329352558836,0,2023Q3
2023-09-01,XLI,-0.022787464489330778,-0.0008605844925461763,0,2023Q3
2023-09-01,XLK,-0.008172346308119582,0.0028611743632470403,0,2023Q3
2023-09-01,XLP,0.008567977951022043,-0.004048807377175172,0,2023Q3
2023-09-01,XLRE,-0.003656900101413507,-0.005282694031191075,0,2023Q3
2023-09-01,XLU,0.018844221710053177,0.0007968602541796574,0,2023Q3
2023-09-01,XLV,0.0015808029756247954,-0.0015889185225779051,0,2023Q3
2023-09-01,XLY,0.027408363311348105,-0.0015928690163440687,0,2023Q3
2023-09-05,XLB,0.0034663596783534034,-0.0024237702493729017,0,2023Q3
2023-09-05,XLC,0.009768350061784004,-0.0007283859214020044,0,2023Q3
2023-09-05,XLE,0.026528454858722128,0.00377331362914886,0,2023Q3
2023-09-05,XLF,0.017426636078368363,-0.004081254945914753,0,2023Q3
2023-09-05,XLI,-0.008564381711442914,-0.0005193462172877888,0,2023Q3
2023-09-05,XLK,-0.028336446904669077,0.003535487171646444,0,2023Q3
2023-09-05,XLP,0.009751218911701276,-0.0029483102337746637,0,2023Q3
2023-09-05,XLRE,0.007507440661211451,-0.004527116718102628,0,2023Q3
2023-09-05,XLU,0.037065828196252815,0.0012275006722316801,0,2023Q3
2023-09-05,XLV,0.01184901032542296,-0.0015366342290592885,0,2023Q3
2023-09-05,XLY,0.01860142313160007,-0.0011016611838690637,0,2023Q3
2023-09-06,XLB,-0.008080772193876817,-0.0017320498998562258,0,2023Q3
2023-09-06,XLC,0.008321388231050664,-0.000531390744889571,0,2023Q3
2023-09-06,XLE,0.010526953695725316,0.0036608121063174013,0,2023Q3
2023-09-06,XLF,0.010130982145907685,-0.003660726106244661,0,2023Q3
2023-09-06,XLI,-0.018770267920021788,-0.00033357928094217477,0,2023Q3
2023-09-06,XLK,-0.023455116255005515,0.0031491607693962115,0,2023Q3
2023-09-06,XLP,0.00606902133702647,-0.0028220731883539596,0,2023Q3
2023-09-06,XLRE,-0.008582069936947434,-0.004457502221201333,0,2023Q3
2023-09-06,XLU,0.03914304363127874,0.000627053183081332,0,2023Q3
2023-09-06,XLV,0.009618598684942858,-0.0017217576483169626,0,2023Q3
2023-09-06,XLY,0.027873985121855904,-0.0011096610770567961,0,2023Q3
2023-09-07,XLB,-0.001250612670563589,-0.0018631467765157662,0,2023Q3
2023-09-07,XLC,0.01247899114107498,-0.0005792858984021295,0,2023Q3
2023-09-07,XLE,0.01163486196437069,0.0032340406295739256,0,2023Q3
2023-09-07,XLF,0.010400831327303406,-0.003737123031913302,0,2023Q3
2023-09-07,XLI,-0.017567056675327763,-0.00046265486163994825,0,2023Q3
2023-09-07,XLK,-0.013662077661968475,0.0025177984654981196,0,2023Q3
2023-09-07,XLP,0.002136913702610155,-0.0026009790108571327,0,2023Q3
2023-09-07,XLRE,-0.010487120003810357,-0.004434632867370972,0,2023Q3
2023-09-07,XLU,0.02896778611918016,-0.0007986606579447871,0,2023Q3
2023-09-07,XLV,-0.003450865170039341,-0.0013534919457153852,0,2023Q3
2023-09-07,XLY,0.023347135738638558,-0.0011580689637316634,0,2023Q3
2023-09-08,XLB,0.0037255770131634502,-0.002031903024227459,0,2023Q3
2023-09-08,XLC,0.013039680532251907,-0.000293275272615204,0,2023Q3
2023-09-08,XLE,0.00439127506979009,0.0035628695935390063,0,2023Q3
2023-09-08,XLF,0.020277716555672898,-0.003233471527948172,0,2023Q3
2023-09-08,XLI,-0.0011383931997885899,-0.0005684463337913951,0,2023Q3
2023-09-08,XLK,-0.017687055390657402,0.002489801850383962,0,2023Q3
2023-09-08,XLP,0.00970727200008592,-0.0023184254956701575,0,2023Q3
2023-09-08,XLRE,0.009468093494464203,-0.0041506917468292276,0,2023Q3
2023-09-08,XLU,0.03268273825774659,-0.0003769242060787753,0,2023Q3
2023-09-08,XLV,0.005810222541775989,-0.001146168170047675,0,2023Q3
2023-09-08,XLY,0.022840636326755703,-0.0010985972656567902,0,2023Q3
2023-09-11,XLB,-0.003494107348996134,-0.0018936506559132133,0,2023Q3
2023-09-11,XLC,0.0022149560548846425,-7.003401600020394e-05,0,2023Q3
2023-09-11,XLE,0.024728757731447226,0.00376508557943927,0,2023Q3
2023-09-11,XLF,0.019744069774868533,-0.003135837489272603,0,2023Q3
2023-09-11,XLI,0.0015677425262741185,-0.0005856147702462684,0,2023Q3
2023-09-11,XLK,-0.014238913430111078,0.0026863650773895874,0,2023Q3
2023-09-11,XLP,-3.7265773850103656e-05,-0.002494098165435611,0,2023Q3
2023-09-11,XLRE,-0.0018064526966002914,-0.004027987516255125,0,2023Q3
2023-09-11,XLU,0.02540765326330008,-0.0007125711440126857,0,2023Q3
2023-09-11,XLV,-0.0006830174271942324,-0.0009104750962229952,0,2023Q3
2023-09-11,XLY,-0.010430239059717628,-0.0005947958521855256,0,2023Q3
2023-09-12,XLB,-0.005456702392101942,-0.0026262545519189846,0,2023Q3
2023-09-12,XLC,0.010030606967481814,-0.0007391018008744606,0,2023Q3
2023-09-12,XLE,-0.011251726873507839,0.003919204430458244,0,2023Q3
2023-09-12,XLF,0.008507495036112811,-0.003951107929555502,0,2023Q3
2023-09-12,XLI,-0.0024290096633485803,-0.0010455987213484053,0,2023Q3
2023-09-12,XLK,-0.00015114555352824244,0.0019862726694104696,0,2023Q3
2023-09-12,XLP,0.0027519145268563028,-0.00252253101017003,0,2023Q3
2023-09-12,XLRE,-0.01038574968538164,-0.004227854853938609,0,2023Q3
2023-09-12,XLU,0.015225961511036834,-0.0007982399577291353,0,2023Q3
2023-09-12,XLV,-0.001982924410483089,-0.001272521218205873,0,2023Q3
2023-09-12,XLY,-0.009824703827241543,-0.0014355667785236306,0,2023Q3
2023-09-13,XLB,0.00019799550074095507,-0.0018008651893165243,0,2023Q3
2023-09-13,XLC,0.003399147630326893,-0.0003950663859923904,0,2023Q3
2023-09-13,XLE,-0.0027471934069376314,0.004029866451014594,0,2023Q3
2023-09-13,XLF,0.011860234848251827,-0.003329472446687253,0,2023Q3
2023-09-13,XLI,0.01054966235470578,-0.00055866205060164,0,2023Q3
2023-09-13,XLK,-0.0079344546797806,0.0007682999092807616,0,2023Q3
2023-09-13,XLP,0.010951502779597111,-0.0021776549748766644,0,2023Q3
2023-09-13,XLRE,0.011835676077563528,-0.0036054368268016316,0,2023Q3
2023-09-13,XLU,0.014514197414374208,-0.00024042067756181818,0,2023Q3
2023-09-13,XLV,0.008214351845274193,-0.0004262926592928536,0,2023Q3
2023-09-13,XLY,-0.016982688537412027,-0.0008874296067566052,0,2023Q3
2023-09-14,XLB,-0.008465095821738267,-0.0015425142379614193,0,2023Q3
2023-09-14,XLC,0.002367400308211698,0.00013751885911595827,0,2023Q3
2023-09-14,XLE,-0.002865288460462745,0.004612493174837688,0,2023Q3
2023-09-14,XLF,0.010987896343878978,-0.00273412405417007,0,2023Q3
2023-09-14,XLI,0.00926512101768473,-0.0004112146676797561,0,2023Q3
2023-09-14,XLK,-0.00520408119110527,0.0007193506378049225,0,2023Q3
2023-09-14,XLP,0.012803207002341721,-0.002311031335427947,0,2023Q3
2023-09-14,XLRE,-0.01528404499074254,-0.0029848842691726878,0,2023Q3
2023-09-14,XLU,0.014369634824696664,-0.0005808760085160395,0,2023Q3
2023-09-14,XLV,0.020957042698340644,-0.00024935093787246216,0,2023Q3
2023-09-14,XLY,-0.027966252698722105,-0.00020161147384841057,0,2023Q3
2023-09-15,XLB,-0.011668159127033118,-0.002024576040810847,0,2023Q3
2023-09-15,XLC,0.0012122581410920485,-0.0004397228196484414,0,2023Q3
2023-09-15,XLE,-0.00013652584516621324,0.0037433623985053677,0,2023Q3
2023-09-15,XLF,-0.004383620658756526,-0.003124864798863553,0,2023Q3
2023-09-15,XLI,-0.0013633179640351045,-0.0005638054954395127,0,2023Q3
2023-09-15,XLK,0.002624333224326425,0.0005173229667546958,0,2023Q3
2023-09-15,XLP,0.0026987421132921297,-0.002288409563974115,0,2023Q3
2023-09-15,XLRE,-0.03113437376335948,-0.003595883984544906,0,2023Q3
2023-09-15,XLU,0.0038000416206364074,-0.0008557039895703818,0,2023Q3
2023-09-15,XLV,0.01377577835835797,-0.0007954531310825668,0,2023Q3
2023-09-15,XLY,-0.03400860747864187,-0.0007139447144267632,0,2023Q3
2023-09-18,XLB,0.0011231210360680421,-0.0022823891792814904,0,2023Q3
2023-09-18,XLC,0.0018063049343381987,-0.00015793344597293525,0,2023Q3
2023-09-18,XLE,0.007458027926175892,0.0039013459280080065,0,2023Q3
2023-09-18,XLF,-0.0039261485066552915,-0.0028007844858516096,0,2023Q3
2023-09-18,XLI,0.002867784348451141,-0.00034679656978351845,0,2023Q3
2023-09-18,XLK,-0.0003436541039844032,0.0008128315357050648,0,2023Q3
2023-09-18,XLP,0.0026330697886739474,-0.001977675288466178,0,2023Q3
2023-09-18,XLRE,-0.02046100847963106,-0.003427538996903698,0,2023Q3
2023-09-18,XLU,0.007520920894436678,-0.0008968983456177056,0,2023Q3
2023-09-18,XLV,0.02120869128661551,-0.0006710482473879606,0,2023Q3
2023-09-18,XLY,-0.01969850022539854,-0.0012092878590140982,0,2023Q3
2023-09-19,XLB,0.00019605710394932085,-0.002502957829722181,0,2023Q3
2023-09-19,XLC,0.002576948221930664,-0.00045750441027585985,0,2023Q3
2023-09-19,XLE,0.02333092537463055,0.0038160806668589816,0,2023Q3
2023-09-19,XLF,-0.0034468554709531363,-0.0029413604966190845,0,2023Q3
2023-09-19,XLI,0.0043467921332783765,-0.0005482360620692385,0,2023Q3
2023-09-19,XLK,-0.005053976510934088,0.0007848498522466728,0,2023Q3
2023-09-19,XLP,0.009992878038828978,-0.0019330567500498112,0,2023Q3
2023-09-19,XLRE,-0.020055829698125582,-0.0033984370538948415,0,2023Q3
2023-09-19,XLU,-0.004314664830485038,-0.0006620918127198423,0,2023Q3
2023-09-19,XLV,0.0242578757321944,-0.0005349500657021358,0,2023Q3
2023-09-19,XLY,-0.020051335155019556,-0.0013610371029903192,0,2023Q3
2023-09-20,XLB,0.0009731496289328012,-0.002566284058343753,0,2023Q3
2023-09-20,XLC,0.00915935813851576,-0.0008828986213513182,0,2023Q3
2023-09-20,XLE,0.04806075980625546,0.00285880479550494,0,2023Q3
2023-09-20,XLF,-0.007540036371679881,-0.0037902802933171055,0,2023Q3
2023-09-20,XLI,0.006071382002418302,-0.0011280779512492323,0,2023Q3
2023-09-20,XLK,0.0024118365201268865,0.00041121301209793627,0,2023Q3
2023-09-20,XLP,-0.008251734619415196,-0.0019934208617959624,0,2023Q3
2023-09-20,XLRE,-0.03951728121681819,-0.003908779197399288,0,2023Q3
2023-09-20,XLU,-0.03293934515104335,-0.0008024415704753243,0,2023Q3
2023-09-20,XLV,0.009929076143801896,-0.0008513190835949894,0,2023Q3
2023-09-20,XLY,-0.023544939152018718,-0.0017363372584276201,0,2023Q3
2023-09-21,XLB,0.009584716374245628,-0.0025020321315145106,0,2023Q3
2023-09-21,XLC,0.01030588071415306,-0.0008458800352382909,0,2023Q3
2023-09-21,XLE,0.04130970944747536,0.003526380471529034,0,2023Q3
2023-09-21,XLF,-0.006318785435584173,-0.0034029327327464286,0,2023Q3
2023-09-21,XLI,0.004499006274647166,-0.0013452779150118904,0,2023Q3
2023-09-21,XLK,0.0024471343038577897,0.0005740394661086184,0,2023Q3
2023-09-21,XLP,-0.014759452608819945,-0.0020777506911679685,0,2023Q3
2023-09-21,XLRE,-0.018052631706174327,-0.003947409917654137,0,2023Q3
2023-09-21,XLU,-0.06557544247140668,-0.0011387451496957174,0,2023Q3
2023-09-21,XLV,0.001285637719794952,-0.0007856528431518072,0,2023Q3
2023-09-21,XLY,-0.008113591967672806,-0.0016521040544400694,0,2023Q3
2023-09-22,XLB,0.009127334858266334,-0.0021282197690118657,0,2023Q3
2023-09-22,XLC,0.006068574798208326,-0.0008159637087599871,0,2023Q3
2023-09-22,XLE,0.018923248397090253,0.003633485006546438,0,2023Q3
2023-09-22,XLF,-0.007726800472326656,-0.004107167066445422,0,2023Q3
2023-09-22,XLI,0.0028026370347982166,-0.001188638893944516,0,2023Q3
2023-09-22,XLK,0.003911007172235914,0.0004857187898169655,0,2023Q3
2023-09-22,XLP,-0.012131538233880246,-0.002016492793820671,0,2023Q3
2023-09-22,XLRE,-0.007632869964402489,-0.0038842150840802158,0,2023Q3
2023-09-22,XLU,-0.062058702391897036,-0.001256737291741002,0,2023Q3
2023-09-22,XLV,-0.004003115862334483,-0.0006946093161672367,0,2023Q3
2023-09-22,XLY,0.007141231705021456,-0.0018746955573917439,0,2023Q3
2023-09-25,XLB,-0.007353720343612036,-0.002201660553413758,0,2023Q3
2023-09-25,XLC,0.015639441538897403,-0.0008971137264312814,0,2023Q3
2023-09-25,XLE,-0.008964401314949133,0.0034581225838707544,0,2023Q3
2023-09-25,XLF,-0.013809821087345298,-0.004390422685007815,0,2023Q3
2023-09-25,XLI,-0.007287748148460671,-0.0013496405073613771,0,2023Q3
2023-09-25,XLK,0.015929936625919128,0.0004603787432525936,0,2023Q3
2023-09-25,XLP,-0.01079487923995237,-0.0019297559432011517,0,2023Q3
2023-09-25,XLRE,-0.01933290598305759,-0.003715600772490934,0,2023Q3
2023-09-25,XLU,-0.09953489293235518,-0.0012199180916556516,0,2023Q3
2023-09-25,XLV,-0.006193206871109025,-0.0007047866452003556,0,2023Q3
2023-09-25,XLY,0.006380358230901106,-0.0016620720224255624,0,2023Q3
2023-09-26,XLB,0.003008391736715521,-0.0028085185065371966,0,2023Q3
2023-09-26,XLC,0.011917994892629902,-0.001347090056113324,0,2023Q3
2023-09-26,XLE,-0.005275421942088521,0.0030105281711080333,0,2023Q3
2023-09-26,XLF,-0.017562666631456003,-0.005101733354586992,0,2023Q3
2023-09-26,XLI,-0.0003496106831424317,-0.0020064006247607815,0,2023Q3
2023-09-26,XLK,0.015691584454318286,-0.00040988895364698166,0,2023Q3
2023-09-26,XLP,-0.011838229043072745,-0.0028676093292170296,0,2023Q3
2023-09-26,XLRE,-0.021195176504910762,-0.00463297156718467,0,2023Q3
2023-09-26,XLU,-0.06283491151375664,-0.0026349354517936365,0,2023Q3
2023-09-26,XLV,-0.007884350716720556,-0.001479796158493183,0,2023Q3
2023-09-26,XLY,-0.0011238211370311335,-0.002766552393207653,0,2023Q3
2023-09-27,XLB,0.00801586805731025,-0.0027684788817520685,0,2023Q3
2023-09-27,XLC,0.012002178286299015,-0.00123275085477719,0,2023Q3
2023-09-27,XLE,-0.06618945259431519,0.003831879932231142,0,2023Q3
2023-09-27,XLF,-0.015690540719742407,-0.005013925225190413,0,2023Q3
2023-09-27,XLI,-0.011320189636798705,-0.0018406973772080954,0,2023Q3
2023-09-27,XLK,0.01984494680956106,-0.00010176289245939765,0,2023Q3
2023-09-27,XLP,-0.002696774453265993,-0.0023926410878556993,0,2023Q3
2023-09-27,XLRE,-0.008939853080065618,-0.004609647529613202,0,2023Q3
2023-09-27,XLU,-0.052450094778607625,-0.002153831265746393,0,2023Q3
2023-09-27,XLV,-0.005567836186553654,-0.0011879881609645117,0,2023Q3
2023-09-27,XLY,0.015449948938241032,-0.0021161003904693757,0,2023Q3
2023-09-28,XLB,-0.008666662775333789,-0.0022851969593939434,0,2023Q3
2023-09-28,XLC,0.005741453305606936,-0.0008513995979883325,0,2023Q3
2023-09-28,XLE,-0.0668248363245324,0.004585183053916829,0,2023Q3
2023-09-28,XLF,-0.0121242506089978,-0.0045076116617524566,0,2023Q3
2023-09-28,XLI,-0.015147916651097049,-0.0013126148522404131,0,2023Q3
2023-09-28,XLK,0.020154217490000237,0.00046893508746807485,0,2023Q3
2023-09-28,XLP,-0.01916546171600586,-0.0018656511381974813,0,2023Q3
2023-09-28,XLRE,-0.005935516385677686,-0.0038284766422735633,0,2023Q3
2023-09-28,XLU,-0.031074424154423852,-0.001156161607894401,0,2023Q3
2023-09-28,XLV,0.0012096795432904317,-0.0005687120918223681,0,2023Q3
2023-09-28,XLY,0.005384373096607109,-0.0016276096506566114,0,2023Q3
2023-09-29,XLB,-0.011948155956924222,-0.0025853244666445576,0,2023Q3
2023-09-29,XLC,0.01561723618234101,-0.0010950950003043424,0,2023Q3
2023-09-29,XLE,-0.05637331438173987,0.003151721173336762,0,2023Q3
2023-09-29,XLF,-0.008738142997816722,-0.005035442217871625,0,2023Q3
2023-09-29,XLI,-0.010737265983936428,-0.0016617254188703368,0,2023Q3
2023-09-29,XLK,0.0213507676843514,0.0003233980045236665,0,2023Q3
2023-09-29,XLP,-0.03591906969266878,-0.0024738886251740163,0,2023Q3
2023-09-29,XLRE,-0.019788119995466147,-0.004081721888942937,0,2023Q3
2023-09-29,XLU,-0.033327338694094766,-0.001362133532906915,0,2023Q3
2023-09-29,XLV,0.005045904973642212,-0.0010132833650853077,0,2023Q3
2023-09-29,XLY,-0.007117361061970029,-0.0016975904170005163,0,2023Q3
2023-10-02,XLB,0.0012714005221992064,-0.0037023676762263807,1,2023Q4
2023-10-02,XLC,0.012750196359311072,-0.0017246539577716249,1,2023Q4
2023-10-02,XLE,-0.015678125480504734,0.0008913737665383076,1,2023Q4
2023-10-02,XLF,-0.004454005538647499,-0.00628666516586915,1,2023Q4
2023-10-02,XLI,0.008879581795468328,-0.0035746585420684592,1,2023Q4
2023-10-02,XLK,0.0051696435295378595,-0.0006186506205156485,1,2023Q4
2023-10-02,XLP,-0.03052822905914354,-0.005153241819362169,1,2023Q4
2023-10-02,XLRE,0.003110094753079995,-0.006395120308899714,1,2023Q4
2023-10-02,XLU,0.02614836098145168,-0.0031548196522903867,1,2023Q4
2023-10-02,XLV,0.0026819417639620813,-0.003192014754565327,1,2023Q4
2023-10-02,XLY,-0.008043877330908833,-0.002937156446325284,1,2023Q4
2023-10-03,XLB,-0.01152389369793827,-0.003891822202207842,1,2023Q4
2023-10-03,XLC,0.018306199395237588,-0.0012215450847810497,1,2023Q4
2023-10-03,XLE,-0.04589589672744032,0.0014088994848341849,1,2023Q4
2023-10-03,XLF,-0.004664212960859171,-0.00558880485646901,1,2023Q4
2023-10-03,XLI,0.004282428020994544,-0.0031549036392259145,1,2023Q4
2023-10-03,XLK,0.014422334225316247,-0.00010714065959421056,1,2023Q4
2023-10-03,XLP,-0.048203713062051845,-0.004844012630161949,1,2023Q4
2023-10-03,XLRE,0.025048660833578262,-0.005690540432795327,1,2023Q4
2023-10-03,XLU,0.0129144653098483,-0.003907923734167999,1,2023Q4
2023-10-03,XLV,-0.010767129389744445,-0.0027412778718211477,1,2023Q4
2023-10-03,XLY,0.0027858872240711374,-0.0024980081479374417,1,2023Q4
2023-10-04,XLB,-0.024773530174425407,-0.004658164193052307,1,2023Q4
2023-10-04,XLC,0.009814326609486335,-0.002368405600705114,1,2023Q4
2023-10-04,XLE,0.001080627149635971,0.001523978673404603,1,2023Q4
2023-10-04,XLF,-0.004940742102493623,-0.006493912965380025,1,2023Q4
2023-10-04,XLI,0.005303924936475468,-0.0038690829090363196,1,2023Q4
2023-10-04,XLK,0.016220921891197726,-0.0008303021474087035,1,2023Q4
2023-10-04,XLP,-0.05292321038479275,-0.005633367620816459,1,2023Q4
2023-10-04,XLRE,0.013756860902294443,-0.006241851607915893,1,2023Q4
2023-10-04,XLU,0.011564588056496738,-0.003305705852439055,1,2023Q4
2023-10-04,XLV,-0.010096207447910288,-0.003553941332527267,1,2023Q4
2023-10-04,XLY,-0.014642798339914664,-0.0032063969337979724,1,2023Q4
2023-10-05,XLB,-0.011571531063787388,-0.004435888642504451,1,2023Q4
2023-10-05,XLC,0.0043623709870865834,-0.0020592596914196493,1,2023Q4
2023-10-05,XLE,0.034789054256854746,0.0009584856593658976,1,2023Q4
2023-10-05,XLF,-0.0027537244851729703,-0.006330009853545867,1,2023Q4
2023-10-05,XLI,0.006945940163193942,-0.0038441866375372594,1,2023Q4
2023-10-05,XLK,0.004705433567456785,-0.0008837321280433345,1,2023Q4
2023-10-05,XLP,-0.020069940488740112,-0.005551115958426449,1,2023Q4
2023-10-05,XLRE,0.010731070707668877,-0.006358213469507181,1,2023Q4
2023-10-05,XLU,0.03399716855447088,-0.002686651888432566,1,2023Q4
2023-10-05,XLV,-0.004598180355744441,-0.003470042092192988,1,2023Q4
2023-10-05,XLY,-0.01975038072253421,-0.0030611813807072093,1,2023Q4
2023-10-06,XLB,-0.009875383049020359,-0.003803858695982295,1,2023Q4
2023-10-06,XLC,0.003399889606734874,-0.0015194364754305722,1,2023Q4
2023-10-06,XLE,0.03689132834687636,0.0012110044603055184,1,2023Q4
2023-10-06,XLF,0.0006060314987563764,-0.005982250677401622,1,2023Q4
2023-10-06,XLI,0.005208870276387723,-0.003399022641971992,1,2023Q4
2023-10-06,XLK,-0.0030649366759185614,-0.0005437985537029527,1,2023Q4
2023-10-06,XLP,-0.0028330822598414684,-0.004815961149217834,1,2023Q4
2023-10-06,XLRE,0.018538569658158366,-0.005961746005665356,1,2023Q4
2023-10-06,XLU,0.03133041480547982,-0.0011386977426276923,1,2023Q4
2023-10-06,XLV,-0.0062100767052504224,-0.0033305711158175388,1,2023Q4
2023-10-06,XLY,-0.009342043282122292,-0.0027446065663264754,1,2023Q4
2023-10-10,XLB,-0.00023813566733532632,-0.0033569531178450096,1,2023Q4
2023-10-10,XLC,0.0020336761026444883,-0.00149357940032331,1,2023Q4
2023-10-10,XLE,0.023989815403804737,0.001685405943243018,1,2023Q4
2023-10-10,XLF,0.009206712120138016,-0.005854360631335362,1,2023Q4
2023-10-10,XLI,-0.001755094510730748,-0.002354522713599634,1,2023Q4
2023-10-10,XLK,-0.0027563581245975133,-0.00019824149971894877,1,2023Q4
2023-10-10,XLP,0.002082899388848647,-0.004722012996204682,1,2023Q4
2023-10-10,XLRE,0.008024345697443369,-0.006057189202167109,1,2023Q4
2023-10-10,XLU,0.016044705206211596,-0.0021460917994150274,1,2023Q4
2023-10-10,XLV,-0.0040925040933291745,-0.0037401002701459266,1,2023Q4
2023-10-10,XLY,-0.0072203461673855385,-0.0028597157076549534,1,2023Q4
2023-10-11,XLB,-0.01115136399874328,-0.0033591427378143295,1,2023Q4
2023-10-11,XLC,-0.006829849651631914,-0.0012507402581564372,1,2023Q4
2023-10-11,XLE,0.0642547399631086,0.001584794206304993,1,2023Q4
2023-10-11,XLF,0.007706632107488676,-0.005780447590718654,1,2023Q4
2023-10-11,XLI,-0.014374894696676743,-0.002164710649778429,1,2023Q4
2023-10-11,XLK,-0.004718725538986446,-0.00047988962694720666,1,2023Q4
2023-10-11,XLP,0.03013492505586135,-0.004727024057110648,1,2023Q4
2023-10-11,XLRE,-0.01644753614018879,-0.005999868959063908,1,2023Q4
2023-10-11,XLU,0.008462852385529573,-0.0023535505488486105,1,2023Q4
2023-10-11,XLV,0.009022640769824175,-0.0037749337872301715,1,2023Q4
2023-10-11,XLY,-0.016648796847969827,-0.0028224701998981827,1,2023Q4
2023-10-12,XLB,-0.00527072192586564,-0.003165841200830391,1,2023Q4
2023-10-12,XLC,0.0064995571772864524,-0.0013707462824559568,1,2023Q4
2023-10-12,XLE,0.06389997330396624,0.0022751935418742686,1,2023Q4
2023-10-12,XLF,0.003395040587434117,-0.005467701467337089,1,2023Q4
2023-10-12,XLI,-0.011868767112655942,-0.0017382513428686863,1,2023Q4
2023-10-12,XLK,-0.008579297174343248,-0.0004623662904622173,1,2023Q4
2023-10-12,XLP,0.03645459026429454,-0.004734862898756977,1,2023Q4
2023-10-12,XLRE,-0.024958229338836957,-0.005930720055973355,1,2023Q4
2023-10-12,XLU,0.016672047225937403,-0.0023194083411794226,1,2023Q4
2023-10-12,XLV,0.010411419617342599,-0.0029992498898972595,1,2023Q4
2023-10-12,XLY,-0.028326093346766168,-0.0028260756044104973,1,2023Q4
2023-10-13,XLB,-0.00624570842161265,-0.004464276918280937,1,2023Q4
2023-10-13,XLC,0.015693007478566945,-0.0016576379514782907,1,2023Q4
2023-10-13,XLE,0.03137190836017867,0.002418534198076019,1,2023Q4
2023-10-13,XLF,-0.006519131214229534,-0.006265416294013318,1,2023Q4
2023-10-13,XLI,-0.006082034842173845,-0.0025833408021608195,1,2023Q4
2023-10-13,XLK,-0.003918975144867609,-0.000878182953363847,1,2023Q4
2023-10-13,XLP,0.030929323276968512,-0.00516879886901658,1,2023Q4
2023-10-13,XLRE,-0.022408293859172645,-0.006682901686951544,1,2023Q4
2023-10-13,XLU,0.0024768689949762335,-0.0029518122989567793,1,2023Q4
2023-10-13,XLV,0.007532691546191073,-0.003504700148003003,1,2023Q4
2023-10-13,XLY,-0.021901408917822773,-0.0033009039429606323,1,2023Q4
2023-10-16,XLB,-0.014524435129523838,-0.002966226022111159,1,2023Q4
2023-10-16,XLC,0.016948568598746827,-0.000647620490317068,1,2023Q4
2023-10-16,XLE,0.020318758717479568,0.00294095876723497,1,2023Q4
2023-10-16,XLF,-0.010753242504678795,-0.00499100329051577,1,2023Q4
2023-10-16,XLI,-0.00890611223876081,-0.001064508744813946,1,2023Q4
2023-10-16,XLK,-0.00021646965258403927,3.205819254018297e-05,1,2023Q4
2023-10-16,XLP,0.030544713436703952,-0.0038603451527654056,1,2023Q4
2023-10-16,XLRE,-0.02826472080851128,-0.005329829734531955,1,2023Q4
2023-10-16,XLU,-0.0038286720972200428,-0.0020620364493635223,1,2023Q4
2023-10-16,XLV,0.005922021641795228,-0.0029736345615981323,1,2023Q4
2023-10-16,XLY,-0.024130667742662926,-0.0020776822442505,1,2023Q4
2023-10-17,XLB,-0.019960782745311767,-0.0027185667275352256,1,2023Q4
2023-10-17,XLC,0.01774205254337735,-0.000558878595669802,1,2023Q4
2023-10-17,XLE,-0.010868410870707668,0.0034170355944059694,1,2023Q4
2023-10-17,XLF,-0.01606785806456046,-0.0046988453427359985,1,2023Q4
2023-10-17,XLI,-0.012010435556828014,-0.0010470383802694133,1,2023Q4
2023-10-17,XLK,0.0036315177631156548,2.1088237358713466e-05,1,2023Q4
2023-10-17,XLP,0.02738337467607299,-0.003509120546566187,1,2023Q4
2023-10-17,XLRE,-0.018816558477355194,-0.005374901145307764,1,2023Q4
2023-10-17,XLU,0.016198554478806804,-0.0019657186356617905,1,2023Q4
2023-10-17,XLV,0.0029179980723481602,-0.002942383764298328,1,2023Q4
2023-10-17,XLY,-0.02364661933500889,-0.0020117590477530278,1,2023Q4
2023-10-18,XLB,-0.005064212344044083,-0.002392647231223153,1,2023Q4
2023-10-18,XLC,-0.0074717820410546976,-0.00032717232786262093,1,2023Q4
2023-10-18,XLE,-0.020268030890444155,0.004314863674302978,1,2023Q4
2023-10-18,XLF,-0.0019545267902385532,-0.004280597565921671,1,2023Q4
2023-10-18,XLI,0.00012091230629285299,-0.001502722068386916,1,2023Q4
2023-10-18,XLK,0.0031336658623719593,0.0002529115683267643,1,2023Q4
2023-10-18,XLP,0.028104543141545424,-0.003193705804177585,1,2023Q4
2023-10-18,XLRE,-0.01679473332145298,-0.005146596097013675,1,2023Q4
2023-10-18,XLU,0.03145348923843616,-0.0017475931890214382,1,2023Q4
2023-10-18,XLV,0.003705501992798621,-0.002610097560389075,1,2023Q4
2023-10-18,XLY,-0.0194594324248063,-0.002087190214853407,1,2023Q4
2023-10-19,XLB,0.01628060881210025,-0.0019408062877738627,1,2023Q4
2023-10-19,XLC,-0.024346733436835577,1.7958780383213365e-06,1,2023Q4
2023-10-19,XLE,-0.022897318401235434,0.004780123024837459,1,2023Q4
2023-10-19,XLF,0.012060008056360871,-0.0038278946817356255,1,2023Q4
2023-10-19,XLI,0.008183517065854629,-0.0008755177283239124,1,2023Q4
2023-10-19,XLK,-0.006848632462746473,0.0002560539191542332,1,2023Q4
2023-10-19,XLP,0.032105057691113825,-0.0025386506237944865,1,2023Q4
2023-10-19,XLRE,0.031030471156601958,-0.00454597687710123,1,2023Q4
2023-10-19,XLU,0.05335421601577539,-0.0011157789072775075,1,2023Q4
2023-10-19,XLV,0.006804574195441115,-0.00173864507647782,1,2023Q4
2023-10-19,XLY,-0.006651110676193284,-0.002547360949699854,1,2023Q4
2023-10-20,XLB,0.020305034678983258,-0.0023989332182196713,1,2023Q4
2023-10-20,XLC,-0.026610330518874292,-0.000526617541126075,1,2023Q4
2023-10-20,XLE,-0.03742225102273333,0.00378588986899675,1,2023Q4
2023-10-20,XLF,0.001661183582334469,-0.004572041708801185,1,2023Q4
2023-10-20,XLI,0.002055439341992704,-0.0012524354109564196,1,2023Q4
2023-10-20,XLK,0.00775169389628827,-0.0001363476590695923,1,2023Q4
2023-10-20,XLP,0.01469593646009515,-0.0033492420198400485,1,2023Q4
2023-10-20,XLRE,0.012739368590157785,-0.004917589187141511,1,2023Q4
2023-10-20,XLU,0.03701583522428875,-0.001464864934360131,1,2023Q4
2023-10-20,XLV,-0.013466381815484652,-0.002339450680993073,1,2023Q4
2023-10-20,XLY,0.011109085051864809,-0.00291320980599212,1,2023Q4
2023-10-23,XLB,0.02850438967060487,-0.0027701023487027173,1,2023Q4
2023-10-23,XLC,-0.02550433255818485,-0.0009175356384737018,1,2023Q4
2023-10-23,XLE,-0.03222375386374343,0.0026037659843141155,1,2023Q4
2023-10-23,XLF,0.011895052442562837,-0.004794288353928975,1,2023Q4
2023-10-23,XLI,0.005475060585885427,-0.0016733605495912697,1,2023Q4
2023-10-23,XLK,0.003783856287076337,-0.00043704272121619756,1,2023Q4
2023-10-23,XLP,0.0187317928357712,-0.003947579380642654,1,2023Q4
2023-10-23,XLRE,0.010966599255005316,-0.00530529494134938,1,2023Q4
2023-10-23,XLU,0.04008446415615341,-0.0020127114284849033,1,2023Q4
2023-10-23,XLV,-0.01537014282696414,-0.003025224943743366,1,2023Q4
2023-10-23,XLY,0.0055905856288406275,-0.003280666100689172,1,2023Q4
2023-10-24,XLB,0.022374465508738672,-0.0028410824568952087,1,2023Q4
2023-10-24,XLC,-0.03063476779373764,-0.0009851187528000427,1,2023Q4
2023-10-24,XLE,-0.01413823602007791,0.002806184241796775,1,2023Q4
2023-10-24,XLF,0.017162916358575253,-0.0047651707974913655,1,2023Q4
2023-10-24,XLI,0.0065538974131280625,-0.001688776527136116,1,2023Q4
2023-10-24,XLK,0.005253950308952593,-0.0005146082039597425,1,2023Q4
2023-10-24,XLP,0.015033119192602862,-0.0034470486589320538,1,2023Q4
2023-10-24,XLRE,0.01950878667533018,-0.005119969967607151,1,2023Q4
2023-10-24,XLU,0.024169873147728782,-0.001953607313168469,1,2023Q4
2023-10-24,XLV,-0.011545704820291158,-0.002989736276726467,1,2023Q4
2023-10-24,XLY,0.0037618245504683623,-0.003076288991525144,1,2023Q4
2023-10-25,XLB,0.009787193132830607,-0.0025716697201696582,1,2023Q4
2023-10-25,XLC,0.002283804711271431,-0.000911903385087062,1,2023Q4
2023-10-25,XLE,-0.039701151786842304,0.0029014154624318386,1,2023Q4
2023-10-25,XLF,0.002403689225570549,-0.0048201615494173275,1,2023Q4
2023-10-25,XLI,-0.002310719328447064,-0.0012735971280048819,1,2023Q4
2023-10-25,XLK,0.011459207551572259,-0.00018055897378537389,1,2023Q4
2023-10-25,XLP,-0.014445885761338095,-0.003269997087075557,1,2023Q4
2023-10-25,XLRE,0.021312736848766,-0.0049549149464973765,1,2023Q4
2023-10-25,XLU,0.004948128333560398,-0.001770005722325546,1,2023Q4
2023-10-25,XLV,-0.02575477336872023,-0.0025708061302513402,1,2023Q4
2023-10-25,XLY,0.01163321271372264,-0.0030634583147970147,1,2023Q4
2023-10-26,XLB,-0.009597559551209445,-0.002981537810227502,1,2023Q4
2023-10-26,XLC,0.006712706888340136,-0.0012746118948623818,1,2023Q4
2023-10-26,XLE,-0.034337313317553964,0.0027743694431557235,1,2023Q4
2023-10-26,XLF,-0.0032409471895153974,-0.005165267823794314,1,2023Q4
2023-10-26,XLI,-0.009093855514476834,-0.0017246819602205537,1,2023Q4
2023-10-26,XLK,0.017162099403395414,-0.0005526321862862008,1,2023Q4
2023-10-26,XLP,-0.026806770896456777,-0.0036182855351937627,1,2023Q4
2023-10-26,XLRE,-0.0006353886836996114,-0.005578971148872184,1,2023Q4
2023-10-26,XLU,-0.016742843955817488,-0.0016728342303044676,1,2023Q4
2023-10-26,XLV,-0.03200534452996595,-0.002837990706383845,1,2023Q4
2023-10-26,XLY,0.023139009523249543,-0.0028336435323582723,1,2023Q4
2023-10-27,XLB,-0.007229854804667202,-0.003228622475518884,1,2023Q4
2023-10-27,XLC,0.012387154093640884,-0.0012263558440739743,1,2023Q4
2023-10-27,XLE,-0.034240922169518795,0.0018551838107011991,1,2023Q4
2023-10-27,XLF,0.01562183964770214,-0.005234941087924737,1,2023Q4
2023-10-27,XLI,-0.004959241103676515,-0.0016424931320470058,1,2023Q4
2023-10-27,XLK,0.007573724940319826,-0.0005775859365347428,1,2023Q4
2023-10-27,XLP,-0.02587164082763116,-0.0037414028850762853,1,2023Q4
2023-10-27,XLRE,0.026852836077353004,-0.005265439376387193,1,2023Q4
2023-10-27,XLU,-0.005169272274307968,-0.0020172141458356468,1,2023Q4
2023-10-27,XLV,-0.02378803234774929,-0.0029942999496823178,1,2023Q4
2023-10-27,XLY,0.01259688888403021,-0.0018731996234386515,1,2023Q4
2023-10-30,XLB,-0.012971419892266134,-0.0026726066788800578,1,2023Q4
2023-10-30,XLC,-0.001929193141927854,-0.0005506707118060298,1,2023Q4
2023-10-30,XLE,-0.03906100618739128,0.002616531765597772,1,2023Q4
2023-10-30,XLF,0.003806221405446175,-0.004246118361626984,1,2023Q4
2023-10-30,XLI,-0.01057308652538902,-0.0012142041069903968,1,2023Q4
2023-10-30,XLK,0.013286851738863126,2.3515994781229173e-05,1,2023Q4
2023-10-30,XLP,-0.030027205205082286,-0.0030956814679378056,1,2023Q4
2023-10-30,XLRE,0.018815302254121757,-0.005095385023688712,1,2023Q4
2023-10-30,XLU,-0.005783021733024585,-0.0014914570459382257,1,2023Q4
2023-10-30,XLV,-0.012590122475119037,-0.002363835658093869,1,2023Q4
2023-10-30,XLY,0.014300631687606424,-0.0017390211800126158,1,2023Q4
2023-10-31,XLB,-0.034006220767842654,-0.002605087610319717,1,2023Q4
2023-10-31,XLC,0.00187536318757342,-0.0005559003084839099,1,2023Q4
2023-10-31,XLE,-0.06110365223508896,0.0026100882022111315,1,2023Q4
2023-10-31,XLF,-0.005541200471264496,-0.004277058895450529,1,2023Q4
2023-10-31,XLI,-0.017133665475831616,-0.0013717062342171842,1,2023Q4
2023-10-31,XLK,0.020879544472609313,-3.467267106469223e-05,1,2023Q4
2023-10-31,XLP,-0.027545803855604678,-0.003227914238482533,1,2023Q4
2023-10-31,XLRE,-0.007324947516402558,-0.004947730389589041,1,2023Q4
2023-10-31,XLU,-0.018652152172483172,-0.001785959243624203,1,2023Q4
2023-10-31,XLV,-0.01419460246898474,-0.0021046386378998643,1,2023Q4
2023-10-31,XLY,0.021682244841940257,-0.0015261739046936612,1,2023Q4
2023-11-01,XLB,-0.021116055358799013,-0.0021761740477665,1,2023Q4
2023-11-01,XLC,-0.007871078433396406,0.00018791084028151977,1,2023Q4
2023-11-01,XLE,-0.06087551380324152,0.0029382201307384696,1,2023Q4
2023-11-01,XLF,-0.0007460608014380199,-0.003916360140133903,1,2023Q4
2023-11-01,XLI,-0.00786766810566486,-0.0010839200781069401,1,2023Q4
2023-11-01,XLK,0.016862272311817694,0.0009800012618317031,1,2023Q4
2023-11-01,XLP,-0.020210576798686875,-0.002461767279496035,1,2023Q4
2023-11-01,XLRE,0.003653055886864598,-0.0044354403435843785,1,2023Q4
2023-11-01,XLU,-0.027396728831647232,-0.0014307402899245716,1,2023Q4
2023-11-01,XLV,-0.007516266787755743,-0.0017840105305168277,1,2023Q4
2023-11-01,XLY,0.016136457425512285,-0.0012656501232246459,1,2023Q4
2023-11-02,XLB,-0.021459809012334907,-0.0011502646757708122,1,2023Q4
2023-11-02,XLC,0.005774403440080622,0.0007171733926788569,1,2023Q4
2023-11-02,XLE,-0.06493909794118691,0.0026035887240694958,1,2023Q4
2023-11-02,XLF,-0.0014512929896144389,-0.0031701798658501424,1,2023Q4
2023-11-02,XLI,-0.0033769430100420994,-2.4692314124956285e-05,1,2023Q4
2023-11-02,XLK,0.021906961069825925,0.0014944106472849483,1,2023Q4
2023-11-02,XLP,-0.009917009195433923,-0.0015461541510638785,1,2023Q4
2023-11-02,XLRE,-0.015604963713195641,-0.003605406685762379,1,2023Q4
2023-11-02,XLU,-0.03154039712000789,-0.0013047354441607397,1,2023Q4
2023-11-02,XLV,-0.017088629317900117,-0.0010562987482678505,1,2023Q4
2023-11-02,XLY,-0.0023400266352904264,-0.0003925368029886217,1,2023Q4
2023-11-03,XLB,-0.03176841218518567,-0.0009836806256719127,1,2023Q4
2023-11-03,XLC,-0.00014939224091459202,0.0001636853482278297,1,2023Q4
2023-11-03,XLE,-0.0513438662158161,0.0035527578887730653,1,2023Q4
2023-11-03,XLF,-0.009770469801601456,-0.0025410798490817814,1,2023Q4
2023-11-03,XLI,-0.004268507125088528,0.00017358008446349252,1,2023Q4
2023-11-03,XLK,0.03156041915549346,0.0015193612932198845,1,2023Q4
2023-11-03,XLP,-0.010564355371330603,-0.0019908252585763,1,2023Q4
2023-11-03,XLRE,-0.03412587889480223,-0.003209540748668219,1,2023Q4
2023-11-03,XLU,-0.038513824847861144,-0.0010275451994325327,1,2023Q4
2023-11-03,XLV,-0.022566393173415467,-0.0006757414661017409,1,2023Q4
2023-11-03,XLY,-0.006254027526662487,-0.00014689479047062912,1,2023Q4
2023-11-06,XLB,-0.024996811883191694,-0.0009911742347943659,1,2023Q4
2023-11-06,XLC,0.003622282682506528,-0.00012249425354427383,1,2023Q4
2023-11-06,XLE,-0.03004839786180702,0.004012901793980039,1,2023Q4
2023-11-06,XLF,-0.004984026483996207,-0.0027046383059676476,1,2023Q4
2023-11-06,XLI,0.002599612307722321,0.00025934339235078065,1,2023Q4
2023-11-06,XLK,0.021946412309140184,0.0016902369568869088,1,2023Q4
2023-11-06,XLP,-0.0056813344578328095,-0.001881910650540298,1,2023Q4
2023-11-06,XLRE,-0.025633093684390262,-0.003109380006393404,1,2023Q4
2023-11-06,XLU,-0.04436410093819776,-0.0009936587310289003,1,2023Q4
2023-11-06,XLV,-0.02015223995181492,-0.0005662330640338626,1,2023Q4
2023-11-06,XLY,8.172875884771003e-05,-0.00013682295444728248,1,2023Q4
2023-11-07,XLB,0.007462688477758217,-0.001160006743819709,1,2023Q4
2023-11-07,XLC,-0.0020582824747144013,0.0003726978216254155,1,2023Q4
2023-11-07,XLE,-0.015550767076445204,0.0034919603358676368,1,2023Q4
2023-11-07,XLF,-0.0011368551881936195,-0.0033130457017109764,1,2023Q4
2023-11-07,XLI,0.008806602921845208,-0.00033190871537022867,1,2023Q4
2023-11-07,XLK,0.014531319070175686,0.002003924739865992,1,2023Q4
2023-11-07,XLP,-0.014548262890413,-0.0025429104846820165,1,2023Q4
2023-11-07,XLRE,0.01958628025176057,-0.0031946012674377326,1,2023Q4
2023-11-07,XLU,-0.015088246984876541,-0.00126461353663854,1,2023Q4
2023-11-07,XLV,-0.03082430034661854,-0.0011766029528781452,1,2023Q4
2023-11-07,XLY,0.005913674183072759,-0.00037126395517805133,1,2023Q4
2023-11-08,XLB,0.007360708786763537,-0.0020195393435162913,1,2023Q4
2023-11-08,XLC,0.006428452822725639,-0.00018999144897477818,1,2023Q4
2023-11-08,XLE,-0.006071177487697144,0.0023785297831872563,1,2023Q4
2023-11-08,XLF,0.0018663573380552911,-0.004433375099549095,1,2023Q4
2023-11-08,XLI,0.007205532058337516,-0.0013408755672696122,1,2023Q4
2023-11-08,XLK,0.00855247155105121,0.0017132386112528796,1,2023Q4
2023-11-08,XLP,-0.003849429791344283,-0.0034503766361687056,1,2023Q4
2023-11-08,XLRE,0.014421197918373707,-0.004007289437480705,1,2023Q4
2023-11-08,XLU,-0.012144778219132846,-0.0024716300695097693,1,2023Q4
2023-11-08,XLV,-0.030066121890983122,-0.00227637366540115,1,2023Q4
2023-11-08,XLY,0.008474292676365236,-0.0010787842202869156,1,2023Q4
2023-11-09,XLB,0.01008926169618185,-0.002091065054110319,1,2023Q4
2023-11-09,XLC,0.001983706610649838,-6.678305297381148e-05,1,2023Q4
2023-11-09,XLE,-0.03232435921076915,0.002385387295679811,1,2023Q4
2023-11-09,XLF,0.000992344961884939,-0.004526170559020005,1,2023Q4
2023-11-09,XLI,0.00030597019866807074,-0.001444638430936433,1,2023Q4
2023-11-09,XLK,0.009263107338115084,0.001784610757530542,1,2023Q4
2023-11-09,XLP,-0.02171582055316512,-0.003153608855722971,1,2023Q4
2023-11-09,XLRE,0.021027328795432343,-0.003776522252115885,1,2023Q4
2023-11-09,XLU,-0.002445571331981311,-0.002004449039526896,1,2023Q4
2023-11-09,XLV,-0.013957999630260343,-0.0017077708415023356,1,2023Q4
2023-11-09,XLY,0.00801348636517174,-0.0010158510457019274,1,2023Q4
2023-11-10,XLB,0.014512006563618174,-0.0017994382347584319,1,2023Q4
2023-11-10,XLC,0.00026356571987884436,0.00023358031962758774,1,2023Q4
2023-11-10,XLE,-0.0077584508410089015,0.0025747463097391295,1,2023Q4
2023-11-10,XLF,0.00933447598126591,-0.004452508747512943,1,2023Q4
2023-11-10,XLI,0.006734770246882293,-0.0010179902753217074,1,2023Q4
2023-11-10,XLK,-0.004833387888230289,0.00206095931951265,1,2023Q4
2023-11-10,XLP,-0.015418717780575353,-0.002915245999659913,1,2023Q4
2023-11-10,XLRE,0.022839255622635557,-0.003701178693297239,1,2023Q4
2023-11-10,XLU,0.009554818563870526,-0.0015930477171964908,1,2023Q4
2023-11-10,XLV,-0.00742364838172338,-0.0012021374230063353,1,2023Q4
2023-11-10,XLY,0.012459483974945451,-0.0009430059365379462,1,2023Q4
2023-11-13,XLB,0.008942678547679161,-0.0022141106579714486,1,2023Q4
2023-11-13,XLC,0.005214515628843008,0.0005314473313246437,1,2023Q4
2023-11-13,XLE,-0.02244079444771474,0.0023954207961217277,1,2023Q4
2023-11-13,XLF,0.006134580477766383,-0.004516332817597828,1,2023Q4
2023-11-13,XLI,9.030988301539367e-05,-0.0018846308009424976,1,2023Q4
2023-11-13,XLK,0.007146744282259032,0.0022487012853427473,1,2023Q4
2023-11-13,XLP,-0.028205158668868746,-0.0032479756907194024,1,2023Q4
2023-11-13,XLRE,0.031086383052799205,-0.004001112651169195,1,2023Q4
2023-11-13,XLU,0.009982838405197425,-0.0016334739093690513,1,2023Q4
2023-11-13,XLV,-0.01597921835113092,-0.0017323771945718296,1,2023Q4
2023-11-13,XLY,0.00449775492559934,-0.0012272245634623057,1,2023Q4
2023-11-14,XLB,0.004845464518975495,-0.0018874482363900641,1,2023Q4
2023-11-14,XLC,0.007022122469412029,0.0011311708231752083,1,2023Q4
2023-11-14,XLE,-0.011769165070732224,0.002948732944282987,1,2023Q4
2023-11-14,XLF,0.00814342700510351,-0.0034127049142175995,1,2023Q4
2023-11-14,XLI,0.0008663205726462397,-0.0007913583077425448,1,2023Q4
2023-11-14,XLK,0.00037475695647559704,0.0022032776586161425,1,2023Q4
2023-11-14,XLP,-0.013551410223585192,-0.0025031025536923334,1,2023Q4
2023-11-14,XLRE,-0.006500302882874065,-0.003523403075838176,1,2023Q4
2023-11-14,XLU,-0.006083883347464791,-0.002040926913306711,1,2023Q4
2023-11-14,XLV,0.005133613282213512,-0.0012430635139424843,1,2023Q4
2023-11-14,XLY,-0.009998075207085177,7.847934228819259e-05,1,2023Q4
2023-11-15,XLB,-0.0007333986213262644,-0.0018669067429775447,1,2023Q4
2023-11-15,XLC,0.0086208039595983,0.0013796407235358047,1,2023Q4
2023-11-15,XLE,-0.012111517809564876,0.0027951417294009018,1,2023Q4
2023-11-15,XLF,0.004844404520399914,-0.002931558428853686,1,2023Q4
2023-11-15,XLI,-0.0008190684909801238,-0.0007263477757257194,1,2023Q4
2023-11-15,XLK,0.001840804758687531,0.0022619384327086586,1,2023Q4
2023-11-15,XLP,-0.016133450437872954,-0.0026211541498088737,1,2023Q4
2023-11-15,XLRE,-0.00743313451055716,-0.0032626505480021113,1,2023Q4
2023-11-15,XLU,0.00010093671401212312,-0.001633729969366027,1,2023Q4
2023-11-15,XLV,0.00742779596830756,-0.0011612192825439386,1,2023Q4
2023-11-15,XLY,-0.00990789807542547,-0.00012103579719149177,1,2023Q4
2023-11-16,XLB,0.00122036699298822,-0.001796410827517171,1,2023Q4
2023-11-16,XLC,0.0012961665356834295,0.001342530044185524,1,2023Q4
2023-11-16,XLE,0.012608889995103567,0.0030439992406008022,1,2023Q4
2023-11-16,XLF,0.004530073693345571,-0.0024876084086910936,1,2023Q4
2023-11-16,XLI,0.002080045647295803,-0.0005829718782966564,1,2023Q4
2023-11-16,XLK,-0.0045462042441619666,0.002288484320657626,1,2023Q4
2023-11-16,XLP,0.0006678040581435951,-0.0024444802497538796,1,2023Q4
2023-11-16,XLRE,-0.002652191289831851,-0.0030452231256389416,1,2023Q4
2023-11-16,XLU,-0.002085122294008368,-0.0014960510476822032,1,2023Q4
2023-11-16,XLV,0.009126607391164665,-0.0010453781755388096,1,2023Q4
2023-11-16,XLY,0.002049936347322756,-0.0005852662068556539,1,2023Q4
2023-11-17,XLB,0.0011578361305621954,-0.001947335102919651,1,2023Q4
2023-11-17,XLC,-0.0017634803930608456,0.001343985707731994,1,2023Q4
2023-11-17,XLE,-0.00889409584309342,0.0026486383746455325,1,2023Q4
2023-11-17,XLF,-0.0010448127628985837,-0.002813604187371359,1,2023Q4
2023-11-17,XLI,-0.006954685632962976,-0.0005714340120452925,1,2023Q4
2023-11-17,XLK,0.0005671055574061334,0.002182532646483654,1,2023Q4
2023-11-17,XLP,0.00217557337844565,-0.0024855430327051934,1,2023Q4
2023-11-17,XLRE,0.005158824039073195,-0.0027221961858003357,1,2023Q4
2023-11-17,XLU,-0.00015865905106560163,-0.0015419639259151292,1,2023Q4
2023-11-17,XLV,0.00787674849528841,-0.0012375235197316808,1,2023Q4
2023-11-17,XLY,1.1091639122495778e-05,-0.0004843657653266205,1,2023Q4
2023-11-20,XLB,0.008100997138925647,-0.0018247863819202419,1,2023Q4
2023-11-20,XLC,-0.0038740230642997364,0.0011613692566510645,1,2023Q4
2023-11-20,XLE,-0.003361496233642458,0.0025608699079224953,1,2023Q4
2023-11-20,XLF,0.001370023959684108,-0.002848206126188197,1,2023Q4
2023-11-20,XLI,-0.005628612650364406,-0.0008075199467259802,1,2023Q4
2023-11-20,XLK,-0.005249528572371487,0.0019628479066667124,1,2023Q4
2023-11-20,XLP,0.014222078354607648,-0.0023171827273455437,1,2023Q4
2023-11-20,XLRE,0.009559556504933342,-0.002849109756638858,1,2023Q4
2023-11-20,XLU,0.012856796773687895,-0.0015756084349431174,1,2023Q4
2023-11-20,XLV,0.0032526564790105184,-0.001207605380452935,1,2023Q4
2023-11-20,XLY,0.007334597555836542,-2.225598953323627e-05,1,2023Q4
2023-11-21,XLB,0.007945587687733457,-0.0019447249641181708,1,2023Q4
2023-11-21,XLC,-0.00918682495980927,0.0006247119243801759,1,2023Q4
2023-11-21,XLE,-0.010046817699939203,0.0029695513886188953,1,2023Q4
2023-11-21,XLF,0.007576013203381526,-0.0027526816399134034,1,2023Q4
2023-11-21,XLI,-0.002578402119635337,-0.0006865258858241646,1,2023Q4
2023-11-21,XLK,0.0021537888972340546,0.002114955747307675,1,2023Q4
2023-11-21,XLP,0.001494530191559429,-0.0025186366477310085,1,2023Q4
2023-11-21,XLRE,0.020886233052173298,-0.002807660565093324,1,2023Q4
2023-11-21,XLU,0.0012217538076313428,-0.001767179227475095,1,2023Q4
2023-11-21,XLV,-0.003957759042476416,-0.0013554923802154139,1,2023Q4
2023-11-21,XLY,0.00569680483213908,-0.00041892667577040396,1,2023Q4
2023-11-22,XLB,0.017271734806324268,-0.0017749701283952153,1,2023Q4
2023-11-22,XLC,-0.023117103384516002,-0.000415569557034555,1,2023Q4
2023-11-22,XLE,-0.0030328337215945744,0.0032896310505620852,1,2023Q4
2023-11-22,XLF,0.0148293721190631,-0.002735645516798055,1,2023Q4
2023-11-22,XLI,0.0061112085106829195,-0.00044094768408994844,1,2023Q4
2023-11-22,XLK,-0.0009221014598639332,0.0020289259086335837,1,2023Q4
2023-11-22,XLP,0.0042373017024965876,-0.0022105466156165125,1,2023Q4
2023-11-22,XLRE,0.02598872515071049,-0.002583248652838174,1,2023Q4
2023-11-22,XLU,0.000645400725870493,-0.0016402401382588979,1,2023Q4
2023-11-22,XLV,0.003714080331920666,-0.0014065779941074923,1,2023Q4
2023-11-22,XLY,0.0011318497624606128,-0.00010446126534293472,1,2023Q4
2023-11-24,XLB,0.019143992668422705,-0.001430673852892598,1,2023Q4
2023-11-24,XLC,-0.023143214169776827,6.998536679571734e-05,1,2023Q4
2023-11-24,XLE,-0.00728644917822141,0.003322254188828311,1,2023Q4
2023-11-24,XLF,0.013982854036070691,-0.002665486588271725,1,2023Q4
2023-11-24,XLI,0.01422297252500293,0.00012059859743075664,1,2023Q4
2023-11-24,XLK,-0.002001587077505862,0.0019505045880927577,1,2023Q4
2023-11-24,XLP,-0.000676780251641862,-0.0021449727326512424,1,2023Q4
2023-11-24,XLRE,0.038184691605767096,-0.0025539753197246534,1,2023Q4
2023-11-24,XLU,0.005053120832020586,-0.00161275851443192,1,2023Q4
2023-11-24,XLV,-0.0030079314125175394,-0.0012595284572197664,1,2023Q4
2023-11-24,XLY,0.008593940193373228,-0.0002477839895429204,1,2023Q4
2023-11-27,XLB,0.011923278541841054,-0.0014446356903840755,1,2023Q4
2023-11-27,XLC,-0.023438990642899782,0.00017499641866761676,1,2023Q4
2023-11-27,XLE,-0.004862700228832839,0.003096826526008338,1,2023Q4
2023-11-27,XLF,0.019811151160844087,-0.002690034683922919,1,2023Q4
2023-11-27,XLI,0.025211065611908667,5.164940596684675e-05,1,2023Q4
2023-11-27,XLK,-0.010719533200633347,0.0010040009137542323,1,2023Q4
2023-11-27,XLP,0.0069589775948391,-0.0023426357809456727,1,2023Q4
2023-11-27,XLRE,0.0436969705530601,-0.0026218125554970887,1,2023Q4
2023-11-27,XLU,0.0029410901836532943,-0.0018675022210514751,1,2023Q4
2023-11-27,XLV,0.00872029416914133,-0.0013052704925189179,1,2023Q4
2023-11-27,XLY,0.006590625983261544,-0.00010196127205557557,1,2023Q4
2023-11-28,XLB,-0.0028086130732318804,-0.0012201273832389036,1,2023Q4
2023-11-28,XLC,-0.029134184846291378,0.00029263098862783356,1,2023Q4
2023-11-28,XLE,-0.02139091805001614,0.003157408830890141,1,2023Q4
2023-11-28,XLF,0.016187261605050907,-0.0026492978580298495,1,2023Q4
2023-11-28,XLI,0.0205020129612683,-1.8255195539422227e-05,1,2023Q4
2023-11-28,XLK,-0.005457091987594032,0.0012530128061045383,1,2023Q4
2023-11-28,XLP,-0.004379812614158651,-0.0020973913029495644,1,2023Q4
2023-11-28,XLRE,0.0348011383188378,-0.0028340640918421067,1,2023Q4
2023-11-28,XLU,-0.006210980151211243,-0.0015926454615675847,1,2023Q4
2023-11-28,XLV,0.013839133345889154,-0.0015112983762626908,1,2023Q4
2023-11-28,XLY,0.0037636111230594516,0.00017427752865859663,1,2023Q4
2023-11-29,XLB,-0.006702502166261004,-0.0008604283620100761,1,2023Q4
2023-11-29,XLC,-0.021276091647650763,0.00013756437573507797,1,2023Q4
2023-11-29,XLE,-0.025443021463720572,0.0030468367866270988,1,2023Q4
2023-11-29,XLF,0.0072756806561637966,-0.002818101291374571,1,2023Q4
2023-11-29,XLI,0.024507141952034184,-5.678658534162876e-05,1,2023Q4
2023-11-29,XLK,-0.011309454471765235,0.001176484135703526,1,2023Q4
2023-11-29,XLP,0.0045299668076064226,-0.0026540312703266923,1,2023Q4
2023-11-29,XLRE,0.026748303013650165,-0.003340436279907733,1,2023Q4
2023-11-29,XLU,0.01855306813675206,-0.002349443051503786,1,2023Q4
2023-11-29,XLV,0.01763735098659769,-0.0015657872034227202,1,2023Q4
2023-11-29,XLY,0.01132547224679148,-8.883278504776871e-05,1,2023Q4
2023-11-30,XLB,-0.013474511434193204,-0.0013146276021542922,1,2023Q4
2023-11-30,XLC,0.0014368262967956458,0.00018199251971719383,1,2023Q4
2023-11-30,XLE,-0.04219833775759363,0.003060839189275957,1,2023Q4
2023-11-30,XLF,-0.0028954345379488267,-0.0027607065779107006,1,2023Q4
2023-11-30,XLI,0.010656403238634926,-0.0003108264780556616,1,2023Q4
2023-11-30,XLK,-0.004441699426073864,0.001852577544975993,1,2023Q4
2023-11-30,XLP,-0.00485877737709306,-0.0029991897334768845,1,2023Q4
2023-11-30,XLRE,0.016135403653015024,-0.0032735379383025186,1,2023Q4
2023-11-30,XLU,0.008259320455651142,-0.0021676362270533077,1,2023Q4
2023-11-30,XLV,0.00010276509128548383,-0.0021992489306614602,1,2023Q4
2023-11-30,XLY,0.01743839820108173,-0.000179734515673619,1,2023Q4
2023-12-01,XLB,-0.019432584840034517,-0.0012155810320651184,1,2023Q4
2023-12-01,XLC,0.005757347850011474,9.138525365638667e-05,1,2023Q4
2023-12-01,XLE,-0.03521180020373671,0.0038065480478844294,1,2023Q4
2023-12-01,XLF,-0.00350188101674076,-0.002226614353935855,1,2023Q4
2023-12-01,XLI,-0.00037281761378538114,0.00036393018397242133,1,2023Q4
2023-12-01,XLK,0.003423600469944832,0.0010427326944076666,1,2023Q4
2023-12-01,XLP,-0.014235315625801492,-0.003474719232602288,1,2023Q4
2023-12-01,XLRE,-0.005289967428236841,-0.0033081141465966424,1,2023Q4
2023-12-01,XLU,-0.004284863557910024,-0.001778965836750598,1,2023Q4
2023-12-01,XLV,-0.000575465723010149,-0.002807717545149615,1,2023Q4
2023-12-01,XLY,0.009878249468642686,1.4327282159623317e-05,1,2023Q4
2023-12-04,XLB,-0.010027193521794375,-0.001639571203011293,1,2023Q4
2023-12-04,XLC,-0.0010576377201991782,-0.0002617775341165226,1,2023Q4
2023-12-04,XLE,-0.038782370398579236,0.003911897171783629,1,2023Q4
2023-12-04,XLF,-0.005516123834474751,-0.0022217707227915207,1,2023Q4
2023-12-04,XLI,-0.0016897121101335788,0.00011022406540868169,1,2023Q4
2023-12-04,XLK,0.015505816175474418,0.002062766847926261,1,2023Q4
2023-12-04,XLP,-0.015265156357171739,-0.0034238308512109478,1,2023Q4
2023-12-04,XLRE,-0.016576465704195242,-0.0032595599890246287,1,2023Q4
2023-12-04,XLU,-0.0030717445509280683,-0.002062933315579697,1,2023Q4
2023-12-04,XLV,-0.005094041117158943,-0.002725908259820433,1,2023Q4
2023-12-04,XLY,0.007228360687213664,-0.00041551530773155203,1,2023Q4
2023-12-05,XLB,0.004989629030627718,-0.002259871818926482,1,2023Q4
2023-12-05,XLC,0.0030255435878372428,0.00019586798908823218,1,2023Q4
2023-12-05,XLE,-0.03987734909046947,0.004253925035125828,1,2023Q4
2023-12-05,XLF,0.0019330761259523932,-0.0023491124278896464,1,2023Q4
2023-12-05,XLI,0.006343589102395963,-0.0003391666295209957,1,2023Q4
2023-12-05,XLK,0.01133695995585704,0.002156047979248732,1,2023Q4
2023-12-05,XLP,-0.008905891793610454,-0.003931167435039466,1,2023Q4
2023-12-05,XLRE,-0.01747672773399489,-0.0032530211751445604,1,2023Q4
2023-12-05,XLU,-0.004807102075286895,-0.00236706635335456,1,2023Q4
2023-12-05,XLV,-0.0042962733620293125,-0.002871666134616147,1,2023Q4
2023-12-05,XLY,0.0037804058302599586,-0.00042060159001407763,1,2023Q4
2023-12-06,XLB,0.0014021502225889382,-0.0022631626161626825,1,2023Q4
2023-12-06,XLC,-0.0028841127200447403,-0.00016471751849945647,1,2023Q4
2023-12-06,XLE,-0.029484084244747688,0.004443950616170643,1,2023Q4
2023-12-06,XLF,0.005365971594647467,-0.0024044952357973903,1,2023Q4
2023-12-06,XLI,-0.005031862336575932,-0.00021619610190100704,1,2023Q4
2023-12-06,XLK,0.01105168571524695,0.001859218015173371,1,2023Q4
2023-12-06,XLP,-0.006162161161212154,-0.003443541339043742,1,2023Q4
2023-12-06,XLRE,0.004143939130595964,-0.0032416613766042247,1,2023Q4
2023-12-06,XLU,0.0013550400190378564,-0.0020630103005408393,1,2023Q4
2023-12-06,XLV,-0.004613935850034112,-0.002835503978398073,1,2023Q4
2023-12-06,XLY,-0.0025630054786782708,-0.0005473336387048482,1,2023Q4
2023-12-07,XLB,0.01598926253124544,-0.0020120616411327544,1,2023Q4
2023-12-07,XLC,-0.015104308594278137,-7.009986243240133e-05,1,2023Q4
2023-12-07,XLE,0.01172247973050311,0.0044038222651107605,1,2023Q4
2023-12-07,XLF,0.015281132254907792,-0.00244172019238114,1,2023Q4
2023-12-07,XLI,0.011816920384369656,-0.0004389997593157352,1,2023Q4
2023-12-07,XLK,0.0005091357508768546,0.0017055904251234767,1,2023Q4
2023-12-07,XLP,-0.02100707866004159,-0.004014874247643237,1,2023Q4
2023-12-07,XLRE,0.036015179961239596,-0.0033923614732902004,1,2023Q4
2023-12-07,XLU,-0.005359500326056699,-0.0019699972767790674,1,2023Q4
2023-12-07,XLV,-0.0038302928671036796,-0.0031050198806255405,1,2023Q4
2023-12-07,XLY,0.007282753931664665,-0.0006754670983529368,1,2023Q4
2023-12-08,XLB,0.019706753515378983,-0.0019282290047711221,1,2023Q4
2023-12-08,XLC,-0.012177452334054095,0.00027541742294239413,1,2023Q4
2023-12-08,XLE,0.005334094070420736,0.0043483893701053095,1,2023Q4
2023-12-08,XLF,0.013927752323235731,-0.002352409180757655,1,2023Q4
2023-12-08,XLI,0.017422179975379537,-0.0001827317476366686,1,2023Q4
2023-12-08,XLK,0.0071617639724794735,0.0017881847637192729,1,2023Q4
2023-12-08,XLP,-0.0037216707513263447,-0.0034659825484671903,1,2023Q4
2023-12-08,XLRE,0.03556977062857847,-0.003260492967696288,1,2023Q4
2023-12-08,XLU,-0.011007785744299836,-0.0018145749343685437,1,2023Q4
2023-12-08,XLV,-0.004014259028677358,-0.002127725212833128,1,2023Q4
2023-12-08,XLY,0.014920312326267116,-9.70082018564519e-05,1,2023Q4
2023-12-11,XLB,0.005061235553383003,-0.0014870019426429753,1,2023Q4
2023-12-11,XLC,0.0038481868633810645,-0.00028544596169444777,1,2023Q4
2023-12-11,XLE,0.0008683461844087859,0.004553235393601222,1,2023Q4
2023-12-11,XLF,0.004257498204719434,-0.0020270378921527685,1,2023Q4
2023-12-11,XLI,0.000215982636381451,8.305938057025686e-05,1,2023Q4
2023-12-11,XLK,-0.0026951940301727095,0.002284062770124706,1,2023Q4
2023-12-11,XLP,-0.012277531196493996,-0.003353155957931474,1,2023Q4
2023-12-11,XLRE,0.016262644362769585,-0.0032912998210843153,1,2023Q4
2023-12-11,XLU,-0.030846950043599386,-0.0014898052835470548,1,2023Q4
2023-12-11,XLV,-0.01528355919383606,-0.0018670271498385327,1,2023Q4
2023-12-11,XLY,0.014965609629025822,-0.00015467665890204043,1,2023Q4
2023-12-12,XLB,0.006982547020680796,-0.0013498053315022037,1,2023Q4
2023-12-12,XLC,0.008468858578163374,0.0002010579387543203,1,2023Q4
2023-12-12,XLE,0.025996366716447783,0.004831508586499211,1,2023Q4
2023-12-12,XLF,0.003080779303926473,-0.001998582074524936,1,2023Q4
2023-12-12,XLI,0.0019263089851324633,0.0001987506812863783,1,2023Q4
2023-12-12,XLK,-0.007102733464388944,0.0019079353527736093,1,2023Q4
2023-12-12,XLP,-0.015114525872745421,-0.002865026228562541,1,2023Q4
2023-12-12,XLRE,0.022097783393695725,-0.0033605822422768028,1,2023Q4
2023-12-12,XLU,-0.022669569352647745,-0.0009806067125396997,1,2023Q4
2023-12-12,XLV,-0.014378175807810756,-0.0014178276421642402,1,2023Q4
2023-12-12,XLY,0.018307428161441708,1.8709429706574685e-05,1,2023Q4
2023-12-13,XLB,0.00690374981023234,-0.0010534686131816683,1,2023Q4
2023-12-13,XLC,0.0188672546366232,0.0010927387124364072,1,2023Q4
2023-12-13,XLE,0.029903610996052543,0.003900941704201407,1,2023Q4
2023-12-13,XLF,-0.0033036234616572457,-0.0021081231321725515,1,2023Q4
2023-12-13,XLI,0.002165349840918429,8.920184503793889e-05,1,2023Q4
2023-12-13,XLK,-0.0032930794052152823,0.0021527079008493346,1,2023Q4
2023-12-13,XLP,-0.02442306307259723,-0.0027595037516225584,1,2023Q4
2023-12-13,XLRE,0.0006999789617914143,-0.002575529483858511,1,2023Q4
2023-12-13,XLU,-0.05072728198392862,-0.0013204015603599615,1,2023Q4
2023-12-13,XLV,-0.01906789309418999,-0.0013002218081909205,1,2023Q4
2023-12-13,XLY,0.013997590123033254,-1.1585272435071185e-05,1,2023Q4
2023-12-14,XLB,-0.005209344853931319,-0.0005660438197020075,1,2023Q4
2023-12-14,XLC,0.018201087912582015,0.0011639352981217593,1,2023Q4
2023-12-14,XLE,-0.001697821636322261,0.004855203120857247,1,2023Q4
2023-12-14,XLF,-0.009713097742360066,-0.002188265097817905,1,2023Q4
2023-12-14,XLI,-0.006586866571722472,0.0002439132918994709,1,2023Q4
2023-12-14,XLK,0.004095469699425536,0.0021884386170501462,1,2023Q4
2023-12-14,XLP,-0.009322585822032048,-0.003447490115324723,1,2023Q4
2023-12-14,XLRE,-0.024183493104786513,-0.0027688424652784023,1,2023Q4
2023-12-14,XLU,-0.04278287798258329,-0.0009321725948005452,1,2023Q4
2023-12-14,XLV,-0.008556652739553305,-0.0014466309871552562,1,2023Q4
2023-12-14,XLY,0.00955359935335287,0.00032906541877567746,1,2023Q4
2023-12-15,XLB,-0.004155884750944638,-0.0006487451783796126,1,2023Q4
2023-12-15,XLC,0.013183448873290704,0.001248074819871069,1,2023Q4
2023-12-15,XLE,-0.0011381814094590936,0.005030277036083357,1,2023Q4
2023-12-15,XLF,-0.009472348445336953,-0.0022251798291467863,1,2023Q4
2023-12-15,XLI,-0.008231331762549754,0.0002248062251649568,1,2023Q4
2023-12-15,XLK,-0.007378841396798341,0.0019760348090056617,1,2023Q4
2023-12-15,XLP,-0.00948535198485534,-0.003115587273997982,1,2023Q4
2023-12-15,XLRE,-0.01595461082820182,-0.002430739434106632,1,2023Q4
2023-12-15,XLU,-0.030308253160545084,-0.0010826951265470906,1,2023Q4
2023-12-15,XLV,-0.0027943544179451774,-0.0016150832149156174,1,2023Q4
2023-12-15,XLY,-0.007697998473980672,0.0004435952217114005,1,2023Q4
2023-12-18,XLB,0.007431320647692585,-0.0007607772232471775,1,2023Q4
2023-12-18,XLC,0.008516335411820286,0.001328629599091665,1,2023Q4
2023-12-18,XLE,0.010378232811981247,0.004933145493101731,1,2023Q4
2023-12-18,XLF,-0.002433737553019899,-0.0020756814373197384,1,2023Q4
2023-12-18,XLI,0.00581499389588136,0.0003374419959063439,1,2023Q4
2023-12-18,XLK,-0.0025847002230967586,0.0022337241670779065,1,2023Q4
2023-12-18,XLP,-0.006677284919579307,-0.0028700334386993903,1,2023Q4
2023-12-18,XLRE,0.006137528150917282,-0.0022522221228767144,1,2023Q4
2023-12-18,XLU,-0.011434619586614514,-0.0010704378987045817,1,2023Q4
2023-12-18,XLV,0.003714330938851429,-0.0020023515119812476,1,2023Q4
2023-12-18,XLY,-0.006463772414913249,0.00032084993232623467,1,2023Q4
2023-12-19,XLB,0.004905063526566611,-0.0007249877252043762,1,2023Q4
2023-12-19,XLC,0.002694205985566356,0.0013405599839563858,1,2023Q4
2023-12-19,XLE,-0.0018735887647871596,0.004535423568976166,1,2023Q4
2023-12-19,XLF,-0.0024522948732861316,-0.0021506086245210083,1,2023Q4
2023-12-19,XLI,0.003810650121958803,0.0002158442144068319,1,2023Q4
2023-12-19,XLK,-0.002166885863654766,0.0022518763252254693,1,2023Q4
2023-12-19,XLP,0.0002550292142344812,-0.0026235057694101002,1,2023Q4
2023-12-19,XLRE,0.009316443073219771,-0.0029726426959837716,1,2023Q4
2023-12-19,XLU,-0.013424192254713363,-0.0004394603267358306,1,2023Q4
2023-12-19,XLV,0.005467284845601439,-0.0013940889169416029,1,2023Q4
2023-12-19,XLY,-0.0065487805440374025,0.00030212240135563204,1,2023Q4
2023-12-20,XLB,0.0021920016757366323,-0.0014391711993064814,1,2023Q4
2023-12-20,XLC,-0.0011715489509120935,0.0012262283183377865,1,2023Q4
2023-12-20,XLE,-0.02238670520266317,0.00431043096718912,1,2023Q4
2023-12-20,XLF,0.004219403275483202,-0.0026953956445828963,1,2023Q4
2023-12-20,XLI,0.0061357309455798426,-0.0006277925508481194,1,2023Q4
2023-12-20,XLK,-7.694769667310197e-05,0.0024738681480843726,1,2023Q4
2023-12-20,XLP,0.006074684971198119,-0.003975809100778185,1,2023Q4
2023-12-20,XLRE,0.014107272796380244,-0.0023421896393860976,1,2023Q4
2023-12-20,XLU,-0.00018580450051097763,-0.0014598662071669765,1,2023Q4
2023-12-20,XLV,0.008441843149245454,-0.0029263616085185204,1,2023Q4
2023-12-20,XLY,-0.007783840844549195,0.00018788863849633717,1,2023Q4
2023-12-21,XLB,3.389485815130655e-06,-0.001471505848299157,1,2023Q4
2023-12-21,XLC,-0.004695026111646294,0.0012704948065618443,1,2023Q4
2023-12-21,XLE,-0.016025426128032816,0.004164536436418475,1,2023Q4
2023-12-21,XLF,0.0036035947034436244,-0.00279038282821735,1,2023Q4
2023-12-21,XLI,0.006913024454328731,-0.0007455571188557998,1,2023Q4
2023-12-21,XLK,-0.001976112642898764,0.0024176806624473784,1,2023Q4
2023-12-21,XLP,0.013578697386648741,-0.0036593617963630483,1,2023Q4
2023-12-21,XLRE,0.006861646131496535,-0.00223376740198399,1,2023Q4
2023-12-21,XLU,0.00921975497477101,-0.0020829697843908054,1,2023Q4
2023-12-21,XLV,0.009588315474872156,-0.0018265424675214437,1,2023Q4
2023-12-21,XLY,-0.016582807495785,0.0003381362954529537,1,2023Q4
2023-12-22,XLB,-0.00034200743677792467,-0.0012286860256582844,1,2023Q4
2023-12-22,XLC,-0.0028467311753017643,0.001526591425416857,1,2023Q4
2023-12-22,XLE,-0.000712930336723816,0.004566244848725564,1,2023Q4
2023-12-22,XLF,0.013359255021360927,-0.0024573433728940913,1,2023Q4
2023-12-22,XLI,-0.0004521590198959258,-0.00015701534737869443,1,2023Q4
2023-12-22,XLK,-0.02189290199062044,0.0026057374503769574,1,2023Q4
2023-12-22,XLP,0.024857683136331077,-0.0034565936327988333,1,2023Q4
2023-12-22,XLRE,0.019730191353655502,-0.0021899188707762323,1,2023Q4
2023-12-22,XLU,0.02814128594833376,-0.0022404847983090127,1,2023Q4
2023-12-22,XLV,0.029958989854035223,-0.0016087548159788212,1,2023Q4
2023-12-22,XLY,-0.01087068425808313,0.00026794742311388826,1,2023Q4
2023-12-26,XLB,-0.003368328285161981,-0.0010354272907761046,1,2023Q4
2023-12-26,XLC,0.0019378036051985736,0.001331258393313942,1,2023Q4
2023-12-26,XLE,0.01920594190121583,0.00484980295665482,1,2023Q4
2023-12-26,XLF,0.013088680405527575,-0.0024508626960467834,1,2023Q4
2023-12-26,XLI,-0.009890805367172795,-0.00020976873183734164,1,2023Q4
2023-12-26,XLK,-0.023534591979682884,0.0023494584327892073,1,2023Q4
2023-12-26,XLP,0.02490894657046483,-0.003334486734441146,1,2023Q4
2023-12-26,XLRE,0.0006792409534744914,-0.003333819172602368,1,2023Q4
2023-12-26,XLU,0.03807316304005015,-0.001991934349082749,1,2023Q4
2023-12-26,XLV,0.03829171612292526,-0.0014811535733240302,1,2023Q4
2023-12-26,XLY,-0.022583844547716336,5.3300945179642935e-05,1,2023Q4
2023-12-27,XLB,-0.003945157926046883,-0.0009496100337952446,1,2023Q4
2023-12-27,XLC,0.003457794223368227,0.0013534615435439486,1,2023Q4
2023-12-27,XLE,0.010932173125450584,0.004802055073271484,1,2023Q4
2023-12-27,XLF,0.018838229263665407,-0.0025455255845886144,1,2023Q4
2023-12-27,XLI,-0.005169874572444,-0.00026025324056297016,1,2023Q4
2023-12-27,XLK,-0.02558954923200485,0.002269787781511498,1,2023Q4
2023-12-27,XLP,0.023823725762268322,-0.0030239357183344325,1,2023Q4
2023-12-27,XLRE,-0.002493351309097669,-0.0032393601602321567,1,2023Q4
2023-12-27,XLU,0.040494526235158035,-0.0018864338354292473,1,2023Q4
2023-12-27,XLV,0.044022295023408486,-0.0012755388995983074,1,2023Q4
2023-12-27,XLY,-0.02768296641923751,0.00023637052249556056,1,2023Q4
2023-12-28,XLB,0.00046570267491319317,-0.001210243606785669,1,2023Q4
2023-12-28,XLC,0.0038970168173204645,0.0013153204034961122,1,2023Q4
2023-12-28,XLE,0.02613303343115092,0.004165016561588975,1,2023Q4
2023-12-28,XLF,0.019193034852145185,-0.00272135262126952,1,2023Q4
2023-12-28,XLI,-0.005259532168086722,-0.00039979699734011697,1,2023Q4
2023-12-28,XLK,-0.027958543037532646,0.0021753930713828153,1,2023Q4
2023-12-28,XLP,0.020206270650468428,-0.0030397438610659873,1,2023Q4
2023-12-28,XLRE,-0.01147884239802821,-0.0034492581941300057,1,2023Q4
2023-12-28,XLU,0.0360605300185981,-0.0016994142794271225,1,2023Q4
2023-12-28,XLV,0.03953686698918246,-0.0009244099854696707,1,2023Q4
2023-12-28,XLY,-0.022175887449601084,0.00024890700357961754,1,2023Q4
2023-12-29,XLB,-0.008326205300901002,-0.0012124560236609298,1,2023Q4
2023-12-29,XLC,0.008375127228742896,0.0006847741867638641,1,2023Q4
2023-12-29,XLE,-0.00017608536236946026,0.004292268200692908,1,2023Q4
2023-12-29,XLF,0.01186610239140684,-0.002510592032780871,1,2023Q4
2023-12-29,XLI,-0.014560277862180282,-0.0003956722696291116,1,2023Q4
2023-12-29,XLK,-0.01793682822531384,0.0022048234019602063,1,2023Q4
2023-12-29,XLP,0.008574145139552458,-0.0027993374483584023,1,2023Q4
2023-12-29,XLRE,-0.004247625952248146,-0.0034049553522108485,1,2023Q4
2023-12-29,XLU,0.027863570903187362,-0.0026717439076287064,1,2023Q4
2023-12-29,XLV,0.03060360211838975,-0.0010362024559310134,1,2023Q4
2023-12-29,XLY,-0.016681955275890226,8.553394683176441e-05,1,2023Q4
2024-01-02,XLB,-0.022042563942712756,-0.0006780626453930276,2,2024Q1
2024-01-02,XLC,0.007916682681062381,-5.166937025333629e-05,2,2024Q1
2024-01-02,XLE,-0.03068825830267541,0.0023584600570517823,2,2024Q1
2024-01-02,XLF,-0.0028671789692806815,-0.0011877809982537605,2,2024Q1
2024-01-02,XLI,-0.011730317266194334,0.00034174555298410573,2,2024Q1
2024-01-02,XLK,0.0059337164132868825,0.001972990458161155,2,2024Q1
2024-01-02,XLP,-0.0041125077139637645,-0.0016373564798638131,2,2024Q1
2024-01-02,XLRE,-0.02436836379595342,-0.0018236603311251537,2,2024Q1
2024-01-02,XLU,0.0008217760528124174,-0.0005647568637221942,2,2024Q1
2024-01-02,XLV,0.00856640784413698,-0.00023043579987797784,2,2024Q1
2024-01-02,XLY,-0.015246999886151968,-0.0005988438285948133,2,2024Q1
2024-01-03,XLB,-0.026637329804886756,-0.0006824453506912451,2,2024Q1
2024-01-03,XLC,0.0071820134199338526,0.0003610211364365167,2,2024Q1
2024-01-03,XLE,-0.06964007564929331,-0.00024618131061147864,2,2024Q1
2024-01-03,XLF,-0.006692107002880476,-0.001331877079757238,2,2024Q1
2024-01-03,XLI,-0.00559941471056602,0.00039598463880475215,2,2024Q1
2024-01-03,XLK,0.01102202946731956,0.0018205204895089902,2,2024Q1
2024-01-03,XLP,-0.012285115592464368,-0.0018949829699285593,2,2024Q1
2024-01-03,XLRE,-0.013027587915571903,-0.0016853367985332698,2,2024Q1
2024-01-03,XLU,-0.01703977403666168,-0.000851669688160433,2,2024Q1
2024-01-03,XLV,0.000892032913900831,-0.0003866641453928182,2,2024Q1
2024-01-03,XLY,-0.0007884474778434569,-0.0005638283267351647,2,2024Q1
2024-01-04,XLB,-0.029267685917510833,-0.0008918429056468481,2,2024Q1
2024-01-04,XLC,0.0044258709820084174,0.00015600526352789682,2,2024Q1
2024-01-04,XLE,-0.05309416543889167,-3.0597900684691155e-05,2,2024Q1
2024-01-04,XLF,-0.01728197814032506,-0.0013504308317764282,2,2024Q1
2024-01-04,XLI,-0.012042728440234018,0.00025536089662313896,2,2024Q1
2024-01-04,XLK,0.021041552797055996,0.0013115924458554466,2,2024Q1
2024-01-04,XLP,-0.013867734562222456,-0.002066050092005272,2,2024Q1
2024-01-04,XLRE,-0.022712210336250815,-0.001734417316431209,2,2024Q1
2024-01-04,XLU,-0.040097713453811856,-0.0010180634582856688,2,2024Q1
2024-01-04,XLV,-0.007703797527124134,-0.0003815477744435819,2,2024Q1
2024-01-04,XLY,0.0022318038105533233,-0.0005821543637188415,2,2024Q1
2024-01-05,XLB,-0.029273674406400385,-0.0007290492511138607,2,2024Q1
2024-01-05,XLC,0.005848534594817156,-6.975380169950941e-05,2,2024Q1
2024-01-05,XLE,-0.04233947673673455,0.002137197698120491,2,2024Q1
2024-01-05,XLF,-0.022694658848119165,-0.0012003151491646676,2,2024Q1
2024-01-05,XLI,-0.012618663048778567,0.0003572159042127121,2,2024Q1
2024-01-05,XLK,0.02538052390772827,0.0012366345255682123,2,2024Q1
2024-01-05,XLP,-0.0077504504002492425,-0.0020073083263795464,2,2024Q1
2024-01-05,XLRE,-0.012358206689859763,-0.001515410234229128,2,2024Q1
2024-01-05,XLU,-0.0374721174561079,-0.0011756430283636373,2,2024Q1
2024-01-05,XLV,-0.008657894170238656,-0.00028465951463107526,2,2024Q1
2024-01-05,XLY,-0.010958433122431499,-0.0004203745804723132,2,2024Q1
2024-01-08,XLB,-0.026787412105191755,-0.0005417196400472525,2,2024Q1
2024-01-08,XLC,0.002448472046443717,-6.451051656477855e-05,2,2024Q1
2024-01-08,XLE,-0.03641814197052573,0.0025338560666810124,2,2024Q1
2024-01-08,XLF,-0.017805088104561384,-0.0012121704973919816,2,2024Q1
2024-01-08,XLI,-0.011216007112829551,0.0005501464877011352,2,2024Q1
2024-01-08,XLK,0.020391887541667986,0.0020349891845405435,2,2024Q1
2024-01-08,XLP,-0.0026252920486434794,-0.0014651157277098712,2,2024Q1
2024-01-08,XLRE,-0.014001875226349214,-0.001393196409109169,2,2024Q1
2024-01-08,XLU,-0.03715686083827674,-0.0009494861482026489,2,2024Q1
2024-01-08,XLV,-0.005469102212862231,-0.0001267514612069416,2,2024Q1
2024-01-08,XLY,-0.010948227366485486,-0.00032692267709521155,2,2024Q1
2024-01-09,XLB,-0.01862011729208224,-0.000646892770943038,2,2024Q1
2024-01-09,XLC,0.0023965070468219274,-0.00017014258436371554,2,2024Q1
2024-01-09,XLE,-0.024813734266831644,0.002577559914222032,2,2024Q1
2024-01-09,XLF,-0.009359951970404068,-0.0012023645135747336,2,2024Q1
2024-01-09,XLI,-0.01077583546718286,0.00046481258859915417,2,2024Q1
2024-01-09,XLK,0.017796667883693273,0.0018551598495789023,2,2024Q1
2024-01-09,XLP,-0.0018695242521721278,-0.0015291466813325489,2,2024Q1
2024-01-09,XLRE,-0.021170636743639393,-0.0013327304704927624,2,2024Q1
2024-01-09,XLU,-0.03930021886388191,-0.001065312615863698,2,2024Q1
2024-01-09,XLV,-0.0032719559836501544,-0.00014860771928851897,2,2024Q1
2024-01-09,XLY,-0.011909713607514694,-0.0002968700488455018,2,2024Q1
2024-01-10,XLB,-0.017432640412632705,-0.0005743270325110769,2,2024Q1
2024-01-10,XLC,0.0020467367424655825,-0.00011029681516424598,2,2024Q1
2024-01-10,XLE,-0.01996347572481183,0.002913603008651953,2,2024Q1
2024-01-10,XLF,-0.012548168202009657,-0.0011952388158666884,2,2024Q1
2024-01-10,XLI,-0.005726045110083788,0.0004947257432312176,2,2024Q1
2024-01-10,XLK,0.02642540686617567,0.0019666465782235453,2,2024Q1
2024-01-10,XLP,-0.004262042062909477,-0.0016097234231582085,2,2024Q1
2024-01-10,XLRE,-0.0321681859350762,-0.0013669594661887914,2,2024Q1
2024-01-10,XLU,-0.052599002906911996,-0.0008015778977932845,2,2024Q1
2024-01-10,XLV,-0.011132109514512822,-0.0001091629363529661,2,2024Q1
2024-01-10,XLY,-0.0173790625967869,-0.00037399944819214076,2,2024Q1
2024-01-11,XLB,-0.026437707599692217,-0.0008915105857035604,2,2024Q1
2024-01-11,XLC,0.006024567202253861,-0.00022251777422835372,2,2024Q1
2024-01-11,XLE,-0.03221088657902349,0.002601821420174437,2,2024Q1
2024-01-11,XLF,-0.005861680085512244,-0.0013733531478777026,2,2024Q1
2024-01-11,XLI,-0.009820449089975813,0.00031704430362644153,2,2024Q1
2024-01-11,XLK,0.03185583539252357,0.0019451779862745616,2,2024Q1
2024-01-11,XLP,-0.019929219536176324,-0.0017487342052802959,2,2024Q1
2024-01-11,XLRE,-0.02652519204231729,-0.0013762542875838512,2,2024Q1
2024-01-11,XLU,-0.04421226290717395,-0.001961833665450117,2,2024Q1
2024-01-11,XLV,-0.022772952518988143,-0.0003022096975394124,2,2024Q1
2024-01-11,XLY,-0.019522015838006612,-0.0004172454639379239,2,2024Q1
2024-01-12,XLB,-0.02594595895024454,-0.0010644971459044562,2,2024Q1
2024-01-12,XLC,0.0016491107025464746,-0.00024257037228035078,2,2024Q1
2024-01-12,XLE,-0.04093195968129659,0.00247263887989381,2,2024Q1
2024-01-12,XLF,-0.0006385701456348425,-0.0015351578992646136,2,2024Q1
2024-01-12,XLI,-0.0034094287438581894,0.00018647337350603837,2,2024Q1
2024-01-12,XLK,0.031625731569419946,0.0018388748884225095,2,2024Q1
2024-01-12,XLP,-0.029312290042758926,-0.001959118451666005,2,2024Q1
2024-01-12,XLRE,-0.03089435744424962,-0.0016190707348052089,2,2024Q1
2024-01-12,XLU,-0.056053315915180923,-0.002079943495762748,2,2024Q1
2024-01-12,XLV,-0.017404791051571,-0.0005828511885913764,2,2024Q1
2024-01-12,XLY,-0.013282648265819041,-0.0009126947721645576,2,2024Q1
2024-01-16,XLB,-0.017877674003304866,-0.0018617586934129844,2,2024Q1
2024-01-16,XLC,0.010839850189323874,-5.054252545656448e-05,2,2024Q1
2024-01-16,XLE,-0.02177564707623214,0.002425598670705204,2,2024Q1
2024-01-16,XLF,0.001319829152845342,-0.0017727112878115569,2,2024Q1
2024-01-16,XLI,-0.0006344211581832404,-0.00031769884427862894,2,2024Q1
2024-01-16,XLK,0.026517973586669408,0.002128018686708037,2,2024Q1
2024-01-16,XLP,-0.019803372011903297,-0.0025177268874937288,2,2024Q1
2024-01-16,XLRE,-0.0369388787387388,-0.0015678100348503097,2,2024Q1
2024-01-16,XLU,-0.050446904183219066,-0.0021807827124069885,2,2024Q1
2024-01-16,XLV,-0.018832170275337345,-0.0006009770925672023,2,2024Q1
2024-01-16,XLY,-0.021253648254997204,-0.0013127588645946424,2,2024Q1
2024-01-17,XLB,-0.031034301240986162,-0.0019266111330723465,2,2024Q1
2024-01-17,XLC,0.016819974909686897,-0.00017447634184205733,2,2024Q1
2024-01-17,XLE,-0.0058731274012362444,0.0024340519781398205,2,2024Q1
2024-01-17,XLF,0.0004355977639514119,-0.0018822388163402825,2,2024Q1
2024-01-17,XLI,-0.0068717322446911755,-0.000536024569615916,2,2024Q1
2024-01-17,XLK,0.03212618263764844,0.0021299946614243962,2,2024Q1
2024-01-17,XLP,-0.038241687419775516,-0.0025488163213448142,2,2024Q1
2024-01-17,XLRE,-0.03914206835844025,-0.0015963539347578506,2,2024Q1
2024-01-17,XLU,-0.05641509556167956,-0.0021262470020990297,2,2024Q1
2024-01-17,XLV,-0.032830452182174286,-0.0007768524695806189,2,2024Q1
2024-01-17,XLY,-0.023092513527959158,-0.0017944488431245052,2,2024Q1
2024-01-18,XLB,-0.020201724399588672,-0.001829178559195689,2,2024Q1
2024-01-18,XLC,0.02454189999983747,1.3521016595607172e-05,2,2024Q1
2024-01-18,XLE,0.022333605021908287,0.0029332620429568792,2,2024Q1
2024-01-18,XLF,0.00739119877952521,-0.0019364867846005732,2,2024Q1
2024-01-18,XLI,-0.007301473162854011,0.00011227714565739466,2,2024Q1
2024-01-18,XLK,0.018917285939747508,0.002275870953725793,2,2024Q1
2024-01-18,XLP,-0.023941988095355526,-0.002600577145559278,2,2024Q1
2024-01-18,XLRE,-0.01560932209643262,-0.0013399811786700647,2,2024Q1
2024-01-18,XLU,-0.024710086409038712,-0.00167881940501467,2,2024Q1
2024-01-18,XLV,-0.030675933851812887,-0.0005638282113366086,2,2024Q1
2024-01-18,XLY,-0.03761213898570703,-0.0016146998469367979,2,2024Q1
2024-01-19,XLB,-0.006917657820133538,-0.0016689991231779969,2,2024Q1
2024-01-19,XLC,0.02776358788936384,-3.0077939446139994e-05,2,2024Q1
2024-01-19,XLE,0.04056911368546734,0.0030796651487455372,2,2024Q1
2024-01-19,XLF,0.008659594758823275,-0.0016044731485545896,2,2024Q1
2024-01-19,XLI,-0.0016077566855365877,8.836470259319988e-05,2,2024Q1
2024-01-19,XLK,-0.0024294504201618494,0.0023159195267100233,2,2024Q1
2024-01-19,XLP,-0.0022727758211906757,-0.0023671743734824595,2,2024Q1
2024-01-19,XLRE,-0.01574909771221178,-0.0015704815988366286,2,2024Q1
2024-01-19,XLU,-0.006551012687511681,-0.0014717588068426193,2,2024Q1
2024-01-19,XLV,-0.011685138943227869,-0.0005257818079897601,2,2024Q1
2024-01-19,XLY,-0.02867713531369842,-0.0011778133938123044,2,2024Q1
2024-01-22,XLB,-0.01071887628935353,-0.001407586906351705,2,2024Q1
2024-01-22,XLC,0.028503175018423255,0.00013961424969744461,2,2024Q1
2024-01-22,XLE,0.029307382680377803,0.003226726814533556,2,2024Q1
2024-01-22,XLF,0.0006180865851499462,-0.0013925563327079177,2,2024Q1
2024-01-22,XLI,-0.008674523479738294,0.00035940150666119246,2,2024Q1
2024-01-22,XLK,-0.0034919938499524683,0.0021815556848035628,2,2024Q1
2024-01-22,XLP,0.002653045946347188,-0.0021231081019047445,2,2024Q1
2024-01-22,XLRE,-0.0190046240434939,-0.0012195549809298507,2,2024Q1
2024-01-22,XLU,-0.0008465778501292043,0.00012799716609592708,2,2024Q1
2024-01-22,XLV,-0.014890334186658638,-0.00012092301614357992,2,2024Q1
2024-01-22,XLY,-0.015773384342195218,-0.0012436676136360397,2,2024Q1
2024-01-23,XLB,-0.005668390121927436,-0.0008160381387600292,2,2024Q1
2024-01-23,XLC,0.015033045302733417,0.0006927771771861482,2,2024Q1
2024-01-23,XLE,0.041630880686226446,0.004027814853280869,2,2024Q1
2024-01-23,XLF,0.015595906614509047,-0.0005468477940673912,2,2024Q1
2024-01-23,XLI,-0.0037816295296706492,0.0007792110839267786,2,2024Q1
2024-01-23,XLK,-0.012139343923317503,0.002487194197754082,2,2024Q1
2024-01-23,XLP,0.0010843916711942292,-0.0014360399114556794,2,2024Q1
2024-01-23,XLRE,-0.01916013794517235,-0.000841197610347697,2,2024Q1
2024-01-23,XLU,0.0007256447846923919,0.0013764636526669186,2,2024Q1
2024-01-23,XLV,-0.008149946781337514,0.0002570511739070861,2,2024Q1
2024-01-23,XLY,-0.010191329199454868,-0.0008585970595400503,2,2024Q1
2024-01-24,XLB,0.012399719964381939,-0.0005201691094759585,2,2024Q1
2024-01-24,XLC,0.0011023240983678573,0.0007111515855798104,2,2024Q1
2024-01-24,XLE,0.024977921878134746,0.0040458628374075364,2,2024Q1
2024-01-24,XLF,0.016653354225500294,-0.0007888724570384133,2,2024Q1
2024-01-24,XLI,0.008370246422375827,0.0007790102307196716,2,2024Q1
2024-01-24,XLK,-0.022233574518526034,0.0027300879953168653,2,2024Q1
2024-01-24,XLP,0.02374911321727713,-0.00014990724698308558,2,2024Q1
2024-01-24,XLRE,0.004908907603725754,-0.001326616185848274,2,2024Q1
2024-01-24,XLU,0.030191950237138387,0.0015830477286960245,2,2024Q1
2024-01-24,XLV,0.01735654909198958,-4.828996283271515e-05,2,2024Q1
2024-01-24,XLY,-0.007080403014550374,-0.0008731921805426767,2,2024Q1
2024-01-25,XLB,0.010939172837496791,-0.0012652065572534127,2,2024Q1
2024-01-25,XLC,-0.012341859572114977,0.0003199690869326965,2,2024Q1
2024-01-25,XLE,-0.0051476028579041655,0.002903216967877848,2,2024Q1
2024-01-25,XLF,0.005652463577100919,-0.0011340958771798556,2,2024Q1
2024-01-25,XLI,0.008165056885661048,0.0004463099798724415,2,2024Q1
2024-01-25,XLK,-0.021652660628819986,0.0025492309374428573,2,2024Q1
2024-01-25,XLP,0.027071339103290404,-0.0017970418203712487,2,2024Q1
2024-01-25,XLRE,0.0012239204168063011,-0.0017112439790882273,2,2024Q1
2024-01-25,XLU,0.023655367334391553,0.0007516010750232617,2,2024Q1
2024-01-25,XLV,0.0244656913191581,-0.0005200850120664573,2,2024Q1
2024-01-25,XLY,0.01697065788924834,-0.0014012346069449105,2,2024Q1
2024-01-26,XLB,-0.007209075111228147,-0.0015402782314324409,2,2024Q1
2024-01-26,XLC,0.012280526436304395,0.0002502298355351355,2,2024Q1
2024-01-26,XLE,-0.022903214514167103,0.0025368399712256107,2,2024Q1
2024-01-26,XLF,-0.005700363085573867,-0.001578923003679139,2,2024Q1
2024-01-26,XLI,0.004715895142084259,0.0001173905305273699,2,2024Q1
2024-01-26,XLK,-0.011809777635814145,0.0025386146983812433,2,2024Q1
2024-01-26,XLP,0.006964833406454929,-0.002363057315829577,2,2024Q1
2024-01-26,XLRE,-0.018915065447740353,-0.0021009391209731933,2,2024Q1
2024-01-26,XLU,-0.009664110141760274,0.0005032331092818716,2,2024Q1
2024-01-26,XLV,0.005291882472046927,-0.0009730948633892191,2,2024Q1
2024-01-26,XLY,0.018613291247708608,-0.0015880096308298797,2,2024Q1
2024-01-29,XLB,-0.02600153626849655,-0.001454479091551737,2,2024Q1
2024-01-29,XLC,0.001096793315254585,0.0002466088171815271,2,2024Q1
2024-01-29,XLE,-0.0123523122853757,0.0026230152083672395,2,2024Q1
2024-01-29,XLF,-0.0026054918883711142,-0.0014662359199103746,2,2024Q1
2024-01-29,XLI,0.004226425427911629,0.00039405177002630853,2,2024Q1
2024-01-29,XLK,-0.0070259241084104085,0.0024356993209145128,2,2024Q1
2024-01-29,XLP,0.006429415709164665,-0.001891183564060074,2,2024Q1
2024-01-29,XLRE,-0.034073121498894854,-0.0019680962760540823,2,2024Q1
2024-01-29,XLU,-0.02517042695330618,0.0005501286954084281,2,2024Q1
2024-01-29,XLV,0.01293818012588921,-0.0005873425435278301,2,2024Q1
2024-01-29,XLY,0.0010112484526358934,-0.0014637676450444774,2,2024Q1
2024-01-30,XLB,-0.016978962947398535,-0.0015683537572581446,2,2024Q1
2024-01-30,XLC,0.0011603236155557362,0.0001559078804445191,2,2024Q1
2024-01-30,XLE,-0.023000571590856,0.0026153022432264957,2,2024Q1
2024-01-30,XLF,-0.016743211154326643,-0.0015428272205445198,2,2024Q1
2024-01-30,XLI,0.009203078032902212,0.00042297756415648645,2,2024Q1
2024-01-30,XLK,-0.007037557700672159,0.0025869257388733257,2,2024Q1
2024-01-30,XLP,-0.0005772920149362815,-0.001986110594003284,2,2024Q1
2024-01-30,XLRE,-0.013844806394905151,-0.002176959307724297,2,2024Q1
2024-01-30,XLU,-0.024969583684163577,0.000513140320597263,2,2024Q1
2024-01-30,XLV,0.017963687371603587,-0.0008617582302592801,2,2024Q1
2024-01-30,XLY,0.003987348788393463,-0.0016525460930250549,2,2024Q1
2024-01-31,XLB,-0.021058203550057497,-0.001752102557647704,2,2024Q1
2024-01-31,XLC,0.006699021300068164,0.0003642379917317302,2,2024Q1
2024-01-31,XLE,-0.027442968175044324,0.002083720260747749,2,2024Q1
2024-01-31,XLF,-0.022231292328587893,-0.0015774188389190932,2,2024Q1
2024-01-31,XLI,0.0026733588195337887,-0.00022404721957305972,2,2024Q1
2024-01-31,XLK,0.0026774634802810837,0.0023250062656120945,2,2024Q1
2024-01-31,XLP,-0.019314061689471806,-0.002968423364135378,2,2024Q1
2024-01-31,XLRE,-0.03230600008655127,-0.002121280493020702,2,2024Q1
2024-01-31,XLU,-0.0474671431675745,-0.00044779667809557116,2,2024Q1
2024-01-31,XLV,-0.003096365767025766,-0.0008417732812375957,2,2024Q1
2024-01-31,XLY,0.00902606631837033,-0.001719439891537548,2,2024Q1
2024-02-01,XLB,-0.026060724523603307,-0.00133478314225077,2,2024Q1
2024-02-01,XLC,0.012925280501834502,0.0005787407998470739,2,2024Q1
2024-02-01,XLE,-0.004134288644309647,0.002528549817588415,2,2024Q1
2024-02-01,XLF,-0.014778694294441674,-0.0013561264978849776,2,2024Q1
2024-02-01,XLI,-0.0015709982784313237,0.0004718616752462626,2,2024Q1
2024-02-01,XLK,0.005886468292629843,0.002333204417066871,2,2024Q1
2024-02-01,XLP,-0.02697489534185682,-0.0017387802690507863,2,2024Q1
2024-02-01,XLRE,-0.0312715479090625,-0.0021746318444139856,2,2024Q1
2024-02-01,XLU,-0.0598435762126579,-0.00043436200598032234,2,2024Q1
2024-02-01,XLV,-0.005140572225039719,-0.0009182181841327131,2,2024Q1
2024-02-01,XLY,0.006728995930372683,-0.0014389777804761441,2,2024Q1
2024-02-02,XLB,-0.013254822215794881,-0.001767089014003604,2,2024Q1
2024-02-02,XLC,-0.021004811099814558,0.0013506342016264983,2,2024Q1
2024-02-02,XLE,-0.016370947162708704,0.002702704713415752,2,2024Q1
2024-02-02,XLF,-0.011291161183456078,-0.0010616953710300225,2,2024Q1
2024-02-02,XLI,-0.002003317536614979,0.0005874885311503564,2,2024Q1
2024-02-02,XLK,0.013833294071104785,0.0023971555692108544,2,2024Q1
2024-02-02,XLP,-0.028148071863807078,-0.0016468585906674461,2,2024Q1
2024-02-02,XLRE,-0.01124629482560402,-0.0022308810890542532,2,2024Q1
2024-02-02,XLU,-0.03369720383840402,0.00024918085426260716,2,2024Q1
2024-02-02,XLV,0.0003697746219724074,-0.0007330620299119753,2,2024Q1
2024-02-02,XLY,0.0006933868162526391,-0.0010861091383027105,2,2024Q1
2024-02-05,XLB,0.01770839948424907,-0.001519749475109601,2,2024Q1
2024-02-05,XLC,-0.006939485848684868,0.0012183763865514497,2,2024Q1
2024-02-05,XLE,-0.0060719216384139685,0.002428669130641805,2,2024Q1
2024-02-05,XLF,-0.003953723381611818,-0.0013345943504611429,2,2024Q1
2024-02-05,XLI,0.0017627592405662362,0.0005308360925033716,2,2024Q1
2024-02-05,XLK,0.000447887134485514,0.00258647482604715,2,2024Q1
2024-02-05,XLP,-0.0182003481228602,-0.0019549185764554805,2,2024Q1
2024-02-05,XLRE,0.0025920435527981844,-0.0023283953356414717,2,2024Q1
2024-02-05,XLU,-0.004492525745381615,7.677125482689646e-05,2,2024Q1
2024-02-05,XLV,-0.004687856504164589,-0.000772602402592006,2,2024Q1
2024-02-05,XLY,0.011085421028675713,-0.0014399849958369295,2,2024Q1
2024-02-06,XLB,0.002345797091926727,-0.0013991450453922014,2,2024Q1
2024-02-06,XLC,-0.0012231058835338038,0.000978347234710668,2,2024Q1
2024-02-06,XLE,-0.0025953543114228816,0.002337648671049994,2,2024Q1
2024-02-06,XLF,-0.0027777657000067624,-0.0013912958585373893,2,2024Q1
2024-02-06,XLI,-0.000719767919878489,0.000478585739891203,2,2024Q1
2024-02-06,XLK,0.004704139449719369,0.002199956981011755,2,2024Q1
2024-02-06,XLP,-0.014279318774986338,-0.0018332282867912558,2,2024Q1
2024-02-06,XLRE,-0.014105900094854351,-0.0022182222511899045,2,2024Q1
2024-02-06,XLU,-0.007980031255950926,0.00025098971486998555,2,2024Q1
2024-02-06,XLV,-0.007981295520387843,-0.0007877771833285972,2,2024Q1
2024-02-06,XLY,0.0014464141440104772,-0.001583277929513964,2,2024Q1
2024-02-07,XLB,1.945759118826551e-05,-0.0015619212503973324,2,2024Q1
2024-02-07,XLC,0.00883046870313331,0.000572794552612406,2,2024Q1
2024-02-07,XLE,-0.0063167199537346175,0.0025181011374043874,2,2024Q1
2024-02-07,XLF,-0.001454833069138961,-0.0015657287031638693,2,2024Q1
2024-02-07,XLI,0.00856390902130455,0.0003458766474143894,2,2024Q1
2024-02-07,XLK,0.0012086350750737385,0.0019517023853783933,2,2024Q1
2024-02-07,XLP,-0.015982198279488213,-0.0019550410709420563,2,2024Q1
2024-02-07,XLRE,-0.007767732607003586,-0.002327477978215327,2,2024Q1
2024-02-07,XLU,-0.003920268277931349,0.000175590599203369,2,2024Q1
2024-02-07,XLV,-0.0028137802641517995,-0.000745109457510654,2,2024Q1
2024-02-07,XLY,6.850321353280009e-05,-0.001389205920639775,2,2024Q1
2024-02-08,XLB,0.013810162996269248,-0.0013853323674032426,2,2024Q1
2024-02-08,XLC,0.006757992641821975,0.0007488520929282194,2,2024Q1
2024-02-08,XLE,0.004532242873343195,0.002039231435286149,2,2024Q1
2024-02-08,XLF,0.01312373135449274,-0.0014639774487025564,2,2024Q1
2024-02-08,XLI,0.009465891204157417,0.00047877222600735907,2,2024Q1
2024-02-08,XLK,-0.010476852311537499,0.0019996441346929184,2,2024Q1
2024-02-08,XLP,-0.01580710292151488,-0.001821289585191061,2,2024Q1
2024-02-08,XLRE,0.004080371494318502,-0.0022168449104471113,2,2024Q1
2024-02-08,XLU,0.01358112892897756,0.00035466345694497845,2,2024Q1
2024-02-08,XLV,-0.0002580583054372365,-0.0007185249047996763,2,2024Q1
2024-02-08,XLY,0.0007684387531807779,-0.0008434922651585211,2,2024Q1
2024-02-09,XLB,0.02778855404234548,-0.0014582883204015097,2,2024Q1
2024-02-09,XLC,0.0005930770571495048,0.0008849442345719275,2,2024Q1
2024-02-09,XLE,0.03049950314899008,0.0026950173042946694,2,2024Q1
2024-02-09,XLF,0.017445602406833682,-0.0014242057428540682,2,2024Q1
2024-02-09,XLI,0.012606623112652704,0.000575433442066202,2,2024Q1
2024-02-09,XLK,-0.021984135687898032,0.001995901440976473,2,2024Q1
2024-02-09,XLP,0.0056971707240607294,-0.0025420661441493122,2,2024Q1
2024-02-09,XLRE,0.001809814217292316,-0.002139909651288628,2,2024Q1
2024-02-09,XLU,0.01930022997071834,0.00014727345336478176,2,2024Q1
2024-02-09,XLV,0.014551686604188152,-0.0006701221548213742,2,2024Q1
2024-02-09,XLY,-0.0015196990258399268,-0.0005957896122250484,2,2024Q1
2024-02-12,XLB,0.022623967286648172,-0.0011292634826519374,2,2024Q1
2024-02-12,XLC,0.0009946307302658441,0.0011940351413053999,2,2024Q1
2024-02-12,XLE,0.01507195250271609,0.0023683472586003822,2,2024Q1
2024-02-12,XLF,0.015046006515970545,-0.0010128548032916616,2,2024Q1
2024-02-12,XLI,0.013034145697383925,0.0008770104278646522,2,2024Q1
2024-02-12,XLK,-0.0194539462858363,0.002294869965918174,2,2024Q1
2024-02-12,XLP,0.014127686618649715,-0.0024641035463008644,2,2024Q1
2024-02-12,XLRE,0.00842348995967912,-0.0027142717184501907,2,2024Q1
2024-02-12,XLU,0.012031821926220099,-0.00037739001908421903,2,2024Q1
2024-02-12,XLV,0.01487286582653069,-0.00030363038670532834,2,2024Q1
2024-02-12,XLY,-0.005039653294841018,-0.0007161525344357711,2,2024Q1
2024-02-13,XLB,0.028039237047886356,-0.001112720254747549,2,2024Q1
2024-02-13,XLC,-0.0007155939607195183,0.001138654707169181,2,2024Q1
2024-02-13,XLE,0.02964484480659757,0.0015294348596519845,2,2024Q1
2024-02-13,XLF,0.017160991457733976,-0.0013747958268775506,2,2024Q1
2024-02-13,XLI,0.012729865849057997,0.0004083001084974556,2,2024Q1
2024-02-13,XLK,-0.023646113203848906,0.002524343598054761,2,2024Q1
2024-02-13,XLP,0.013983499838527536,-0.0023405729034522813,2,2024Q1
2024-02-13,XLRE,0.019735757024247125,-0.0021870773184283795,2,2024Q1
2024-02-13,XLU,0.027687675311174775,-0.00035739557366525065,2,2024Q1
2024-02-13,XLV,0.011794630930567873,-0.0004653184549124556,2,2024Q1
2024-02-13,XLY,0.0076855418573116285,-0.0010422239157787242,2,2024Q1
2024-02-14,XLB,0.020212646412877566,-0.001122150513314545,2,2024Q1
2024-02-14,XLC,-0.013260063315967408,0.0012269154408721405,2,2024Q1
2024-02-14,XLE,0.020864284097416474,0.0008754404737468945,2,2024Q1
2024-02-14,XLF,0.007664221463667298,-0.000958869364538488,2,2024Q1
2024-02-14,XLI,-0.0032327940686538437,0.0010168127025839684,2,2024Q1
2024-02-14,XLK,-0.013567219859105473,0.002618269705586591,2,2024Q1
2024-02-14,XLP,0.007535816534325113,-0.00240055676883472,2,2024Q1
2024-02-14,XLRE,0.00402323478128408,-0.0016631640609836033,2,2024Q1
2024-02-14,XLU,0.00249016715921635,-0.00011880292914475321,2,2024Q1
2024-02-14,XLV,0.003324027189656853,-0.0002213737583506553,2,2024Q1
2024-02-14,XLY,0.005006259710331973,-0.0008287223311527263,2,2024Q1
2024-02-15,XLB,0.013272336895951975,-0.0007577843589021394,2,2024Q1
2024-02-15,XLC,-0.017618271804205055,0.0012485889491569162,2,2024Q1
2024-02-15,XLE,-0.007662199592769259,0.0012892281947530172,2,2024Q1
2024-02-15,XLF,0.0016933937139205213,-0.0007544236197316774,2,2024Q1
2024-02-15,XLI,0.0008309731144904298,0.00105041852283794,2,2024Q1
2024-02-15,XLK,-0.007524650391851795,0.0028106149615750673,2,2024Q1
2024-02-15,XLP,0.010370318971145709,-0.0022931051405482546,2,2024Q1
2024-02-15,XLRE,-0.012407427946108385,-0.001612153975036926,2,2024Q1
2024-02-15,XLU,-0.000866513353675602,-3.60827030921328e-05,2,2024Q1
2024-02-15,XLV,0.00703710662880308,-7.774950282566163e-05,2,2024Q1
2024-02-15,XLY,-0.0049698993985543005,-0.0002879322796622226,2,2024Q1
2024-02-16,XLB,0.00041228145745564326,-0.0011046906154667945,2,2024Q1
2024-02-16,XLC,-0.01791254859781588,0.0011402862395340557,2,2024Q1
2024-02-16,XLE,-0.0049091395766283075,0.00042931014125607565,2,2024Q1
2024-02-16,XLF,-0.0011130110132204774,-0.0009821271209045552,2,2024Q1
2024-02-16,XLI,0.004056855494712908,0.0010343496340905667,2,2024Q1
2024-02-16,XLK,0.0014420569438990949,0.0025737539642116877,2,2024Q1
2024-02-16,XLP,0.0034028325925345992,-0.0026991938612984973,2,2024Q1
2024-02-16,XLRE,-0.014798006609710979,-0.0018286097706573386,2,2024Q1
2024-02-16,XLU,-0.020975326357148272,-0.0009443351175930874,2,2024Q1
2024-02-16,XLV,-0.002809274170956666,-0.00032792949884649777,2,2024Q1
2024-02-16,XLY,0.002835576317589572,-0.0008832003130276149,2,2024Q1
2024-02-20,XLB,-0.001176275044971753,-0.0010707539127591302,2,2024Q1
2024-02-20,XLC,-0.015779018303735848,0.001323073752660877,2,2024Q1
2024-02-20,XLE,-0.007499434880305467,-3.25177571257251e-05,2,2024Q1
2024-02-20,XLF,-0.003013148685262035,-0.001365651857692982,2,2024Q1
2024-02-20,XLI,0.0012849438079645115,0.000692424225242598,2,2024Q1
2024-02-20,XLK,0.005261714482486246,0.002486529079643467,2,2024Q1
2024-02-20,XLP,-0.01453073172768593,-0.0020318538119774104,2,2024Q1
2024-02-20,XLRE,-0.01995033326533102,-0.0014549494315614878,2,2024Q1
2024-02-20,XLU,-0.009032885113841482,-0.001230723183768208,2,2024Q1
2024-02-20,XLV,-0.00937916047812326,-0.0006122865632324946,2,2024Q1
2024-02-20,XLY,0.008400060316185565,-0.0009786002179516917,2,2024Q1
2024-02-21,XLB,-0.001351576432580881,-0.0009919664668599222,2,2024Q1
2024-02-21,XLC,-0.019217566763204186,0.0013101031761024308,2,2024Q1
2024-02-21,XLE,-0.02584222229082045,0.0009649426245313456,2,2024Q1
2024-02-21,XLF,-3.8093490029700305e-05,-0.001359783548478121,2,2024Q1
2024-02-21,XLI,0.002961560639154426,0.0006627783286841822,2,2024Q1
2024-02-21,XLK,0.009151007414345491,0.0021918958063407326,2,2024Q1
2024-02-21,XLP,-0.014837732653697477,-0.0019446783407796617,2,2024Q1
2024-02-21,XLRE,-0.012238380909577184,-0.001546470446096686,2,2024Q1
2024-02-21,XLU,-0.01691124215055506,-0.001968246455449097,2,2024Q1
2024-02-21,XLV,-0.014351444414940184,-0.0005138325584112413,2,2024Q1
2024-02-21,XLY,0.007156697696027781,-0.0009621008950063807,2,2024Q1
2024-02-22,XLB,0.013222295776512683,-0.0005442380873167965,2,2024Q1
2024-02-22,XLC,-0.008149864149864183,0.001458572035145567,2,2024Q1
2024-02-22,XLE,-0.005649964504465754,0.001286737843874093,2,2024Q1
2024-02-22,XLF,0.004842180263626705,-0.0010957117365571142,2,2024Q1
2024-02-22,XLI,0.010647426325660403,0.0008609451904748648,2,2024Q1
2024-02-22,XLK,0.004737494706294809,0.003102670778681404,2,2024Q1
2024-02-22,XLP,-0.002484238765928848,-0.0018504347494507998,2,2024Q1
2024-02-22,XLRE,0.010235472311500127,-0.001968800180176858,2,2024Q1
2024-02-22,XLU,0.008284971205647418,-0.00034203788244443914,2,2024Q1
2024-02-22,XLV,-0.017043917213528492,4.880376370935792e-05,2,2024Q1
2024-02-22,XLY,0.011486872141641236,-0.00019682464181404826,2,2024Q1
2024-02-23,XLB,0.003168508476574461,-0.0002580572418155177,2,2024Q1
2024-02-23,XLC,-0.006082255700405881,0.0012441308654554627,2,2024Q1
2024-02-23,XLE,0.003881888230994779,0.0014541593631942158,2,2024Q1
2024-02-23,XLF,-0.010093565757068101,-0.0013532673172877783,2,2024Q1
2024-02-23,XLI,0.0009680817683741516,0.0006445038628769841,2,2024Q1
2024-02-23,XLK,0.016799806772768155,0.0029428323833543806,2,2024Q1
2024-02-23,XLP,-0.01412464584177664,-0.0015303733803048915,2,2024Q1
2024-02-23,XLRE,0.011332259151161317,-0.0017180282076835372,2,2024Q1
2024-02-23,XLU,-0.013718893551995515,8.730839346780784e-05,2,2024Q1
2024-02-23,XLV,-0.020125421388728415,-6.392983409251332e-05,2,2024Q1
2024-02-23,XLY,0.0107293429067441,-0.00040351651367753684,2,2024Q1
2024-02-26,XLB,0.01406166522236596,-0.0005055616759541074,2,2024Q1
2024-02-26,XLC,-0.007251661248950381,0.0014732389851455307,2,2024Q1
2024-02-26,XLE,-0.013050245125763027,0.0010577389707698821,2,2024Q1
2024-02-26,XLF,-0.00523868198631261,-0.0012942927427277782,2,2024Q1
2024-02-26,XLI,0.0035240662580380278,0.0006349338767319111,2,2024Q1
2024-02-26,XLK,0.01317541465198846,0.0027348551931068413,2,2024Q1
2024-02-26,XLP,-0.011933545257779565,-0.001778993851430566,2,2024Q1
2024-02-26,XLRE,0.03220024420917045,-0.0017478251425007791,2,2024Q1
2024-02-26,XLU,0.02078590094227306,1.2382640772529564e-05,2,2024Q1
2024-02-26,XLV,-0.019132736788125104,-4.752399992019852e-05,2,2024Q1
2024-02-26,XLY,-0.00878624694798047,-0.00047362522088866167,2,2024Q1
2024-02-27,XLB,0.016821853155436495,-0.0003707765497157864,2,2024Q1
2024-02-27,XLC,-0.01147801322159736,0.0012712784697703212,2,2024Q1
2024-02-27,XLE,0.010683922234959065,0.0006775632758088727,2,2024Q1
2024-02-27,XLF,0.00423202800137612,-0.0013996496411143467,2,2024Q1
2024-02-27,XLI,0.005662217063284514,0.0006387168603438236,2,2024Q1
2024-02-27,XLK,-0.000930758941056542,0.0027389871483260103,2,2024Q1
2024-02-27,XLP,0.0023260056216887204,-0.0019478920885466478,2,2024Q1
2024-02-27,XLRE,0.030047164159100692,-0.0016620893746673421,2,2024Q1
2024-02-27,XLU,0.010655647672364044,7.690756413915377e-05,2,2024Q1
2024-02-27,XLV,-0.012146429013701221,-0.0002354323062945018,2,2024Q1
2024-02-27,XLY,-0.012551262845819644,-0.00036961150284446376,2,2024Q1
2024-02-28,XLB,0.01474037115157123,-0.0004858116444350887,2,2024Q1
2024-02-28,XLC,-0.0096905381792598,0.001382323716136913,2,2024Q1
2024-02-28,XLE,0.009438553528212212,0.00048169686178108897,2,2024Q1
2024-02-28,XLF,-0.0006994392544295014,-0.0014604860891214563,2,2024Q1
2024-02-28,XLI,0.0010645283596009136,0.000544464469758762,2,2024Q1
2024-02-28,XLK,0.005368155615967707,0.0026745841692635683,2,2024Q1
2024-02-28,XLP,0.003298075136968004,-0.0021533062143841266,2,2024Q1
2024-02-28,XLRE,0.016302185299839955,-0.0020120148073044016,2,2024Q1
2024-02-28,XLU,0.010825381176128523,-0.0005173860324305484,2,2024Q1
2024-02-28,XLV,-0.006825202529125329,-0.00028306750740889156,2,2024Q1
2024-02-28,XLY,-0.026329188068035858,-0.0004196877658887678,2,2024Q1
2024-02-29,XLB,0.01313596402734829,-2.9801173074128036e-05,2,2024Q1
2024-02-29,XLC,-0.008835663262325877,0.0016305186528406954,2,2024Q1
2024-02-29,XLE,0.006721549255555681,0.0011833141255950621,2,2024Q1
2024-02-29,XLF,-0.00804019440487247,-0.0011436275827570457,2,2024Q1
2024-02-29,XLI,-0.00027073890882012286,0.0007597048820636546,2,2024Q1
2024-02-29,XLK,0.0036639008415768615,0.002723615392697402,2,2024Q1
2024-02-29,XLP,0.004349756292907125,-0.002249744847368883,2,2024Q1
2024-02-29,XLRE,0.0018397103221052813,-0.0016481461046443508,2,2024Q1
2024-02-29,XLU,0.010747613255777111,0.00019505920048539828,2,2024Q1
2024-02-29,XLV,-0.00026431314917085835,-8.246074954697826e-05,2,2024Q1
2024-02-29,XLY,-0.03184580453020547,-0.00023402009393314548,2,2024Q1
2024-03-01,XLB,0.01800601086856335,-0.00023661938004610546,2,2024Q1
2024-03-01,XLC,-0.0031702832798184977,0.0011976873753103752,2,2024Q1
2024-03-01,XLE,0.014023432980122541,0.0016253119984056697,2,2024Q1
2024-03-01,XLF,0.010393991325394536,-0.0013106777138189075,2,2024Q1
2024-03-01,XLI,0.008622069816897282,0.0004373273518715042,2,2024Q1
2024-03-01,XLK,-0.013976167403777162,0.002254867888937807,2,2024Q1
2024-03-01,XLP,0.011604393988280393,-0.0023250027949228377,2,2024Q1
2024-03-01,XLRE,0.018136605475989498,-0.0018021257379620254,2,2024Q1
2024-03-01,XLU,0.03509384641037716,0.0002289302568251187,2,2024Q1
2024-03-01,XLV,0.0028183794560965314,-7.544083794299079e-05,2,2024Q1
2024-03-01,XLY,-0.023253334076950738,-0.0005545040736721922,2,2024Q1
2024-03-04,XLB,0.021855580705612554,-0.00026096320500138654,2,2024Q1
2024-03-04,XLC,0.007942648086402104,0.0010210368080826443,2,2024Q1
2024-03-04,XLE,0.03528182241734423,0.00117762942614715,2,2024Q1
2024-03-04,XLF,0.009418601970626272,-0.0013486838147060778,2,2024Q1
2024-03-04,XLI,-0.00038680791012724036,0.000484806702384209,2,2024Q1
2024-03-04,XLK,-0.01689301783082464,0.002186613293347269,2,2024Q1
2024-03-04,XLP,0.01608119801985486,-0.0024338473984503355,2,2024Q1
2024-03-04,XLRE,0.001490895854941554,-0.001511009693623566,2,2024Q1
2024-03-04,XLU,0.022864188508888827,0.00011714816989724132,2,2024Q1
2024-03-04,XLV,0.0035650696132730753,-0.00021567886727907778,2,2024Q1
2024-03-04,XLY,-0.012801878522084698,-0.0006506592004041124,2,2024Q1
2024-03-05,XLB,0.006261868963701067,-0.00044622688471826873,2,2024Q1
2024-03-05,XLC,0.004179175096174381,0.0010622013284585236,2,2024Q1
2024-03-05,XLE,0.0051362878120280175,0.0018105805396877645,2,2024Q1
2024-03-05,XLF,-0.007542052560869372,-0.0011245649709547198,2,2024Q1
2024-03-05,XLI,-0.008594196465736115,0.000588595147124642,2,2024Q1
2024-03-05,XLK,0.007533526891228881,0.002436579746444802,2,2024Q1
2024-03-05,XLP,-0.0020607212952128418,-0.002177656575594261,2,2024Q1
2024-03-05,XLRE,-0.00904977172184318,-0.002057608646481702,2,2024Q1
2024-03-05,XLU,-0.005025985997357818,-0.00010985872609106683,2,2024Q1
2024-03-05,XLV,-0.005137940881687841,-0.0003357340274014788,2,2024Q1
2024-03-05,XLY,-0.012714598941721,-0.0015503890872170015,2,2024Q1
2024-03-06,XLB,0.015506883622481427,-0.00043950354262399126,2,2024Q1
2024-03-06,XLC,0.011255359850583124,0.0013116741175091791,2,2024Q1
2024-03-06,XLE,0.024988022811376354,0.0017297989430635151,2,2024Q1
2024-03-06,XLF,0.0013414023681763698,-0.00122084910153882,2,2024Q1
2024-03-06,XLI,-0.004388917305083284,0.0005658018001708624,2,2024Q1
2024-03-06,XLK,-0.004818246310738239,0.0026503756244939227,2,2024Q1
2024-03-06,XLP,-0.001316622424516689,-0.0017438636594884148,2,2024Q1
2024-03-06,XLRE,-0.014217173183377785,-0.0019695290558059317,2,2024Q1
2024-03-06,XLU,-0.001122604309351738,-0.0006051954913069356,2,2024Q1
2024-03-06,XLV,-0.009188773981998466,-0.0002060336511321907,2,2024Q1
2024-03-06,XLY,-0.004518745986584083,-0.0014122264652616419,2,2024Q1
2024-03-07,XLB,0.009631248512310897,-0.0003424735916967435,2,2024Q1
2024-03-07,XLC,0.00449533640564348,0.0014023056370128068,2,2024Q1
2024-03-07,XLE,0.03876743584372999,0.0016503312214760848,2,2024Q1
2024-03-07,XLF,0.006633110497639372,-0.0011772072535932148,2,2024Q1
2024-03-07,XLI,-0.004759176775331997,0.0006049882791219589,2,2024Q1
2024-03-07,XLK,-0.008348721880329646,0.0025124018415426316,2,2024Q1
2024-03-07,XLP,-0.002911860512117004,-0.00169928288415344,2,2024Q1
2024-03-07,XLRE,-0.01639285179042127,-0.001986166925071179,2,2024Q1
2024-03-07,XLU,-0.003731608458512725,-0.000522250989388708,2,2024Q1
2024-03-07,XLV,-0.005452585752876549,-0.0001366336886920332,2,2024Q1
2024-03-07,XLY,-0.006570983557211196,-0.0012645117417456257,2,2024Q1
2024-03-08,XLB,0.019921741705153262,-0.00044566827740496616,2,2024Q1
2024-03-08,XLC,-7.589166109223111e-05,0.0013685017585468528,2,2024Q1
2024-03-08,XLE,0.04214187794676649,0.0018028343107498628,2,2024Q1
2024-03-08,XLF,0.00787855656999159,-0.0015051206102308435,2,2024Q1
2024-03-08,XLI,0.0015675062232202164,0.00036777680541382905,2,2024Q1
2024-03-08,XLK,-0.004601727030345004,0.0029487451706569925,2,2024Q1
2024-03-08,XLP,0.00861625738563554,-0.0022904967602758956,2,2024Q1
2024-03-08,XLRE,-0.024437019513779523,-0.0019361134510261912,2,2024Q1
2024-03-08,XLU,-0.0008555935154488381,-0.001070787427414931,2,2024Q1
2024-03-08,XLV,-0.0036138196905736164,-0.0004376458278663728,2,2024Q1
2024-03-08,XLY,-0.008840543182742855,-0.0015923364417800416,2,2024Q1
2024-03-11,XLB,8.433035361354868e-06,-0.0006661279011347205,2,2024Q1
2024-03-11,XLC,0.012770743979567012,0.0011429600402747897,2,2024Q1
2024-03-11,XLE,0.02003499743584447,0.0021160102605606006,2,2024Q1
2024-03-11,XLF,0.0013334081138844933,-0.0015942088508956915,2,2024Q1
2024-03-11,XLI,-0.0013643031006314033,0.00022467234430146405,2,2024Q1
2024-03-11,XLK,-0.005411590880752715,0.0027678343540815994,2,2024Q1
2024-03-11,XLP,-0.004545887286456773,-0.001881418412808247,2,2024Q1
2024-03-11,XLRE,-0.03311280009843098,-0.0022186820438296804,2,2024Q1
2024-03-11,XLU,-0.016200943426154635,-0.00189631112105249,2,2024Q1
2024-03-11,XLV,-0.013544673371339244,-0.00048180742169903464,2,2024Q1
2024-03-11,XLY,-0.0075391765485474105,-0.0018929194244830102,2,2024Q1
2024-03-12,XLB,0.005390934151374038,-0.0003828274088555081,2,2024Q1
2024-03-12,XLC,0.00868394006838491,0.0009883473820763793,2,2024Q1
2024-03-12,XLE,0.03849956685912215,0.0020895341277636812,2,2024Q1
2024-03-12,XLF,0.007210014298980605,-0.0015633402008769207,2,2024Q1
2024-03-12,XLI,0.007962011805499492,0.00029007238651500457,2,2024Q1
2024-03-12,XLK,-0.015226425114031938,0.002154546981287789,2,2024Q1
2024-03-12,XLP,-0.000825747625333717,-0.0011225673859063343,2,2024Q1
2024-03-12,XLRE,-0.02551915285108508,-0.002211149751433157,2,2024Q1
2024-03-12,XLU,0.007429063604167396,0.0003946037894431316,2,2024Q1
2024-03-12,XLV,-0.006431152761833703,-0.0003357409557262797,2,2024Q1
2024-03-12,XLY,-0.0023403592366894044,-0.001387559316098948,2,2024Q1
2024-03-13,XLB,-0.005233584595184526,-0.0004017850829258204,2,2024Q1
2024-03-13,XLC,0.007950761207220713,0.000673007716363648,2,2024Q1
2024-03-13,XLE,0.009962147649493547,0.002008124503435648,2,2024Q1
2024-03-13,XLF,0.0009773547188514087,-0.0016979900792108485,2,2024Q1
2024-03-13,XLI,0.006519504895156736,0.00028152235640215473,2,2024Q1
2024-03-13,XLK,-0.004189702043491561,0.0018637007229123472,2,2024Q1
2024-03-13,XLP,-0.01110457400986753,-0.0010814266923392082,2,2024Q1
2024-03-13,XLRE,-0.02615626500869639,-0.0007785494709661204,2,2024Q1
2024-03-13,XLU,-0.008897361783726243,-0.0001089606626410828,2,2024Q1
2024-03-13,XLV,-0.01563689910581323,-0.0004225392514489149,2,2024Q1
2024-03-13,XLY,0.0038013111347863227,-0.0014119549442824348,2,2024Q1
2024-03-14,XLB,-0.0010777146313332153,-0.00024482162719170964,2,2024Q1
2024-03-14,XLC,0.005399050352264734,0.0013375305845673559,2,2024Q1
2024-03-14,XLE,0.00027083722813414646,0.0021997424853851906,2,2024Q1
2024-03-14,XLF,0.01212718411630398,-0.0015252463276491453,2,2024Q1
2024-03-14,XLI,0.015588230861349972,0.00037517564611062794,2,2024Q1
2024-03-14,XLK,-0.009001922133533569,0.002339563643561885,2,2024Q1
2024-03-14,XLP,-0.008123504772161505,-0.0017688582336874079,2,2024Q1
2024-03-14,XLRE,-0.0135670040295921,-0.00032698820058516334,2,2024Q1
2024-03-14,XLU,-0.007766901719998387,-0.0008288334183523521,2,2024Q1
2024-03-14,XLV,-0.016134676103512824,-0.0005444376964096027,2,2024Q1
2024-03-14,XLY,0.010887600210987003,-0.0013797786773341026,2,2024Q1
2024-03-15,XLB,-0.01604363283917487,-0.0005868586678286385,2,2024Q1
2024-03-15,XLC,0.009587019264322816,0.0010679236486486256,2,2024Q1
2024-03-15,XLE,-0.013146853952217041,0.0018224667706497133,2,2024Q1
2024-03-15,XLF,-0.006876203878332099,-0.0018606901634793094,2,2024Q1
2024-03-15,XLI,0.0036539242555595486,1.9848339770072907e-05,2,2024Q1
2024-03-15,XLK,-0.0015070823307021808,0.002074784403669681,2,2024Q1
2024-03-15,XLP,-0.0208647909284716,-0.0015063079752191584,2,2024Q1
2024-03-15,XLRE,-0.033079362600134,-0.0021488698001029126,2,2024Q1
2024-03-15,XLU,-0.016017982771353134,-0.0017882702524078847,2,2024Q1
2024-03-15,XLV,-0.021770808146296394,-0.0012646822791683432,2,2024Q1
2024-03-15,XLY,0.003907421596605731,-0.001563552626689954,2,2024Q1
2024-03-18,XLB,-0.005088643478953436,-0.00035807800503481356,2,2024Q1
2024-03-18,XLC,-0.003064540610298483,0.0006867012235865238,2,2024Q1
2024-03-18,XLE,0.0097874547267498,0.0019364884683119622,2,2024Q1
2024-03-18,XLF,-0.003931010867338047,-0.0015618352824105894,2,2024Q1
2024-03-18,XLI,0.007202612284315402,0.00028293552521218803,2,2024Q1
2024-03-18,XLK,-0.002712434913718642,0.0022982472037496255,2,2024Q1
2024-03-18,XLP,-0.013871024165435397,-0.001463895845966404,2,2024Q1
2024-03-18,XLRE,-0.021211404250889965,-0.00140904597915712,2,2024Q1
2024-03-18,XLU,0.0012347455856684952,-0.0017004411947937456,2,2024Q1
2024-03-18,XLV,-0.01057331063066469,-0.0011868625160750465,2,2024Q1
2024-03-18,XLY,0.003843038406230459,-0.0013854486788005649,2,2024Q1
2024-03-19,XLB,0.0014902486435492968,-0.0003569540466798124,2,2024Q1
2024-03-19,XLC,0.002666197096764966,0.000778569864116824,2,2024Q1
2024-03-19,XLE,-0.002105727812979463,0.002129999865532099,2,2024Q1
2024-03-19,XLF,0.0020239318027150954,-0.0016199107874293604,2,2024Q1
2024-03-19,XLI,0.0022862747408503026,0.00032310374478320233,2,2024Q1
2024-03-19,XLK,-0.004612663777262771,0.002462096415204747,2,2024Q1
2024-03-19,XLP,-0.009575957326274143,-0.0012962117026292944,2,2024Q1
2024-03-19,XLRE,-0.017875974237909875,-0.0004691984084926725,2,2024Q1
2024-03-19,XLU,-0.011654648079158503,-0.001325316438748855,2,2024Q1
2024-03-19,XLV,-0.006079726801697993,-0.0009638031624415083,2,2024Q1
2024-03-19,XLY,0.003846542638226591,-0.0012696025645951973,2,2024Q1
2024-03-20,XLB,0.006627237726724022,-0.00044200161898474613,2,2024Q1
2024-03-20,XLC,-0.0030854833413718197,0.0008230835150227031,2,2024Q1
2024-03-20,XLE,0.009497636243684937,0.002074254652588551,2,2024Q1
2024-03-20,XLF,0.002772021058816909,-0.0016264987454039238,2,2024Q1
2024-03-20,XLI,0.007129740601893753,0.00019491192413140392,2,2024Q1
2024-03-20,XLK,-0.009794182472487867,0.0025370549508484186,2,2024Q1
2024-03-20,XLP,-0.0013510098777400614,-0.0011364698376282456,2,2024Q1
2024-03-20,XLRE,0.0038221895827117436,-0.0003822506643735937,2,2024Q1
2024-03-20,XLU,0.01565524165262122,-0.0011703677657526304,2,2024Q1
2024-03-20,XLV,0.010369679383137376,-0.00048726704115960827,2,2024Q1
2024-03-20,XLY,0.001379767596052961,-0.0006873542502877871,2,2024Q1
2024-03-21,XLB,0.008666797414296212,-0.0005508038595030616,2,2024Q1
2024-03-21,XLC,-0.0015435543673512075,0.0006870226559506468,2,2024Q1
2024-03-21,XLE,0.01788040794346557,0.0020318459914056364,2,2024Q1
2024-03-21,XLF,0.0035845683170794285,-0.001238363360450614,2,2024Q1
2024-03-21,XLI,0.0008809312253852397,8.898670512855103e-05,2,2024Q1
2024-03-21,XLK,-0.009147919306176089,0.0023899119120286867,2,2024Q1
2024-03-21,XLP,0.0029386289403048327,-0.0012218898784388617,2,2024Q1
2024-03-21,XLRE,0.00984881300944318,-0.0006752533501977608,2,2024Q1
2024-03-21,XLU,0.02781491881220255,-0.0013214086915770667,2,2024Q1
2024-03-21,XLV,0.012684424830573748,-0.0006067906077220117,2,2024Q1
2024-03-21,XLY,-0.004053051615108716,-0.000691171714160885,2,2024Q1
2024-03-22,XLB,0.012405182889344335,-0.0006026456427457204,2,2024Q1
2024-03-22,XLC,0.003921634956464581,0.0005354977672268481,2,2024Q1
2024-03-22,XLE,0.027506322492508506,0.002001838647838262,2,2024Q1
2024-03-22,XLF,0.00952449344114803,-0.0012299176333991626,2,2024Q1
2024-03-22,XLI,-0.003579729995588421,-2.74670392476444e-05,2,2024Q1
2024-03-22,XLK,-0.006872465076932066,0.0021851678693621686,2,2024Q1
2024-03-22,XLP,-0.00036842482962096135,-0.0017479029125403583,2,2024Q1
2024-03-22,XLRE,0.0038738484586882116,5.524074573843652e-05,2,2024Q1
2024-03-22,XLU,0.01994368208458175,-0.0014380428538683968,2,2024Q1
2024-03-22,XLV,0.005259276359323994,-0.0007653986209011704,2,2024Q1
2024-03-22,XLY,-0.002917252764691791,-0.00111337847446914,2,2024Q1
2024-03-25,XLB,0.011964307643394845,-0.0005302705659265292,2,2024Q1
2024-03-25,XLC,0.009392883058986001,0.0006151285988506702,2,2024Q1
2024-03-25,XLE,0.03588747296882322,0.0021444627576832818,2,2024Q1
2024-03-25,XLF,0.01172623791213967,-0.0011298903540350928,2,2024Q1
2024-03-25,XLI,0.0018696387908896384,4.9712831350120514e-05,2,2024Q1
2024-03-25,XLK,-0.006267528185313065,0.002237362270499425,2,2024Q1
2024-03-25,XLP,0.0008612402117679219,-0.0008363335898862217,2,2024Q1
2024-03-25,XLRE,0.00022959606331229843,-1.5070462360726802e-05,2,2024Q1
2024-03-25,XLU,0.02049249483406168,-0.0007407200642731893,2,2024Q1
2024-03-25,XLV,-0.005440160445942865,-0.0006240816316277116,2,2024Q1
2024-03-25,XLY,-0.010784874010464462,-0.0013357738805631837,2,2024Q1
2024-03-26,XLB,0.015814929571674963,-0.0006061537612974427,2,2024Q1
2024-03-26,XLC,0.016540447161133454,0.000603314787045804,2,2024Q1
2024-03-26,XLE,0.04811949601860843,0.0019672879475763653,2,2024Q1
2024-03-26,XLF,0.0048821545999870875,-0.0010830883606867607,2,2024Q1
2024-03-26,XLI,0.007718053444970785,-9.239076366716209e-05,2,2024Q1
2024-03-26,XLK,-0.0024566949966920992,0.002088327885429095,2,2024Q1
2024-03-26,XLP,-0.013611772986813597,-0.0008183345439169762,2,2024Q1
2024-03-26,XLRE,0.0019758486822072374,-0.00010813348337882075,2,2024Q1
2024-03-26,XLU,0.025171743107535782,-0.0014900667199954803,2,2024Q1
2024-03-26,XLV,-0.013093105214710188,-0.000671963763318199,2,2024Q1
2024-03-26,XLY,-0.01426315575370174,-0.0015620967893232693,2,2024Q1
2024-03-27,XLB,0.011749257045109762,-0.0004208936250071696,2,2024Q1
2024-03-27,XLC,0.01808274495097073,0.0006358844504752969,2,2024Q1
2024-03-27,XLE,0.058277551046803655,0.002196558721857827,2,2024Q1
2024-03-27,XLF,0.002356235763531278,-0.0009531783564215119,2,2024Q1
2024-03-27,XLI,0.0035042131431283208,0.00020714596638009568,2,2024Q1
2024-03-27,XLK,-0.0027816182100022235,0.0024438582426030346,2,2024Q1
2024-03-27,XLP,-0.0075763321242035,-0.00022729840353461037,2,2024Q1
2024-03-27,XLRE,-0.009971597437476554,-0.00042630364814710874,2,2024Q1
2024-03-27,XLU,0.015777780943941,-0.00035114187463593314,2,2024Q1
2024-03-27,XLV,-0.019689940378680548,-0.00030937991403275674,2,2024Q1
2024-03-27,XLY,-0.016528938919510572,-0.000601755888684672,2,2024Q1
2024-03-28,XLB,0.007578855065742407,-0.00030601321254624764,2,2024Q1
2024-03-28,XLC,0.019402177598586978,0.0006312953575138381,2,2024Q1
2024-03-28,XLE,0.047743706383139295,0.002354938822633196,2,2024Q1
2024-03-28,XLF,-0.00418722408290384,-0.0007757324829995244,2,2024Q1
2024-03-28,XLI,0.0065683874454397495,0.00019961219354491528,2,2024Q1
2024-03-28,XLK,0.00013204909010067212,0.002097026786333246,2,2024Q1
2024-03-28,XLP,-0.01771389362493936,-0.0006651287710836348,2,2024Q1
2024-03-28,XLRE,-0.020221123348947545,-0.00016716714601917567,2,2024Q1
2024-03-28,XLU,0.0014068823362848315,-0.00015043007464689815,2,2024Q1
2024-03-28,XLV,-0.021657961521375224,-0.00037534587912293934,2,2024Q1
2024-03-28,XLY,-0.018591364073898275,-0.0007589664407094548,2,2024Q1
2024-04-01,XLB,0.00842248538410939,6.540841679194534e-05,3,2024Q2
2024-04-01,XLC,0.009504533762864198,0.00045740285152958023,3,2024Q2
2024-04-01,XLE,0.0312962515708185,0.003613275277294511,3,2024Q2
2024-04-01,XLF,0.0032459325812023154,-0.0018245447281142165,3,2024Q2
2024-04-01,XLI,0.010268313421562092,9.648905488377749e-05,3,2024Q2
2024-04-01,XLK,-0.006052632187052764,0.001277541013241006,3,2024Q2
2024-04-01,XLP,-0.013610000803972011,-0.0013976159395204055,3,2024Q2
2024-04-01,XLRE,0.0032409541164427624,-0.0014177549939136049,3,2024Q2
2024-04-01,XLU,0.011798746967356943,-0.00041010545989170004,3,2024Q2
2024-04-01,XLV,-0.018741399995642394,-0.00119176990458566,3,2024Q2
2024-04-01,XLY,-0.004260107234733468,-0.0012846099297608858,3,2024Q2
2024-04-02,XLB,0.006981281916053739,-0.0005683730539093821,3,2024Q2
2024-04-02,XLC,0.004673690849717582,0.0008856070444707195,3,2024Q2
2024-04-02,XLE,0.009962457808362357,0.0032560127691194114,3,2024Q2
2024-04-02,XLF,-0.004764833523055234,-0.0016092037899560338,3,2024Q2
2024-04-02,XLI,0.005103313605835158,-0.00020789854388434672,3,2024Q2
2024-04-02,XLK,0.0010570677718340082,0.0016860954563640523,3,2024Q2
2024-04-02,XLP,-0.011275459169818758,-0.0013984879619908565,3,2024Q2
2024-04-02,XLRE,0.019642419832630598,-0.0016135947836247737,3,2024Q2
2024-04-02,XLU,0.008101787086096657,-0.000897523336704137,3,2024Q2
2024-04-02,XLV,-0.007305610911394589,-0.0017454893101677693,3,2024Q2
2024-04-02,XLY,0.007749718891131074,-0.0017151162755400097,3,2024Q2
2024-04-03,XLB,-0.0034889247143379265,-0.00030386303869426267,3,2024Q2
2024-04-03,XLC,4.0930112475634495e-05,0.0006785431822065239,3,2024Q2
2024-04-03,XLE,0.017290708773963215,0.003128230940798611,3,2024Q2
2024-04-03,XLF,-0.008062666355697301,-0.0017771211377161466,3,2024Q2
2024-04-03,XLI,0.0025077033355618283,-2.5040066893444604e-06,3,2024Q2
2024-04-03,XLK,-0.0027378805756250735,0.001235006956107186,3,2024Q2
2024-04-03,XLP,0.007232801086613061,-0.001061475620001868,3,2024Q2
2024-04-03,XLRE,-0.011673290933397196,-0.0016246295614991617,3,2024Q2
2024-04-03,XLU,0.005883557295053299,-0.0009096372141261656,3,2024Q2
2024-04-03,XLV,-0.006756282523264101,-0.0014082502736614266,3,2024Q2
2024-04-03,XLY,0.002571829718793772,-0.0016802538985285112,3,2024Q2
2024-04-04,XLB,-0.013959488782668394,-0.000901806398847353,3,2024Q2
2024-04-04,XLC,0.0026325751097193706,0.0008328855701883581,3,2024Q2
2024-04-04,XLE,-0.0026014056857135426,0.0024240403181706306,3,2024Q2
2024-04-04,XLF,-0.023693332348741825,-0.001954832122158386,3,2024Q2
2024-04-04,XLI,-0.007349849913184547,-0.00033005460321351005,3,2024Q2
2024-04-04,XLK,0.013368980778465822,0.0015963170826330969,3,2024Q2
2024-04-04,XLP,-0.01068684713643031,-0.001399127660137119,3,2024Q2
2024-04-04,XLRE,-0.02272185966263829,-0.00226967062365006,3,2024Q2
2024-04-04,XLU,-0.013918506697899735,-0.0018350208326639347,3,2024Q2
2024-04-04,XLV,-0.01623087532410017,-0.001991936736652114,3,2024Q2
2024-04-04,XLY,0.002648695075856411,-0.0018704662242632942,3,2024Q2
2024-04-05,XLB,-0.016100070845361025,-0.0007572617105961312,3,2024Q2
2024-04-05,XLC,0.00020032096795752352,0.000996458762238856,3,2024Q2
2024-04-05,XLE,-0.005260661746994577,0.0023655884510608025,3,2024Q2
2024-04-05,XLF,-0.021703204858105285,-0.0018167149300708444,3,2024Q2
2024-04-05,XLI,-0.00742078820003822,-0.0001236974851015957,3,2024Q2
2024-04-05,XLK,0.00963196597630267,0.0014623759714090805,3,2024Q2
2024-04-05,XLP,0.0018402252634251992,-0.0012040053877250573,3,2024Q2
2024-04-05,XLRE,-0.015081902843371742,-0.00241876544768341,3,2024Q2
2024-04-05,XLU,-0.00011189755554996683,-0.0015071824422632845,3,2024Q2
2024-04-05,XLV,-0.01547249489796887,-0.001994570854726303,3,2024Q2
2024-04-05,XLY,0.004947616324156856,-0.0019140488916938848,3,2024Q2
2024-04-08,XLB,-0.008573559985657897,-0.00031229428967800615,3,2024Q2
2024-04-08,XLC,0.0004895472739691042,0.0010605997767344588,3,2024Q2
2024-04-08,XLE,0.0046288426527318904,0.002955632943023326,3,2024Q2
2024-04-08,XLF,-0.017759436401718398,-0.0014249368080425698,3,2024Q2
2024-04-08,XLI,0.00016845432937417915,6.188889997786595e-05,3,2024Q2
2024-04-08,XLK,0.00476621981700176,0.0016243171487718383,3,2024Q2
2024-04-08,XLP,0.01215028336650592,-0.00106617933392212,3,2024Q2
2024-04-08,XLRE,-0.027256185605454952,-0.002321215359094529,3,2024Q2
2024-04-08,XLU,-0.002677503910548884,-0.0011467818336281187,3,2024Q2
2024-04-08,XLV,-0.0014196475009544685,-0.0016386171815115976,3,2024Q2
2024-04-08,XLY,-0.00782840448084754,-0.0017099811434869285,3,2024Q2
2024-04-09,XLB,-0.015371772927479932,-3.650198168062138e-05,3,2024Q2
2024-04-09,XLC,-0.0009431966159944016,0.0010309129634250443,3,2024Q2
2024-04-09,XLE,-0.0012904133289585173,0.0031599758212988915,3,2024Q2
2024-04-09,XLF,-0.015848769529480777,-0.0016315003506005973,3,2024Q2
2024-04-09,XLI,0.003080121220544574,0.0003330483880835123,3,2024Q2
2024-04-09,XLK,0.003915398507113421,0.0013875233925216088,3,2024Q2
2024-04-09,XLP,0.01069476707240602,-0.0005421858471157971,3,2024Q2
2024-04-09,XLRE,-0.050462201748911695,-0.002419829816448699,3,2024Q2
2024-04-09,XLU,-0.017813202042888276,-0.000902868375185374,3,2024Q2
2024-04-09,XLV,-0.001632266689803985,-0.0012587151794357081,3,2024Q2
2024-04-09,XLY,-0.014911575687803102,-0.0017376803911533494,3,2024Q2
2024-04-10,XLB,-0.00209572343964215,-0.0006585855495338754,3,2024Q2
2024-04-10,XLC,0.0018734497626006208,0.0008890188603554784,3,2024Q2
2024-04-10,XLE,-0.011032523746397516,0.0029265662911180145,3,2024Q2
2024-04-10,XLF,-0.0029524125704057935,-0.0015260170863513624,3,2024Q2
2024-04-10,XLI,0.0023797880954895545,0.00018213434783722737,3,2024Q2
2024-04-10,XLK,-0.0022312449311138183,0.0016527201233032035,3,2024Q2
2024-04-10,XLP,0.013879476761558207,-0.0006592367959333105,3,2024Q2
2024-04-10,XLRE,-0.02308662896902436,-0.000813935087521052,3,2024Q2
2024-04-10,XLU,0.014978386484169048,-0.0016509180915844184,3,2024Q2
2024-04-10,XLV,0.004147282191686363,-0.001559855340577605,3,2024Q2
2024-04-10,XLY,-0.008657738512179103,-0.0018344811807880054,3,2024Q2
2024-04-11,XLB,0.008255968443864448,-0.0007157621426796827,3,2024Q2
2024-04-11,XLC,0.007377211532490269,0.0008371536093571795,3,2024Q2
2024-04-11,XLE,-0.004029604717283641,0.002974028925590722,3,2024Q2
2024-04-11,XLF,0.01671015843429635,-0.0017169445486940752,3,2024Q2
2024-04-11,XLI,0.007180143195598454,-7.8998713634986e-05,3,2024Q2
2024-04-11,XLK,-0.022849228538883604,0.0010719647398229276,3,2024Q2
2024-04-11,XLP,0.030144851447967747,-0.0006601299551723034,3,2024Q2
2024-04-11,XLRE,-0.014550207927832126,-0.0008944675875040393,3,2024Q2
2024-04-11,XLU,0.031811090732098646,-0.0018591276203099882,3,2024Q2
2024-04-11,XLV,0.01737910096466244,-0.0016536143902902193,3,2024Q2
2024-04-11,XLY,-0.013038427529345697,-0.0017790944017976036,3,2024Q2
2024-04-12,XLB,0.020037360104243174,-0.001774607412308441,3,2024Q2
2024-04-12,XLC,0.007843726942391771,0.0006318985479041028,3,2024Q2
2024-04-12,XLE,0.018646524073704818,0.0021079317605454946,3,2024Q2
2024-04-12,XLF,0.03870153466091364,-0.0016807875785503517,3,2024Q2
2024-04-12,XLI,0.01094134418990722,-0.0007994642834245239,3,2024Q2
2024-04-12,XLK,-0.032035972164234705,0.0013103609133930164,3,2024Q2
2024-04-12,XLP,0.0451588696450822,-0.001149204007283792,3,2024Q2
2024-04-12,XLRE,-0.00580635441846411,-0.0017924884992214566,3,2024Q2
2024-04-12,XLU,0.04987239519254616,-0.0025518073247197464,3,2024Q2
2024-04-12,XLV,0.031001472918525952,-0.0017173580216207913,3,2024Q2
2024-04-12,XLY,-0.010786116308569849,-0.0019437502139455537,3,2024Q2
2024-04-15,XLB,0.004459798241510438,-0.0018609591841000834,3,2024Q2
2024-04-15,XLC,0.0004101726267600192,0.000698635349791074,3,2024Q2
2024-04-15,XLE,0.013156870043736668,0.0016321517472171632,3,2024Q2
2024-04-15,XLF,0.03471523411531996,-0.0017767645523241375,3,2024Q2
2024-04-15,XLI,0.0041315069199969745,-0.0013939577397813442,3,2024Q2
2024-04-15,XLK,-0.0266992750231555,0.0013058998840233544,3,2024Q2
2024-04-15,XLP,0.03770167186913331,-0.0013820799653237335,3,2024Q2
2024-04-15,XLRE,-0.0021019973344098553,-0.002109707965196059,3,2024Q2
2024-04-15,XLU,0.047420881368522516,-0.002958996930511778,3,2024Q2
2024-04-15,XLV,0.015507977700049191,-0.0018991067378652288,3,2024Q2
2024-04-15,XLY,-0.011581191292763249,-0.001976400198432136,3,2024Q2
2024-04-16,XLB,-0.010066131311141535,-0.0020179912411157808,3,2024Q2
2024-04-16,XLC,0.005286163380151088,0.0008055794096551191,3,2024Q2
2024-04-16,XLE,0.014010063527765126,0.0011952655650178466,3,2024Q2
2024-04-16,XLF,0.03468843634062235,-0.0017053961494214848,3,2024Q2
2024-04-16,XLI,0.0067146465095573316,-0.0012152909483889086,3,2024Q2
2024-04-16,XLK,-0.027158332552827402,0.0014175319182492731,3,2024Q2
2024-04-16,XLP,0.026565268245986262,-0.0016890728281207003,3,2024Q2
2024-04-16,XLRE,0.00883440952944925,-0.0018920103938697636,3,2024Q2
2024-04-16,XLU,0.05266402755570687,-0.004029579172215242,3,2024Q2
2024-04-16,XLV,0.01468213873565749,-0.0022890632614809853,3,2024Q2
2024-04-16,XLY,-0.007848318996314774,-0.002093631382781606,3,2024Q2
2024-04-17,XLB,-0.017125050085355586,-0.0018844342045772084,3,2024Q2
2024-04-17,XLC,0.0012961830030988608,0.0009179818315864059,3,2024Q2
2024-04-17,XLE,0.012175307894344956,0.001508638318499271,3,2024Q2
2024-04-17,XLF,0.02631990675714002,-0.0016773411663558021,3,2024Q2
2024-04-17,XLI,-0.001617502392154302,-0.0009875749361478118,3,2024Q2
2024-04-17,XLK,-0.013833031088483105,0.0015583321748490505,3,2024Q2
2024-04-17,XLP,0.025041293497839234,-0.0017444693666746546,3,2024Q2
2024-04-17,XLRE,0.015759473982481564,-0.001644901978560055,3,2024Q2
2024-04-17,XLU,0.03180129198705384,-0.002905063765619864,3,2024Q2
2024-04-17,XLV,0.007771177217917868,-0.0025682879662716346,3,2024Q2
2024-04-17,XLY,0.0010839257690444803,-0.002134884120916095,3,2024Q2
2024-04-18,XLB,-0.008621559860444772,-0.0021243953110260732,3,2024Q2
2024-04-18,XLC,-0.037692495934865344,0.0006433794384891235,3,2024Q2
2024-04-18,XLE,0.021783828075975897,0.0009103313257055384,3,2024Q2
2024-04-18,XLF,0.018414408939787963,-0.0020219223286769153,3,2024Q2
2024-04-18,XLI,0.006718042659257684,-0.0013563339728312807,3,2024Q2
2024-04-18,XLK,-0.0027589024888046154,0.0015848842602053921,3,2024Q2
2024-04-18,XLP,0.019588995343288618,-0.0019126522322254688,3,2024Q2
2024-04-18,XLRE,0.011358469883746336,-0.0016485599950588736,3,2024Q2
2024-04-18,XLU,0.03053778306255328,-0.003080297895895294,3,2024Q2
2024-04-18,XLV,0.0028159330869936827,-0.0027888676536228286,3,2024Q2
2024-04-18,XLY,0.010036721554221861,-0.0022647148586711274,3,2024Q2
2024-04-19,XLB,-0.020161130970818952,-0.0021248868332360694,3,2024Q2
2024-04-19,XLC,-0.018402741532878908,0.0006861132663653116,3,2024Q2
2024-04-19,XLE,-0.018348271476378075,0.0005361684196970892,3,2024Q2
2024-04-19,XLF,-0.015559611591968503,-0.00173996640254696,3,2024Q2
2024-04-19,XLI,-0.00827729529842558,-0.0012336171689935659,3,2024Q2
2024-04-19,XLK,0.011460073909145496,0.0017585505774482455,3,2024Q2
2024-04-19,XLP,-0.011007411496103181,-0.0016574529034741091,3,2024Q2
2024-04-19,XLRE,-0.01029110057373206,-0.0019465305405811616,3,2024Q2
2024-04-19,XLU,-0.01484062808839326,-0.003055037306306297,3,2024Q2
2024-04-19,XLV,-0.0191872932723558,-0.0026836382616255866,3,2024Q2
2024-04-19,XLY,0.009771520457519944,-0.0021705153566868992,3,2024Q2
2024-04-22,XLB,-0.006991418844187747,-0.0017368513451656215,3,2024Q2
2024-04-22,XLC,-0.025717975828715822,0.0006521851163405293,3,2024Q2
2024-04-22,XLE,-0.012322511025674387,0.0010625139870806286,3,2024Q2
2024-04-22,XLF,-0.023383048018022934,-0.0016414546817542846,3,2024Q2
2024-04-22,XLI,-0.003390549226597983,-0.0011789668912118964,3,2024Q2
2024-04-22,XLK,0.012461565864271273,0.002190496928964207,3,2024Q2
2024-04-22,XLP,-0.011643017761270524,-0.0015877744803165816,3,2024Q2
2024-04-22,XLRE,-0.0013385322709111858,-0.0019359376759862175,3,2024Q2
2024-04-22,XLU,-0.004638278186958278,-0.0026235147894681098,3,2024Q2
2024-04-22,XLV,-0.0138805749573645,-0.0024679984461233014,3,2024Q2
2024-04-22,XLY,0.03496497244368535,-0.002187225474377834,3,2024Q2
2024-04-23,XLB,0.011222642678736072,-0.0020493672729124807,3,2024Q2
2024-04-23,XLC,-0.029008879938903664,0.00027183680638925714,3,2024Q2
2024-04-23,XLE,-0.019791536659468534,0.0013812851486285633,3,2024Q2
2024-04-23,XLF,-0.011463143358243055,-0.0021351620829845584,3,2024Q2
2024-04-23,XLI,-0.005336473666211594,-0.0014673984030709273,3,2024Q2
2024-04-23,XLK,0.002895381413885567,0.0020107900613418037,3,2024Q2
2024-04-23,XLP,0.009115734241289974,-0.0018310421770793383,3,2024Q2
2024-04-23,XLRE,-0.0012351659128561066,-0.0020558506721286896,3,2024Q2
2024-04-23,XLU,0.013287529541445187,-0.0025709075679097556,3,2024Q2
2024-04-23,XLV,0.0003931581620260083,-0.0021934961381353127,3,2024Q2
2024-04-23,XLY,0.02510891788903402,-0.001990029014231393,3,2024Q2
2024-04-24,XLB,0.018501598979324463,-0.0018861655372450115,3,2024Q2
2024-04-24,XLC,-0.017944783508739293,0.00037073964153241755,3,2024Q2
2024-04-24,XLE,-0.03323606515952526,0.001519669216853617,3,2024Q2
2024-04-24,XLF,-0.008470816581706453,-0.002350485800770118,3,2024Q2
2024-04-24,XLI,0.002885782954324956,-0.00081831748231378,3,2024Q2
2024-04-24,XLK,-0.009025845877075334,0.001920286928714883,3,2024Q2
2024-04-24,XLP,-0.001973049080306377,-0.0014280789289769042,3,2024Q2
2024-04-24,XLRE,-0.0017241341695949375,-0.0019129202601841522,3,2024Q2
2024-04-24,XLU,0.021548982650811066,-0.002450769036593578,3,2024Q2
2024-04-24,XLV,0.00802388439633217,-0.0021222731755295553,3,2024Q2
2024-04-24,XLY,0.011906156726432693,-0.0019708934879305753,3,2024Q2
2024-04-25,XLB,-0.006880163488188207,-0.0018485350474144319,3,2024Q2
2024-04-25,XLC,0.01502754743160084,0.0005814544576398777,3,2024Q2
2024-04-25,XLE,-0.04517807522801609,0.0010687213998869683,3,2024Q2
2024-04-25,XLF,-0.013332623221421369,-0.00241423630881995,3,2024Q2
2024-04-25,XLI,-0.007468253754399301,-0.0002848180145489067,3,2024Q2
2024-04-25,XLK,-0.005791444140948787,0.0018011541271662377,3,2024Q2
2024-04-25,XLP,-0.004378782631882849,-0.0014862896232667015,3,2024Q2
2024-04-25,XLRE,0.005176320558919256,-0.002008138069240431,3,2024Q2
2024-04-25,XLU,0.011137404372352444,-0.0024254522660614743,3,2024Q2
2024-04-25,XLV,0.0009436364024733024,-0.0023881376396033783,3,2024Q2
2024-04-25,XLY,0.010592834984163302,-0.0021556726698434407,3,2024Q2
2024-04-26,XLB,-0.005849808878506613,-0.0014838280880892615,3,2024Q2
2024-04-26,XLC,-0.00471323214961461,0.00038268161573659274,3,2024Q2
2024-04-26,XLE,-0.03907202338446791,0.0019406619177264994,3,2024Q2
2024-04-26,XLF,-0.012575920463227419,-0.0021518042089744985,3,2024Q2
2024-04-26,XLI,-0.005064727890744747,-0.0006204679756799449,3,2024Q2
2024-04-26,XLK,0.007650054074708645,0.001381869926196481,3,2024Q2
2024-04-26,XLP,-0.002125029451938154,-0.0013557599126091838,3,2024Q2
2024-04-26,XLRE,0.009397782101018715,-0.0019179041773607795,3,2024Q2
2024-04-26,XLU,0.02757829387926769,-0.0018522036949128278,3,2024Q2
2024-04-26,XLV,0.0002545459722727017,-0.0017571773392572852,3,2024Q2
2024-04-26,XLY,0.005407934527428049,-0.0020224713982260195,3,2024Q2
2024-04-29,XLB,-0.014978779824637578,-0.0017125543849685213,3,2024Q2
2024-04-29,XLC,0.014011233660488509,0.0006042555171174133,3,2024Q2
2024-04-29,XLE,-0.04482047168028758,0.0020035958277100935,3,2024Q2
2024-04-29,XLF,-0.00515770874499677,-0.0023113775325294735,3,2024Q2
2024-04-29,XLI,-0.008471011261199202,-0.0010707951117924002,3,2024Q2
2024-04-29,XLK,0.008363907136541782,0.0007186541781277723,3,2024Q2
2024-04-29,XLP,-0.011576338972183464,-0.0017420916641235494,3,2024Q2
2024-04-29,XLRE,-0.008423632861584762,-0.002427544288027263,3,2024Q2
2024-04-29,XLU,0.01212873187619512,-0.0016041698041530618,3,2024Q2
2024-04-29,XLV,-0.00585584835083508,-0.0018472484063946372,3,2024Q2
2024-04-29,XLY,-0.013818759884458132,-0.0022563061855030296,3,2024Q2
2024-04-30,XLB,-0.0018804244432708561,-0.0015211349836495905,3,2024Q2
2024-04-30,XLC,0.015137379378636684,0.0009151356706275265,3,2024Q2
2024-04-30,XLE,-0.033515205364174516,0.0014395716143327584,3,2024Q2
2024-04-30,XLF,-0.009139950493765259,-0.0020023400418375317,3,2024Q2
2024-04-30,XLI,-0.006912058793589582,-0.0008922367741719936,3,2024Q2
2024-04-30,XLK,0.01050882069444481,0.0009657209514121457,3,2024Q2
2024-04-30,XLP,-0.01364411499996443,-0.0019384554242674566,3,2024Q2
2024-04-30,XLRE,0.003786882915745471,-0.00278167988574714,3,2024Q2
2024-04-30,XLU,0.011753444373466815,-0.0018793803073270342,3,2024Q2
2024-04-30,XLV,-0.014238031987500621,-0.002339375933898771,3,2024Q2
2024-04-30,XLY,-0.013687480755799397,-0.0022840955048184217,3,2024Q2
2024-05-01,XLB,-0.01536033542935944,-0.0015484486189786895,3,2024Q2
2024-05-01,XLC,0.00044892983158151267,0.0007361997468013832,3,2024Q2
2024-05-01,XLE,-0.02202979700583607,0.0013033459031726816,3,2024Q2
2024-05-01,XLF,-0.00887943355409404,-0.002138279598297124,3,2024Q2
2024-05-01,XLI,-0.007835618845063008,-0.0008482814849647455,3,2024Q2
2024-05-01,XLK,0.02080665021152539,0.001907629867047807,3,2024Q2
2024-05-01,XLP,-0.013661772403146255,-0.001584757013465729,3,2024Q2
2024-05-01,XLRE,-0.009906095283150007,-0.0028931199295348068,3,2024Q2
2024-05-01,XLU,0.007226391681355304,-0.002264489723860658,3,2024Q2
2024-05-01,XLV,-0.02298635939903959,-0.002505558490987139,3,2024Q2
2024-05-01,XLY,-0.014575532859292917,-0.0022520435730973244,3,2024Q2
2024-05-02,XLB,0.004998453010530923,-0.0015194986330464098,3,2024Q2
2024-05-02,XLC,-0.0010002137723430504,0.0006751682665059628,3,2024Q2
2024-05-02,XLE,-0.010639609863579702,0.001457428645582714,3,2024Q2
2024-05-02,XLF,-7.233704464471025e-05,-0.0023339782837566154,3,2024Q2
2024-05-02,XLI,0.00012328891301027767,-0.00029375674461083095,3,2024Q2
2024-05-02,XLK,0.009197468393366215,0.0014903521371684414,3,2024Q2
2024-05-02,XLP,-0.009753698022611612,-0.0015612686981139072,3,2024Q2
2024-05-02,XLRE,0.003236938171663928,-0.0027851547757637724,3,2024Q2
2024-05-02,XLU,0.02114873773113435,-0.0018255643003936201,3,2024Q2
2024-05-02,XLV,-0.009904385233074464,-0.0022825395546848173,3,2024Q2
2024-05-02,XLY,-0.016737131474120037,-0.0022542337061726165,3,2024Q2
2024-05-03,XLB,0.007123162126624116,-0.0011430908204157686,3,2024Q2
2024-05-03,XLC,0.0010200467606755748,0.0005481103190358735,3,2024Q2
2024-05-03,XLE,-0.00506692406050413,0.0022525790628783945,3,2024Q2
2024-05-03,XLF,0.012887722717946026,-0.002173907282019133,3,2024Q2
2024-05-03,XLI,0.0050246137817751,-2.0628702358648204e-05,3,2024Q2
2024-05-03,XLK,-0.0039164580098340895,0.001191390327962052,3,2024Q2
2024-05-03,XLP,0.004252698372282593,-0.0010184388190461737,3,2024Q2
2024-05-03,XLRE,0.002661571092637427,-0.002699364509166294,3,2024Q2
2024-05-03,XLU,0.023128508175758178,-0.0011615740820752863,3,2024Q2
2024-05-03,XLV,0.000919851773510727,-0.0018696975427593388,3,2024Q2
2024-05-03,XLY,-0.017610289514925492,-0.0021222228696724564,3,2024Q2
2024-05-06,XLB,0.01058366180011494,-0.001148704096451633,3,2024Q2
2024-05-06,XLC,-0.0042195300865837115,0.00037066414567821015,3,2024Q2
2024-05-06,XLE,-0.005400500095640748,0.002049981151342577,3,2024Q2
2024-05-06,XLF,0.005964145161417855,-0.002229978459300626,3,2024Q2
2024-05-06,XLI,0.0007912351246890381,-0.00011887849210837965,3,2024Q2
2024-05-06,XLK,-0.000691622168066619,0.0011389795169906188,3,2024Q2
2024-05-06,XLP,0.011092632518709511,-0.0010572164299826805,3,2024Q2
2024-05-06,XLRE,0.015362943350897051,-0.002358433853796461,3,2024Q2
2024-05-06,XLU,0.028102209361177133,-0.001141532741985672,3,2024Q2
2024-05-06,XLV,0.0060963064522625565,-0.0017023465330172603,3,2024Q2
2024-05-06,XLY,-0.019190738249251993,-0.0020873762218748286,3,2024Q2
2024-05-07,XLB,-0.0039020125451720844,-0.001014328380324745,3,2024Q2
2024-05-07,XLC,-0.004294024575124622,0.0002601339605292764,3,2024Q2
2024-05-07,XLE,-0.006654721340724423,0.0015163973652210447,3,2024Q2
2024-05-07,XLF,0.004103862190848462,-0.0022924393027753585,3,2024Q2
2024-05-07,XLI,-0.0057194685831925,-0.0005327818685316408,3,2024Q2
2024-05-07,XLK,0.008062874229808115,0.0011744454741752569,3,2024Q2
2024-05-07,XLP,-0.005397010039809302,-0.0012473343115323946,3,2024Q2
2024-05-07,XLRE,0.008398326634999176,-0.0024210617533452533,3,2024Q2
2024-05-07,XLU,0.015698340607862127,-0.001299716047015011,3,2024Q2
2024-05-07,XLV,-0.0014606614971537368,-0.0017992093668449918,3,2024Q2
2024-05-07,XLY,-0.011015409897926043,-0.0018611928498438284,3,2024Q2
2024-05-08,XLB,-0.009903049473049208,-0.0012470644923998238,3,2024Q2
2024-05-08,XLC,-0.008714239065886309,0.0002013203346179086,3,2024Q2
2024-05-08,XLE,-0.015642762512261044,0.0012595225303244119,3,2024Q2
2024-05-08,XLF,-0.00451716598432883,-0.002665858196352293,3,2024Q2
2024-05-08,XLI,-0.01155659499973516,-0.0007111259687199444,3,2024Q2
2024-05-08,XLK,0.015639340561139248,0.0008227433235541521,3,2024Q2
2024-05-08,XLP,-0.014149671259747754,-0.0014913692386268802,3,2024Q2
2024-05-08,XLRE,0.023134660060703638,-0.0031534527470244403,3,2024Q2
2024-05-08,XLU,0.007818577413821304,-0.0014568020895644412,3,2024Q2
2024-05-08,XLV,0.004654663001329773,-0.0019686288517735823,3,2024Q2
2024-05-08,XLY,-0.018158097397528383,-0.0020938160098446794,3,2024Q2
2024-05-09,XLB,-0.020303821838587366,-0.0010755418107695786,3,2024Q2
2024-05-09,XLC,-0.00658374207607082,0.0003146869299248383,3,2024Q2
2024-05-09,XLE,-0.02379844451610602,0.0011082283187757694,3,2024Q2
2024-05-09,XLF,-0.004140239748004371,-0.002552585128112161,3,2024Q2
2024-05-09,XLI,-0.01956422758230192,-0.00041214932386120435,3,2024Q2
2024-05-09,XLK,0.02029424264546975,0.0009069088649173977,3,2024Q2
2024-05-09,XLP,-0.0005720566874898303,-0.0012286182744686393,3,2024Q2
2024-05-09,XLRE,0.004964612891452447,-0.0034662318063320707,3,2024Q2
2024-05-09,XLU,-0.0032029219663956,-0.0017647844615962392,3,2024Q2
2024-05-09,XLV,0.0026716814532192767,-0.0017759805897343485,3,2024Q2
2024-05-09,XLY,-0.023471855287341525,-0.0017882389069535753,3,2024Q2
2024-05-10,XLB,-0.013155552863278741,-0.001032634105937254,3,2024Q2
2024-05-10,XLC,-0.00650531289289491,0.00030157592380999833,3,2024Q2
2024-05-10,XLE,-0.004487931811639978,0.0009691430037080111,3,2024Q2
2024-05-10,XLF,-0.0007528387499895484,-0.0022859141767198796,3,2024Q2
2024-05-10,XLI,-0.019315838817097752,-0.00025495733913962783,3,2024Q2
2024-05-10,XLK,0.014022675117134176,0.001024497049771917,3,2024Q2
2024-05-10,XLP,-0.008929854674928128,-0.0010963770162087819,3,2024Q2
2024-05-10,XLRE,0.008594639737354859,-0.0033679252663990104,3,2024Q2
2024-05-10,XLU,-0.0015176588116547762,-0.0016759736023692524,3,2024Q2
2024-05-10,XLV,0.0024118349130384242,-0.0014853725192275182,3,2024Q2
2024-05-10,XLY,-0.013162094523505585,-0.001934235895419714,3,2024Q2
2024-05-13,XLB,-0.012117604390616599,-0.0008829733549435093,3,2024Q2
2024-05-13,XLC,-0.0027442482759529874,0.00045053733505605136,3,2024Q2
2024-05-13,XLE,-0.009444020910863271,0.0017815334761336092,3,2024Q2
2024-05-13,XLF,-0.011564454217379838,-0.002196116049728675,3,2024Q2
2024-05-13,XLI,-0.014209441538403755,-0.00021252052030456517,3,2024Q2
2024-05-13,XLK,0.0202051536402299,0.001094453058409917,3,2024Q2
2024-05-13,XLP,-0.014077042277981233,-0.0011499938553464239,3,2024Q2
2024-05-13,XLRE,-0.001474673141777183,-0.002896089174509934,3,2024Q2
2024-05-13,XLU,-0.004235822677444601,-0.001508560781462051,3,2024Q2
2024-05-13,XLV,0.00021081428009361858,-0.0012023753743961693,3,2024Q2
2024-05-13,XLY,-0.020376456143085142,-0.0015332493635251843,3,2024Q2
2024-05-14,XLB,-0.010939427011694036,-0.0005971656736193902,3,2024Q2
2024-05-14,XLC,-0.006500901427219485,0.0005182748886293657,3,2024Q2
2024-05-14,XLE,-0.01348123037427107,0.0020289194456442213,3,2024Q2
2024-05-14,XLF,-0.007998385801994967,-0.0019329526227027894,3,2024Q2
2024-05-14,XLI,-0.015082561826066598,0.00019781204526303232,3,2024Q2
2024-05-14,XLK,0.014932774358367151,0.0013835653015425138,3,2024Q2
2024-05-14,XLP,-0.004010669160178004,-0.000868893847219222,3,2024Q2
2024-05-14,XLRE,-0.007282820661921541,-0.003123044275075479,3,2024Q2
2024-05-14,XLU,0.004329063299287617,-0.0016310860114507639,3,2024Q2
2024-05-14,XLV,-0.00020025575368198822,-0.0007779105533210511,3,2024Q2
2024-05-14,XLY,-0.016353676456402177,-0.0013980586818162048,3,2024Q2
2024-05-15,XLB,-0.007157293065833681,-0.0006091455260336036,3,2024Q2
2024-05-15,XLC,0.0036618310643332652,0.0006957169164398879,3,2024Q2
2024-05-15,XLE,-0.019581121424665282,0.0020025988680088974,3,2024Q2
2024-05-15,XLF,-0.005784279225489408,-0.0019267336097935678,3,2024Q2
2024-05-15,XLI,-0.005096760885454743,0.0005430802916273784,3,2024Q2
2024-05-15,XLK,0.009810329458306066,0.002060347062499606,3,2024Q2
2024-05-15,XLP,0.0066326587174239116,-0.0007752477008859741,3,2024Q2
2024-05-15,XLRE,-0.01734907877299363,-0.0028159894218067337,3,2024Q2
2024-05-15,XLU,-0.007263825924074263,-0.0017584692150666495,3,2024Q2
2024-05-15,XLV,0.002026004238188772,-0.0006396765894336654,3,2024Q2
2024-05-15,XLY,-0.012947130964156117,-0.001122854917769394,3,2024Q2
2024-05-16,XLB,-0.0035919025421666806,-0.0006726765456989369,3,2024Q2
2024-05-16,XLC,-0.0017478976998273055,0.0006930773263392719,3,2024Q2
2024-05-16,XLE,-0.020570409870928175,0.0023209063055075617,3,2024Q2
2024-05-16,XLF,-0.014276786604814795,-0.0019873014089538746,3,2024Q2
2024-05-16,XLI,-0.005699780979112723,0.0004175365182489666,3,2024Q2
2024-05-16,XLK,0.010345297739446924,0.00200542063559042,3,2024Q2
2024-05-16,XLP,-0.013968946541335625,-0.0005825800397187195,3,2024Q2
2024-05-16,XLRE,-0.031214002458439194,-0.0025590740877957123,3,2024Q2
2024-05-16,XLU,-0.015450571288633475,-0.001500701939538412,3,2024Q2
2024-05-16,XLV,-0.0025059503999221855,-0.0004171548963140453,3,2024Q2
2024-05-16,XLY,-0.01733474671145152,-0.0009116297190677884,3,2024Q2
2024-05-17,XLB,-0.00855409131405993,-0.00021801797337043106,3,2024Q2
2024-05-17,XLC,0.004134612013350636,0.0009916843887486835,3,2024Q2
2024-05-17,XLE,-0.037786504219102235,0.0019018424299750492,3,2024Q2
2024-05-17,XLF,-0.020691867947085996,-0.0015740917253637332,3,2024Q2
2024-05-17,XLI,-0.006922786455901164,0.0008271744725451011,3,2024Q2
2024-05-17,XLK,0.015928622205178766,0.002281180009380341,3,2024Q2
2024-05-17,XLP,-0.014173670971566077,-0.00034832647808266974,3,2024Q2
2024-05-17,XLRE,-0.03635882145353819,-0.002333934877561622,3,2024Q2
2024-05-17,XLU,-0.011592945485992656,-0.0010569912224382412,3,2024Q2
2024-05-17,XLV,-0.012898889797334556,-0.00022553089080053,3,2024Q2
2024-05-17,XLY,-0.017664380522216305,-0.000581518899047442,3,2024Q2
2024-05-20,XLB,-0.01329081735248916,-7.173413420194318e-05,3,2024Q2
2024-05-20,XLC,0.003368446167866468,0.0008464786151051635,3,2024Q2
2024-05-20,XLE,-0.021046269208878643,0.0022110044465157973,3,2024Q2
2024-05-20,XLF,-0.017662452154788566,-0.0017726738516228684,3,2024Q2
2024-05-20,XLI,-0.020472848391946186,0.0006321684608057255,3,2024Q2
2024-05-20,XLK,0.008824031448969594,0.0023126090722754857,3,2024Q2
2024-05-20,XLP,-0.0145920864508704,-0.0005527336533531007,3,2024Q2
2024-05-20,XLRE,-0.03561350585166623,-0.0026409352731756167,3,2024Q2
2024-05-20,XLU,-0.010467153397399342,-0.0008729118376998575,3,2024Q2
2024-05-20,XLV,-0.022336574458616587,-0.0002099371363038856,3,2024Q2
2024-05-20,XLY,-0.01227008161531462,-0.0005710484571133994,3,2024Q2
2024-05-21,XLB,-0.01795089490412327,-7.892726220527443e-05,3,2024Q2
2024-05-21,XLC,0.008811382026478576,0.0008157229214786083,3,2024Q2
2024-05-21,XLE,-0.024186940550937397,0.001972190965362543,3,2024Q2
2024-05-21,XLF,-0.02234364231582886,-0.0016787535901486735,3,2024Q2
2024-05-21,XLI,-0.021740374669113605,0.0005017173478009308,3,2024Q2
2024-05-21,XLK,0.010225223852805887,0.0023040834339264475,3,2024Q2
2024-05-21,XLP,-0.018003087489241953,-0.0005221948461823077,3,2024Q2
2024-05-21,XLRE,-0.03452799715924759,-0.002830707660830213,3,2024Q2
2024-05-21,XLU,-0.02248731483929811,-0.0010159984644493047,3,2024Q2
2024-05-21,XLV,-0.022169249299330618,-0.00025225680384553605,3,2024Q2
2024-05-21,XLY,-0.015589641367193319,-0.0007008456773283538,3,2024Q2
2024-05-22,XLB,0.0033402976207052015,-0.000419806089065674,3,2024Q2
2024-05-22,XLC,0.00807413942974311,0.0007982856335381123,3,2024Q2
2024-05-22,XLE,0.0012464737759187994,0.0017283410552725571,3,2024Q2
2024-05-22,XLF,-0.007832215029859313,-0.002014484981356199,3,2024Q2
2024-05-22,XLI,-0.012548073349295752,0.00024074370671657623,3,2024Q2
2024-05-22,XLK,-0.011054590239374384,0.002087735537240153,3,2024Q2
2024-05-22,XLP,-0.007832766539174751,-0.0009452210852062852,3,2024Q2
2024-05-22,XLRE,-0.008647620685737767,-0.002949181752698531,3,2024Q2
2024-05-22,XLU,0.005989184358518251,-0.0012334435240215998,3,2024Q2
2024-05-22,XLV,-0.01968129416228015,-0.0007068237836674171,3,2024Q2
2024-05-22,XLY,0.004229899502769308,-0.0008528640056963539,3,2024Q2
2024-05-23,XLB,0.007918724041221514,-0.0007526040035904544,3,2024Q2
2024-05-23,XLC,0.01392480437654986,0.0005360670719775261,3,2024Q2
2024-05-23,XLE,0.01880099399627322,0.0016700156215531438,3,2024Q2
2024-05-23,XLF,0.004089013689695387,-0.0021048855410774146,3,2024Q2
2024-05-23,XLI,-0.005265000228743655,0.0001978762575563355,3,2024Q2
2024-05-23,XLK,-0.01781741656853897,0.002228078397103048,3,2024Q2
2024-05-23,XLP,0.00304090428588788,-0.0010268067283238625,3,2024Q2
2024-05-23,XLRE,0.016060820970397627,-0.0029144389786557954,3,2024Q2
2024-05-23,XLU,0.02458292558700892,-0.001177726777365432,3,2024Q2
2024-05-23,XLV,-0.011030822580319288,-0.0008928054627159643,3,2024Q2
2024-05-23,XLY,0.009863062562348368,-0.0010622114945605205,3,2024Q2
2024-05-24,XLB,-0.000952299862551742,-0.0010903954537707934,3,2024Q2
2024-05-24,XLC,0.010813103831569082,0.00016081265834680137,3,2024Q2
2024-05-24,XLE,-0.003578539338043085,0.0012512706211122496,3,2024Q2
2024-05-24,XLF,-0.002429904851922071,-0.0025311915643019545,3,2024Q2
2024-05-24,XLI,-0.016667773897774296,-0.0001660719276928022,3,2024Q2
2024-05-24,XLK,-0.017814139833077447,0.0019345014351835916,3,2024Q2
2024-05-24,XLP,0.0058213479803346235,-0.0014626258739729304,3,2024Q2
2024-05-24,XLRE,0.017823181514210473,-0.0029202203646920178,3,2024Q2
2024-05-24,XLU,0.008552158026319479,-0.0015938456617497546,3,2024Q2
2024-05-24,XLV,0.005105644700288403,-0.0013782598716964934,3,2024Q2
2024-05-24,XLY,0.005091460127886638,-0.0013900845998456443,3,2024Q2
2024-05-28,XLB,-0.008637231532589995,-0.0009123573656178862,3,2024Q2
2024-05-28,XLC,0.012549023057105702,0.00037105745398245416,3,2024Q2
2024-05-28,XLE,-0.02353580515476017,0.0014574268903438659,3,2024Q2
2024-05-28,XLF,0.0036522595745653863,-0.0023345835266026372,3,2024Q2
2024-05-28,XLI,-0.007406014809149375,-0.0001436671001894688,3,2024Q2
2024-05-28,XLK,-0.020318405642192783,0.0019375848861527443,3,2024Q2
2024-05-28,XLP,0.022026611340383084,-0.001295167682884027,3,2024Q2
2024-05-28,XLRE,0.033113817746421415,-0.0026524565062540713,3,2024Q2
2024-05-28,XLU,0.00870008571403269,-0.0019437039176205936,3,2024Q2
2024-05-28,XLV,0.019922793901629765,-0.001002445558489551,3,2024Q2
2024-05-28,XLY,0.008162474400129183,-0.0014900443274163705,3,2024Q2
2024-05-29,XLB,-0.006368822676443342,-0.0009434038544294905,3,2024Q2
2024-05-29,XLC,0.011296528128256877,0.0003302450032557061,3,2024Q2
2024-05-29,XLE,-0.02511191079299724,0.0013837000795269305,3,2024Q2
2024-05-29,XLF,-0.004285759121062993,-0.0023104208290725403,3,2024Q2
2024-05-29,XLI,-0.002015751375555652,9.109861156512012e-05,3,2024Q2
2024-05-29,XLK,-0.01121353663631508,0.0019594247977269418,3,2024Q2
2024-05-29,XLP,0.008200117150072517,-0.00165393454213168,3,2024Q2
2024-05-29,XLRE,0.02259014722409236,-0.002530372093838163,3,2024Q2
2024-05-29,XLU,-0.00295823641969184,-0.0019138976400825136,3,2024Q2
2024-05-29,XLV,0.013591643639164763,-0.0007032801979138074,3,2024Q2
2024-05-29,XLY,0.001760447697559231,-0.0019129547674935686,3,2024Q2
2024-05-30,XLB,-0.020182512634484562,-0.0008668674544546626,3,2024Q2
2024-05-30,XLC,0.008503711730678543,0.0003673376867108098,3,2024Q2
2024-05-30,XLE,-0.029545140928657565,0.001275495403339421,3,2024Q2
2024-05-30,XLF,-0.016965728844945405,-0.0024237169865939535,3,2024Q2
2024-05-30,XLI,-0.021664246721305513,4.921876454885301e-06,3,2024Q2
2024-05-30,XLK,0.0020582229682692965,0.001523262749121642,3,2024Q2
2024-05-30,XLP,0.0018934083099721999,-0.001791382468984029,3,2024Q2
2024-05-30,XLRE,0.002673020415113303,-0.0032459872476837495,3,2024Q2
2024-05-30,XLU,-0.03355272881057447,-0.0018320003900866616,3,2024Q2
2024-05-30,XLV,0.009704073824311044,-0.001078968180709553,3,2024Q2
2024-05-30,XLY,-0.0036276650825717294,-0.0018908904745452435,3,2024Q2
2024-05-31,XLB,-0.03160094126940616,-0.0010234227681660745,3,2024Q2
2024-05-31,XLC,0.0011012683367974674,0.00031672278107581055,3,2024Q2
2024-05-31,XLE,-0.047032840752162186,0.0012631738729366102,3,2024Q2
2024-05-31,XLF,-0.016433239840196623,-0.0023621465593116958,3,2024Q2
2024-05-31,XLI,-0.022144662943064053,-0.0001565079156037796,3,2024Q2
2024-05-31,XLK,0.0132942593032217,0.0013473519269007106,3,2024Q2
2024-05-31,XLP,-0.008453206319286366,-0.0020949226944794556,3,2024Q2
2024-05-31,XLRE,-0.014693277381174097,-0.0030191537967647498,3,2024Q2
2024-05-31,XLU,-0.05081960354861348,-0.0016525913150390809,3,2024Q2
2024-05-31,XLV,0.0064071316510025955,-0.0014172003198545313,3,2024Q2
2024-05-31,XLY,-0.0029868709089801992,-0.0020183308824154706,3,2024Q2
2024-06-03,XLB,-0.029069386677081255,-0.0014421027320671216,3,2024Q2
2024-06-03,XLC,-0.002689587990172715,7.435713744976402e-05,3,2024Q2
2024-06-03,XLE,-0.015883630814255034,0.00044686180540400716,3,2024Q2
2024-06-03,XLF,-0.016341980380913168,-0.0027829409334849792,3,2024Q2
2024-06-03,XLI,-0.00907233241602956,-0.0006707177490770493,3,2024Q2
2024-06-03,XLK,0.011022846656012497,0.0008686250045237843,3,2024Q2
2024-06-03,XLP,-0.011140872740166285,-0.0022165096634626713,3,2024Q2
2024-06-03,XLRE,-0.008031846235831308,-0.003514667471563942,3,2024Q2
2024-06-03,XLU,-0.02949765206421684,-0.002145758644419192,3,2024Q2
2024-06-03,XLV,0.0007254372329348335,-0.0015998148103041113,3,2024Q2
2024-06-03,XLY,-0.001588235145846495,-0.002271937288092509,3,2024Q2
2024-06-04,XLB,-0.019645365235079648,-0.0025512841680415503,3,2024Q2
2024-06-04,XLC,-0.00595107879703094,-0.0004110945061854303,3,2024Q2
2024-06-04,XLE,-0.009525330402553323,-0.00043126477313494647,3,2024Q2
2024-06-04,XLF,-0.024454585875462453,-0.0036979203681320634,3,2024Q2
2024-06-04,XLI,-0.013652907858903829,-0.0014839914117158416,3,2024Q2
2024-06-04,XLK,0.026617066428610503,0.0004036548062525279,3,2024Q2
2024-06-04,XLP,-0.021586151597738357,-0.002935743009675394,3,2024Q2
2024-06-04,XLRE,-0.02195028587319081,-0.004746108679765293,3,2024Q2
2024-06-04,XLU,-0.03637827931865589,-0.0029263454998482295,3,2024Q2
2024-06-04,XLV,-0.007724994987203582,-0.0025600334293564807,3,2024Q2
2024-06-04,XLY,-0.006601700028523005,-0.003037666761806898,3,2024Q2
2024-06-05,XLB,-0.02090091179180864,-0.0017585793006405872,3,2024Q2
2024-06-05,XLC,-0.016515687653192,0.000505013968331878,3,2024Q2
2024-06-05,XLE,-0.01651773127444489,0.00038117197238773785,3,2024Q2
2024-06-05,XLF,-0.02461599769535494,-0.002916645404469346,3,2024Q2
2024-06-05,XLI,-0.01056006022585887,-0.0006874225573987469,3,2024Q2
2024-06-05,XLK,0.03020839501954553,0.0017322621476836512,3,2024Q2
2024-06-05,XLP,-0.026649391206060913,-0.0022835156289848072,3,2024Q2
2024-06-05,XLRE,-0.009895274882270266,-0.0036670178705540497,3,2024Q2
2024-06-05,XLU,-0.03350609270993943,-0.0021783701024752256,3,2024Q2
2024-06-05,XLV,-0.01072900375692143,-0.0016871188976121554,3,2024Q2
2024-06-05,XLY,0.0016603929174949794,-0.0022475242336152702,3,2024Q2
2024-06-06,XLB,-0.024382576015810287,-0.0016719075848564604,3,2024Q2
2024-06-06,XLC,-0.027749578771241734,0.0004285298620852411,3,2024Q2
2024-06-06,XLE,-0.03283232033366257,0.0003825505367970471,3,2024Q2
2024-06-06,XLF,-0.026921666104656627,-0.003006554896243366,3,2024Q2
2024-06-06,XLI,-0.013097012017304399,-0.0007575470609187414,3,2024Q2
2024-06-06,XLK,0.03991627834130784,0.0016042052738953066,3,2024Q2
2024-06-06,XLP,-0.03045725886901185,-0.0024096076685490076,3,2024Q2
2024-06-06,XLRE,-0.00856007765866651,-0.004036649100825777,3,2024Q2
2024-06-06,XLU,-0.02305536985657819,-0.0025050854369925565,3,2024Q2
2024-06-06,XLV,-0.016894475556079924,-0.0018324273742624775,3,2024Q2
2024-06-06,XLY,-0.006946261381663321,-0.002367407837803811,3,2024Q2
2024-06-07,XLB,-0.025443962543188148,-0.0019341318668819898,3,2024Q2
2024-06-07,XLC,-0.019621965561288923,0.00043544238431397254,3,2024Q2
2024-06-07,XLE,-0.038091987770180746,0.00034355585614940566,3,2024Q2
2024-06-07,XLF,-0.03643255663013023,-0.0031730345810529314,3,2024Q2
2024-06-07,XLI,-0.026068952830205938,-0.0009863244870609291,3,2024Q2
2024-06-07,XLK,0.03956038898328651,0.0015408790487929246,3,2024Q2
2024-06-07,XLP,-0.02556532908658371,-0.0025125828795497327,3,2024Q2
2024-06-07,XLRE,-0.0016744277820242015,-0.004256995876935672,3,2024Q2
2024-06-07,XLU,-0.01642291342858737,-0.0028200162995642955,3,2024Q2
2024-06-07,XLV,-0.020178974345066325,-0.0019488898856069243,3,2024Q2
2024-06-07,XLY,-0.012651664976487842,-0.0023371723990051434,3,2024Q2
2024-06-10,XLB,-0.02202572714659412,-0.0018557873964278118,3,2024Q2
2024-06-10,XLC,-0.02230234554009658,0.00042484285032252174,3,2024Q2
2024-06-10,XLE,-0.04782644591320451,0.0004277850585705659,3,2024Q2
2024-06-10,XLF,-0.028859250961051464,-0.0030010259991180097,3,2024Q2
2024-06-10,XLI,-0.02314967574443838,-0.0009329192179872182,3,2024Q2
2024-06-10,XLK,0.04790062927163086,0.0015100679645382053,3,2024Q2
2024-06-10,XLP,-0.0203259029904721,-0.0024545609504956897,3,2024Q2
2024-06-10,XLRE,-0.016901904200785856,-0.004346069232446847,3,2024Q2
2024-06-10,XLU,-0.04493108266064527,-0.0024163320933571113,3,2024Q2
2024-06-10,XLV,-0.029793926831511497,-0.0018532970989987708,3,2024Q2
2024-06-10,XLY,-0.0032341803177529105,-0.002309246434596099,3,2024Q2
2024-06-11,XLB,-0.022941519241180375,-0.0014812295403184013,3,2024Q2
2024-06-11,XLC,-0.030221262371257107,0.00046003812067020166,3,2024Q2
2024-06-11,XLE,-0.04193600699242128,0.0008770840803712231,3,2024Q2
2024-06-11,XLF,-0.01121024126136061,-0.002890746632825191,3,2024Q2
2024-06-11,XLI,-0.01214826257450019,-0.0005840224132194468,3,2024Q2
2024-06-11,XLK,0.029559701226054003,0.0016867511925145774,3,2024Q2
2024-06-11,XLP,-0.018655245342380278,-0.002542350904316503,3,2024Q2
2024-06-11,XLRE,-0.009924987190081058,-0.004178170938847971,3,2024Q2
2024-06-11,XLU,-0.03867681794971001,-0.002454844186656635,3,2024Q2
2024-06-11,XLV,-0.02449804487967533,-0.0016372773953442419,3,2024Q2
2024-06-11,XLY,-0.004108770710388843,-0.002287765971009604,3,2024Q2
2024-06-12,XLB,-0.012755694868805123,-0.001462692835322312,3,2024Q2
2024-06-12,XLC,-0.012782551667041009,0.0003007325063809573,3,2024Q2
2024-06-12,XLE,-0.002040189913913526,0.0007911429550940669,3,2024Q2
2024-06-12,XLF,0.006244376700614174,-0.0028277570792693465,3,2024Q2
2024-06-12,XLI,-0.009931074392981909,-0.0006573206686055058,3,2024Q2
2024-06-12,XLK,0.006334371319883125,0.0018323440092913917,3,2024Q2
2024-06-12,XLP,0.0013142930225873428,-0.002561499691565779,3,2024Q2
2024-06-12,XLRE,-0.008591006834995474,-0.004270863599448463,3,2024Q2
2024-06-12,XLU,-0.012562594848882558,-0.0028136918652507097,3,2024Q2
2024-06-12,XLV,-0.008021766424216592,-0.0017287684024807758,3,2024Q2
2024-06-12,XLY,-0.0022338064673843583,-0.002425818190684663,3,2024Q2
2024-06-13,XLB,-0.005690470010279225,-0.0020139185177078583,3,2024Q2
2024-06-13,XLC,0.009081022171602005,-0.0003903569411914493,3,2024Q2
2024-06-13,XLE,0.008040069986032572,0.00021455689831247592,3,2024Q2
2024-06-13,XLF,0.009689418402177186,-0.003310185103339482,3,2024Q2
2024-06-13,XLI,0.0010234641601660766,-0.0010452353826961728,3,2024Q2
2024-06-13,XLK,0.003212378817107009,0.0014704590517340558,3,2024Q2
2024-06-13,XLP,0.007398873763549529,-0.003215592981735124,3,2024Q2
2024-06-13,XLRE,-0.004317065550358823,-0.004817981924642228,3,2024Q2
2024-06-13,XLU,-0.014067161410852513,-0.0033118650419824147,3,2024Q2
2024-06-13,XLV,0.002232703463605379,-0.0022654133079665142,3,2024Q2
2024-06-13,XLY,0.012113402451736643,-0.002884666704127875,3,2024Q2
2024-06-14,XLB,0.009176863934445834,-0.0022909383645010593,3,2024Q2
2024-06-14,XLC,0.010414833396823697,-0.0005316369934247004,3,2024Q2
2024-06-14,XLE,0.03687514856752627,-0.00033913451879613414,3,2024Q2
2024-06-14,XLF,0.02319792592524106,-0.00346271153862919,3,2024Q2
2024-06-14,XLI,0.01592181684553684,-0.001205539406329946,3,2024Q2
2024-06-14,XLK,-0.022985996976051637,0.0014587367461620373,3,2024Q2
2024-06-14,XLP,0.012549328211193478,-0.0032806167950067736,3,2024Q2
2024-06-14,XLRE,-0.004597989718836293,-0.005020203761983923,3,2024Q2
2024-06-14,XLU,-0.0027858992547323824,-0.0035812933501236707,3,2024Q2
2024-06-14,XLV,0.008368183303712806,-0.002431603301636347,3,2024Q2
2024-06-14,XLY,0.017513272992803364,-0.0030501424212411392,3,2024Q2
2024-06-17,XLB,-0.0068950266428535745,-0.0017497651135080236,3,2024Q2
2024-06-17,XLC,0.020947919731547415,-0.00011325618075190617,3,2024Q2
2024-06-17,XLE,0.04062813499656692,0.00013524416649689144,3,2024Q2
2024-06-17,XLF,0.010732910122495998,-0.003117274084097897,3,2024Q2
2024-06-17,XLI,0.0003121021416943037,-0.000771438466651674,3,2024Q2
2024-06-17,XLK,-0.015840465720034724,0.0012839955151549957,3,2024Q2
2024-06-17,XLP,0.0006733519177325453,-0.0029461141752835235,3,2024Q2
2024-06-17,XLRE,-0.009417247014033014,-0.004690586799567027,3,2024Q2
2024-06-17,XLU,0.0028480079503405697,-0.003189217585912214,3,2024Q2
2024-06-17,XLV,0.010324954634069128,-0.0022506692131161908,3,2024Q2
2024-06-17,XLY,1.600777366173034e-05,-0.0026367263365169036,3,2024Q2
2024-06-18,XLB,-0.005176685194883901,-0.0017699235899884943,3,2024Q2
2024-06-18,XLC,0.028401085765639822,-9.610443507701203e-05,3,2024Q2
2024-06-18,XLE,0.027432195615096466,0.00044873847980398947,3,2024Q2
2024-06-18,XLF,-0.0006245708667931282,-0.0029669108283918158,3,2024Q2
2024-06-18,XLI,-0.00642236267796592,-0.0005976452189527117,3,2024Q2
2024-06-18,XLK,-0.01690820085095679,0.0013961314882312474,3,2024Q2
2024-06-18,XLP,-0.0013809928837985597,-0.0026313034928150685,3,2024Q2
2024-06-18,XLRE,-0.013277920568846469,-0.004512053564036547,3,2024Q2
2024-06-18,XLU,-0.0004917573491572957,-0.0032240356504939665,3,2024Q2
2024-06-18,XLV,0.006735181475505669,-0.0019583168650133868,3,2024Q2
2024-06-18,XLY,0.01914611998347726,-0.0024356591186960735,3,2024Q2
2024-06-20,XLB,-0.013240765764433449,-0.0026014671780859276,3,2024Q2
2024-06-20,XLC,0.02556221192067043,-0.0006259700597292608,3,2024Q2
2024-06-20,XLE,0.007023011809584423,0.0001151010396166956,3,2024Q2
2024-06-20,XLF,-0.011381403769900378,-0.0035239173170475303,3,2024Q2
2024-06-20,XLI,-0.010290282242995996,-0.0012270999642609868,3,2024Q2
2024-06-20,XLK,-0.00959954160733223,0.0013023798819238963,3,2024Q2
2024-06-20,XLP,-0.007738870134670006,-0.0031478585119398424,3,2024Q2
2024-06-20,XLRE,-0.006143729642857476,-0.005055492886689229,3,2024Q2
2024-06-20,XLU,-0.011598979586491587,-0.0035736883571053516,3,2024Q2
2024-06-20,XLV,-0.002468481833348357,-0.002519218780585724,3,2024Q2
2024-06-20,XLY,0.01976229561489462,-0.002945095737522988,3,2024Q2
2024-06-21,XLB,-0.014304537349740132,-0.00246914663582333,3,2024Q2
2024-06-21,XLC,0.00900916063083812,-0.0002544261078106747,3,2024Q2
2024-06-21,XLE,0.01613147472704124,0.00016699422266158725,3,2024Q2
2024-06-21,XLF,-0.004790420986985566,-0.003497555106869407,3,2024Q2
2024-06-21,XLI,-0.00841268227118952,-0.001217381950154711,3,2024Q2
2024-06-21,XLK,-0.009011651686768651,0.0012117641384397455,3,2024Q2
2024-06-21,XLP,-0.013501143524665249,-0.0031430830103027496,3,2024Q2
2024-06-21,XLRE,-0.0012865378859576726,-0.005137157172722951,3,2024Q2
2024-06-21,XLU,-0.017481534139319632,-0.0037480930100132616,3,2024Q2
2024-06-21,XLV,-0.0066876276733289775,-0.0023585467993497036,3,2024Q2
2024-06-21,XLY,-0.00061740285260381,-0.002922482799384449,3,2024Q2
2024-06-24,XLB,-0.0364198648147509,-0.002149603078572437,3,2024Q2
2024-06-24,XLC,-0.0012610956605807466,-0.0003225128753687583,3,2024Q2
2024-06-24,XLE,-0.005666931614594084,0.00013008436851819028,3,2024Q2
2024-06-24,XLF,-0.014167761572918214,-0.0036328396043738796,3,2024Q2
2024-06-24,XLI,-0.025185404638254694,-0.0010272334493388732,3,2024Q2
2024-06-24,XLK,0.020027404632981582,0.0008094373625847233,3,2024Q2
2024-06-24,XLP,-0.02879256107693573,-0.0031979582446948537,3,2024Q2
2024-06-24,XLRE,-0.01287394940703368,-0.005008992653204413,3,2024Q2
2024-06-24,XLU,-0.03447218221737136,-0.0030476841945240567,3,2024Q2
2024-06-24,XLV,-0.019475394229284015,-0.002499677814901577,3,2024Q2
2024-06-24,XLY,0.003917605449493156,-0.0028645351508958024,3,2024Q2
2024-06-25,XLB,-0.02504380431555775,-0.0028556170757708843,3,2024Q2
2024-06-25,XLC,-0.006392304063079557,-0.00025665650887935675,3,2024Q2
2024-06-25,XLE,-0.011606974176782914,-3.7641366960564516e-05,3,2024Q2
2024-06-25,XLF,0.002017804572281845,-0.0039982508983150665,3,2024Q2
2024-06-25,XLI,-0.014228420153871824,-0.0015529982844562427,3,2024Q2
2024-06-25,XLK,0.003718610568482994,0.0007715958757453175,3,2024Q2
2024-06-25,XLP,-0.018523429108441736,-0.0037960100624870458,3,2024Q2
2024-06-25,XLRE,0.0026426136441610737,-0.005397802888553701,3,2024Q2
2024-06-25,XLU,-0.02301664599171993,-0.0035427725369526946,3,2024Q2
2024-06-25,XLV,-0.022880465449769072,-0.002837375128475145,3,2024Q2
2024-06-25,XLY,0.02481086587783854,-0.003365792507188731,3,2024Q2
2024-06-26,XLB,-0.020276227705690042,-0.002426436786923342,3,2024Q2
2024-06-26,XLC,-0.00939489311529118,-0.00022017632183488604,3,2024Q2
2024-06-26,XLE,-0.0005308031936355206,-3.573808787870692e-05,3,2024Q2
2024-06-26,XLF,0.002013302140220663,-0.0038083506622392134,3,2024Q2
2024-06-26,XLI,-0.011153752495294045,-0.001209735331388869,3,2024Q2
2024-06-26,XLK,0.015303878820999595,0.001124709845821941,3,2024Q2
2024-06-26,XLP,-0.021392661325386753,-0.0034211088043831633,3,2024Q2
2024-06-26,XLRE,-0.0003140040931999266,-0.00537134411875121,3,2024Q2
2024-06-26,XLU,-0.016140543228519544,-0.003170771964852889,3,2024Q2
2024-06-26,XLV,-0.03013930984728108,-0.002916661344783984,3,2024Q2
2024-06-26,XLY,0.013311397724583562,-0.0023677110775256307,3,2024Q2
2024-06-27,XLB,-0.020117019141324355,-0.0015816977004677367,3,2024Q2
2024-06-27,XLC,1.700481286803779e-05,0.0004351560172797944,3,2024Q2
2024-06-27,XLE,-0.022845514073300266,0.0012914482070333758,3,2024Q2
2024-06-27,XLF,-0.0012236439824742096,-0.0032085783886986905,3,2024Q2
2024-06-27,XLI,-0.020061562594372306,-0.0004150712167948328,3,2024Q2
2024-06-27,XLK,0.013712864485498688,0.0012790179666413116,3,2024Q2
2024-06-27,XLP,-0.009156023762410426,-0.0029377060908852273,3,2024Q2
2024-06-27,XLRE,-0.009886919139957762,-0.004434054111254277,3,2024Q2
2024-06-27,XLU,-0.020360468457394476,-0.0028925126978479303,3,2024Q2
2024-06-27,XLV,-0.02514517501695024,-0.0022289980944579786,3,2024Q2
2024-06-27,XLY,0.011158125751252745,-0.0011853026898155893,3,2024Q2
2024-06-28,XLB,-0.022021225512950937,-0.0014891043150275216,3,2024Q2
2024-06-28,XLC,-0.005029644716701975,0.00027555803279672917,3,2024Q2
2024-06-28,XLE,-0.03787614689801588,0.0016712824564165513,3,2024Q2
2024-06-28,XLF,-0.012538669466675145,-0.003088407386949794,3,2024Q2
2024-06-28,XLI,-0.02442539604847105,-0.0003008670202936126,3,2024Q2
2024-06-28,XLK,0.0161004455964453,0.001421713718022943,3,2024Q2
2024-06-28,XLP,-0.011443060599167776,-0.0025556581288862534,3,2024Q2
2024-06-28,XLRE,-0.020843361363644286,-0.004760617985016223,3,2024Q2
2024-06-28,XLU,-0.01327834311209597,-0.0025595132281509957,3,2024Q2
2024-06-28,XLV,-0.030614258825935048,-0.001981519403078697,3,2024Q2
2024-06-28,XLY,0.017999704792373006,-0.002138948953412387,3,2024Q2
2024-07-01,XLB,-0.01565210158576469,-0.004797344651311913,4,2024Q3
2024-07-01,XLC,0.003525890104761009,-0.0019904061284919043,4,2024Q3
2024-07-01,XLE,-0.04597175494573158,-0.00313745897914094,4,2024Q3
2024-07-01,XLF,-0.005867854417712648,-0.006746705933215604,4,2024Q3
2024-07-01,XLI,-0.01689487395759426,-0.004867162691579344,4,2024Q3
2024-07-01,XLK,0.008596968125436755,0.0011140594108680303,4,2024Q3
2024-07-01,XLP,-0.005803376345364208,-0.007147041474594331,4,2024Q3
2024-07-01,XLRE,-0.00975364658334299,-0.006929787794680094,4,2024Q3
2024-07-01,XLU,-0.0022231322437129553,-0.007453891895235071,4,2024Q3
2024-07-01,XLV,-0.019079371326779615,-0.006444147743988212,4,2024Q3
2024-07-01,XLY,0.0190298171190606,-0.003684895721262578,4,2024Q3
2024-07-02,XLB,-0.007268923596605248,-0.004086113235994461,4,2024Q3
2024-07-02,XLC,-0.0023199238611755213,-0.0012265254174741542,4,2024Q3
2024-07-02,XLE,-0.04184498069210951,-0.0011768189522956794,4,2024Q3
2024-07-02,XLF,-0.01690394393733552,-0.0064420402462273835,4,2024Q3
2024-07-02,XLI,-0.016647553453004837,-0.00418745599144389,4,2024Q3
2024-07-02,XLK,0.015119292126338557,0.0012073933491277419,4,2024Q3
2024-07-02,XLP,-0.01158242362937112,-0.006658486322262026,4,2024Q3
2024-07-02,XLRE,-0.010118513180936706,-0.006716005361228379,4,2024Q3
2024-07-02,XLU,-0.001104918472881744,-0.007118798914831596,4,2024Q3
2024-07-02,XLV,-0.00912577921043578,-0.006085502022786715,4,2024Q3
2024-07-02,XLY,0.0036792261209868116,-0.002659848045412225,4,2024Q3
2024-07-03,XLB,0.012318952051074694,-0.004542584945953072,4,2024Q3
2024-07-03,XLC,-0.003295232633859335,-0.0014726274065638323,4,2024Q3
2024-07-03,XLE,-0.022650578887618456,-0.0022689555704874967,4,2024Q3
2024-07-03,XLF,0.007503390081936789,-0.006203633228400078,4,2024Q3
2024-07-03,XLI,0.0057744194227462575,-0.004267400417105074,4,2024Q3
2024-07-03,XLK,-0.010998271140101323,0.001360775077468035,4,2024Q3
2024-07-03,XLP,-0.0003380636336789422,-0.006912170844083831,4,2024Q3
2024-07-03,XLRE,0.03125328601697008,-0.006685298983856196,4,2024Q3
2024-07-03,XLU,0.02465401595538186,-0.007564656970796042,4,2024Q3
2024-07-03,XLV,0.019159278488525944,-0.006294989224892078,4,2024Q3
2024-07-03,XLY,-0.0024460276422202387,-0.002482218312780125,4,2024Q3
2024-07-05,XLB,0.01993317068440037,-0.004526632904044406,4,2024Q3
2024-07-05,XLC,-0.02616823007452107,-0.0014150632805052655,4,2024Q3
2024-07-05,XLE,-0.0049844092009248,-0.0014762834038498764,4,2024Q3
2024-07-05,XLF,0.010575576841438838,-0.006106509171675531,4,2024Q3
2024-07-05,XLI,0.014772516365839206,-0.0039504299914429174,4,2024Q3
2024-07-05,XLK,-0.005695363974257628,0.0008606533924499638,4,2024Q3
2024-07-05,XLP,-0.008741269918848493,-0.0066785964987011595,4,2024Q3
2024-07-05,XLRE,0.03447942993342856,-0.006576814321682896,4,2024Q3
2024-07-05,XLU,0.029887291017084205,-0.00768072880656484,4,2024Q3
2024-07-05,XLV,0.017083554431724712,-0.005929292707592727,4,2024Q3
2024-07-05,XLY,0.001923041756015209,-0.0026219814369115436,4,2024Q3
2024-07-08,XLB,0.012678174036754086,-0.005617094744888945,4,2024Q3
2024-07-08,XLC,-0.015279958990739084,-0.0014840236258028478,4,2024Q3
2024-07-08,XLE,0.014875070497278209,-0.0020118238641805906,4,2024Q3
2024-07-08,XLF,0.026639662222498472,-0.007227618014792979,4,2024Q3
2024-07-08,XLI,0.019229710136936307,-0.005045616956281575,4,2024Q3
2024-07-08,XLK,-0.01232181725534165,0.0008660469978264753,4,2024Q3
2024-07-08,XLP,-0.01462084292955057,-0.00751705541477682,4,2024Q3
2024-07-08,XLRE,0.03485017393842238,-0.008238428935313303,4,2024Q3
2024-07-08,XLU,0.0020058570444119184,-0.008016146061416794,4,2024Q3
2024-07-08,XLV,0.013007848773407549,-0.006699382059464312,4,2024Q3
2024-07-08,XLY,-0.001328976295638773,-0.0029709395130459956,4,2024Q3
2024-07-09,XLB,0.03828536360675816,-0.006126634955963262,4,2024Q3
2024-07-09,XLC,-0.020734684622994215,-0.001716332734592369,4,2024Q3
2024-07-09,XLE,0.023618571890559714,-0.00248709325781721,4,2024Q3
2024-07-09,XLF,0.025412388493496252,-0.007568889258902306,4,2024Q3
2024-07-09,XLI,0.04455997217419849,-0.0054534269876366104,4,2024Q3
2024-07-09,XLK,-0.019849711516829682,0.0008340797993306629,4,2024Q3
2024-07-09,XLP,-0.007439965454201447,-0.008097950033113158,4,2024Q3
2024-07-09,XLRE,0.039464908453576086,-0.008422271993534973,4,2024Q3
2024-07-09,XLU,0.001899066401847005,-0.008482102144100088,4,2024Q3
2024-07-09,XLV,0.017609491355726536,-0.007547275960349964,4,2024Q3
2024-07-09,XLY,0.00836472820939127,-0.0028678485283397644,4,2024Q3
2024-07-10,XLB,0.04625152603289595,-0.006285724886012561,4,2024Q3
2024-07-10,XLC,-0.01782630704818311,-0.0019941168742250615,4,2024Q3
2024-07-10,XLE,0.05099909657891066,-0.002500203775866612,4,2024Q3
2024-07-10,XLF,0.05337688442501576,-0.006373757943338776,4,2024Q3
2024-07-10,XLI,0.04577875748633753,-0.0052321505846558035,4,2024Q3
2024-07-10,XLK,-0.04823870108739936,0.0007186373100564452,4,2024Q3
2024-07-10,XLP,0.025115697200268405,-0.007486686920365159,4,2024Q3
2024-07-10,XLRE,0.06547047816341722,-0.007646386658361253,4,2024Q3
2024-07-10,XLU,0.017015645461169182,-0.007637317284031121,4,2024Q3
2024-07-10,XLV,0.03664393236640473,-0.006768515353736614,4,2024Q3
2024-07-10,XLY,0.007803035701560601,-0.003071927377595923,4,2024Q3
2024-07-11,XLB,0.02114391692384532,-0.006689024672744582,4,2024Q3
2024-07-11,XLC,-0.0058389681007459115,-0.002456813544948128,4,2024Q3
2024-07-11,XLE,0.04119839061165831,-0.003160473082772878,4,2024Q3
2024-07-11,XLF,0.0317225318887554,-0.006186493824429186,4,2024Q3
2024-07-11,XLI,0.023791766134100167,-0.00568559608220954,4,2024Q3
2024-07-11,XLK,-0.024853370268143493,0.0003109486413487312,4,2024Q3
2024-07-11,XLP,0.02294550069954504,-0.008042676356057387,4,2024Q3
2024-07-11,XLRE,0.028527045857154598,-0.007891169472823915,4,2024Q3
2024-07-11,XLU,-0.002889451494697437,-0.007238087018536847,4,2024Q3
2024-07-11,XLV,0.005303667943911683,-0.0066518778471272005,4,2024Q3
2024-07-11,XLY,0.009403991161944236,-0.0031297744476752416,4,2024Q3
2024-07-12,XLB,0.01533381564923375,-0.006661574712836772,4,2024Q3
2024-07-12,XLC,0.005739836346821958,-0.0027211182444819453,4,2024Q3
2024-07-12,XLE,0.04008068029622125,-0.0029457643835167167,4,2024Q3
2024-07-12,XLF,0.030733344771435078,-0.00611760608680059,4,2024Q3
2024-07-12,XLI,0.025199658228487243,-0.005355173657690477,4,2024Q3
2024-07-12,XLK,-0.035660470443143466,0.0002752794216630901,4,2024Q3
2024-07-12,XLP,0.02790660365361375,-0.007684746340839527,4,2024Q3
2024-07-12,XLRE,0.032646458727130234,-0.008099864787262585,4,2024Q3
2024-07-12,XLU,0.0037857843949209435,-0.007294015611113907,4,2024Q3
2024-07-12,XLV,0.01694542683936129,-0.0060924218690056806,4,2024Q3
2024-07-12,XLY,0.000425494195695042,-0.0033848265900377423,4,2024Q3
2024-07-15,XLB,0.013803142264320667,-0.004892140910821017,4,2024Q3
2024-07-15,XLC,-0.0010241401717032694,-0.0025457365674332695,4,2024Q3
2024-07-15,XLE,0.011163981717883131,-0.0015890794579468096,4,2024Q3
2024-07-15,XLF,0.014345262673120307,-0.004672064228499138,4,2024Q3
2024-07-15,XLI,0.02080744850021976,-0.004026451127433513,4,2024Q3
2024-07-15,XLK,-0.022416021192376956,-0.00019992811001919345,4,2024Q3
2024-07-15,XLP,0.027057434222501064,-0.006095587976087202,4,2024Q3
2024-07-15,XLRE,0.03092753822208716,-0.006978255305186353,4,2024Q3
2024-07-15,XLU,0.02936715384273414,-0.007065099450609529,4,2024Q3
2024-07-15,XLV,0.018817383241333308,-0.005180313993256399,4,2024Q3
2024-07-15,XLY,0.0049850255311766345,-0.003419078457425841,4,2024Q3
2024-07-16,XLB,0.006031476464427699,-0.004353858518941354,4,2024Q3
2024-07-16,XLC,0.00234432277440233,-0.0018480426914101655,4,2024Q3
2024-07-16,XLE,-0.0017279653451747201,-0.0004830492589129495,4,2024Q3
2024-07-16,XLF,0.012257466605533396,-0.0033477475906681037,4,2024Q3
2024-07-16,XLI,0.0017513719771927727,-0.002198831717741631,4,2024Q3
2024-07-16,XLK,-0.015682669475476696,0.00015726670173708108,4,2024Q3
2024-07-16,XLP,0.021159086836710195,-0.005218768354038109,4,2024Q3
2024-07-16,XLRE,0.02701557860991488,-0.005683229184458041,4,2024Q3
2024-07-16,XLU,0.022612482938935585,-0.005461856279321492,4,2024Q3
2024-07-16,XLV,0.01140781945881486,-0.0037207540083993348,4,2024Q3
2024-07-16,XLY,-0.00950624578996262,-0.002711885498780594,4,2024Q3
2024-07-17,XLB,0.004032600221209326,-0.005393384297333473,4,2024Q3
2024-07-17,XLC,-8.315168243011595e-05,-0.0030559093055355637,4,2024Q3
2024-07-17,XLE,-0.002686951403093496,-0.0015604327032379068,4,2024Q3
2024-07-17,XLF,-8.987461757392623e-05,-0.003823385604478347,4,2024Q3
2024-07-17,XLI,0.001656935949198246,-0.0037416430491534875,4,2024Q3
2024-07-17,XLK,-0.009588692249372754,0.00018941252091485522,4,2024Q3
2024-07-17,XLP,0.016142682265613995,-0.005323265566771794,4,2024Q3
2024-07-17,XLRE,0.013048782190283159,-0.005895850016773316,4,2024Q3
2024-07-17,XLU,0.04190047490229443,-0.006079270904188041,4,2024Q3
2024-07-17,XLV,0.023757062048644695,-0.00428218656568711,4,2024Q3
2024-07-17,XLY,-0.02480874698642188,-0.0035473194944535017,4,2024Q3
2024-07-18,XLB,0.014125787263578493,-0.004476659275673143,4,2024Q3
2024-07-18,XLC,-0.013167535970198707,-0.0025305153657479793,4,2024Q3
2024-07-18,XLE,0.009829789237994158,-0.0005591084636017194,4,2024Q3
2024-07-18,XLF,0.013079375526449666,-0.0036046654809008647,4,2024Q3
2024-07-18,XLI,0.014793626842484975,-0.003388989239217295,4,2024Q3
2024-07-18,XLK,-0.022392811162423087,-0.0001255480686196259,4,2024Q3
2024-07-18,XLP,0.01748828102023081,-0.004359791292941964,4,2024Q3
2024-07-18,XLRE,0.013456972057892314,-0.0055894208413508565,4,2024Q3
2024-07-18,XLU,0.0319228607510913,-0.0051249951957607984,4,2024Q3
2024-07-18,XLV,0.03937873298404537,-0.004563696613183222,4,2024Q3
2024-07-18,XLY,-0.02123408142552974,-0.003110447566756341,4,2024Q3
2024-07-19,XLB,0.021826954836398182,-0.005388729745151328,4,2024Q3
2024-07-19,XLC,-0.008278848954034301,-0.002670930150980071,4,2024Q3
2024-07-19,XLE,0.006339262319269956,-0.0024478575586298454,4,2024Q3
2024-07-19,XLF,0.021356791764607252,-0.004878220021804496,4,2024Q3
2024-07-19,XLI,0.01973985694352509,-0.004119978753697585,4,2024Q3
2024-07-19,XLK,-0.01249350819747641,8.927508348913877e-05,4,2024Q3
2024-07-19,XLP,0.013410241745204332,-0.005376370660427905,4,2024Q3
2024-07-19,XLRE,0.013718704794710379,-0.005561011623838744,4,2024Q3
2024-07-19,XLU,0.02311754912454289,-0.005493962012179516,4,2024Q3
2024-07-19,XLV,0.02242198361095704,-0.003923306872916334,4,2024Q3
2024-07-19,XLY,-0.019399609615992963,-0.00346112449925989,4,2024Q3
2024-07-22,XLB,0.029776645876368746,-0.004662936554369886,4,2024Q3
2024-07-22,XLC,0.0057800525843434425,-0.002341907082343528,4,2024Q3
2024-07-22,XLE,0.013582235786897101,-0.0012895681803541301,4,2024Q3
2024-07-22,XLF,0.023864947206717724,-0.004061519602762667,4,2024Q3
2024-07-22,XLI,0.017355402672457165,-0.003272694175486588,4,2024Q3
2024-07-22,XLK,-0.029846953940495857,0.0008495116182134779,4,2024Q3
2024-07-22,XLP,0.022694130926627643,-0.004906342955889241,4,2024Q3
2024-07-22,XLRE,0.01978657673508677,-0.005131985933359752,4,2024Q3
2024-07-22,XLU,0.02871907368512916,-0.004725842786976254,4,2024Q3
2024-07-22,XLV,0.026774044732181923,-0.0031104312072764463,4,2024Q3
2024-07-22,XLY,-0.004393498246464511,-0.0024354100690600466,4,2024Q3
2024-07-23,XLB,0.02589906469643677,-0.004580048134699085,4,2024Q3
2024-07-23,XLC,0.014593602136611428,-0.0034563059609386214,4,2024Q3
2024-07-23,XLE,0.04883757809121003,-0.002055463273164505,4,2024Q3
2024-07-23,XLF,0.03702366467190221,-0.004029036777615394,4,2024Q3
2024-07-23,XLI,0.02564053173035541,-0.0034980683946319114,4,2024Q3
2024-07-23,XLK,-0.04662321899797084,0.00035479824647398264,4,2024Q3
2024-07-23,XLP,0.022941648763493694,-0.005250609097300871,4,2024Q3
2024-07-23,XLRE,0.03229059447156657,-0.0050988700928095414,4,2024Q3
2024-07-23,XLU,0.04375348782609034,-0.005224538992031196,4,2024Q3
2024-07-23,XLV,0.03170056630507356,-0.0033967700108061463,4,2024Q3
2024-07-23,XLY,-0.00200474329669742,-0.0026445252685821374,4,2024Q3
2024-07-24,XLB,0.010533032977167567,-0.0064208072830847195,4,2024Q3
2024-07-24,XLC,0.014421809805942987,-0.003797862414325613,4,2024Q3
2024-07-24,XLE,0.014068450035570557,-0.003565906859847794,4,2024Q3
2024-07-24,XLF,0.009542413902359437,-0.0059254653171187666,4,2024Q3
2024-07-24,XLI,0.02020849806834457,-0.004467245119661126,4,2024Q3
2024-07-24,XLK,-0.0041743901290365315,0.00019508428220675156,4,2024Q3
2024-07-24,XLP,-0.01692911574433742,-0.006112923166587906,4,2024Q3
2024-07-24,XLRE,0.00489143389067026,-0.005971644054795272,4,2024Q3
2024-07-24,XLU,0.006501068376943753,-0.0054074417388810725,4,2024Q3
2024-07-24,XLV,-0.01930181097980954,-0.0035430126438607597,4,2024Q3
2024-07-24,XLY,0.016441882460554336,-0.002956598160184596,4,2024Q3
2024-07-25,XLB,0.012711611105848064,-0.007032409681784115,4,2024Q3
2024-07-25,XLC,0.03989838937025203,-0.0025580527728087197,4,2024Q3
2024-07-25,XLE,-0.02116609056380281,-0.004367578634634464,4,2024Q3
2024-07-25,XLF,0.00034729375303976795,-0.00566415004030172,4,2024Q3
2024-07-25,XLI,0.002005527875575064,-0.005055190021009866,4,2024Q3
2024-07-25,XLK,-0.022262830206672746,-0.00013475254639675176,4,2024Q3
2024-07-25,XLP,0.002653236302313955,-0.006953152271499225,4,2024Q3
2024-07-25,XLRE,0.035640049518782746,-0.006489132558751536,4,2024Q3
2024-07-25,XLU,0.04281841364115757,-0.0063979080223275035,4,2024Q3
2024-07-25,XLV,0.005136582616132479,-0.004161949976709332,4,2024Q3
2024-07-25,XLY,0.004192357000856628,-0.00378763118435348,4,2024Q3
2024-07-26,XLB,0.0070714883089607605,-0.005277593124782307,4,2024Q3
2024-07-26,XLC,0.0336214199510253,-0.0023049572911952544,4,2024Q3
2024-07-26,XLE,-0.019914658142330954,-0.00454098210178015,4,2024Q3
2024-07-26,XLF,-0.00990273375882944,-0.004235240854868043,4,2024Q3
2024-07-26,XLI,-0.007069941857492101,-0.003161847305897834,4,2024Q3
2024-07-26,XLK,-0.032253141079754855,-2.5272094846745703e-05,4,2024Q3
2024-07-26,XLP,0.03100625829690673,-0.0064903718191826835,4,2024Q3
2024-07-26,XLRE,0.04893976927537802,-0.0062343088649552065,4,2024Q3
2024-07-26,XLU,0.06405122698750343,-0.006108775694635446,4,2024Q3
2024-07-26,XLV,0.027197691823445003,-0.003999737141850078,4,2024Q3
2024-07-26,XLY,-0.014125084880647787,-0.003706657540948775,4,2024Q3
2024-07-29,XLB,0.012442324444807862,-0.00569126729676866,4,2024Q3
2024-07-29,XLC,0.025035653404352765,-0.0022197398795714036,4,2024Q3
2024-07-29,XLE,-0.003896883987054456,-0.005716919106413899,4,2024Q3
2024-07-29,XLF,-0.007640142134694883,-0.004844486011596363,4,2024Q3
2024-07-29,XLI,0.006796198242005058,-0.00365306924057996,4,2024Q3
2024-07-29,XLK,-0.03064217703417449,0.0011253100945753792,4,2024Q3
2024-07-29,XLP,0.0398174660621603,-0.006904991355507848,4,2024Q3
2024-07-29,XLRE,0.04196595922122126,-0.00652656821450083,4,2024Q3
2024-07-29,XLU,0.06103140241311855,-0.005786026220031273,4,2024Q3
2024-07-29,XLV,0.028801151751579823,-0.004501243771797251,4,2024Q3
2024-07-29,XLY,-0.02773136319200087,-0.002877454100019782,4,2024Q3
2024-07-30,XLB,0.006905445384095321,-0.005660307955880439,4,2024Q3
2024-07-30,XLC,0.018930764148405888,-0.0019923616284615734,4,2024Q3
2024-07-30,XLE,-0.02629385844601806,-0.004488787859009211,4,2024Q3
2024-07-30,XLF,-0.016968173957680244,-0.004410401678265912,4,2024Q3
2024-07-30,XLI,0.0018272540376649271,-0.0029128187661320434,4,2024Q3
2024-07-30,XLK,-0.007776364708051764,0.0011322179631121304,4,2024Q3
2024-07-30,XLP,0.03982915540785115,-0.007138176007671267,4,2024Q3
2024-07-30,XLRE,0.04292054043088256,-0.006377321080291211,4,2024Q3
2024-07-30,XLU,0.05067872338895962,-0.005417355551078769,4,2024Q3
2024-07-30,XLV,0.018844950634883784,-0.00408340670166574,4,2024Q3
2024-07-30,XLY,-0.02598809367013666,-0.002494412188130841,4,2024Q3
2024-07-31,XLB,0.0056227628724949685,-0.0046035743042701785,4,2024Q3
2024-07-31,XLC,0.02398229233972038,-0.001329247352928689,4,2024Q3
2024-07-31,XLE,-0.004714775706131991,-0.0035359560441160904,4,2024Q3
2024-07-31,XLF,0.008299997342733567,-0.004211717937500052,4,2024Q3
2024-07-31,XLI,0.008313837068410934,-0.0020191506344767844,4,2024Q3
2024-07-31,XLK,-0.039711854308497774,0.0015278189746771964,4,2024Q3
2024-07-31,XLP,0.06440583557231416,-0.006609822300132331,4,2024Q3
2024-07-31,XLRE,0.0598252486872507,-0.0056960309219871025,4,2024Q3
2024-07-31,XLU,0.06510027836235699,-0.004347863814879835,4,2024Q3
2024-07-31,XLV,0.034175575025113814,-0.004472049332213697,4,2024Q3
2024-07-31,XLY,-0.03464970986067195,-0.0020487230047308595,4,2024Q3
2024-08-01,XLB,-0.011453962970083942,-0.0052609087146600775,4,2024Q3
2024-08-01,XLC,0.0036071475747236903,-0.002514821064422055,4,2024Q3
2024-08-01,XLE,0.0059006496157547605,-0.004877300515825923,4,2024Q3
2024-08-01,XLF,0.0018900265916238501,-0.005574850683992378,4,2024Q3
2024-08-01,XLI,0.012960433934357973,-0.0030465344318983587,4,2024Q3
2024-08-01,XLK,-0.005390286009886669,0.0017213901784059625,4,2024Q3
2024-08-01,XLP,0.02861666365208526,-0.006459061119242274,4,2024Q3
2024-08-01,XLRE,0.017263565658001245,-0.00576796672957302,4,2024Q3
2024-08-01,XLU,0.012775507025976518,-0.004657570433541852,4,2024Q3
2024-08-01,XLV,0.01006023879351492,-0.003581519048108702,4,2024Q3
2024-08-01,XLY,-0.027158705621774137,-0.001960825207659738,4,2024Q3
2024-08-02,XLB,-0.016606026270178376,-0.004441407249293013,4,2024Q3
2024-08-02,XLC,0.005377489932779422,-0.0012068504641320377,4,2024Q3
2024-08-02,XLE,0.011256452145648854,-0.002772395091839887,4,2024Q3
2024-08-02,XLF,0.007914802745847105,-0.0035371730634089723,4,2024Q3
2024-08-02,XLI,0.012460461756563124,-0.002284598366437447,4,2024Q3
2024-08-02,XLK,0.004276208519656599,0.0020461525640908364,4,2024Q3
2024-08-02,XLP,-0.001556724717712732,-0.00476681355929483,4,2024Q3
2024-08-02,XLRE,-0.001363344937063693,-0.004338976634414798,4,2024Q3
2024-08-02,XLU,-0.008387696167242553,-0.0036148467144624607,4,2024Q3
2024-08-02,XLV,-0.006002110076494871,-0.0033106281814061986,4,2024Q3
2024-08-02,XLY,-0.010500404023773391,-0.0023603777814911533,4,2024Q3
2024-08-05,XLB,-0.029122068813521862,-0.004346983843825604,4,2024Q3
2024-08-05,XLC,-0.002647802032031077,-0.0016672305272020878,4,2024Q3
2024-08-05,XLE,0.008616656226780872,-0.0034519411672389896,4,2024Q3
2024-08-05,XLF,0.0020985339037200568,-0.004552408176761458,4,2024Q3
2024-08-05,XLI,-0.005422220145166801,-0.002635073920491396,4,2024Q3
2024-08-05,XLK,0.01683683157283067,0.001976084761147126,4,2024Q3
2024-08-05,XLP,-0.017198922220376556,-0.005751992651281557,4,2024Q3
2024-08-05,XLRE,-0.008326211871651168,-0.005114358916340956,4,2024Q3
2024-08-05,XLU,-0.010230841490878717,-0.004141693991050433,4,2024Q3
2024-08-05,XLV,-0.013141094727283864,-0.0041732350027138395,4,2024Q3
2024-08-05,XLY,-0.01628317997971296,-0.0021936059393408186,4,2024Q3
2024-08-06,XLB,-0.03165036833900192,-0.004496360406123356,4,2024Q3
2024-08-06,XLC,-0.008793750953784762,-0.001713633976259151,4,2024Q3
2024-08-06,XLE,-0.015098710478305799,-0.0032930901826994587,4,2024Q3
2024-08-06,XLF,-0.013273225046119608,-0.004762113463599618,4,2024Q3
2024-08-06,XLI,-0.014331748365122632,-0.0018182223501843893,4,2024Q3
2024-08-06,XLK,0.027164988248757016,0.002027978071725254,4,2024Q3
2024-08-06,XLP,-0.026972870252712777,-0.006133335164292636,4,2024Q3
2024-08-06,XLRE,-0.03087228554805499,-0.004367719255870997,4,2024Q3
2024-08-06,XLU,-0.02025251313300802,-0.004015967491191313,4,2024Q3
2024-08-06,XLV,-0.012941664923179053,-0.004549716421145152,4,2024Q3
2024-08-06,XLY,-0.009606918286754196,-0.002407674400279345,4,2024Q3
2024-08-07,XLB,-0.028095097735287178,-0.004815496034114095,4,2024Q3
2024-08-07,XLC,-0.019523861055388725,-0.0022580687162229813,4,2024Q3
2024-08-07,XLE,-0.023526381120170248,-0.0037920569785907716,4,2024Q3
2024-08-07,XLF,-0.01227357473945978,-0.004957715013486271,4,2024Q3
2024-08-07,XLI,-0.015442005046773843,-0.0021212639403483556,4,2024Q3
2024-08-07,XLK,0.04035545269729002,0.0018881511553388805,4,2024Q3
2024-08-07,XLP,-0.03369130741444315,-0.006464646039632012,4,2024Q3
2024-08-07,XLRE,-0.030192839590132747,-0.004899227424734795,4,2024Q3
2024-08-07,XLU,-0.036911775675881,-0.0038540282188819575,4,2024Q3
2024-08-07,XLV,-0.008993793447589438,-0.0052523406980499185,4,2024Q3
2024-08-07,XLY,-0.0072102943494281035,-0.002462951881041414,4,2024Q3
2024-08-08,XLB,-0.021602434427498318,-0.005638631442195731,4,2024Q3
2024-08-08,XLC,-0.024378133160651405,-0.002870046376785898,4,2024Q3
2024-08-08,XLE,-0.027005142969360296,-0.004566987579425223,4,2024Q3
2024-08-08,XLF,-0.013116958398982081,-0.005068011794247327,4,2024Q3
2024-08-08,XLI,-0.018992385169899872,-0.0025970176998560113,4,2024Q3
2024-08-08,XLK,0.037472463648789534,0.0014553795048646897,4,2024Q3
2024-08-08,XLP,-0.026306758001972685,-0.0063063033696479955,4,2024Q3
2024-08-08,XLRE,-0.03551930143727966,-0.005545590484305531,4,2024Q3
2024-08-08,XLU,-0.03202651559716552,-0.00471888944042619,4,2024Q3
2024-08-08,XLV,-0.018998931563251276,-0.004914818893010112,4,2024Q3
2024-08-08,XLY,0.009200205575045084,-0.0034061531741780655,4,2024Q3
2024-08-09,XLB,-0.017304273518353952,-0.005361714181696987,4,2024Q3
2024-08-09,XLC,-0.02767825312365857,-0.002300610140027162,4,2024Q3
2024-08-09,XLE,-0.028145253335153386,-0.0037135629944299348,4,2024Q3
2024-08-09,XLF,-0.007689429728406472,-0.004910846018623918,4,2024Q3
2024-08-09,XLI,-0.018356077164809914,-0.002438235329525697,4,2024Q3
2024-08-09,XLK,0.03669039380516148,0.0018942420380731778,4,2024Q3
2024-08-09,XLP,-0.02281818573264971,-0.006055791432189273,4,2024Q3
2024-08-09,XLRE,-0.03880486433148511,-0.005484787880813505,4,2024Q3
2024-08-09,XLU,-0.028725108586642012,-0.00475434351960044,4,2024Q3
2024-08-09,XLV,-0.020731514585003552,-0.00460569026849435,4,2024Q3
2024-08-09,XLY,0.010417971554274708,-0.0029709582218918223,4,2024Q3
2024-08-12,XLB,-0.017296280285785004,-0.005134060786323948,4,2024Q3
2024-08-12,XLC,-0.018431417932014194,-0.0022619127976452763,4,2024Q3
2024-08-12,XLE,-0.035703882991364067,-0.004267231743377547,4,2024Q3
2024-08-12,XLF,-0.006007874708237049,-0.005144166204477907,4,2024Q3
2024-08-12,XLI,-0.016316131333560024,-0.0024317907908982662,4,2024Q3
2024-08-12,XLK,0.03617896582915403,0.002032558298098452,4,2024Q3
2024-08-12,XLP,-0.023615587684370887,-0.006084762120298719,4,2024Q3
2024-08-12,XLRE,-0.036159486732601165,-0.005981465153749918,4,2024Q3
2024-08-12,XLU,-0.033255584068061284,-0.0041374040294948,4,2024Q3
2024-08-12,XLV,-0.020011128664076283,-0.004476918930004586,4,2024Q3
2024-08-12,XLY,0.018156303412023345,-0.0024684205764599464,4,2024Q3
2024-08-13,XLB,-0.012543712108697092,-0.005593407904340746,4,2024Q3
2024-08-13,XLC,-0.013703541206371739,-0.001584351103361259,4,2024Q3
2024-08-13,XLE,-0.03410728322707668,-0.004620940014571448,4,2024Q3
2024-08-13,XLF,0.0007714323485692454,-0.005026791728639856,4,2024Q3
2024-08-13,XLI,-0.011207927935398487,-0.0024283987810784532,4,2024Q3
2024-08-13,XLK,0.01877755184243557,0.002078614835923454,4,2024Q3
2024-08-13,XLP,-0.00456964122139536,-0.006348269303445853,4,2024Q3
2024-08-13,XLRE,-0.023567280278486313,-0.005894008916613232,4,2024Q3
2024-08-13,XLU,-0.022646214993514047,-0.004446294178030085,4,2024Q3
2024-08-13,XLV,-0.009574516999274252,-0.003962376828065674,4,2024Q3
2024-08-13,XLY,0.009769878917679886,-0.002776195092703752,4,2024Q3
2024-08-14,XLB,-0.0011544282883826362,-0.005578313463782909,4,2024Q3
2024-08-14,XLC,-0.0038048250777815706,-0.0024914204847592573,4,2024Q3
2024-08-14,XLE,-0.038511320875875055,-0.00475540294761871,4,2024Q3
2024-08-14,XLF,-0.013603684568865404,-0.0046077069353653455,4,2024Q3
2024-08-14,XLI,-0.009504483912993411,-0.002587693889317839,4,2024Q3
2024-08-14,XLK,0.018916532518009177,0.002054853622260563,4,2024Q3
2024-08-14,XLP,-0.0025868829269775073,-0.0066772551106561865,4,2024Q3
2024-08-14,XLRE,-0.02412052545155996,-0.006338892075033536,4,2024Q3
2024-08-14,XLU,-0.015105157836624139,-0.004862800553289144,4,2024Q3
2024-08-14,XLV,-0.011784380661540528,-0.004252093454873062,4,2024Q3
2024-08-14,XLY,0.02827999363774758,-0.002837726536027565,4,2024Q3
2024-08-15,XLB,0.006022404774002066,-0.005656031377177998,4,2024Q3
2024-08-15,XLC,0.004653355624692823,-0.0021502494852883277,4,2024Q3
2024-08-15,XLE,-0.0223676688430835,-0.004577255639029592,4,2024Q3
2024-08-15,XLF,0.008113494249682551,-0.004168148859282517,4,2024Q3
2024-08-15,XLI,0.0009895361110254797,-0.0015714649775751945,4,2024Q3
2024-08-15,XLK,-0.00859101612743185,0.0025917925981856172,4,2024Q3
2024-08-15,XLP,0.010744921952568154,-0.005779605519496549,4,2024Q3
2024-08-15,XLRE,0.010302608195715157,-0.006524541928837837,4,2024Q3
2024-08-15,XLU,0.009147319656788389,-0.00471426899987772,4,2024Q3
2024-08-15,XLV,0.0078596228617267,-0.003983527978508399,4,2024Q3
2024-08-15,XLY,0.0031167789517889677,-0.0021596972269867436,4,2024Q3
2024-08-16,XLB,0.00974132730324695,-0.005416432983737826,4,2024Q3
2024-08-16,XLC,0.0002675156058333794,-0.002168185801288771,4,2024Q3
2024-08-16,XLE,-0.01499190033397202,-0.004976136559225544,4,2024Q3
2024-08-16,XLF,0.0009711918054478019,-0.0036056356770803647,4,2024Q3
2024-08-16,XLI,0.004085644696831148,-0.0016220823240051673,4,2024Q3
2024-08-16,XLK,-0.0025448470104119103,0.0025158349480256218,4,2024Q3
2024-08-16,XLP,0.002412057690502678,-0.005686185185236379,4,2024Q3
2024-08-16,XLRE,0.02196499372424321,-0.006917916870291841,4,2024Q3
2024-08-16,XLU,-0.0009426642323600021,-0.0049161608873625195,4,2024Q3
2024-08-16,XLV,0.002769455800089471,-0.0043069746454200645,4,2024Q3
2024-08-16,XLY,0.011775623029505633,-0.0019243032249479082,4,2024Q3
2024-08-19,XLB,0.021407872162147568,-0.005197957867892046,4,2024Q3
2024-08-19,XLC,0.0031641992829862797,-0.001681537486986987,4,2024Q3
2024-08-19,XLE,-0.0007910882976824851,-0.004859020864077445,4,2024Q3
2024-08-19,XLF,0.010615769468204306,-0.0036542476667804193,4,2024Q3
2024-08-19,XLI,0.008851150662260165,-0.0020693586695268652,4,2024Q3
2024-08-19,XLK,-0.019438093691594438,0.002562364200226044,4,2024Q3
2024-08-19,XLP,0.018193443609763937,-0.005603867698895689,4,2024Q3
2024-08-19,XLRE,0.027100602609093194,-0.0069927336349988566,4,2024Q3
2024-08-19,XLU,0.010970262261038144,-0.005075505171640944,4,2024Q3
2024-08-19,XLV,0.008099451064389473,-0.0041778540041912,4,2024Q3
2024-08-19,XLY,0.003447543570682887,-0.0020018174163221477,4,2024Q3
2024-08-20,XLB,0.02223290927952415,-0.0050443525259070985,4,2024Q3
2024-08-20,XLC,-0.0014484596673536299,-0.0016445235049975721,4,2024Q3
2024-08-20,XLE,0.013712728312285538,-0.004652974304125035,4,2024Q3
2024-08-20,XLF,0.016079970725620063,-0.0036497538172949114,4,2024Q3
2024-08-20,XLI,0.009246308487570687,-0.0019026996031936247,4,2024Q3
2024-08-20,XLK,-0.013011650943202557,0.002599525465925357,4,2024Q3
2024-08-20,XLP,0.012619332890694723,-0.0049892090683251724,4,2024Q3
2024-08-20,XLRE,0.025723203819407292,-0.006386838125728572,4,2024Q3
2024-08-20,XLU,0.0021031216092097793,-0.004810679121944581,4,2024Q3
2024-08-20,XLV,0.0025872293552855474,-0.0037696151481384135,4,2024Q3
2024-08-20,XLY,-0.001285539998245211,-0.0018181692691523295,4,2024Q3
2024-08-21,XLB,0.015478369254570246,-0.004397732686397732,4,2024Q3
2024-08-21,XLC,-0.0030576125832455503,-0.0010998879996283618,4,2024Q3
2024-08-21,XLE,0.01472028606272835,-0.0045589365257691855,4,2024Q3
2024-08-21,XLF,0.02948074123414257,-0.0035438169026493333,4,2024Q3
2024-08-21,XLI,0.011941022047509464,-0.001759105663663242,4,2024Q3
2024-08-21,XLK,-0.02316910992578991,0.002672430846050169,4,2024Q3
2024-08-21,XLP,0.010745396488915593,-0.004556155775156456,4,2024Q3
2024-08-21,XLRE,0.028020990070455443,-0.006099871668357093,4,2024Q3
2024-08-21,XLU,0.0042710776055520094,-0.004847881045677664,4,2024Q3
2024-08-21,XLV,0.011314380988863726,-0.004053566396428756,4,2024Q3
2024-08-21,XLY,-0.014150180930905698,-0.0011026065288200129,4,2024Q3
2024-08-22,XLB,0.015182817748574218,-0.005306089641709531,4,2024Q3
2024-08-22,XLC,-0.005555740648949814,-0.001737209828985049,4,2024Q3
2024-08-22,XLE,0.017279944459724916,-0.004991391886036818,4,2024Q3
2024-08-22,XLF,0.024774439237187806,-0.0037316588601657183,4,2024Q3
2024-08-22,XLI,0.012342454986336238,-0.0020636383751958917,4,2024Q3
2024-08-22,XLK,-0.017214782325928324,0.002385683981237046,4,2024Q3
2024-08-22,XLP,-0.0007660699340166222,-0.004283996081075835,4,2024Q3
2024-08-22,XLRE,0.00980160231301097,-0.006137968899705975,4,2024Q3
2024-08-22,XLU,0.002951593149479459,-0.004316829402300517,4,2024Q3
2024-08-22,XLV,0.004828029269189349,-0.0035263855262146837,4,2024Q3
2024-08-22,XLY,-0.003666650766200208,-0.0013660917369194884,4,2024Q3
2024-08-23,XLB,0.013957825359336873,-0.00512403311156929,4,2024Q3
2024-08-23,XLC,-0.004814512148943795,-0.0025993052566270517,4,2024Q3
2024-08-23,XLE,0.0070888526354035974,-0.00453805493376931,4,2024Q3
2024-08-23,XLF,0.02672721319750826,-0.004296464263113061,4,2024Q3
2024-08-23,XLI,0.014105254470575534,-0.0029549701462491,4,2024Q3
2024-08-23,XLK,-0.01896562076527819,0.0024653894036312535,4,2024Q3
2024-08-23,XLP,0.005429336475550217,-0.00501305288746276,4,2024Q3
2024-08-23,XLRE,0.0013929650406869776,-0.006757465250687298,4,2024Q3
2024-08-23,XLU,0.008778032458398144,-0.005147957467664748,4,2024Q3
2024-08-23,XLV,0.008500269820453932,-0.00412565556676802,4,2024Q3
2024-08-23,XLY,-0.006749491503968752,-0.001605378513510032,4,2024Q3
2024-08-26,XLB,0.004795135032654496,-0.00471786893438705,4,2024Q3
2024-08-26,XLC,-0.007045306239774396,-0.0028921485744994343,4,2024Q3
2024-08-26,XLE,-0.008481497201785926,-0.003605002283976036,4,2024Q3
2024-08-26,XLF,0.034154052436275895,-0.004118482547101567,4,2024Q3
2024-08-26,XLI,0.010962975545049547,-0.0031346267598099833,4,2024Q3
2024-08-26,XLK,-0.03393702571898671,0.002054848665960633,4,2024Q3
2024-08-26,XLP,0.023660755572834424,-0.004704065544886286,4,2024Q3
2024-08-26,XLRE,0.022684406424376635,-0.0063205219817101975,4,2024Q3
2024-08-26,XLU,0.019088504323566124,-0.004992435813433949,4,2024Q3
2024-08-26,XLV,0.025379121592738474,-0.004157689675287912,4,2024Q3
2024-08-26,XLY,0.005553655221141485,-0.0021494281547542677,4,2024Q3
2024-08-27,XLB,0.003971627309048431,-0.004710484992322694,4,2024Q3
2024-08-27,XLC,-0.006134775574165974,-0.003111861003613481,4,2024Q3
2024-08-27,XLE,-0.009551140504199918,-0.003296309221629683,4,2024Q3
2024-08-27,XLF,0.03340272442583403,-0.004274982290332588,4,2024Q3
2024-08-27,XLI,0.014714876182528092,-0.0031615348316763867,4,2024Q3
2024-08-27,XLK,-0.03872677136209879,0.0020308552616036114,4,2024Q3
2024-08-27,XLP,0.029302897766775415,-0.004502216718591429,4,2024Q3
2024-08-27,XLRE,0.025798283771551467,-0.006060304074542279,4,2024Q3
2024-08-27,XLU,0.03907703845166999,-0.004742309622492718,4,2024Q3
2024-08-27,XLV,0.025448644514517116,-0.004168321584095993,4,2024Q3
2024-08-27,XLY,0.014106790690894266,-0.002007012015057361,4,2024Q3
2024-08-28,XLB,-0.0028715493172621898,-0.005816226662217483,4,2024Q3
2024-08-28,XLC,-8.146319537682967e-05,-0.0038199996873261553,4,2024Q3
2024-08-28,XLE,-0.014177567362179122,-0.004650316079827464,4,2024Q3
2024-08-28,XLF,0.016455778594026027,-0.004288948746067686,4,2024Q3
2024-08-28,XLI,0.00023528488991853003,-0.003657382286820187,4,2024Q3
2024-08-28,XLK,-0.030328611442084874,0.001105055757239434,4,2024Q3
2024-08-28,XLP,0.026383146531689494,-0.004671808539841846,4,2024Q3
2024-08-28,XLRE,0.023186355477842424,-0.006070001794111577,4,2024Q3
2024-08-28,XLU,0.03322544563728491,-0.005653472403618947,4,2024Q3
2024-08-28,XLV,0.007156352988851977,-0.0038955090090994236,4,2024Q3
2024-08-28,XLY,0.03191314225561914,-0.002984625064458648,4,2024Q3
2024-08-29,XLB,-0.0039156013299426196,-0.004969426665566956,4,2024Q3
2024-08-29,XLC,-0.002020324509703686,-0.004189032584711336,4,2024Q3
2024-08-29,XLE,-0.021991634333535792,-0.00338447168514472,4,2024Q3
2024-08-29,XLF,0.009708346887150499,-0.00391347836089501,4,2024Q3
2024-08-29,XLI,8.339187124717373e-05,-0.0032797571470905805,4,2024Q3
2024-08-29,XLK,-0.029958138378525567,-0.00012168201422499674,4,2024Q3
2024-08-29,XLP,0.04602398943818342,-0.00475528243028601,4,2024Q3
2024-08-29,XLRE,0.04381279253230119,-0.006661675203591293,4,2024Q3
2024-08-29,XLU,0.034729178318635756,-0.005085467915785203,4,2024Q3
2024-08-29,XLV,0.018320369295709238,-0.003926163679164272,4,2024Q3
2024-08-29,XLY,0.021695902052731197,-0.0030966500942103082,4,2024Q3
2024-08-30,XLB,-0.006697645486457793,-0.0029168236709716288,4,2024Q3
2024-08-30,XLC,-0.005894344396595974,-0.0025012315671991423,4,2024Q3
2024-08-30,XLE,-0.020304205393230412,-0.0027847681745681334,4,2024Q3
2024-08-30,XLF,0.013366415848578783,-0.003169347245353448,4,2024Q3
2024-08-30,XLI,0.002948919726356136,-0.0016640922689625623,4,2024Q3
2024-08-30,XLK,-0.028682160132701195,0.0012101990938411214,4,2024Q3
2024-08-30,XLP,0.044212062839095956,-0.0035894378909944197,4,2024Q3
2024-08-30,XLRE,0.044415218118886046,-0.005261308086448802,4,2024Q3
2024-08-30,XLU,0.03575002296576091,-0.003820002766792847,4,2024Q3
2024-08-30,XLV,0.01683387936345604,-0.0025257685891425896,4,2024Q3
2024-08-30,XLY,0.01962897241446515,-0.002234285860294933,4,2024Q3
2024-09-03,XLB,-0.008583805343751583,-0.004895799938880674,4,2024Q3
2024-09-03,XLC,-0.012822799931001883,-0.0030695916295041016,4,2024Q3
2024-09-03,XLE,-0.03751897960598016,-0.0038036113060930985,4,2024Q3
2024-09-03,XLF,-0.014084771599850887,-0.0023806306877817633,4,2024Q3
2024-09-03,XLI,0.00199195337560365,-0.001910787466087465,4,2024Q3
2024-09-03,XLK,0.0066728534057287625,0.000997046976170729,4,2024Q3
2024-09-03,XLP,0.012217555424133941,-0.0029945848518171405,4,2024Q3
2024-09-03,XLRE,0.03528345079394035,-0.004790340393433458,4,2024Q3
2024-09-03,XLU,0.01724833350826871,-0.002966079094306388,4,2024Q3
2024-09-03,XLV,-0.0014339628409399952,-0.0023698111294316792,4,2024Q3
2024-09-03,XLY,0.02021016178376933,-0.0013698137634478864,4,2024Q3
2024-09-04,XLB,-0.014362728307995787,-0.005833387844122736,4,2024Q3
2024-09-04,XLC,-0.01626187411777491,-0.0036277278151056187,4,2024Q3
2024-09-04,XLE,-0.04537317230655524,-0.004778649565826139,4,2024Q3
2024-09-04,XLF,-0.03204078643638919,-0.003463764038681544,4,2024Q3
2024-09-04,XLI,-0.009484410500380847,-0.0025062702599330526,4,2024Q3
2024-09-04,XLK,0.03123696214258942,0.0005996182689890208,4,2024Q3
2024-09-04,XLP,-0.014084508297794396,-0.0037949474080078384,4,2024Q3
2024-09-04,XLRE,0.017930359249608063,-0.005903449589687085,4,2024Q3
2024-09-04,XLU,-0.0004411251036022801,-0.003927637955083928,4,2024Q3
2024-09-04,XLV,-0.014917250677335403,-0.0034653344564230387,4,2024Q3
2024-09-04,XLY,0.015427994382134935,-0.0019855274783652558,4,2024Q3
2024-09-05,XLB,-0.008241564580911298,-0.005861705051873254,4,2024Q3
2024-09-05,XLC,-0.011638496281170196,-0.003624151598286905,4,2024Q3
2024-09-05,XLE,-0.04009589640966793,-0.004473685833662417,4,2024Q3
2024-09-05,XLF,-0.02992935085388393,-0.0035877578475597993,4,2024Q3
2024-09-05,XLI,-0.0008938216948755073,-0.0035937328898203195,4,2024Q3
2024-09-05,XLK,0.030470536184576513,0.0011511775465249028,4,2024Q3
2024-09-05,XLP,-0.015084092293386142,-0.004012412256311988,4,2024Q3
2024-09-05,XLRE,0.011630617093796092,-0.005767223296984822,4,2024Q3
2024-09-05,XLU,-0.006679700929704602,-0.004160226127375783,4,2024Q3
2024-09-05,XLV,-0.008444865819877023,-0.004475862605829128,4,2024Q3
2024-09-05,XLY,0.00439411381977961,-0.0013846094079924336,4,2024Q3
2024-09-06,XLB,-0.008916699670625583,-0.006792869635725634,4,2024Q3
2024-09-06,XLC,-0.0030597939062246837,-0.003808327917344159,4,2024Q3
2024-09-06,XLE,-0.044949035126319425,-0.005203767958909021,4,2024Q3
2024-09-06,XLF,-0.03509862077180559,-0.0046979942502002586,4,2024Q3
2024-09-06,XLI,-0.0028905702244639286,-0.004123468860191353,4,2024Q3
2024-09-06,XLK,0.04094627962742314,0.0012491145961817192,4,2024Q3
2024-09-06,XLP,-0.028739216141232315,-0.004285990443618817,4,2024Q3
2024-09-06,XLRE,-0.003852267519143693,-0.00590461990634756,4,2024Q3
2024-09-06,XLU,-0.005419590343411551,-0.0049134953038876585,4,2024Q3
2024-09-06,XLV,-0.0257105718389512,-0.005143550525155122,4,2024Q3
2024-09-06,XLY,0.0151972758901473,-0.002179174201281049,4,2024Q3
2024-09-09,XLB,0.00067141847041019,-0.006862204595938823,4,2024Q3
2024-09-09,XLC,0.013316241324000666,-0.0042631013752189644,4,2024Q3
2024-09-09,XLE,-0.030761596524695345,-0.005873705253345707,4,2024Q3
2024-09-09,XLF,-0.02695442406262294,-0.004288266225669553,4,2024Q3
2024-09-09,XLI,-0.00331261965504126,-0.0038643471674230686,4,2024Q3
2024-09-09,XLK,0.029469747798055668,0.0011748538382688439,4,2024Q3
2024-09-09,XLP,-0.02253581393647397,-0.004318481027977246,4,2024Q3
2024-09-09,XLRE,-0.002662427292586589,-0.005742215208385611,4,2024Q3
2024-09-09,XLU,0.0020123813427916915,-0.004400058265309554,4,2024Q3
2024-09-09,XLV,-0.0158136903842514,-0.00488117160917687,4,2024Q3
2024-09-09,XLY,0.008242903034610505,-0.0020240588127454686,4,2024Q3
2024-09-10,XLB,0.0062478401622536595,-0.006679295507153047,4,2024Q3
2024-09-10,XLC,0.01761245499169073,-0.003987793979797432,4,2024Q3
2024-09-10,XLE,0.004517055209974918,-0.004959428933065458,4,2024Q3
2024-09-10,XLF,-0.0071402349682268,-0.004745499796090373,4,2024Q3
2024-09-10,XLI,0.004594550372581718,-0.0037075312441516147,4,2024Q3
2024-09-10,XLK,0.015859703357966604,0.001330790585223955,4,2024Q3
2024-09-10,XLP,-0.02781492607937497,-0.004197788450917643,4,2024Q3
2024-09-10,XLRE,-0.024462903226140087,-0.005359702279473631,4,2024Q3
2024-09-10,XLU,0.00045886847410936404,-0.004179240408768865,4,2024Q3
2024-09-10,XLV,-0.02679139726553892,-0.004199950381234971,4,2024Q3
2024-09-10,XLY,0.005766701838898269,-0.0010555848313198565,4,2024Q3
2024-09-11,XLB,0.012789304159059212,-0.007167713516797512,4,2024Q3
2024-09-11,XLC,0.025890020314475848,-0.004691608422743745,4,2024Q3
2024-09-11,XLE,0.02961536439165724,-0.004589589369557465,4,2024Q3
2024-09-11,XLF,0.00796130542862139,-0.00615968724226287,4,2024Q3
2024-09-11,XLI,0.015320144186832918,-0.004498320123701006,4,2024Q3
2024-09-11,XLK,-0.014290570042847062,0.0010321179500738032,4,2024Q3
2024-09-11,XLP,-0.00884712807886956,-0.005379060798915148,4,2024Q3
2024-09-11,XLRE,-0.01125074658180436,-0.006056614363635425,4,2024Q3
2024-09-11,XLU,0.0029382168954585897,-0.004799278659609472,4,2024Q3
2024-09-11,XLV,-0.012074535063735015,-0.005247576464837503,4,2024Q3
2024-09-11,XLY,0.00698180850502661,-0.0015997986431702475,4,2024Q3
2024-09-12,XLB,0.01008535623210327,-0.00738245108798611,4,2024Q3
2024-09-12,XLC,0.011973652077366559,-0.004069099269500304,4,2024Q3
2024-09-12,XLE,0.023968876241287962,-0.00501555024885128,4,2024Q3
2024-09-12,XLF,0.008251099564507314,-0.006763602292338989,4,2024Q3
2024-09-12,XLI,0.01633193715654979,-0.0045304116988171845,4,2024Q3
2024-09-12,XLK,-0.0017536165379972157,0.0008433008509595812,4,2024Q3
2024-09-12,XLP,-0.029546038899656457,-0.00534444292008819,4,2024Q3
2024-09-12,XLRE,-0.024162669168254935,-0.006498631826194883,4,2024Q3
2024-09-12,XLU,-0.013907114416455757,-0.005087634480061109,4,2024Q3
2024-09-12,XLV,-0.020753354224081644,-0.0054270522903415675,4,2024Q3
2024-09-12,XLY,0.009908107833778823,-0.0011798684825082085,4,2024Q3
2024-09-13,XLB,0.003785332184379042,-0.006747844760993075,4,2024Q3
2024-09-13,XLC,0.01226524612554969,-0.003728772053564029,4,2024Q3
2024-09-13,XLE,0.025934031752433473,-0.0052672564868469635,4,2024Q3
2024-09-13,XLF,0.014733885301781546,-0.006663320477243374,4,2024Q3
2024-09-13,XLI,0.008886272497429237,-0.0035141396462716554,4,2024Q3
2024-09-13,XLK,-0.001621967360451837,0.001515006920611825,4,2024Q3
2024-09-13,XLP,-0.021587933200724163,-0.005090666413146685,4,2024Q3
2024-09-13,XLRE,-0.022826075401834234,-0.006420375185342996,4,2024Q3
2024-09-13,XLU,0.008504837852651326,-0.004916936053525393,4,2024Q3
2024-09-13,XLV,-0.016738251186242836,-0.005148040321055157,4,2024Q3
2024-09-13,XLY,0.010769397042911022,-0.001334171232325823,4,2024Q3
2024-09-16,XLB,-0.002300574155478463,-0.0056527953112469435,4,2024Q3
2024-09-16,XLC,-0.00017316486893692584,-0.003153366641037829,4,2024Q3
2024-09-16,XLE,0.017321044259058338,-0.0057550423036547655,4,2024Q3
2024-09-16,XLF,-0.004372634085739957,-0.005857848848004523,4,2024Q3
2024-09-16,XLI,0.006152220232174432,-0.0032749539865561373,4,2024Q3
2024-09-16,XLK,-0.0007960895427674419,0.0013344438992314068,4,2024Q3
2024-09-16,XLP,-0.02602047957154907,-0.0049165787527826596,4,2024Q3
2024-09-16,XLRE,-0.02315781504656944,-0.0063185274423115615,4,2024Q3
2024-09-16,XLU,0.002901756565188096,-0.004507852511252616,4,2024Q3
2024-09-16,XLV,-0.030196449300500916,-0.004762421419773485,4,2024Q3
2024-09-16,XLY,0.021796936738783357,-0.001450970758561455,4,2024Q3
2024-09-17,XLB,0.007041653769603862,-0.005689009728890819,4,2024Q3
2024-09-17,XLC,0.002130111556068792,-0.0036093629881876928,4,2024Q3
2024-09-17,XLE,-0.0013954200548345064,-0.006217312049171015,4,2024Q3
2024-09-17,XLF,-0.020572620244855178,-0.005440456767455314,4,2024Q3
2024-09-17,XLI,0.005389762515979557,-0.0033359128422629173,4,2024Q3
2024-09-17,XLK,0.005641947095674338,0.00041839725101595264,4,2024Q3
2024-09-17,XLP,-0.021445918906336403,-0.006091952544723015,4,2024Q3
2024-09-17,XLRE,-0.017727411038296004,-0.00631408525428959,4,2024Q3
2024-09-17,XLU,-0.006017412724352189,-0.004608974035799288,4,2024Q3
2024-09-17,XLV,-0.024447941104411397,-0.005653694831375358,4,2024Q3
2024-09-17,XLY,0.023078517035482804,-0.0022388168580168046,4,2024Q3
2024-09-18,XLB,0.0037891602139132896,-0.006567119697880026,4,2024Q3
2024-09-18,XLC,-0.0010245734426899133,-0.003888444219590435,4,2024Q3
2024-09-18,XLE,-0.02392154881010078,-0.005981699304546674,4,2024Q3
2024-09-18,XLF,-0.024241612010185598,-0.00583193173581221,4,2024Q3
2024-09-18,XLI,0.0006887813242235641,-0.003460638089585846,4,2024Q3
2024-09-18,XLK,0.017211091821292657,-0.00046448151727489554,4,2024Q3
2024-09-18,XLP,-0.020922932368038438,-0.006218821699839466,4,2024Q3
2024-09-18,XLRE,-0.019847417338089812,-0.006206589434858037,4,2024Q3
2024-09-18,XLU,0.006271473638606473,-0.00456461525230448,4,2024Q3
2024-09-18,XLV,-0.033219653345670674,-0.005787352807934767,4,2024Q3
2024-09-18,XLY,0.02061509187934374,-0.002733359989162729,4,2024Q3
2024-09-19,XLB,0.02249291395666675,-0.005325050886951224,4,2024Q3
2024-09-19,XLC,0.004099883763084788,-0.0029733925841290906,4,2024Q3
2024-09-19,XLE,-0.04176775002639643,-0.005113642184691569,4,2024Q3
2024-09-19,XLF,-0.016975855045991972,-0.004465181280905331,4,2024Q3
2024-09-19,XLI,0.0015653101881218934,-0.0028353443350046604,4,2024Q3
2024-09-19,XLK,0.013786924157519032,-0.00021918715913587074,4,2024Q3
2024-09-19,XLP,0.0003500122066482092,-0.006108791599788882,4,2024Q3
2024-09-19,XLRE,-0.014152744175849108,-0.006223786879474749,4,2024Q3
2024-09-19,XLU,0.018323919652472043,-0.0049499005982538025,4,2024Q3
2024-09-19,XLV,-0.020398012824880074,-0.004836846097594816,4,2024Q3
2024-09-19,XLY,0.014934811988108754,-0.0027246083950827438,4,2024Q3
2024-09-20,XLB,0.0246300676298985,-0.005725525187457763,4,2024Q3
2024-09-20,XLC,0.0068194192399948506,-0.0029392526072219557,4,2024Q3
2024-09-20,XLE,-0.023354667831928855,-0.0055580906716620315,4,2024Q3
2024-09-20,XLF,-0.016836033815232687,-0.005029242396134677,4,2024Q3
2024-09-20,XLI,0.006722727617181956,-0.0031012368608374433,4,2024Q3
2024-09-20,XLK,0.005882484610991279,3.5240790489086266e-05,4,2024Q3
2024-09-20,XLP,-0.006027748193395799,-0.006181685545339271,4,2024Q3
2024-09-20,XLRE,-0.014395257707839781,-0.00693861093643282,4,2024Q3
2024-09-20,XLU,-0.0014207657718436906,-0.005148942999893727,4,2024Q3
2024-09-20,XLV,-0.020220873443667076,-0.005399581058922002,4,2024Q3
2024-09-20,XLY,0.01543267160373496,-0.0021771317278980566,4,2024Q3
2024-09-23,XLB,0.013038463438714398,-0.0049425622434033116,4,2024Q3
2024-09-23,XLC,0.010494613959329824,-0.0027584013717974034,4,2024Q3
2024-09-23,XLE,-0.02199108532991434,-0.004662215605458995,4,2024Q3
2024-09-23,XLF,-0.009820440274663556,-0.005175051758635882,4,2024Q3
2024-09-23,XLI,0.006289426046881541,-0.0027088399457598483,4,2024Q3
2024-09-23,XLK,0.009345237070962575,0.00012574162237266638,4,2024Q3
2024-09-23,XLP,-0.008262758039720652,-0.0057727674935672876,4,2024Q3
2024-09-23,XLRE,-0.011414994223411745,-0.005815233023253809,4,2024Q3
2024-09-23,XLU,-0.0015777030095440736,-0.00417940512333766,4,2024Q3
2024-09-23,XLV,-0.009640735100614028,-0.005515278905436347,4,2024Q3
2024-09-23,XLY,0.00137730820342008,-0.001690670736476954,4,2024Q3
2024-09-24,XLB,0.008659309455738562,-0.004634439117144301,4,2024Q3
2024-09-24,XLC,0.01836052327459936,-0.0025263191019378596,4,2024Q3
2024-09-24,XLE,0.014814790020667878,-0.004692333104155441,4,2024Q3
2024-09-24,XLF,0.005134908128407778,-0.005990074970629382,4,2024Q3
2024-09-24,XLI,0.011451828147217125,-0.0027569744509591213,4,2024Q3
2024-09-24,XLK,-0.010290385414085224,0.00015547341202169318,4,2024Q3
2024-09-24,XLP,0.0026401446417854135,-0.00605700812416498,4,2024Q3
2024-09-24,XLRE,-0.005563068453665609,-0.006369196981707427,4,2024Q3
2024-09-24,XLU,0.025628868927805692,-0.0049251076830466025,4,2024Q3
2024-09-24,XLV,-0.0010198926597020375,-0.005882227373510027,4,2024Q3
2024-09-24,XLY,0.00044975016339898755,-0.0014682129539055869,4,2024Q3
2024-09-25,XLB,0.008903503680469771,-0.004503303763479318,4,2024Q3
2024-09-25,XLC,0.015782517528609374,-0.002442018401986835,4,2024Q3
2024-09-25,XLE,0.04291445422104945,-0.004375473091759374,4,2024Q3
2024-09-25,XLF,0.00966101030281441,-0.0059010986129144575,4,2024Q3
2024-09-25,XLI,0.011699051596027688,-0.0026076931795211335,4,2024Q3
2024-09-25,XLK,-0.008453938611517331,0.0003983681745330194,4,2024Q3
2024-09-25,XLP,-0.005912553280960631,-0.005674267281459969,4,2024Q3
2024-09-25,XLRE,-0.007556117129119078,-0.006175411231340901,4,2024Q3
2024-09-25,XLU,0.018158830372872026,-0.004212654713817182,4,2024Q3
2024-09-25,XLV,0.004101618088649839,-0.005613898799607669,4,2024Q3
2024-09-25,XLY,-0.007044096723368809,-0.0013792133404198963,4,2024Q3
2024-09-26,XLB,-0.016685275934733346,-0.003654897685443425,4,2024Q3
2024-09-26,XLC,0.012410603839204226,-0.0019907897369318794,4,2024Q3
2024-09-26,XLE,0.0882259557101106,-0.002996712296154454,4,2024Q3
2024-09-26,XLF,0.004940456696474138,-0.0057751109109096845,4,2024Q3
2024-09-26,XLI,0.007308157273467453,-0.0024197428357582962,4,2024Q3
2024-09-26,XLK,-0.01158044056750629,0.001000427291968382,4,2024Q3
2024-09-26,XLP,-0.012323983167132901,-0.005525542012292559,4,2024Q3
2024-09-26,XLRE,-0.0016677551134249846,-0.006430622626725029,4,2024Q3
2024-09-26,XLU,0.030558189041756334,-0.004343472918679784,4,2024Q3
2024-09-26,XLV,-0.0024919900482920365,-0.005479921653751388,4,2024Q3
2024-09-26,XLY,-0.016905158100038897,-0.001424263501626351,4,2024Q3
2024-09-27,XLB,-0.02069843719863118,-0.004193806021620747,4,2024Q3
2024-09-27,XLC,0.007023284279282116,-0.0021285899345967903,4,2024Q3
2024-09-27,XLE,0.06605823062000526,-0.005097221242635371,4,2024Q3
2024-09-27,XLF,0.0084318886880701,-0.006100166498592371,4,2024Q3
2024-09-27,XLI,0.0024010795373976546,-0.0028355356825536227,4,2024Q3
2024-09-27,XLK,-0.0017982391301063494,0.0006363353621031845,4,2024Q3
2024-09-27,XLP,-0.021312508384457418,-0.005859344127899458,4,2024Q3
2024-09-27,XLRE,-0.02002772274738218,-0.006634047025637682,4,2024Q3
2024-09-27,XLU,0.008424590348759198,-0.004893860774327764,4,2024Q3
2024-09-27,XLV,-0.011660737396172904,-0.005851175952473685,4,2024Q3
2024-09-27,XLY,-0.01593647294170064,-0.0016272289322589006,4,2024Q3
2024-09-30,XLB,-0.005072020412785427,-0.0038232560955623143,4,2024Q3
2024-09-30,XLC,0.002201777808488292,-0.0016583490984643102,4,2024Q3
2024-09-30,XLE,0.07542178708137326,-0.004378755410625119,4,2024Q3
2024-09-30,XLF,0.005312596451139684,-0.005532635819114057,4,2024Q3
2024-09-30,XLI,0.008467949290227428,-0.0021950770147848276,4,2024Q3
2024-09-30,XLK,0.0014400635908683457,0.0008361245083672803,4,2024Q3
2024-09-30,XLP,-0.017805152567884397,-0.005366431487004223,4,2024Q3
2024-09-30,XLRE,-0.022520373424446904,-0.005956489732581933,4,2024Q3
2024-09-30,XLU,-0.006200645905433677,-0.004254682892738929,4,2024Q3
2024-09-30,XLV,-0.00941500451951649,-0.005185065516575555,4,2024Q3
2024-09-30,XLY,-0.015963631670700806,-0.0013932472653647126,4,2024Q3
2024-10-01,XLB,-0.0255803602979916,-0.0009273683324772625,5,2024Q4
2024-10-01,XLC,-0.008222896746750807,0.0005436240174942345,5,2024Q4
2024-10-01,XLE,0.006140709986017789,-2.2196796537102812e-05,5,2024Q4
2024-10-01,XLF,-0.0020124767268390187,-0.0018137853870410696,5,2024Q4
2024-10-01,XLI,-0.008223214865064388,0.0005043319097727047,5,2024Q4
2024-10-01,XLK,0.02677525264131675,0.0006915752619834567,5,2024Q4
2024-10-01,XLP,-0.028069527248670734,-0.0010140571383934543,5,2024Q4
2024-10-01,XLRE,-0.03210092808858234,-0.0019122643861620916,5,2024Q4
2024-10-01,XLU,-0.03194877728863588,0.0014732029378732878,5,2024Q4
2024-10-01,XLV,-0.017270153511381392,-0.001186682484508345,5,2024Q4
2024-10-01,XLY,-0.020880161320611657,-0.0006132725972172285,5,2024Q4
2024-10-02,XLB,-0.02207343854627808,-0.0008986229091673588,5,2024Q4
2024-10-02,XLC,-0.011339992559157963,0.0006673224142325252,5,2024Q4
2024-10-02,XLE,-0.004634791722124332,0.00028407097295689006,5,2024Q4
2024-10-02,XLF,-0.00037417248809479275,-0.0016579090087925296,5,2024Q4
2024-10-02,XLI,-0.003983195384441807,0.0006222415956958208,5,2024Q4
2024-10-02,XLK,0.024112381730759358,0.0008022013281915079,5,2024Q4
2024-10-02,XLP,-0.020285736323324866,-0.0009278801231784974,5,2024Q4
2024-10-02,XLRE,-0.0346729673299202,-0.001818891543524165,5,2024Q4
2024-10-02,XLU,-0.047328226446367916,0.0015125796164925753,5,2024Q4
2024-10-02,XLV,-0.011677728801032572,-0.0010922155192346775,5,2024Q4
2024-10-02,XLY,-0.011876900337609353,-0.0006300848655927439,5,2024Q4
2024-10-03,XLB,-0.008722133116156883,-0.0013750772018677475,5,2024Q4
2024-10-03,XLC,-0.015413735716125032,0.0004352984759068423,5,2024Q4
2024-10-03,XLE,-0.01550147064326457,0.0006397800301153075,5,2024Q4
2024-10-03,XLF,0.001849820959972881,-0.0016529780913844992,5,2024Q4
2024-10-03,XLI,-0.004082790513255441,0.00042300534674056276,5,2024Q4
2024-10-03,XLK,0.019474860116122983,0.0008919757905205107,5,2024Q4
2024-10-03,XLP,-0.01475807222610781,-0.0009146658507823361,5,2024Q4
2024-10-03,XLRE,-0.033352107373401885,-0.0018795905867243588,5,2024Q4
2024-10-03,XLU,-0.049998377277062356,0.0018879353574554412,5,2024Q4
2024-10-03,XLV,-0.006385183508300418,-0.0010140287504853517,5,2024Q4
2024-10-03,XLY,-0.005227004597022189,-0.001137986230909359,5,2024Q4
2024-10-04,XLB,-0.0039533173894996665,-0.0010099796437098806,5,2024Q4
2024-10-04,XLC,-0.016470311164168083,0.0007994528397180993,5,2024Q4
2024-10-04,XLE,-0.015489535843646651,0.0011813882672272592,5,2024Q4
2024-10-04,XLF,0.007320265675842208,-0.0008791728516294457,5,2024Q4
2024-10-04,XLI,0.009955703274244332,0.000777308760266358,5,2024Q4
2024-10-04,XLK,0.01298302663862616,0.0011463490935764654,5,2024Q4
2024-10-04,XLP,-0.009432068991727549,-0.0008392682546496459,5,2024Q4
2024-10-04,XLRE,-0.013586741363008414,-0.001832262981742594,5,2024Q4
2024-10-04,XLU,-0.03685386378663036,0.0015975484110109408,5,2024Q4
2024-10-04,XLV,0.0033190470173662945,-0.0009681034638473912,5,2024Q4
2024-10-04,XLY,-0.019542140897424565,-0.000756575406408148,5,2024Q4
2024-10-07,XLB,-0.005818127001283813,-0.0012123222981008169,5,2024Q4
2024-10-07,XLC,-0.005595967137250524,0.0003273665338617466,5,2024Q4
2024-10-07,XLE,-0.06098776046201593,0.0012535533820743712,5,2024Q4
2024-10-07,XLF,0.019042959831969908,-0.001484368657827587,5,2024Q4
2024-10-07,XLI,0.0010936535325996033,0.0009389748672381946,5,2024Q4
2024-10-07,XLK,0.0009802205567883693,0.000872290469639314,5,2024Q4
2024-10-07,XLP,0.0015888469265579186,-0.0007758697281240505,5,2024Q4
2024-10-07,XLRE,0.0039010214864387827,-0.0016242052307833832,5,2024Q4
2024-10-07,XLU,-0.006370881836823994,0.0009609253625820055,5,2024Q4
2024-10-07,XLV,-0.008646173320476347,-0.000882818584820428,5,2024Q4
2024-10-07,XLY,-0.006849145103340115,-0.0010523969490852975,5,2024Q4
2024-10-08,XLB,0.01202234047747952,-0.0014096543497731954,5,2024Q4
2024-10-08,XLC,-0.009958807251319701,0.0005745754011107638,5,2024Q4
2024-10-08,XLE,-0.02537224188991971,0.0002836269014153156,5,2024Q4
2024-10-08,XLF,0.031039069955808962,-0.0013119597605251176,5,2024Q4
2024-10-08,XLI,0.011898029027869184,0.000587470907617965,5,2024Q4
2024-10-08,XLK,-0.009479325055419485,0.0012147606391273442,5,2024Q4
2024-10-08,XLP,0.0009721044374608745,-0.0008556007151724452,5,2024Q4
2024-10-08,XLRE,0.016150434217312437,-0.0018913854539669554,5,2024Q4
2024-10-08,XLU,0.018419307209091018,0.0009241559050868311,5,2024Q4
2024-10-08,XLV,-0.006112763079924033,-0.0009223620678995257,5,2024Q4
2024-10-08,XLY,-0.00618226885593165,-0.00105744759567236,5,2024Q4
2024-10-09,XLB,0.014013232585130098,-0.0011642687872410575,5,2024Q4
2024-10-09,XLC,-0.008143099114273467,0.0007499372086065177,5,2024Q4
2024-10-09,XLE,-0.01972362691998919,0.0005921914211514561,5,2024Q4
2024-10-09,XLF,0.031173732612885807,-0.0007561972444350144,5,2024Q4
2024-10-09,XLI,0.006774907703350319,0.0009896179590006384,5,2024Q4
2024-10-09,XLK,-0.010676077028892728,0.0013679026322402298,5,2024Q4
2024-10-09,XLP,-0.0027734404073347374,-0.0008110075193304408,5,2024Q4
2024-10-09,XLRE,0.015886222397448746,-0.0018389923125386564,5,2024Q4
2024-10-09,XLU,0.02498287987202419,0.0007851425935505858,5,2024Q4
2024-10-09,XLV,-0.015222655221682979,-0.00090509902153992,5,2024Q4
2024-10-09,XLY,-0.00736396596062705,-0.0008521426252361885,5,2024Q4
2024-10-10,XLB,0.010087515619174203,-0.001753747121022223,5,2024Q4
2024-10-10,XLC,0.0011269710259309562,-0.00041238577415300687,5,2024Q4
2024-10-10,XLE,-0.03528262471599031,6.060779168458254e-05,5,2024Q4
2024-10-10,XLF,0.028927473135444304,-0.0014781204578868975,5,2024Q4
2024-10-10,XLI,0.009435234684798344,0.00023029941947850372,5,2024Q4
2024-10-10,XLK,-0.012514141157909053,0.0010675150656060156,5,2024Q4
2024-10-10,XLP,-0.0017515586899961022,-0.0013327825200454635,5,2024Q4
2024-10-10,XLRE,0.026022955334796816,-0.0027241474490650626,5,2024Q4
2024-10-10,XLU,0.028467545300066233,0.00016333400118697614,5,2024Q4
2024-10-10,XLV,-0.012327702258028372,-0.00184647373076484,5,2024Q4
2024-10-10,XLY,-0.004097619150263743,-0.001447588299497597,5,2024Q4
2024-10-11,XLB,0.003336511196101233,-0.0014486191530276053,5,2024Q4
2024-10-11,XLC,-0.0021221768323258505,-8.340109470379237e-05,5,2024Q4
2024-10-11,XLE,-0.03651049951092211,0.0002541899493392944,5,2024Q4
2024-10-11,XLF,0.008707730578914497,-0.0007037215620881544,5,2024Q4
2024-10-11,XLI,-0.004387038531242338,0.0005579685053422017,5,2024Q4
2024-10-11,XLK,-0.0018753886279703202,0.0011086768478536582,5,2024Q4
2024-10-11,XLP,-0.008090219549242272,-0.001356417022024871,5,2024Q4
2024-10-11,XLRE,0.0019921489989056518,-0.0027179794099205764,5,2024Q4
2024-10-11,XLU,0.023043726976012202,0.0003509554167604484,5,2024Q4
2024-10-11,XLV,-0.02362307771651151,-0.0011906423941272129,5,2024Q4
2024-10-11,XLY,3.222396538204997e-05,-0.001401673121637942,5,2024Q4
2024-10-15,XLB,-0.009738730832114961,-0.001378749320560335,5,2024Q4
2024-10-15,XLC,-0.006654913074737423,0.00014332236336518617,5,2024Q4
2024-10-15,XLE,-0.0005365951754341403,-0.0003315110723711845,5,2024Q4
2024-10-15,XLF,-0.0007752738502901924,-0.0008666614455711547,5,2024Q4
2024-10-15,XLI,-0.013921656569780061,0.0004858913970559118,5,2024Q4
2024-10-15,XLK,0.007319108929829454,0.0009649536395439674,5,2024Q4
2024-10-15,XLP,-0.01192465139324217,-0.0012773626949051037,5,2024Q4
2024-10-15,XLRE,-0.01491335233128821,-0.002433162005475175,5,2024Q4
2024-10-15,XLU,0.0029501841380921157,0.0005295200041644853,5,2024Q4
2024-10-15,XLV,-0.017489473774543685,-0.0012422631371639147,5,2024Q4
2024-10-15,XLY,-0.009693978739664821,-0.0014696094644081233,5,2024Q4
2024-10-16,XLB,-0.006605938812930479,-0.0009139855404156807,5,2024Q4
2024-10-16,XLC,-7.166573835837298e-05,6.499376274971086e-05,5,2024Q4
2024-10-16,XLE,0.002967584766005671,-0.0004211309759372246,5,2024Q4
2024-10-16,XLF,-0.000391071862863801,-0.0006755144934054732,5,2024Q4
2024-10-16,XLI,-0.010910704810460525,0.0005897283697071656,5,2024Q4
2024-10-16,XLK,0.0032166705570255694,0.0009515108302416194,5,2024Q4
2024-10-16,XLP,0.0003654097797766154,-0.0012523665637052628,5,2024Q4
2024-10-16,XLRE,-0.0015428608469836291,-0.0018446905786432747,5,2024Q4
2024-10-16,XLU,0.006306925652489137,0.0012771974281193077,5,2024Q4
2024-10-16,XLV,-0.011387461068823268,-0.0011903541919222839,5,2024Q4
2024-10-16,XLY,-0.0169812037514121,-0.001397063201566295,5,2024Q4
2024-10-17,XLB,-0.02222024360722019,-0.0008663228118846343,5,2024Q4
2024-10-17,XLC,0.006002975181889192,-0.00023207708873780418,5,2024Q4
2024-10-17,XLE,-0.003927000585250862,-0.0006100781858452133,5,2024Q4
2024-10-17,XLF,-0.004321404736514434,-0.0006917852922288177,5,2024Q4
2024-10-17,XLI,-0.01691380017245392,0.0005931394569478751,5,2024Q4
2024-10-17,XLK,0.0010377668373897642,0.001215583229296215,5,2024Q4
2024-10-17,XLP,0.0014408453432551704,-0.0013777095513146421,5,2024Q4
2024-10-17,XLRE,0.005115357863504588,-0.002350429887741242,5,2024Q4
2024-10-17,XLU,0.0066904555581787095,0.0009286674186526672,5,2024Q4
2024-10-17,XLV,-0.01421465790431764,-0.001295640130682599,5,2024Q4
2024-10-17,XLY,0.012636762718613137,-0.0013756080646058373,5,2024Q4
2024-10-18,XLB,-0.028097071150245734,-0.0010764650233300026,5,2024Q4
2024-10-18,XLC,0.005328536781523119,-1.949982203677434e-05,5,2024Q4
2024-10-18,XLE,0.0031843358308039083,-0.0005544306557709885,5,2024Q4
2024-10-18,XLF,-0.011295750923449366,-0.0009452245043433263,5,2024Q4
2024-10-18,XLI,-0.01829391712800066,0.00043552171456472317,5,2024Q4
2024-10-18,XLK,0.00680880448576715,0.0008186698294582837,5,2024Q4
2024-10-18,XLP,-0.004854415742370888,-0.0014370200935922206,5,2024Q4
2024-10-18,XLRE,-0.0054815802153571624,-0.0019834642151326846,5,2024Q4
2024-10-18,XLU,-0.009664189900002507,0.0009474532453866576,5,2024Q4
2024-10-18,XLV,-0.020154178208635742,-0.0015896825040015573,5,2024Q4
2024-10-18,XLY,0.016009797396941083,-0.0014483398721336861,5,2024Q4
2024-10-21,XLB,-0.01729162239579951,-0.0013672670379905661,5,2024Q4
2024-10-21,XLC,0.010960210037481266,2.6452855050809856e-05,5,2024Q4
2024-10-21,XLE,-0.0048615938933327385,0.00023286313642053615,5,2024Q4
2024-10-21,XLF,0.004162505059903898,-0.0009870024099838685,5,2024Q4
2024-10-21,XLI,-0.016675274604399326,0.000781933512223016,5,2024Q4
2024-10-21,XLK,-0.0028320791105793663,0.0010758205657329261,5,2024Q4
2024-10-21,XLP,0.0006283387614038904,-0.0012738230081277572,5,2024Q4
2024-10-21,XLRE,0.013697605739267038,-0.0023313876783145693,5,2024Q4
2024-10-21,XLU,-0.002797686747515127,0.0006913916912645952,5,2024Q4
2024-10-21,XLV,-0.01185478907267945,-0.0014553476816607951,5,2024Q4
2024-10-21,XLY,0.02156862495959544,-0.0014715978333923012,5,2024Q4
2024-10-22,XLB,-0.01671981484619567,-0.001695096483840728,5,2024Q4
2024-10-22,XLC,0.01683302776904938,-2.939671572667297e-05,5,2024Q4
2024-10-22,XLE,-0.024369823433801896,-0.0005188504662705331,5,2024Q4
2024-10-22,XLF,-0.002220845187262621,-0.0011089857644450006,5,2024Q4
2024-10-22,XLI,-0.008137836523477993,0.00011782335137924571,5,2024Q4
2024-10-22,XLK,0.009431745125048074,0.0010079178652938777,5,2024Q4
2024-10-22,XLP,-0.016852612282887702,-0.001350687015544745,5,2024Q4
2024-10-22,XLRE,0.00083446492838124,-0.002333419498380317,5,2024Q4
2024-10-22,XLU,-0.022668589374564507,0.0002671019857148664,5,2024Q4
2024-10-22,XLV,-0.01527675180350585,-0.0016193145528454488,5,2024Q4
2024-10-22,XLY,0.018228313351796865,-0.001535131889804974,5,2024Q4
2024-10-23,XLB,-0.014881060480424035,-0.0018530677052150742,5,2024Q4
2024-10-23,XLC,0.024630475876877167,-0.0004637681611178699,5,2024Q4
2024-10-23,XLE,-0.023203143174284402,-0.0006591107197223503,5,2024Q4
2024-10-23,XLF,-0.003070331838879836,-0.0010204347152961409,5,2024Q4
2024-10-23,XLI,-0.013077898683089617,1.9757430806023797e-05,5,2024Q4
2024-10-23,XLK,0.0016708261211071385,0.0005618673193397113,5,2024Q4
2024-10-23,XLP,-0.022676299597567673,-0.001429285524267988,5,2024Q4
2024-10-23,XLRE,-0.011391982066820128,-0.0023180746423320793,5,2024Q4
2024-10-23,XLU,-0.04039209372871844,0.0011602100851117194,5,2024Q4
2024-10-23,XLV,-0.01865444462154786,-0.0017239186321561864,5,2024Q4
2024-10-23,XLY,0.02685656754621779,-0.0018822415276890806,5,2024Q4
2024-10-24,XLB,0.005926744724489397,-0.0019549103437029353,5,2024Q4
2024-10-24,XLC,0.03396967123077932,-0.0003546986648890324,5,2024Q4
2024-10-24,XLE,0.004825453643350297,-0.00011556598097215581,5,2024Q4
2024-10-24,XLF,0.004089872984551435,-0.0009988246656358162,5,2024Q4
2024-10-24,XLI,0.0040835771759042405,-0.00011386699467927667,5,2024Q4
2024-10-24,XLK,-0.011643415048801287,0.0006192494978064982,5,2024Q4
2024-10-24,XLP,-0.001519096925213237,-0.0014429797179430503,5,2024Q4
2024-10-24,XLRE,-0.009165264637004622,-0.0022939011596085626,5,2024Q4
2024-10-24,XLU,-0.0022909175002160387,0.00045247697386667014,5,2024Q4
2024-10-24,XLV,0.0012996403814168334,-0.0016788625416220958,5,2024Q4
2024-10-24,XLY,0.0018646328586710004,-0.0013668160330850292,5,2024Q4
2024-10-25,XLB,0.0049824250729118,-0.001883885929200694,5,2024Q4
2024-10-25,XLC,0.03087706097109033,-6.729199280994751e-05,5,2024Q4
2024-10-25,XLE,-0.005566896064835181,-0.00030109951111028223,5,2024Q4
2024-10-25,XLF,0.014030425476804997,-0.001352865599543264,5,2024Q4
2024-10-25,XLI,0.0035500923853793998,-0.00013553912982828588,5,2024Q4
2024-10-25,XLK,-0.013888227790587737,0.0010333548267080505,5,2024Q4
2024-10-25,XLP,0.0025897191038851686,-0.001333678231558735,5,2024Q4
2024-10-25,XLRE,-0.016363289004976078,-0.002138934919401652,5,2024Q4
2024-10-25,XLU,-0.01417606655757353,0.0004023663805568149,5,2024Q4
2024-10-25,XLV,0.008095532471474876,-0.0016212711959288691,5,2024Q4
2024-10-25,XLY,0.010230492451963613,-0.00100445594763103,5,2024Q4
2024-10-28,XLB,0.006306604740042854,-0.0017363303058235671,5,2024Q4
2024-10-28,XLC,0.02619148640735447,6.924974894469073e-05,5,2024Q4
2024-10-28,XLE,0.0231208312613409,6.420605434718672e-06,5,2024Q4
2024-10-28,XLF,-0.0007263670691790569,-0.0008524876861193543,5,2024Q4
2024-10-28,XLI,0.004687134912846558,5.4946365368625815e-05,5,2024Q4
2024-10-28,XLK,-0.009174140637248418,0.0011037207508278666,5,2024Q4
2024-10-28,XLP,0.00862929544902269,-0.00162517204300602,5,2024Q4
2024-10-28,XLRE,-0.0034202745291026515,-0.0028123406636182957,5,2024Q4
2024-10-28,XLU,-0.028058381513696995,-2.5144413275456177e-05,5,2024Q4
2024-10-28,XLV,0.005264093066580489,-0.0014218524708019703,5,2024Q4
2024-10-28,XLY,0.009632626623044094,-0.0008735123432723487,5,2024Q4
2024-10-29,XLB,0.003934161649774892,-0.0017349117680591462,5,2024Q4
2024-10-29,XLC,0.017599820491689844,0.0003532838379681993,5,2024Q4
2024-10-29,XLE,0.03524028510381272,0.00019336712591154655,5,2024Q4
2024-10-29,XLF,0.00423908086825775,-0.001165581895978195,5,2024Q4
2024-10-29,XLI,0.01225408518112081,-1.839599888001943e-05,5,2024Q4
2024-10-29,XLK,-0.018843933447942107,0.0012374322243969712,5,2024Q4
2024-10-29,XLP,0.014559828341803582,-0.0016177003388322313,5,2024Q4
2024-10-29,XLRE,0.008714784193065928,-0.0027675410052529405,5,2024Q4
2024-10-29,XLU,-0.0028896557665708533,-0.00045557824129690004,5,2024Q4
2024-10-29,XLV,0.005008584732149379,-0.0008895271111938684,5,2024Q4
2024-10-29,XLY,0.02219927702630775,-0.001312140350670858,5,2024Q4
2024-10-30,XLB,-0.015530015783824291,-0.0016001373527600813,5,2024Q4
2024-10-30,XLC,0.008446737548589711,0.0004707784765577514,5,2024Q4
2024-10-30,XLE,0.04368185978337924,0.0005914416884292191,5,2024Q4
2024-10-30,XLF,0.03233042365106531,-0.0007647532698046294,5,2024Q4
2024-10-30,XLI,0.025594948526723726,-2.1386786112182756e-05,5,2024Q4
2024-10-30,XLK,-0.002728424324190737,0.0011014715458483304,5,2024Q4
2024-10-30,XLP,-0.02798552336696214,-0.000670066676942999,5,2024Q4
2024-10-30,XLRE,-0.049264809794418274,-0.001956828584750718,5,2024Q4
2024-10-30,XLU,-0.03848840167951639,0.0002205550446658301,5,2024Q4
2024-10-30,XLV,-0.019557016120989035,-0.0007875777046649448,5,2024Q4
2024-10-30,XLY,0.028344926958623784,-0.0011202685976762531,5,2024Q4
2024-10-31,XLB,-0.026548773401284587,-0.0015827524202604542,5,2024Q4
2024-10-31,XLC,0.0026579654389211615,0.00036800354336614607,5,2024Q4
2024-10-31,XLE,0.0038183658184436364,0.0003636810632607044,5,2024Q4
2024-10-31,XLF,0.0014092566907231152,-0.001115380597905683,5,2024Q4
2024-10-31,XLI,0.0030081684295217848,-1.97451439809109e-06,5,2024Q4
2024-10-31,XLK,0.020875582345083687,0.0007907871001547162,5,2024Q4
2024-10-31,XLP,-0.05079889837444185,-0.0009912221342865185,5,2024Q4
2024-10-31,XLRE,-0.048123397736509754,-0.0019764393053701376,5,2024Q4
2024-10-31,XLU,-0.07521020720271476,0.0007320364404135979,5,2024Q4
2024-10-31,XLV,-0.03217737025945144,-0.0014055422804621096,5,2024Q4
2024-10-31,XLY,0.029873093536112894,-0.0014825452481227281,5,2024Q4
2024-11-01,XLB,-0.03315634127609646,-0.0014937689418432964,5,2024Q4
2024-11-01,XLC,-0.006635739575638677,0.00042009625711312713,5,2024Q4
2024-11-01,XLE,0.017433017976022258,0.0007418417629701694,5,2024Q4
2024-11-01,XLF,0.007129269000690552,-0.0012535492201681256,5,2024Q4
2024-11-01,XLI,0.012749177425127822,-3.264363488426561e-05,5,2024Q4
2024-11-01,XLK,0.011630731124845584,0.0008839259571814586,5,2024Q4
2024-11-01,XLP,-0.03918550422147349,-0.0007902344448540986,5,2024Q4
2024-11-01,XLRE,-0.020170005964374127,-0.0017405952137213175,5,2024Q4
2024-11-01,XLU,-0.034105690589682824,0.0005742686208160322,5,2024Q4
2024-11-01,XLV,-0.03102933028167021,-0.001285901286127263,5,2024Q4
2024-11-01,XLY,0.02757136722630027,-0.0011857633238535378,5,2024Q4
2024-11-04,XLB,-0.05908802590972051,-0.0017717171688235223,5,2024Q4
2024-11-04,XLC,0.007512674481612525,5.7945672514620003e-05,5,2024Q4
2024-11-04,XLE,-0.0005398186421987639,0.0006609896315944543,5,2024Q4
2024-11-04,XLF,0.02722015315815063,-0.0014592842587269807,5,2024Q4
2024-11-04,XLI,0.012968818445391106,-8.369171940714897e-05,5,2024Q4
2024-11-04,XLK,0.007924002908435535,0.0005931506619772625,5,2024Q4
2024-11-04,XLP,-0.04430712522771607,-0.0012471872753580403,5,2024Q4
2024-11-04,XLRE,-0.0530951479064915,-0.0021188536496123717,5,2024Q4
2024-11-04,XLU,-0.03083231861761404,-4.801422294867773e-06,5,2024Q4
2024-11-04,XLV,-0.044476141510646494,-0.0015542480706317629,5,2024Q4
2024-11-04,XLY,0.03836555999230895,-0.0014266377304970677,5,2024Q4
2024-11-05,XLB,-0.04620437522776388,-0.0019410259905440351,5,2024Q4
2024-11-05,XLC,0.008396800337422183,0.00029757884897414164,5,2024Q4
2024-11-05,XLE,0.012601569364796728,0.0004720402778713767,5,2024Q4
2024-11-05,XLF,0.02998085913708093,-0.0015740686195148158,5,2024Q4
2024-11-05,XLI,0.009731099453973435,-0.00012104338125594732,5,2024Q4
2024-11-05,XLK,0.0016689043485695887,0.0004771517710428179,5,2024Q4
2024-11-05,XLP,-0.035653378125859114,-0.0011750029708718882,5,2024Q4
2024-11-05,XLRE,-0.04671439920171716,-0.0022014163691145097,5,2024Q4
2024-11-05,XLU,-0.03565735429610306,-0.0001272159887252261,5,2024Q4
2024-11-05,XLV,-0.042428622169482066,-0.001576900878571757,5,2024Q4
2024-11-05,XLY,0.04060488953871033,-0.0007412814865686646,5,2024Q4
2024-11-06,XLB,-0.03602376978077437,-0.0017811356294620108,5,2024Q4
2024-11-06,XLC,0.01380651977993641,0.00036941230931769473,5,2024Q4
2024-11-06,XLE,0.010093345216455107,0.00046488921913259837,5,2024Q4
2024-11-06,XLF,-0.002092017791963219,-0.0005618598677242168,5,2024Q4
2024-11-06,XLI,-0.015009262886807817,0.0008350851622478618,5,2024Q4
2024-11-06,XLK,0.0011484167423727598,0.0011684869063383686,5,2024Q4
2024-11-06,XLP,0.01004336962388952,-0.0006590197163197458,5,2024Q4
2024-11-06,XLRE,0.0028927607874844607,-0.0013323218298308865,5,2024Q4
2024-11-06,XLU,0.002925935535241564,0.0002789500968263724,5,2024Q4
2024-11-06,XLV,-0.02768572238703393,-0.0005915736249355981,5,2024Q4
2024-11-06,XLY,0.02407368073381,-0.0009931748872899415,5,2024Q4
2024-11-07,XLB,-0.026029977879512445,-0.0018316701960166774,5,2024Q4
2024-11-07,XLC,0.0010345395482986852,0.00033572404726282806,5,2024Q4
2024-11-07,XLE,0.03373474239765528,0.00011346042247221706,5,2024Q4
2024-11-07,XLF,0.039528815749765744,-0.0007652583275101372,5,2024Q4
2024-11-07,XLI,0.006097777304642782,0.00044367968659578516,5,2024Q4
2024-11-07,XLK,-0.02013158483861044,0.0012023599915666208,5,2024Q4
2024-11-07,XLP,0.017932039743471906,-0.0009546020151838079,5,2024Q4
2024-11-07,XLRE,0.012153252235216683,-0.0014443854187461544,5,2024Q4
2024-11-07,XLU,0.036634261126031076,5.5863651768638155e-05,5,2024Q4
2024-11-07,XLV,-0.03220149520635174,-0.0005654578849267039,5,2024Q4
2024-11-07,XLY,0.02282478820721101,-0.0009522597156186337,5,2024Q4
2024-11-08,XLB,-0.009467755161824631,-0.0017916576199403559,5,2024Q4
2024-11-08,XLC,0.015848219483735493,0.00030338274582387194,5,2024Q4
2024-11-08,XLE,0.040677298294299,0.00030632573877836225,5,2024Q4
2024-11-08,XLF,0.033657313202478334,-0.0006880746047864937,5,2024Q4
2024-11-08,XLI,-0.005525838684611206,0.0005986081464399159,5,2024Q4
2024-11-08,XLK,-0.015725733133148068,0.0012747691760950726,5,2024Q4
2024-11-08,XLP,0.013072012473957506,-0.0010429288597278955,5,2024Q4
2024-11-08,XLRE,0.004258344373400225,-0.0015596506992926623,5,2024Q4
2024-11-08,XLU,0.026382348391124633,-7.48024975002386e-06,5,2024Q4
2024-11-08,XLV,-0.03808352738155674,-0.0006103562476613455,5,2024Q4
2024-11-08,XLY,0.018132049750850254,-0.0010762472249423306,5,2024Q4
2024-11-12,XLB,0.0027292029077916613,-0.0016155816983006426,5,2024Q4
2024-11-12,XLC,0.006528515899458909,0.00033094640033701434,5,2024Q4
2024-11-12,XLE,0.028118335577636544,0.00012808126323767585,5,2024Q4
2024-11-12,XLF,0.01005190131589262,-0.0007223780381858775,5,2024Q4
2024-11-12,XLI,-0.011202662993324952,0.000519476084720336,5,2024Q4
2024-11-12,XLK,-0.00935362737826706,0.0010501852926561093,5,2024Q4
2024-11-12,XLP,0.011057128497235724,-0.0012559132090803826,5,2024Q4
2024-11-12,XLRE,0.024086444458147782,-0.001807520534281011,5,2024Q4
2024-11-12,XLU,0.0360284624251247,-0.00010567054194239478,5,2024Q4
2024-11-12,XLV,-0.029766129212314585,-0.0006154585710678833,5,2024Q4
2024-11-12,XLY,0.006623562709584974,-0.001378901905972017,5,2024Q4
2024-11-13,XLB,0.00861290941752868,-0.0016323555664763088,5,2024Q4
2024-11-13,XLC,0.012642794095282017,0.0003132662195623866,5,2024Q4
2024-11-13,XLE,0.03056549524433172,0.00026807477953194066,5,2024Q4
2024-11-13,XLF,0.0065812070913601195,-0.0007047707093162559,5,2024Q4
2024-11-13,XLI,-0.012064792257648671,0.0005666362926400533,5,2024Q4
2024-11-13,XLK,-0.006644813412885919,0.0010211438155243015,5,2024Q4
2024-11-13,XLP,0.0031648736814285927,-0.0011883237803074521,5,2024Q4
2024-11-13,XLRE,0.014665068755291166,-0.0016833300117776112,5,2024Q4
2024-11-13,XLU,0.038515802464922144,-5.137827689126787e-05,5,2024Q4
2024-11-13,XLV,-0.015699394415885193,-0.0005671758087958661,5,2024Q4
2024-11-13,XLY,-0.006015229050840398,-0.0013967726815255583,5,2024Q4
2024-11-14,XLB,0.01741108095138877,-0.0017106408562922793,5,2024Q4
2024-11-14,XLC,-0.0005393106935196457,0.0005055761070329372,5,2024Q4
2024-11-14,XLE,0.023177354216356916,0.00043933382513954667,5,2024Q4
2024-11-14,XLF,0.010137562795601962,-0.0007754773580375599,5,2024Q4
2024-11-14,XLI,0.005395195240986084,0.000288894303080675,5,2024Q4
2024-11-14,XLK,-0.005016349878272153,0.001130253383930061,5,2024Q4
2024-11-14,XLP,0.004667085736379972,-0.0013000542681706278,5,2024Q4
2024-11-14,XLRE,0.01879448851449328,-0.0017851767592976474,5,2024Q4
2024-11-14,XLU,0.04825679586385734,-0.0001606150827619429,5,2024Q4
2024-11-14,XLV,-0.003929844875639854,-8.460022186512132e-05,5,2024Q4
2024-11-14,XLY,-0.0018399424289340383,-0.0011530897192182342,5,2024Q4
2024-11-15,XLB,0.01412200101520078,-0.0018223551040041515,5,2024Q4
2024-11-15,XLC,0.0015194195475884964,5.727262074370308e-05,5,2024Q4
2024-11-15,XLE,0.010150648974764254,0.0004818467461098325,5,2024Q4
2024-11-15,XLF,0.0005824379408656544,-0.0008692953074517709,5,2024Q4
2024-11-15,XLI,0.008785088965511667,-0.0001295885776417666,5,2024Q4
2024-11-15,XLK,0.004718389263107525,0.00043755049448877174,5,2024Q4
2024-11-15,XLP,0.006849357243709608,-0.001272847084910814,5,2024Q4
2024-11-15,XLRE,0.009163566931149836,-0.001920956519724139,5,2024Q4
2024-11-15,XLU,0.011097853731701024,-0.00014078859867632448,5,2024Q4
2024-11-15,XLV,-0.00030594065340605603,0.0005939804039588288,5,2024Q4
2024-11-15,XLY,0.0051704349489787305,-0.0011368147945302115,5,2024Q4
2024-11-18,XLB,0.017424880233027906,-0.0018312255274074317,5,2024Q4
2024-11-18,XLC,-0.0025233983623222933,0.0001778534105671477,5,2024Q4
2024-11-18,XLE,-0.022615673688769822,0.0004725022837703453,5,2024Q4
2024-11-18,XLF,0.004843370821355997,-0.0009043735299349309,5,2024Q4
2024-11-18,XLI,0.017308238027367473,-0.00021584131350054034,5,2024Q4
2024-11-18,XLK,0.0020948341497315504,0.0004532604405652847,5,2024Q4
2024-11-18,XLP,0.00603380373909812,-0.0012419460515051006,5,2024Q4
2024-11-18,XLRE,0.014494491922731001,-0.0018572967636319442,5,2024Q4
2024-11-18,XLU,0.004817261675322149,-9.161941758346621e-05,5,2024Q4
2024-11-18,XLV,0.008357732302351817,0.0006564665641297177,5,2024Q4
2024-11-18,XLY,0.0068918527609231894,-0.0012144098994301819,5,2024Q4
2024-11-19,XLB,0.011477339687658183,-0.0016921005903825976,5,2024Q4
2024-11-19,XLC,-0.0069875518567545924,0.0002543617874123721,5,2024Q4
2024-11-19,XLE,-0.019210958088169416,0.0003853867326379269,5,2024Q4
2024-11-19,XLF,0.012049959622606021,-0.0011020733064189877,5,2024Q4
2024-11-19,XLI,0.017841182205501793,-0.00018797887319278739,5,2024Q4
2024-11-19,XLK,-0.002706154576875841,0.0006035721653456351,5,2024Q4
2024-11-19,XLP,0.007271205712745532,-0.001331867764174542,5,2024Q4
2024-11-19,XLRE,0.01370218781960486,-0.0018697842875756033,5,2024Q4
2024-11-19,XLU,0.012920240385086101,0.0001360393824886754,5,2024Q4
2024-11-19,XLV,0.01759153358398513,0.00048099189752518476,5,2024Q4
2024-11-19,XLY,0.00825862853337278,-0.0014969769845699092,5,2024Q4
2024-11-20,XLB,0.006014470424736462,-0.0017699056359411327,5,2024Q4
2024-11-20,XLC,-0.008661856700685311,0.0005076156245310446,5,2024Q4
2024-11-20,XLE,-0.02677017274235327,0.0006770613728059419,5,2024Q4
2024-11-20,XLF,0.02061272940519321,-0.0010595885313793626,5,2024Q4
2024-11-20,XLI,0.01633591600728712,-0.00012622293212668806,5,2024Q4
2024-11-20,XLK,-0.012159732988018757,0.0006174284563391526,5,2024Q4
2024-11-20,XLP,0.018054866475363696,-0.0012618305542224672,5,2024Q4
2024-11-20,XLRE,0.02592091599859514,-0.001862642936671524,5,2024Q4
2024-11-20,XLU,0.015834918406723242,0.00018283079025641823,5,2024Q4
2024-11-20,XLV,0.01437875308282588,0.0007257314489973681,5,2024Q4
2024-11-20,XLY,0.011147247944913286,-0.001003392606847459,5,2024Q4
2024-11-21,XLB,-0.0020263097037427347,-0.0017104174389147675,5,2024Q4
2024-11-21,XLC,-0.0014651691422371549,0.00041886856054219445,5,2024Q4
2024-11-21,XLE,-0.03132930401735001,0.0007011771269582736,5,2024Q4
2024-11-21,XLF,0.008362904746329614,-0.0008514166357619867,5,2024Q4
2024-11-21,XLI,0.008498020022101205,0.0002807012737469519,5,2024Q4
2024-11-21,XLK,-0.01388704931597462,0.0007881803006064789,5,2024Q4
2024-11-21,XLP,0.011309305776758816,-0.0011793892395325742,5,2024Q4
2024-11-21,XLRE,0.01337857541486831,-0.0017955440881953016,5,2024Q4
2024-11-21,XLU,-0.0022578414755829446,0.0006848322135858411,5,2024Q4
2024-11-21,XLV,0.00850952835340002,0.0006606616698810883,5,2024Q4
2024-11-21,XLY,0.01899568353101988,-0.0013695489192298892,5,2024Q4
2024-11-22,XLB,-0.006939654495532022,-0.00179782064780711,5,2024Q4
2024-11-22,XLC,0.010415000231362548,0.0002601178951144473,5,2024Q4
2024-11-22,XLE,-0.04190719206761506,0.0006776224609694946,5,2024Q4
2024-11-22,XLF,-0.011664151177066762,-0.0008745079721284811,5,2024Q4
2024-11-22,XLI,-0.011672525235477682,0.0004996895790135181,5,2024Q4
2024-11-22,XLK,-0.0035754398555123412,0.000755076153515001,5,2024Q4
2024-11-22,XLP,0.0020049023424282275,-0.0009280776812641478,5,2024Q4
2024-11-22,XLRE,-0.008418768958188272,-0.00153442956820307,5,2024Q4
2024-11-22,XLU,-0.01731861261466361,0.00032890774578613844,5,2024Q4
2024-11-22,XLV,0.007105472144852687,0.0006610944866290413,5,2024Q4
2024-11-22,XLY,0.014516852388211543,-0.0010839412200738014,5,2024Q4
2024-11-25,XLB,-0.01740987811282535,-0.0015721010898390956,5,2024Q4
2024-11-25,XLC,0.01633031092669235,0.00036986329291093423,5,2024Q4
2024-11-25,XLE,-0.019486936832452617,0.0003567624871301747,5,2024Q4
2024-11-25,XLF,-0.022624017507665184,-0.0009918980726153384,5,2024Q4
2024-11-25,XLI,-0.021197003928305036,0.0005255149185009342,5,2024Q4
2024-11-25,XLK,0.0030647384582207504,0.0007140852882300572,5,2024Q4
2024-11-25,XLP,-0.005816430228204883,-0.000927501020492405,5,2024Q4
2024-11-25,XLRE,-0.024553742959246505,-0.0014463925481237178,5,2024Q4
2024-11-25,XLU,-0.02477042542453345,0.0002490881482547366,5,2024Q4
2024-11-25,XLV,-0.0008416736156731108,0.0006490328582132132,5,2024Q4
2024-11-25,XLY,0.006297250023079348,-0.0012727173970670184,5,2024Q4
2024-11-26,XLB,-0.020679699094749315,-0.0016263639548505155,5,2024Q4
2024-11-26,XLC,0.0139073741663569,0.0004006262460545324,5,2024Q4
2024-11-26,XLE,-0.043071656269315195,0.0003884925138575748,5,2024Q4
2024-11-26,XLF,-0.029262558733121113,-0.0009109377661717225,5,2024Q4
2024-11-26,XLI,-0.01904665557178875,0.0005410381300932109,5,2024Q4
2024-11-26,XLK,0.015463404308534656,0.000842376640406111,5,2024Q4
2024-11-26,XLP,-0.013728054239195542,-0.0009105025372095853,5,2024Q4
2024-11-26,XLRE,-0.03305153641090741,-0.0014368386428942803,5,2024Q4
2024-11-26,XLU,-0.041344996478985374,0.0009068590484833067,5,2024Q4
2024-11-26,XLV,-0.007771121090734523,0.0006313608575165924,5,2024Q4
2024-11-26,XLY,0.011030888171393416,-0.0012805202337791597,5,2024Q4
2024-11-27,XLB,-0.03460253857694828,-0.0018606214823890593,5,2024Q4
2024-11-27,XLC,0.008790243048123925,0.0002957696367887766,5,2024Q4
2024-11-27,XLE,-0.039673478716634514,0.00022399502867612316,5,2024Q4
2024-11-27,XLF,-0.029657627535614073,-0.001138385703776834,5,2024Q4
2024-11-27,XLI,-0.02885982463960901,0.0004488743658293837,5,2024Q4
2024-11-27,XLK,0.022894793824553394,0.00034906916882030173,5,2024Q4
2024-11-27,XLP,-0.013196270166437873,-0.0010736191706316794,5,2024Q4
2024-11-27,XLRE,-0.04359971752482039,-0.0011454455695230543,5,2024Q4
2024-11-27,XLU,-0.03973412206879412,0.0007595067221327584,5,2024Q4
2024-11-27,XLV,-0.025664813313487578,0.0004419899110555018,5,2024Q4
2024-11-27,XLY,0.023099743645719206,-0.0013804752012617572,5,2024Q4
2024-11-29,XLB,-0.03901021593726406,-0.0016477846464246406,5,2024Q4
2024-11-29,XLC,0.016981816102701774,0.00015401837613687456,5,2024Q4
2024-11-29,XLE,-0.05593986644030391,0.0009618018004214484,5,2024Q4
2024-11-29,XLF,-0.02703887649027792,-0.0011561795216384688,5,2024Q4
2024-11-29,XLI,-0.03255066469852819,0.0004508861646885598,5,2024Q4
2024-11-29,XLK,0.021690149044714335,0.000408179927947255,5,2024Q4
2024-11-29,XLP,-0.01882329348047762,-0.0008898441168795323,5,2024Q4
2024-11-29,XLRE,-0.036062899344452504,-0.0014043754448092812,5,2024Q4
2024-11-29,XLU,-0.04779866042809755,0.0008468100861872745,5,2024Q4
2024-11-29,XLV,-0.029962860902917665,0.0004679121729369405,5,2024Q4
2024-11-29,XLY,0.03850390227498046,-0.001525660798538147,5,2024Q4
2024-12-02,XLB,-0.03161700995296024,-0.0010173210512395897,5,2024Q4
2024-12-02,XLC,-0.006073716669126039,0.0008915533790849939,5,2024Q4
2024-12-02,XLE,-0.04035564205999309,0.0015458718608393743,5,2024Q4
2024-12-02,XLF,-0.023773707922078224,-0.0006654574506363101,5,2024Q4
2024-12-02,XLI,-0.02685666640215767,0.0009246529415275845,5,2024Q4
2024-12-02,XLK,0.012331301537964912,0.001551704041046576,5,2024Q4
2024-12-02,XLP,-0.012206271164364235,-7.53907367031716e-05,5,2024Q4
2024-12-02,XLRE,-0.01211853754101766,-0.0008976989928609629,5,2024Q4
2024-12-02,XLU,-0.03205370907120986,0.0006493998910982672,5,2024Q4
2024-12-02,XLV,-0.01838915336931246,0.0010806012773344879,5,2024Q4
2024-12-02,XLY,0.03313387381298538,-0.001022010665783369,5,2024Q4
2024-12-03,XLB,-0.03491266619161748,-0.0011614749891776914,5,2024Q4
2024-12-03,XLC,0.0050377022538509175,0.0008700856139898395,5,2024Q4
2024-12-03,XLE,-0.04323657305906847,0.0015852034764442821,5,2024Q4
2024-12-03,XLF,-0.013028181940682892,-0.0009393404940135691,5,2024Q4
2024-12-03,XLI,-0.019495498865240046,0.0005265041220112286,5,2024Q4
2024-12-03,XLK,-0.0017515048051728321,0.0017245890803975527,5,2024Q4
2024-12-03,XLP,0.0012333541846066831,-4.0505167186944335e-05,5,2024Q4
2024-12-03,XLRE,-0.018815631886180295,-0.0011651229816637574,5,2024Q4
2024-12-03,XLU,-0.02712406603171935,0.0004480212301424936,5,2024Q4
2024-12-03,XLV,-0.016688064142401315,0.0005942337687115108,5,2024Q4
2024-12-03,XLY,0.03919242040099469,-0.0007525367995237472,5,2024Q4
2024-12-04,XLB,-0.03036605574359874,-0.0002195436201988686,5,2024Q4
2024-12-04,XLC,0.01758771083159405,0.000998425160690763,5,2024Q4
2024-12-04,XLE,-0.019512568675405406,0.0018162131868280345,5,2024Q4
2024-12-04,XLF,-0.008823276058921636,-0.0004029694801884028,5,2024Q4
2024-12-04,XLI,-0.027501222591142627,0.0012177525346897503,5,2024Q4
2024-12-04,XLK,-0.00696983593982714,0.0017907987085088923,5,2024Q4
2024-12-04,XLP,-0.0051280599433336516,0.001763399275730495,5,2024Q4
2024-12-04,XLRE,-0.020153344681601126,0.0003419603532046375,5,2024Q4
2024-12-04,XLU,-0.03460373779711723,0.0016351647346102606,5,2024Q4
2024-12-04,XLV,-0.031018830960268584,0.001799713768529478,5,2024Q4
2024-12-04,XLY,0.046183652757573634,-0.0008457829850626342,5,2024Q4
2024-12-05,XLB,-0.020761010819712045,-0.0006863363252833446,5,2024Q4
2024-12-05,XLC,0.025338551761149186,0.0005964948979262553,5,2024Q4
2024-12-05,XLE,-0.027696181486554283,0.0013074183405096013,5,2024Q4
2024-12-05,XLF,-0.012624285559562298,-0.0007997189437316969,5,2024Q4
2024-12-05,XLI,-0.018370482104127395,0.000581117816030646,5,2024Q4
2024-12-05,XLK,-0.0039955703891383365,0.0014611332408381097,5,2024Q4
2024-12-05,XLP,-0.00268182532905592,0.0007002343936418037,5,2024Q4
2024-12-05,XLRE,-0.014867945499231983,1.2479826655770014e-05,5,2024Q4
2024-12-05,XLU,-0.03457793769041373,0.00114772513669009,5,2024Q4
2024-12-05,XLV,-0.024346755380087126,0.0016333120433225244,5,2024Q4
2024-12-05,XLY,0.032612631370732115,-0.0012623522910445526,5,2024Q4
2024-12-06,XLB,-0.023236056313094333,-0.0007133923856138515,5,2024Q4
2024-12-06,XLC,0.00602198210824012,0.00036693371443418906,5,2024Q4
2024-12-06,XLE,-0.013852969895475242,0.0011221005099723716,5,2024Q4
2024-12-06,XLF,-0.011140588524557238,-0.0009011622429929247,5,2024Q4
2024-12-06,XLI,-0.016345167035908714,0.0003063728371854688,5,2024Q4
2024-12-06,XLK,-0.0015094166736544512,0.0013920470899169263,5,2024Q4
2024-12-06,XLP,0.0017956881954048765,0.0005352786380149557,5,2024Q4
2024-12-06,XLRE,-0.015552993193987397,0.0006401195327917098,5,2024Q4
2024-12-06,XLU,-0.019801779608260572,0.0011604064454173442,5,2024Q4
2024-12-06,XLV,-0.01687997974357147,0.001538991676020755,5,2024Q4
2024-12-06,XLY,0.01747788635680414,-0.0017078131886011224,5,2024Q4
2024-12-09,XLB,-0.04103433959484293,-0.0009024974716277807,5,2024Q4
2024-12-09,XLC,0.02232549333126954,0.00011114485152820296,5,2024Q4
2024-12-09,XLE,-0.043216531610279274,0.0012056952205550956,5,2024Q4
2024-12-09,XLF,-0.00871978491324299,-0.0010870552113269962,5,2024Q4
2024-12-09,XLI,-0.016335724262574236,0.0003147167012969633,5,2024Q4
2024-12-09,XLK,0.005579803344365031,0.0012656272984471067,5,2024Q4
2024-12-09,XLP,-0.011270603979939287,-0.0001831195968092507,5,2024Q4
2024-12-09,XLRE,-0.031989220966565646,-9.872349574314445e-05,5,2024Q4
2024-12-09,XLU,-0.024711967709181937,0.000979671270980665,5,2024Q4
2024-12-09,XLV,-0.04073893065098899,0.001222330643198928,5,2024Q4
2024-12-09,XLY,0.02503765609429487,-0.0015638818474268054,5,2024Q4
2024-12-10,XLB,-0.035456954954212194,-0.0007378691126364416,5,2024Q4
2024-12-10,XLC,-7.969222468307002e-05,0.000269587088340008,5,2024Q4
2024-12-10,XLE,-0.04280420824701714,0.0011245701315354022,5,2024Q4
2024-12-10,XLF,-0.01454423288236395,-0.0011086693160984316,5,2024Q4
2024-12-10,XLI,-0.021968201152415934,0.0003024728915835214,5,2024Q4
2024-12-10,XLK,0.014608091532444467,0.0007811378696624627,5,2024Q4
2024-12-10,XLP,-0.016629591111116837,-0.00029167143997529217,5,2024Q4
2024-12-10,XLRE,-0.019389527127556816,-7.981755016847288e-05,5,2024Q4
2024-12-10,XLU,-0.020648961613171646,0.0008181692111843381,5,2024Q4
2024-12-10,XLV,-0.03640656579727164,0.0012595018139082963,5,2024Q4
2024-12-10,XLY,0.02760047844185398,-0.001607837355540424,5,2024Q4
2024-12-11,XLB,-0.02228897401751706,0.0010118077372534883,5,2024Q4
2024-12-11,XLC,-0.007008568025490436,0.0010577283828052376,5,2024Q4
2024-12-11,XLE,-0.03537686956481201,0.0019484681472560546,5,2024Q4
2024-12-11,XLF,-0.008707803921708446,-0.0003750568313969703,5,2024Q4
2024-12-11,XLI,-0.010129180225886936,0.0011126528575952273,5,2024Q4
2024-12-11,XLK,0.005079970310953419,0.0019347861000440874,5,2024Q4
2024-12-11,XLP,0.013161823104871129,0.0011746693685635986,5,2024Q4
2024-12-11,XLRE,-0.018107484428120824,0.001421013539150133,5,2024Q4
2024-12-11,XLU,-0.00042913986447479235,0.00178729272605604,5,2024Q4
2024-12-11,XLV,0.0009562639157028041,0.002135761580503821,5,2024Q4
2024-12-11,XLY,0.0015500718227711152,-0.0008791085726741428,5,2024Q4
2024-12-12,XLB,-0.03061213979852806,0.0011765080076788256,5,2024Q4
2024-12-12,XLC,-0.01613428371221448,0.0011179047055908777,5,2024Q4
2024-12-12,XLE,-0.04064957335118413,0.0020363517001289887,5,2024Q4
2024-12-12,XLF,-0.005735935235756329,-0.0003841373390595493,5,2024Q4
2024-12-12,XLI,-0.009895324354736612,0.0012049470926599843,5,2024Q4
2024-12-12,XLK,0.006891260799902654,0.0016244423521409009,5,2024Q4
2024-12-12,XLP,-0.001323723722877923,0.0007915295871396772,5,2024Q4
2024-12-12,XLRE,-0.03842306232300541,0.0012442873415327432,5,2024Q4
2024-12-12,XLU,-0.0002506527798686875,0.0019327252519117436,5,2024Q4
2024-12-12,XLV,-0.0033780823242747227,0.00228166373886498,5,2024Q4
2024-12-12,XLY,0.003605269630000185,-0.000812885929477814,5,2024Q4
2024-12-13,XLB,-0.019290523640834056,0.0008598020643598758,5,2024Q4
2024-12-13,XLC,-0.007907487200297658,0.0006143340477230599,5,2024Q4
2024-12-13,XLE,-0.035322904892240325,0.001787762864061335,5,2024Q4
2024-12-13,XLF,0.0008237216328756958,-0.0008605553889074446,5,2024Q4
2024-12-13,XLI,-0.004652916806112795,0.0007041013204049421,5,2024Q4
2024-12-13,XLK,0.008688835332752665,0.00126887385506681,5,2024Q4
2024-12-13,XLP,-0.003982268217777696,0.0002949093505307959,5,2024Q4
2024-12-13,XLRE,-0.026015164364859622,0.0002989042366110953,5,2024Q4
2024-12-13,XLU,0.006030251277996168,0.0015429485770887235,5,2024Q4
2024-12-13,XLV,0.00040782359276625435,0.001738636232748276,5,2024Q4
2024-12-13,XLY,-0.006326737095900814,-0.001632990583836464,5,2024Q4
2024-12-16,XLB,-0.018163928890684744,0.0016256549442073128,5,2024Q4
2024-12-16,XLC,-0.010553423153399466,0.0007036015559986175,5,2024Q4
2024-12-16,XLE,-0.018220814259436113,0.0017894374393344886,5,2024Q4
2024-12-16,XLF,-0.0008881193182692648,-0.0009163826779892336,5,2024Q4
2024-12-16,XLI,-0.01226546936911943,0.0007654428928915116,5,2024Q4
2024-12-16,XLK,0.0059830818535338,0.0016925972601823163,5,2024Q4
2024-12-16,XLP,-0.013020645851712809,0.00036846666585285573,5,2024Q4
2024-12-16,XLRE,-0.0286391445004599,0.0010214675345382742,5,2024Q4
2024-12-16,XLU,0.007476706016975254,0.001672921107574907,5,2024Q4
2024-12-16,XLV,0.015921189075062347,0.0016818219097602268,5,2024Q4
2024-12-16,XLY,-0.019903141780029387,-0.0015663446974670476,5,2024Q4
2024-12-17,XLB,-0.022567678431035465,0.0043758934444500346,5,2024Q4
2024-12-17,XLC,-0.008972696830140015,0.0031102835219892835,5,2024Q4
2024-12-17,XLE,-0.01779768592905029,0.004734730393947591,5,2024Q4
2024-12-17,XLF,0.002707629586272131,0.001795288298752301,5,2024Q4
2024-12-17,XLI,-0.010680483905400329,0.0035031780300942257,5,2024Q4
2024-12-17,XLK,0.007239813106657111,0.004059155164462672,5,2024Q4
2024-12-17,XLP,-0.0199691919643743,0.0023891998827807034,5,2024Q4
2024-12-17,XLRE,-0.033005839927685354,0.002784732798375761,5,2024Q4
2024-12-17,XLU,0.002079637329297168,0.003754904072537894,5,2024Q4
2024-12-17,XLV,0.00573812857159961,0.0042644313590446195,5,2024Q4
2024-12-17,XLY,-0.01576791139858391,0.0006995587732534596,5,2024Q4
2024-12-18,XLB,-0.026272522374613083,-0.00016395496902432076,5,2024Q4
2024-12-18,XLC,-0.011971929391352054,0.00039623333465002965,5,2024Q4
2024-12-18,XLE,-0.019500591292046066,0.0007059183187371714,5,2024Q4
2024-12-18,XLF,0.005385468376454927,-0.0010700301551768135,5,2024Q4
2024-12-18,XLI,-0.011945312985692125,1.5302203491871706e-05,5,2024Q4
2024-12-18,XLK,0.010697389504040977,0.0008416049174717606,5,2024Q4
2024-12-18,XLP,-0.03241803425032286,-0.0007194829860412515,5,2024Q4
2024-12-18,XLRE,-0.022988660627848434,-0.0010087093852202095,5,2024Q4
2024-12-18,XLU,-0.0068597710336764095,0.0009687498097979061,5,2024Q4
2024-12-18,XLV,-0.009083831124217179,0.0009244012279505032,5,2024Q4
2024-12-18,XLY,-0.003993892914884611,-0.001467786896735809,5,2024Q4
2024-12-19,XLB,-0.010351834939132498,0.0011874380203463698,5,2024Q4
2024-12-19,XLC,-0.0077096251675219385,0.0005357592162570496,5,2024Q4
2024-12-19,XLE,-0.0003198027466682074,0.0013232877194819855,5,2024Q4
2024-12-19,XLF,0.004672293059790444,-0.000918427227132278,5,2024Q4
2024-12-19,XLI,-0.007717493521669727,0.00044311109939206234,5,2024Q4
2024-12-19,XLK,0.006304117418637123,0.0008905691627626377,5,2024Q4
2024-12-19,XLP,-0.019721390555827,-0.0006120954333335482,5,2024Q4
2024-12-19,XLRE,-0.0032201569680967435,0.0001413925803836727,5,2024Q4
2024-12-19,XLU,-0.003903499892033313,0.0013924681963625673,5,2024Q4
2024-12-19,XLV,0.00438983250909053,0.0013719310039042882,5,2024Q4
2024-12-19,XLY,-0.009026911295940021,-0.0013296686790263057,5,2024Q4
2024-12-20,XLB,-0.0158428113260608,0.000978106200152912,5,2024Q4
2024-12-20,XLC,-0.003516405223956909,-0.0002782064971493139,5,2024Q4
2024-12-20,XLE,0.009829271831618414,0.0005763829582423961,5,2024Q4
2024-12-20,XLF,0.00021515038008312892,-0.0018514749852487958,5,2024Q4
2024-12-20,XLI,-0.009241735819549235,-0.0001290039497038681,5,2024Q4
2024-12-20,XLK,-0.0013581887625777611,0.00023022341334396344,5,2024Q4
2024-12-20,XLP,-0.01468328896168869,-0.0010389219043760141,5,2024Q4
2024-12-20,XLRE,-0.005830516751984649,-0.0005134463896874421,5,2024Q4
2024-12-20,XLU,-0.0038097504504849278,0.00042919517057800214,5,2024Q4
2024-12-20,XLV,-0.0005508055411522772,0.0008334677127184487,5,2024Q4
2024-12-20,XLY,-0.007537552436805872,-0.0017824643040089084,5,2024Q4
2024-12-23,XLB,0.0035459579592785895,0.001410346069205952,5,2024Q4
2024-12-23,XLC,-7.80574616298102e-05,6.678516085535804e-05,5,2024Q4
2024-12-23,XLE,0.0350905465712793,0.001317294790883741,5,2024Q4
2024-12-23,XLF,0.012619395403971945,-0.0012379614698450616,5,2024Q4
2024-12-23,XLI,0.004261785309605304,0.0004316802037731688,5,2024Q4
2024-12-23,XLK,-0.008834339658487345,0.0005607499493550979,5,2024Q4
2024-12-23,XLP,0.010550103080278705,-0.00020447333058932148,5,2024Q4
2024-12-23,XLRE,0.01768484088624389,0.00033793947748434394,5,2024Q4
2024-12-23,XLU,0.009613550869183807,0.001206387852528691,5,2024Q4
2024-12-23,XLV,0.005973626958946987,0.0012128447035765597,5,2024Q4
2024-12-23,XLY,-0.006554289883146991,-0.0016880372719366636,5,2024Q4
2024-12-24,XLB,0.0005816502375721733,0.002005443457055473,5,2024Q4
2024-12-24,XLC,0.00864845270459591,0.000423322017764106,5,2024Q4
2024-12-24,XLE,0.05157242012187202,0.0015305471358775429,5,2024Q4
2024-12-24,XLF,0.011785018966356642,-0.0009130577983166116,5,2024Q4
2024-12-24,XLI,0.006388806165452898,0.0009882491361303714,5,2024Q4
2024-12-24,XLK,-0.007881440708617626,0.0011416414707408843,5,2024Q4
2024-12-24,XLP,0.014237350627852474,0.00025766022529575606,5,2024Q4
2024-12-24,XLRE,0.014964660616691106,0.0009072976620958331,5,2024Q4
2024-12-24,XLU,0.024960819723235494,0.0018224906956641432,5,2024Q4
2024-12-24,XLV,0.015432733814031763,0.0018677012874733154,5,2024Q4
2024-12-24,XLY,-0.02803610332033113,-0.0014509702389588093,5,2024Q4
2024-12-26,XLB,-0.010263093922402433,0.0018305053880230864,5,2024Q4
2024-12-26,XLC,0.0039026867996959647,0.00026000282731145004,5,2024Q4
2024-12-26,XLE,0.04990624600054183,0.001777415490964752,5,2024Q4
2024-12-26,XLF,0.005026651365740764,-0.0011290173490530507,5,2024Q4
2024-12-26,XLI,0.004144844674838666,0.0008627483250753674,5,2024Q4
2024-12-26,XLK,-0.004909199678268306,0.0009548763422588656,5,2024Q4
2024-12-26,XLP,-0.0014510050405143193,0.0001574470915530824,5,2024Q4
2024-12-26,XLRE,0.014881091473801789,0.0007797555012460742,5,2024Q4
2024-12-26,XLU,0.025837930936330467,0.0021891739292130264,5,2024Q4
2024-12-26,XLV,0.011030598997482599,0.0015154236320605143,5,2024Q4
2024-12-26,XLY,-0.017432818987366594,-0.0016117835058521446,5,2024Q4
2024-12-27,XLB,-0.014598114741623536,0.001445491927710775,5,2024Q4
2024-12-27,XLC,0.007357984860972389,1.493485215403736e-05,5,2024Q4
2024-12-27,XLE,0.029094839871115274,0.001586209140569087,5,2024Q4
2024-12-27,XLF,-0.006947199766950685,-0.001149752413965342,5,2024Q4
2024-12-27,XLI,-0.0068166510420749615,0.0003767708049829784,5,2024Q4
2024-12-27,XLK,0.004717261138825535,0.0005994178250941955,5,2024Q4
2024-12-27,XLP,-0.023160734865731558,-0.00017454907845888931,5,2024Q4
2024-12-27,XLRE,-0.007001644253560868,0.0003045250451087114,5,2024Q4
2024-12-27,XLU,0.0012519428359774043,0.0012960238625555835,5,2024Q4
2024-12-27,XLV,-8.444707044463762e-05,0.0013695352733330791,5,2024Q4
2024-12-27,XLY,-0.01351588275976534,-0.0013672342296032146,5,2024Q4
2024-12-30,XLB,-0.0018903355449053638,0.0013553989624933835,5,2024Q4
2024-12-30,XLC,0.006612772879279305,0.00019285928747916323,5,2024Q4
2024-12-30,XLE,0.03939760044642315,0.0012138000182728053,5,2024Q4
2024-12-30,XLF,0.0003386073953417501,-0.0010300309782929368,5,2024Q4
2024-12-30,XLI,0.0021835155342908585,0.0007620661040860686,5,2024Q4
2024-12-30,XLK,-0.0028721364744990208,0.0006845799962759255,5,2024Q4
2024-12-30,XLP,-0.015115800819931913,-0.0003966786826047157,5,2024Q4
2024-12-30,XLRE,-0.009866782682570241,1.6596805301102076e-05,5,2024Q4
2024-12-30,XLU,0.002866867833178244,0.0014264700664920991,5,2024Q4
2024-12-30,XLV,0.017300650195803513,0.001308155181275666,5,2024Q4
2024-12-30,XLY,-0.016932364284824586,-0.0011951500322100956,5,2024Q4
2024-12-31,XLB,-0.005580619245344698,0.0013223800698381086,5,2024Q4
2024-12-31,XLC,-0.0011700381819685912,0.0003008901690903777,5,2024Q4
2024-12-31,XLE,0.02184920444609917,0.001188819490182235,5,2024Q4
2024-12-31,XLF,-0.0025077451753428015,-0.0010993866302039814,5,2024Q4
2024-12-31,XLI,0.0022266118577594085,0.000700815391128861,5,2024Q4
2024-12-31,XLK,3.0640910995360926e-05,0.0008761163585164086,5,2024Q4
2024-12-31,XLP,-0.021465182584951004,-0.0004306485177742803,5,2024Q4
2024-12-31,XLRE,-0.018604155544775125,-0.0006787212969755088,5,2024Q4
2024-12-31,XLU,-0.001590547146432808,0.0012149223666583285,5,2024Q4
2024-12-31,XLV,0.014971097978839554,0.001175821538740292,5,2024Q4
2024-12-31,XLY,-0.011791128659303318,-0.0009989548935645889,5,2024Q4
2025-01-02,XLB,0.0031211936687642883,-0.0014721938717576735,6,2025Q1
2025-01-02,XLC,-0.008501295444070078,-0.00013856926125015005,6,2025Q1
2025-01-02,XLE,0.00751320503876074,0.00016322651666594393,6,2025Q1
2025-01-02,XLF,-0.00248777967151792,-0.0010473007846771296,6,2025Q1
2025-01-02,XLI,0.0032808389308045527,6.33101738578286e-05,6,2025Q1
2025-01-02,XLK,-6.187999958195967e-05,0.0002286314533074239,6,2025Q1
2025-01-02,XLP,-0.02092808817994518,-0.002675260748780305,6,2025Q1
2025-01-02,XLRE,-0.011770510983383775,-0.002259150888190478,6,2025Q1
2025-01-02,XLU,-0.011704645255681045,-0.0012602994151215293,6,2025Q1
2025-01-02,XLV,0.012196993412882495,-0.001495944487983406,6,2025Q1
2025-01-02,XLY,-0.0010237972864131084,-0.0005094467898576518,6,2025Q1
2025-01-03,XLB,0.0206820175333724,-0.0012521826810054466,6,2025Q1
2025-01-03,XLC,-0.0017886016905812596,-0.00011827814460859602,6,2025Q1
2025-01-03,XLE,0.029877635070189923,0.00018401874507757433,6,2025Q1
2025-01-03,XLF,-0.006777322018205356,-0.0013129507547619966,6,2025Q1
2025-01-03,XLI,0.008886566609139002,5.296828779873182e-06,6,2025Q1
2025-01-03,XLK,-0.010205474169748374,0.0002945737837131967,6,2025Q1
2025-01-03,XLP,-0.006045593175737496,-0.002440316157222071,6,2025Q1
2025-01-03,XLRE,-0.021286681851901523,-0.0022104358526673037,6,2025Q1
2025-01-03,XLU,-0.00010055776443262943,-0.001172906124689993,6,2025Q1
2025-01-03,XLV,0.024253237752356105,-0.0013814440933118458,6,2025Q1
2025-01-03,XLY,-0.0030415317917253937,-0.0003495359597733125,6,2025Q1
2025-01-06,XLB,0.04030061530562723,-0.001056430694992944,6,2025Q1
2025-01-06,XLC,-0.00776625471057435,0.0004698669909184522,6,2025Q1
2025-01-06,XLE,0.05998713275856027,0.0005621983650349822,6,2025Q1
2025-01-06,XLF,0.007362399694993305,-0.0007458448218068637,6,2025Q1
2025-01-06,XLI,0.026787304415390678,0.00024523321995767824,6,2025Q1
2025-01-06,XLK,-0.025079708207696227,0.0008759389244670594,6,2025Q1
2025-01-06,XLP,0.010047170877657385,-0.001963796249786729,6,2025Q1
2025-01-06,XLRE,0.008569064519340142,-0.0019968221000442234,6,2025Q1
2025-01-06,XLU,0.0035225220406480684,-0.0009435720673395861,6,2025Q1
2025-01-06,XLV,0.04101622585881726,-0.001343286882044884,6,2025Q1
2025-01-06,XLY,0.002738948839703048,-7.284604718200299e-05,6,2025Q1
2025-01-07,XLB,0.041048185699653406,-0.0014246441031000837,6,2025Q1
2025-01-07,XLC,-0.012669316652222373,-6.752094401742776e-05,6,2025Q1
2025-01-07,XLE,0.04823881665282048,-0.0003565729404112869,6,2025Q1
2025-01-07,XLF,0.009285372246445434,-0.0005952074563472572,6,2025Q1
2025-01-07,XLI,0.027116017850434826,-0.00016250876783612447,6,2025Q1
2025-01-07,XLK,-0.01555959763616177,0.0002742514566013545,6,2025Q1
2025-01-07,XLP,0.0012306639965969923,-0.0022781405655934455,6,2025Q1
2025-01-07,XLRE,0.01194115906805826,-0.002231396327287679,6,2025Q1
2025-01-07,XLU,0.006337212809778392,-0.0013596675813360233,6,2025Q1
2025-01-07,XLV,0.013016387112257055,-0.0019942829960510485,6,2025Q1
2025-01-07,XLY,0.007613021440471046,-0.0001994712777552304,6,2025Q1
2025-01-08,XLB,0.028639436796142892,-0.0013629818752301823,6,2025Q1
2025-01-08,XLC,-0.007226170579798463,-0.00025247172120934375,6,2025Q1
2025-01-08,XLE,0.045992231751543766,-0.0002956336794094726,6,2025Q1
2025-01-08,XLF,0.014835485215047628,-0.0006694643954879174,6,2025Q1
2025-01-08,XLI,0.013015501374808558,-0.0002366945522143399,6,2025Q1
2025-01-08,XLK,-0.01237945365562454,0.00022592217206105294,6,2025Q1
2025-01-08,XLP,-0.02044281689828109,-0.0022254233996024555,6,2025Q1
2025-01-08,XLRE,-0.004584831513286369,-0.0022886027912385593,6,2025Q1
2025-01-08,XLU,0.004680712133638298,-0.0015885133555546594,6,2025Q1
2025-01-08,XLV,-0.004584157547033119,-0.0018900216780441503,6,2025Q1
2025-01-08,XLY,0.013566027924130086,-0.0002587470150842772,6,2025Q1
2025-01-09,XLB,0.03912844492052092,-0.0014894830070357227,6,2025Q1
2025-01-09,XLC,-0.010947241042157052,-0.000305031031905577,6,2025Q1
2025-01-09,XLE,0.05553714848640667,-0.00047635208574009144,6,2025Q1
2025-01-09,XLF,0.02357488717234335,-0.0007117598258757037,6,2025Q1
2025-01-09,XLI,0.02729691444072113,-0.0003873110931556362,6,2025Q1
2025-01-09,XLK,-0.018099076131190106,0.0001808131669335406,6,2025Q1
2025-01-09,XLP,-0.011142697346126385,-0.0024817486366384084,6,2025Q1
2025-01-09,XLRE,0.019764983755403476,-0.002484945454747654,6,2025Q1
2025-01-09,XLU,0.03213754468375973,-0.00179297209223034,6,2025Q1
2025-01-09,XLV,0.0013374694023606803,-0.002024040974794779,6,2025Q1
2025-01-09,XLY,0.009984455230890754,-0.00018540601398206523,6,2025Q1
2025-01-10,XLB,0.030943508689113663,-0.0014960172593750968,6,2025Q1
2025-01-10,XLC,-0.01294967325749874,0.0004448490862990586,6,2025Q1
2025-01-10,XLE,0.033575533328361606,-0.00035242612782373985,6,2025Q1
2025-01-10,XLF,0.032055551139229754,-0.0001299004878236006,6,2025Q1
2025-01-10,XLI,0.019443844481696004,-0.0002655821718853495,6,2025Q1
2025-01-10,XLK,-0.006143153932924417,0.0006942191026072886,6,2025Q1
2025-01-10,XLP,-0.017651281597973245,-0.0019919304077187206,6,2025Q1
2025-01-10,XLRE,0.019053484685637834,-0.0018568670456778058,6,2025Q1
2025-01-10,XLU,0.013692459023415093,-0.0016931755066778005,6,2025Q1
2025-01-10,XLV,-0.0255735581777361,-0.0020315669216775805,6,2025Q1
2025-01-10,XLY,0.008599387633391187,0.00024201826461289462,6,2025Q1
2025-01-13,XLB,0.013237646539753456,-0.0010223043405938861,6,2025Q1
2025-01-13,XLC,-0.012007759756731406,0.0008863749446777524,6,2025Q1
2025-01-13,XLE,-0.0014660690667827048,0.00022929053487758642,6,2025Q1
2025-01-13,XLF,0.025480504248587055,7.923489674682184e-05,6,2025Q1
2025-01-13,XLI,0.020771099831982553,-0.00024051662925936895,6,2025Q1
2025-01-13,XLK,0.0019238902477740627,0.001117520047819098,6,2025Q1
2025-01-13,XLP,-0.02247850600455692,-0.0014267746516352054,6,2025Q1
2025-01-13,XLRE,0.0169279249909422,-0.0015731954770696662,6,2025Q1
2025-01-13,XLU,0.03436426983267471,-0.0007079237843378888,6,2025Q1
2025-01-13,XLV,-0.029903641153368632,-0.0014096200180986917,6,2025Q1
2025-01-13,XLY,0.0025066943814424647,0.0003799241559633191,6,2025Q1
2025-01-14,XLB,-0.012425511174583459,-0.0014263200498932996,6,2025Q1
2025-01-14,XLC,-0.0027124216686582603,0.0006640912337520789,6,2025Q1
2025-01-14,XLE,-0.035514063981603394,0.0001233147754391199,6,2025Q1
2025-01-14,XLF,0.0031137707923813984,-0.0005153047843799738,6,2025Q1
2025-01-14,XLI,0.0015632360853718996,-0.000365781210128991,6,2025Q1
2025-01-14,XLK,0.018190626531810805,0.0010117391892693688,6,2025Q1
2025-01-14,XLP,-0.032109337379163216,-0.0015906032434645214,6,2025Q1
2025-01-14,XLRE,-0.014666561839230319,-0.0016528100579030417,6,2025Q1
2025-01-14,XLU,-0.006769347655624536,-0.0010071082973985344,6,2025Q1
2025-01-14,XLV,-0.026081640014428364,-0.0015907145327748071,6,2025Q1
2025-01-14,XLY,-0.0037988906396377864,0.00024087419546901573,6,2025Q1
2025-01-15,XLB,-0.003466975863230637,-0.0014160741796407784,6,2025Q1
2025-01-15,XLC,-0.003808048022011734,0.0005121959473705327,6,2025Q1
2025-01-15,XLE,-0.03262479671342977,0.00033546501873272323,6,2025Q1
2025-01-15,XLF,-0.003971394612338974,-0.00015455346059651957,6,2025Q1
2025-01-15,XLI,0.018530135529833514,-2.352354239272985e-05,6,2025Q1
2025-01-15,XLK,0.012398481876271017,0.0008847681060359936,6,2025Q1
2025-01-15,XLP,-0.011967713882267583,-0.0015282293518803847,6,2025Q1
2025-01-15,XLRE,0.0022256246794125634,-0.0016339839250053812,6,2025Q1
2025-01-15,XLU,-0.003885016398724739,-0.000896433331820709,6,2025Q1
2025-01-15,XLV,-0.003658055498559687,-0.001384646263570342,6,2025Q1
2025-01-15,XLY,-0.010412404344813497,0.00036886354756416576,6,2025Q1
2025-01-16,XLB,-0.01347180006171711,-0.0014817262223541026,6,2025Q1
2025-01-16,XLC,0.01237804134465148,0.000496869168805736,6,2025Q1
2025-01-16,XLE,-0.04830051469900032,0.0005202313430214258,6,2025Q1
2025-01-16,XLF,-0.006721902502038635,-6.379081704835821e-05,6,2025Q1
2025-01-16,XLI,0.0026331823494996076,-7.81234491996649e-05,6,2025Q1
2025-01-16,XLK,0.010576630186821312,0.0010540094802481397,6,2025Q1
2025-01-16,XLP,-0.013278327333063,-0.001664678792303322,6,2025Q1
2025-01-16,XLRE,-0.01640630605862503,-0.002218609899802688,6,2025Q1
2025-01-16,XLU,-0.01794799873109021,-0.0008380647965395927,6,2025Q1
2025-01-16,XLV,-0.005068827079159899,-0.0014349615454652314,6,2025Q1
2025-01-16,XLY,-0.010082995824547414,0.0002833557130677872,6,2025Q1
2025-01-17,XLB,0.005155836150749327,-0.001441760135936236,6,2025Q1
2025-01-17,XLC,0.03335328625882128,0.00043907683655046854,6,2025Q1
2025-01-17,XLE,-0.04130959108506482,0.0008223801701129439,6,2025Q1
2025-01-17,XLF,0.0204965222495348,9.427989792956009e-05,6,2025Q1
2025-01-17,XLI,0.007385710387006306,3.110990136204718e-05,6,2025Q1
2025-01-17,XLK,-0.030931000675572418,0.0010668719799714454,6,2025Q1
2025-01-17,XLP,0.03286683270028057,-0.0020199521147634967,6,2025Q1
2025-01-17,XLRE,0.018426201518471075,-0.002303416305261126,6,2025Q1
2025-01-17,XLU,-0.018089275824126005,-0.000824266171925451,6,2025Q1
2025-01-17,XLV,0.049579845539657885,-0.0013202726715064905,6,2025Q1
2025-01-17,XLY,0.00616608939188823,0.0003094470990966709,6,2025Q1
2025-01-21,XLB,-0.010262334956407715,-0.0007868445053961068,6,2025Q1
2025-01-21,XLC,0.0296169347825328,0.0009570469296376196,6,2025Q1
2025-01-21,XLE,-0.04501356089713282,0.0010180593315182475,6,2025Q1
2025-01-21,XLF,0.010790426716183354,0.0004191757874397427,6,2025Q1
2025-01-21,XLI,-0.018940667578402515,0.0007990814818838478,6,2025Q1
2025-01-21,XLK,-0.012689239763108762,0.00160621096856309,6,2025Q1
2025-01-21,XLP,0.012510844786425057,-0.0012701176164107777,6,2025Q1
2025-01-21,XLRE,-0.01152199801618059,-0.0016901155918756904,6,2025Q1
2025-01-21,XLU,-0.045785516379598934,-0.0002559759897597497,6,2025Q1
2025-01-21,XLV,0.02577291749396693,-0.0008053914965951894,6,2025Q1
2025-01-21,XLY,0.0005940065961071994,0.0005387555499842385,6,2025Q1
2025-01-22,XLB,0.006057078113590575,-0.0010442211010715985,6,2025Q1
2025-01-22,XLC,0.03403270555151394,0.0010589173041423356,6,2025Q1
2025-01-22,XLE,-0.015028168853549628,0.0007459379930958215,6,2025Q1
2025-01-22,XLF,0.024893201125090192,0.000285991700871377,6,2025Q1
2025-01-22,XLI,-0.009905386287007767,0.0007024397594891971,6,2025Q1
2025-01-22,XLK,-0.032342080362519066,0.001982536050272824,6,2025Q1
2025-01-22,XLP,0.030038243068386317,-0.0013554335025451377,6,2025Q1
2025-01-22,XLRE,0.004471703633233681,-0.0015525583881222437,6,2025Q1
2025-01-22,XLU,-0.012538925913276988,-0.00012632667665170478,6,2025Q1
2025-01-22,XLV,0.03211073698220801,-0.0008248539719901522,6,2025Q1
2025-01-22,XLY,0.011590726403245766,0.0006333510994859275,6,2025Q1
2025-01-23,XLB,0.010077945809156552,-0.0007027679780174723,6,2025Q1
2025-01-23,XLC,0.03244561079918917,0.0009516205162410222,6,2025Q1
2025-01-23,XLE,-0.014401336204251436,0.0006370152353103857,6,2025Q1
2025-01-23,XLF,0.028829013733924325,0.00027315453939006425,6,2025Q1
2025-01-23,XLI,-0.008792781172676234,0.0008369648154859481,6,2025Q1
2025-01-23,XLK,-0.0321812377498516,0.0018048487502291084,6,2025Q1
2025-01-23,XLP,0.036498670793159715,-0.001321357179608045,6,2025Q1
2025-01-23,XLRE,0.009655445142431218,-0.001720732359433169,6,2025Q1
2025-01-23,XLU,0.0032766439749797316,-0.00019025592756773764,6,2025Q1
2025-01-23,XLV,0.030350795956599286,-0.0010404908318224137,6,2025Q1
2025-01-23,XLY,0.015416120145126944,0.000477821969791628,6,2025Q1
2025-01-24,XLB,0.00775608014366469,-0.0006302384550130201,6,2025Q1
2025-01-24,XLC,0.029735190510262743,0.001330729257288928,6,2025Q1
2025-01-24,XLE,-0.030077119267158392,0.0007700606539635375,6,2025Q1
2025-01-24,XLF,0.022308354402610808,0.0006656418933479364,6,2025Q1
2025-01-24,XLI,-0.009165577205503816,0.0010158099416061365,6,2025Q1
2025-01-24,XLK,-0.025362848191319953,0.0018833309888672083,6,2025Q1
2025-01-24,XLP,0.023979558818427726,-0.0009879975652846771,6,2025Q1
2025-01-24,XLRE,0.006986870175979987,-0.0013592239835315133,6,2025Q1
2025-01-24,XLU,-0.010138489309633791,1.0522744565790863e-05,6,2025Q1
2025-01-24,XLV,0.027855219091575734,-0.0006331876326697647,6,2025Q1
2025-01-24,XLY,0.019506526753460207,0.0005295541720695371,6,2025Q1
2025-01-27,XLB,0.0007604297445127361,-0.0009834837430547697,6,2025Q1
2025-01-27,XLC,0.019215590683768657,0.0010817548945935799,6,2025Q1
2025-01-27,XLE,-0.021345581297724237,-0.00022837335957888105,6,2025Q1
2025-01-27,XLF,-0.00024825067812472845,0.0003394416520760902,6,2025Q1
2025-01-27,XLI,-0.013137399193232091,0.00022750960123574642,6,2025Q1
2025-01-27,XLK,0.0032407224110927446,0.0011392079164186928,6,2025Q1
2025-01-27,XLP,-0.006329405530850374,-0.0014830940764695676,6,2025Q1
2025-01-27,XLRE,-0.01186818529968059,-0.0022055601146490403,6,2025Q1
2025-01-27,XLU,0.0110403646516114,-0.0010674289203418646,6,2025Q1
2025-01-27,XLV,0.0019239596131456205,-0.0013021525767357733,6,2025Q1
2025-01-27,XLY,-0.006927625323668529,0.00017955105618176856,6,2025Q1
2025-01-28,XLB,0.008813729421324634,-0.0009150391005926207,6,2025Q1
2025-01-28,XLC,0.025238496822915124,0.0012405573240243755,6,2025Q1
2025-01-28,XLE,0.010566041223158074,-0.0004755917985017991,6,2025Q1
2025-01-28,XLF,0.0010251171494306544,0.0003478011422633528,6,2025Q1
2025-01-28,XLI,-0.004436088195385435,0.00011375572509813945,6,2025Q1
2025-01-28,XLK,-0.006852515138680237,0.0008430966273223936,6,2025Q1
2025-01-28,XLP,0.0027549696132036505,-0.0011751802270598523,6,2025Q1
2025-01-28,XLRE,0.0021199764348621697,-0.0022886154948370406,6,2025Q1
2025-01-28,XLU,0.017982508611845693,-0.0012666598860197051,6,2025Q1
2025-01-28,XLV,0.00808152521908867,-0.0012675449181712938,6,2025Q1
2025-01-28,XLY,0.0053960795284619945,0.00011625860485182373,6,2025Q1
2025-01-29,XLB,0.0013001542412516276,-0.0012521743034319432,6,2025Q1
2025-01-29,XLC,0.002376095095361075,0.0012005312899362303,6,2025Q1
2025-01-29,XLE,0.0019039980043848992,-0.0006702643079154092,6,2025Q1
2025-01-29,XLF,0.003795725847411724,0.00022867784707928545,6,2025Q1
2025-01-29,XLI,-0.008867058042563492,-0.00012452997679391562,6,2025Q1
2025-01-29,XLK,0.006567606809816828,0.0006942150154274945,6,2025Q1
2025-01-29,XLP,-0.0019779870517060427,-0.0015799595022216307,6,2025Q1
2025-01-29,XLRE,0.02113576043000087,-0.0025233529091482293,6,2025Q1
2025-01-29,XLU,0.017496586626174482,-0.0014753152286666698,6,2025Q1
2025-01-29,XLV,0.015149608534917425,-0.0016315611636830163,6,2025Q1
2025-01-29,XLY,-0.0116689145620551,-0.00019481353841664602,6,2025Q1
2025-01-30,XLB,-0.0027864033945508293,-0.0013614288820604893,6,2025Q1
2025-01-30,XLC,0.0075931752566467114,0.0008539286638382792,6,2025Q1
2025-01-30,XLE,-0.019750877602994432,-0.0010529691811397247,6,2025Q1
2025-01-30,XLF,0.004451947533577361,-2.8091411597457668e-05,6,2025Q1
2025-01-30,XLI,-0.013527318869542504,-0.00014971334448825698,6,2025Q1
2025-01-30,XLK,0.009341559329081095,0.00033056906607166025,6,2025Q1
2025-01-30,XLP,-0.005376568502326262,-0.00176896896580096,6,2025Q1
2025-01-30,XLRE,0.01257969154819416,-0.002652854106471698,6,2025Q1
2025-01-30,XLU,-0.002626157450423161,-0.0013782206995516968,6,2025Q1
2025-01-30,XLV,-0.003608707713987247,-0.0015257357588558042,6,2025Q1
2025-01-30,XLY,-0.015494636363863057,-0.00017726018434293403,6,2025Q1
2025-01-31,XLB,-0.003886557062153684,-0.001210484782984885,6,2025Q1
2025-01-31,XLC,0.005261019499560815,0.0010632942793593707,6,2025Q1
2025-01-31,XLE,0.012242197450633041,-0.0006678549974939906,6,2025Q1
2025-01-31,XLF,0.008544785435090407,0.0001428412502240857,6,2025Q1
2025-01-31,XLI,-0.005627897990238884,-5.106059495020552e-05,6,2025Q1
2025-01-31,XLK,0.010453169225050463,0.0004957824361890773,6,2025Q1
2025-01-31,XLP,0.006429438031387624,-0.0016947204257267295,6,2025Q1
2025-01-31,XLRE,0.015023317087371701,-0.0027438382423072886,6,2025Q1
2025-01-31,XLU,0.005083177160080776,-0.0014352156943154481,6,2025Q1
2025-01-31,XLV,-0.001251138947204189,-0.0014538424002523357,6,2025Q1
2025-01-31,XLY,-0.0266396657994874,-0.0001854205186103849,6,2025Q1
2025-02-03,XLB,-0.013419177791108461,-0.000932831411773529,6,2025Q1
2025-02-03,XLC,-0.005996067058982479,0.0016484820583378122,6,2025Q1
2025-02-03,XLE,0.014462817234564884,-0.000391139955860165,6,2025Q1
2025-02-03,XLF,-0.008917761984291728,0.0005922027827190677,6,2025Q1
2025-02-03,XLI,-0.00030948968694977097,-0.00010570443167215671,6,2025Q1
2025-02-03,XLK,0.025573634533602396,0.0008578523301270877,6,2025Q1
2025-02-03,XLP,-0.0049074582877166595,-0.001417779585277042,6,2025Q1
2025-02-03,XLRE,0.00460096158679546,-0.0025957155172077542,6,2025Q1
2025-02-03,XLU,-0.003031759738958417,-0.001119332793464416,6,2025Q1
2025-02-03,XLV,-0.019575979038243374,-0.0013749340129664712,6,2025Q1
2025-02-03,XLY,-0.023847512200280474,-2.1002481176773068e-05,6,2025Q1
2025-02-04,XLB,-0.004519734077662152,-0.0011654157007093256,6,2025Q1
2025-02-04,XLC,-0.007314926434370261,0.0013581765623745835,6,2025Q1
2025-02-04,XLE,0.00746147896882654,-0.0006340775183061111,6,2025Q1
2025-02-04,XLF,0.0019557349437056004,0.0001172861656538205,6,2025Q1
2025-02-04,XLI,0.005738214309080947,-0.0003905499996889179,6,2025Q1
2025-02-04,XLK,0.017296247472441406,0.00081712658215226,6,2025Q1
2025-02-04,XLP,0.01944569446941924,-0.001907291159082541,6,2025Q1
2025-02-04,XLRE,0.01614132406790114,-0.0025719579321060292,6,2025Q1
2025-02-04,XLU,0.01706925769317902,-0.0014234270438497907,6,2025Q1
2025-02-04,XLV,-0.012734810287695186,-0.001481416799447714,6,2025Q1
2025-02-04,XLY,-0.04046472313327809,-6.636678020249288e-06,6,2025Q1
2025-02-05,XLB,-0.0036288834991801133,-0.0018994245809061897,6,2025Q1
2025-02-05,XLC,0.010787349162238447,0.0005923112681019393,6,2025Q1
2025-02-05,XLE,-0.011765195600357048,-0.0014289931286667172,6,2025Q1
2025-02-05,XLF,-0.004768627833566352,3.348346573305689e-05,6,2025Q1
2025-02-05,XLI,0.006017838383455376,-0.001139485739592821,6,2025Q1
2025-02-05,XLK,0.00838348318422677,0.0005258890634228264,6,2025Q1
2025-02-05,XLP,0.019625825474970937,-0.0024617360168123327,6,2025Q1
2025-02-05,XLRE,-0.0009576297501224795,-0.0031704991314893062,6,2025Q1
2025-02-05,XLU,0.012394109721019952,-0.0021298973372257135,6,2025Q1
2025-02-05,XLV,-0.016293080198405474,-0.0017871728130415417,6,2025Q1
2025-02-05,XLY,-0.02227087818079454,-0.0009916639160433356,6,2025Q1
2025-02-06,XLB,0.0031026916273078076,-0.001904257464215234,6,2025Q1
2025-02-06,XLC,0.010984298720147834,0.0008074644236775053,6,2025Q1
2025-02-06,XLE,0.007247082453293974,-0.001336291343666817,6,2025Q1
2025-02-06,XLF,-0.013492064486785305,9.136322886655972e-05,6,2025Q1
2025-02-06,XLI,-0.004535084611781093,-0.0012845438636768006,6,2025Q1
2025-02-06,XLK,0.012814777784157405,0.0004758953526705509,6,2025Q1
2025-02-06,XLP,0.018913468455659554,-0.0024713358754519994,6,2025Q1
2025-02-06,XLRE,-0.0030125069433246665,-0.003175078027663255,6,2025Q1
2025-02-06,XLU,0.008807580164118978,-0.0022304243772336488,6,2025Q1
2025-02-06,XLV,-0.01058602872293668,-0.002388592997790961,6,2025Q1
2025-02-06,XLY,-0.01857610957809097,-0.000983045080583713,6,2025Q1
2025-02-07,XLB,0.002804787655818819,-0.0022336360533740576,6,2025Q1
2025-02-07,XLC,0.010150342424904979,0.0006704462804125941,6,2025Q1
2025-02-07,XLE,0.0021863296363764384,-0.0012563806241833722,6,2025Q1
2025-02-07,XLF,-0.015250208906289364,-1.3608523542183587e-05,6,2025Q1
2025-02-07,XLI,-0.013262276905564141,-0.0012262449107524195,6,2025Q1
2025-02-07,XLK,0.01584616253084259,0.00026233109246057824,6,2025Q1
2025-02-07,XLP,0.001014759477070637,-0.002288741582970642,6,2025Q1
2025-02-07,XLRE,-0.012719868686983826,-0.003219936839352642,6,2025Q1
2025-02-07,XLU,-0.0025786163792640426,-0.0022446515609290682,6,2025Q1
2025-02-07,XLV,-0.025995856252271965,-0.002606622181933486,6,2025Q1
2025-02-07,XLY,-0.008569373237908628,-0.0011731874580698392,6,2025Q1
2025-02-10,XLB,0.014377041162033644,-0.001724945810364746,6,2025Q1
2025-02-10,XLC,0.004719746006601744,0.0013501433838756564,6,2025Q1
2025-02-10,XLE,-0.002249611098998905,-0.0004478080533079818,6,2025Q1
2025-02-10,XLF,0.0038051877132647682,-3.674242892339049e-05,6,2025Q1
2025-02-10,XLI,-0.010472732107152938,-0.0003646133863629233,6,2025Q1
2025-02-10,XLK,0.01416812188009775,0.0012063948177085978,6,2025Q1
2025-02-10,XLP,0.0022986246942096056,-0.001584007801954566,6,2025Q1
2025-02-10,XLRE,-0.006695273165750137,-0.00266548278109566,6,2025Q1
2025-02-10,XLU,-0.0002170726074706142,-0.000962757499941663,6,2025Q1
2025-02-10,XLV,-0.023144708999836117,-0.0022087942743180236,6,2025Q1
2025-02-10,XLY,-0.010889569675532673,-0.0006099970646110311,6,2025Q1
2025-02-11,XLB,-0.005194461460617417,-0.0013654127774225466,6,2025Q1
2025-02-11,XLC,0.002599568070424274,0.0014376466548061363,6,2025Q1
2025-02-11,XLE,-0.004039708900648309,2.803229962722958e-05,6,2025Q1
2025-02-11,XLF,2.297286399932652e-05,0.0003760836229500038,6,2025Q1
2025-02-11,XLI,-0.01143427309963263,-0.00023391714040298364,6,2025Q1
2025-02-11,XLK,0.012164931646763799,0.0014359225548560182,6,2025Q1
2025-02-11,XLP,-0.0009275067371907753,-0.0011196304195434938,6,2025Q1
2025-02-11,XLRE,-0.011878699819892535,-0.0022764021797469325,6,2025Q1
2025-02-11,XLU,-0.0016300319574460431,-0.00041935703082931954,6,2025Q1
2025-02-11,XLV,-0.01005486502319286,-0.001965634894932467,6,2025Q1
2025-02-11,XLY,-0.0015956514757700102,-0.00040812552696484184,6,2025Q1
2025-02-12,XLB,0.0006648617437676752,-0.0014585697344251776,6,2025Q1
2025-02-12,XLC,-0.0022610528316264755,0.0014930990873060644,6,2025Q1
2025-02-12,XLE,0.03126722161823703,2.5500449372520772e-05,6,2025Q1
2025-02-12,XLF,-0.011050732719202427,4.576921216936929e-05,6,2025Q1
2025-02-12,XLI,-0.010836296774361154,-0.00036366982322613874,6,2025Q1
2025-02-12,XLK,0.012069675528177726,0.0012990484166701482,6,2025Q1
2025-02-12,XLP,-0.003192883354147913,-0.001199247431338883,6,2025Q1
2025-02-12,XLRE,0.004594272076372308,-0.002730525551228648,6,2025Q1
2025-02-12,XLU,0.0009834516612332589,-0.0007505910179857504,6,2025Q1
2025-02-12,XLV,-0.0020339670741937876,-0.0019836298858481745,6,2025Q1
2025-02-12,XLY,-0.009176634445922982,-0.00038230961949558184,6,2025Q1
2025-02-13,XLB,-0.007124724325956344,-0.0014247644943123625,6,2025Q1
2025-02-13,XLC,0.00029245803167765594,0.0012526805521974817,6,2025Q1
2025-02-13,XLE,0.02965566297545086,4.427947265425085e-05,6,2025Q1
2025-02-13,XLF,-0.002318954570404652,-1.4288552737899067e-05,6,2025Q1
2025-02-13,XLI,-0.0060627932173342725,-0.0006040551053692014,6,2025Q1
2025-02-13,XLK,-0.0018814950287399101,0.0014219840061956565,6,2025Q1
2025-02-13,XLP,0.025390603101993592,-0.0009595468197564078,6,2025Q1
2025-02-13,XLRE,0.016056287209092468,-0.002495840538199748,6,2025Q1
2025-02-13,XLU,0.026631636573312467,-0.0009543632500819115,6,2025Q1
2025-02-13,XLV,0.01632952991692782,-0.0018253731970927476,6,2025Q1
2025-02-13,XLY,-0.022296861183686123,-0.000590143448422301,6,2025Q1
2025-02-14,XLB,-0.0004382771606751268,-0.001961747054169465,6,2025Q1
2025-02-14,XLC,0.0006393162095515992,0.0010135442915011463,6,2025Q1
2025-02-14,XLE,0.030255663414450518,-0.00025978687686481385,6,2025Q1
2025-02-14,XLF,0.004462318641423102,-0.00034074427617979185,6,2025Q1
2025-02-14,XLI,-0.0036511929072031712,-0.001064702372703255,6,2025Q1
2025-02-14,XLK,-0.01476892213626102,0.0014364408902862637,6,2025Q1
2025-02-14,XLP,0.04306332860454709,-0.0016199508816306615,6,2025Q1
2025-02-14,XLRE,0.029044685805815873,-0.003365552600086636,6,2025Q1
2025-02-14,XLU,0.030219997938925602,-0.0017419030243141914,6,2025Q1
2025-02-14,XLV,0.0399606227861361,-0.0028722319227385777,6,2025Q1
2025-02-14,XLY,-0.02105636555567525,-0.0009707612530735562,6,2025Q1
2025-02-18,XLB,0.002492670891498072,-0.001404050702958859,6,2025Q1
2025-02-18,XLC,-0.0016509309422517715,0.0013337856824484143,6,2025Q1
2025-02-18,XLE,0.010027964480204044,-0.0002154044973594402,6,2025Q1
2025-02-18,XLF,0.0050163764898926155,0.0003899322375830398,6,2025Q1
2025-02-18,XLI,0.0014478985099627417,-0.0007229960285990133,6,2025Q1
2025-02-18,XLK,-0.02815790812093122,0.001741403219006042,6,2025Q1
2025-02-18,XLP,0.06158431912679352,-0.0013594972146584883,6,2025Q1
2025-02-18,XLRE,0.04384588785036625,-0.003031510695940991,6,2025Q1
2025-02-18,XLU,0.02357551412494807,-0.0010723103205225917,6,2025Q1
2025-02-18,XLV,0.05844781200052185,-0.0023740761407620523,6,2025Q1
2025-02-18,XLY,-0.015700629495065677,-0.0008626953459027788,6,2025Q1
2025-02-19,XLB,0.015434920828041765,-0.0016849271673959627,6,2025Q1
2025-02-19,XLC,-0.0026819178399786203,0.0014371370681365095,6,2025Q1
2025-02-19,XLE,-0.001402789873871213,0.00032837375236373183,6,2025Q1
2025-02-19,XLF,0.004328009419616974,0.0003109642004024576,6,2025Q1
2025-02-19,XLI,0.0028361709956941095,-0.0008367309734841237,6,2025Q1
2025-02-19,XLK,-0.01616058407419707,0.0017129005549815113,6,2025Q1
2025-02-19,XLP,0.03552151322927155,-0.0011594177624669267,6,2025Q1
2025-02-19,XLRE,0.03875253943166734,-0.0029559594833819397,6,2025Q1
2025-02-19,XLU,0.024272053128492233,-0.0008286552540294062,6,2025Q1
2025-02-19,XLV,0.039702879718032436,-0.0022435469926902376,6,2025Q1
2025-02-19,XLY,-0.017291481896114846,-0.0007630055547455074,6,2025Q1
2025-02-20,XLB,0.02254878865240839,-0.001775587831548642,6,2025Q1
2025-02-20,XLC,0.003968819869426432,0.0009545474501765885,6,2025Q1
2025-02-20,XLE,0.006499815380718199,0.000236048353246407,6,2025Q1
2025-02-20,XLF,0.036439388422669694,-0.0008083732870354391,6,2025Q1
2025-02-20,XLI,0.017343798696782375,-0.0010237341652105597,6,2025Q1
2025-02-20,XLK,-0.03645992105108187,0.0011955480467217637,6,2025Q1
2025-02-20,XLP,0.05085488769673452,-0.0015352602979203762,6,2025Q1
2025-02-20,XLRE,0.047839743657521305,-0.0027962597987093605,6,2025Q1
2025-02-20,XLU,0.013835187088907186,-0.0010403640159846862,6,2025Q1
2025-02-20,XLV,0.04149873849077634,-0.001958457957575533,6,2025Q1
2025-02-20,XLY,-0.011379231993864036,-0.0009850820907300157,6,2025Q1
2025-02-21,XLB,0.017435637057517828,-0.002706845157110912,6,2025Q1
2025-02-21,XLC,-0.00030003000300016236,-0.0004801484852698291,6,2025Q1
2025-02-21,XLE,0.010370783036733333,-0.0014707235121421249,6,2025Q1
2025-02-21,XLF,0.0377782999974875,-0.001847866906038957,6,2025Q1
2025-02-21,XLI,0.020651093587555347,-0.0012960846456497872,6,2025Q1
2025-02-21,XLK,-0.030165719343680286,-7.540696013706586e-05,6,2025Q1
2025-02-21,XLP,0.02055252982100353,-0.0019447972233059398,6,2025Q1
2025-02-21,XLRE,0.031386420669062054,-0.004278879639726972,6,2025Q1
2025-02-21,XLU,-0.0034798920280714185,-0.001862566517715512,6,2025Q1
2025-02-21,XLV,0.02667396426182267,-0.0035626313054601334,6,2025Q1
2025-02-21,XLY,-0.001525923003033114,-0.0011901370515334801,6,2025Q1
2025-02-24,XLB,0.011250810071538941,-0.002588725277658655,6,2025Q1
2025-02-24,XLC,0.0008034259130573762,-0.00046925286573571876,6,2025Q1
2025-02-24,XLE,-0.011909866862217733,-0.0016650193977176576,6,2025Q1
2025-02-24,XLF,0.037611572249256264,-0.0016811898400462407,6,2025Q1
2025-02-24,XLI,0.023696630514938644,-0.0012244103291740307,6,2025Q1
2025-02-24,XLK,-0.03295732047893374,1.4784865697867666e-05,6,2025Q1
2025-02-24,XLP,0.035727987623341395,-0.0018661708247369204,6,2025Q1
2025-02-24,XLRE,0.04843581115174733,-0.004017445838534842,6,2025Q1
2025-02-24,XLU,0.015743660003491033,-0.0021702745313903495,6,2025Q1
2025-02-24,XLV,0.03578198030134283,-0.002897229876911277,6,2025Q1
2025-02-24,XLY,-0.003188233845546895,-0.001017949717708664,6,2025Q1
2025-02-25,XLB,-0.002901458058273243,-0.002947758332780407,6,2025Q1
2025-02-25,XLC,0.014398391073464856,-0.0010607227542372135,6,2025Q1
2025-02-25,XLE,-0.0005383677953603172,-0.0022981388297367363,6,2025Q1
2025-02-25,XLF,0.008839278845625409,-0.0020371637787209313,6,2025Q1
2025-02-25,XLI,0.005900273418373181,-0.0020324606491829546,6,2025Q1
2025-02-25,XLK,-0.014558080623303216,-0.00039569318805136996,6,2025Q1
2025-02-25,XLP,0.011304858378874183,-0.0018531187007581002,6,2025Q1
2025-02-25,XLRE,0.03274639242583721,-0.003713252284115614,6,2025Q1
2025-02-25,XLU,0.01125323045873583,-0.003141729507677653,6,2025Q1
2025-02-25,XLV,0.02454598465912161,-0.0021061798402022347,6,2025Q1
2025-02-25,XLY,-0.008593892269699532,-0.0012007450431012223,6,2025Q1
2025-02-26,XLB,0.012876363107263145,-0.0027836387304795993,6,2025Q1
2025-02-26,XLC,0.01891499580143119,-0.0010271017477196222,6,2025Q1
2025-02-26,XLE,-0.019174068903041297,-0.0019041367294425258,6,2025Q1
2025-02-26,XLF,0.006723008283938459,-0.0018450797213011236,6,2025Q1
2025-02-26,XLI,0.01079052713021833,-0.001897060657627163,6,2025Q1
2025-02-26,XLK,-0.02151346517377395,-0.00038874761690115564,6,2025Q1
2025-02-26,XLP,0.024674899307273512,-0.0024780903484215955,6,2025Q1
2025-02-26,XLRE,0.037124329286805424,-0.003780022759362806,6,2025Q1
2025-02-26,XLU,-0.009638322772315688,-0.002650956304915545,6,2025Q1
2025-02-26,XLV,0.03189191670813363,-0.003155521971752978,6,2025Q1
2025-02-26,XLY,0.00014786906898378582,-0.001022975969069665,6,2025Q1
2025-02-27,XLB,0.016206405909794386,-0.0030208475277256983,6,2025Q1
2025-02-27,XLC,0.012338608451865185,-0.001207645588112319,6,2025Q1
2025-02-27,XLE,-0.019639846813234607,-0.0023106295761838153,6,2025Q1
2025-02-27,XLF,-0.013134267177045467,-0.0017727189995756204,6,2025Q1
2025-02-27,XLI,0.007489300492442119,-0.002205592518011164,6,2025Q1
2025-02-27,XLK,-0.011119475312968752,9.014377188987254e-05,6,2025Q1
2025-02-27,XLP,0.028410179946216307,-0.002634696421972705,6,2025Q1
2025-02-27,XLRE,0.006623136160957888,-0.0036417835952476767,6,2025Q1
2025-02-27,XLU,-0.006461290721501145,-0.0033139811898367923,6,2025Q1
2025-02-27,XLV,0.03501695282727335,-0.003556971725751883,6,2025Q1
2025-02-27,XLY,-0.008941208433906445,-0.001050963530484424,6,2025Q1
2025-02-28,XLB,0.02014107217052108,-0.0033295237354604404,6,2025Q1
2025-02-28,XLC,0.013966722304391888,-0.0015539082138748828,6,2025Q1
2025-02-28,XLE,-0.008499341044024389,-0.002238356363455805,6,2025Q1
2025-02-28,XLF,-0.02791173011145376,-0.000548049276020774,6,2025Q1
2025-02-28,XLI,0.015474331436212907,-0.0024301081841198607,6,2025Q1
2025-02-28,XLK,-0.0002622311933820898,-0.0006020670044424958,6,2025Q1
2025-02-28,XLP,0.028083378114525215,-0.0027341764081962408,6,2025Q1
2025-02-28,XLRE,0.014972447885470141,-0.003429027927753645,6,2025Q1
2025-02-28,XLU,0.006368893473288728,-0.0035487088973790095,6,2025Q1
2025-02-28,XLV,0.0330815255479211,-0.0027876511227771725,6,2025Q1
2025-02-28,XLY,-0.016916284352614497,-0.001355252003769594,6,2025Q1
2025-03-03,XLB,0.02834262217210992,-0.0028110068674566738,6,2025Q1
2025-03-03,XLC,0.008134135108497476,-0.0011526076657893164,6,2025Q1
2025-03-03,XLE,0.04268515028164077,-0.0018041403941359332,6,2025Q1
2025-03-03,XLF,-0.032173402243083626,-0.000813002262351947,6,2025Q1
2025-03-03,XLI,0.023056642213546197,-0.0019603159872626473,6,2025Q1
2025-03-03,XLK,-0.00335406255467785,0.0005372934565155709,6,2025Q1
2025-03-03,XLP,0.029667077787484786,-0.0018735430042386447,6,2025Q1
2025-03-03,XLRE,0.006176754934205442,-0.002871244850285184,6,2025Q1
2025-03-03,XLU,0.024723918773269404,-0.003052532023265706,6,2025Q1
2025-03-03,XLV,0.02695546227554535,-0.0013887467294974682,6,2025Q1
2025-03-03,XLY,-0.024668318199774886,-0.0007853422893274312,6,2025Q1
2025-03-04,XLB,0.03082211331873297,-0.0028027923387214577,6,2025Q1
2025-03-04,XLC,-0.001931215072447423,-0.0012406441838291164,6,2025Q1
2025-03-04,XLE,0.04101423808484872,-0.0019662731558631862,6,2025Q1
2025-03-04,XLF,-0.00997406966495007,-0.001592674662347436,6,2025Q1
2025-03-04,XLI,0.023778150476788773,-0.0017963968242015228,6,2025Q1
2025-03-04,XLK,-0.009924287496317685,0.0004649168130242883,6,2025Q1
2025-03-04,XLP,0.02862639997807448,-0.003261197855049589,6,2025Q1
2025-03-04,XLRE,0.0037569655422879933,-0.0033265209429066576,6,2025Q1
2025-03-04,XLU,0.0282271856084797,-0.003137936127326358,6,2025Q1
2025-03-04,XLV,0.02192652929324823,-0.002247739223458828,6,2025Q1
2025-03-04,XLY,-0.02060552486457179,-0.0005424912139644966,6,2025Q1
2025-03-05,XLB,0.006163159185554878,-0.0027827537042558236,6,2025Q1
2025-03-05,XLC,-0.004239789795187021,-0.0010424697499606971,6,2025Q1
2025-03-05,XLE,0.06575872331069799,-0.0015835523747456952,6,2025Q1
2025-03-05,XLF,-0.008900357325426156,-0.0015890156975096933,6,2025Q1
2025-03-05,XLI,0.013546285712923822,-0.0017901449715770818,6,2025Q1
2025-03-05,XLK,-0.003147995154204164,0.0005615664753038751,6,2025Q1
2025-03-05,XLP,0.008251718463779922,-0.002660430489840576,6,2025Q1
2025-03-05,XLRE,-0.003422168115318258,-0.0027561074458761206,6,2025Q1
2025-03-05,XLU,0.037358446420225566,-0.0032768449969547155,6,2025Q1
2025-03-05,XLV,0.007548941509366136,-0.0012997865326094275,6,2025Q1
2025-03-05,XLY,-0.024166404065158242,-0.0007050063598842066,6,2025Q1
2025-03-06,XLB,0.0062309992951108395,-0.002975075066690297,6,2025Q1
2025-03-06,XLC,-0.01109480429674825,-0.0012132144192139147,6,2025Q1
2025-03-06,XLE,0.05136678474091905,-0.0017095536932186044,6,2025Q1
2025-03-06,XLF,-0.0025180460722862286,-0.0014057562112331514,6,2025Q1
2025-03-06,XLI,0.007633820494391541,-0.0012877482373364157,6,2025Q1
2025-03-06,XLK,0.0011514835765590314,0.0006094636192034677,6,2025Q1
2025-03-06,XLP,-0.0022979540544029176,-0.002802835349113183,6,2025Q1
2025-03-06,XLRE,-3.225067100154355e-06,-0.004700313244183107,6,2025Q1
2025-03-06,XLU,0.05667861775687599,-0.0032819509408030276,6,2025Q1
2025-03-06,XLV,0.0007301093967910788,-0.0013502409169990214,6,2025Q1
2025-03-06,XLY,-0.028101281589938854,-0.0003709183565603129,6,2025Q1
2025-03-07,XLB,0.001811631110105516,-0.00291215819474295,6,2025Q1
2025-03-07,XLC,-0.014229142834024211,-0.0010937250482219653,6,2025Q1
2025-03-07,XLE,0.049413469616405026,-0.0020923302336838534,6,2025Q1
2025-03-07,XLF,0.010548594561405444,-0.0012891309515758575,6,2025Q1
2025-03-07,XLI,-0.0004766451889267609,-0.0012523632428362613,6,2025Q1
2025-03-07,XLK,0.0017148000190635448,0.0005579423324482879,6,2025Q1
2025-03-07,XLP,-0.01766606208246857,-0.0026903126858869035,6,2025Q1
2025-03-07,XLRE,-0.00125337486863486,-0.004561647851295475,6,2025Q1
2025-03-07,XLU,0.0432060676006758,-0.003170811271702379,6,2025Q1
2025-03-07,XLV,-0.006376293107876241,-0.0017623156575763178,6,2025Q1
2025-03-07,XLY,-0.020849977421257493,-0.00025293727098891117,6,2025Q1
2025-03-10,XLB,0.0007233030800413154,-0.0027051218184734617,6,2025Q1
2025-03-10,XLC,-0.017037521409820844,-0.0008125657055056528,6,2025Q1
2025-03-10,XLE,0.023588805891290532,-0.002097705280527414,6,2025Q1
2025-03-10,XLF,0.010562378059411515,-0.0011253076126708688,6,2025Q1
2025-03-10,XLI,-0.005741949041022654,-0.0010381241223318476,6,2025Q1
2025-03-10,XLK,0.017814045897931452,0.001043107384072997,6,2025Q1
2025-03-10,XLP,-0.03603059934659203,-0.003384826081234392,6,2025Q1
2025-03-10,XLRE,-0.008866937234204508,-0.004802762821000813,6,2025Q1
2025-03-10,XLU,0.0018453911627949182,-0.0032399684589814594,6,2025Q1
2025-03-10,XLV,-0.017814674830477384,-0.002470516733521052,6,2025Q1
2025-03-10,XLY,-0.018375578324541286,-0.0002280764665733364,6,2025Q1
2025-03-11,XLB,0.009342366426960513,-0.0024586407336964536,6,2025Q1
2025-03-11,XLC,-0.01374066583260658,-0.0007323808810969474,6,2025Q1
2025-03-11,XLE,0.03614531316529379,-0.0020756566846662104,6,2025Q1
2025-03-11,XLF,0.02065168500881187,-0.0010430644034322342,6,2025Q1
2025-03-11,XLI,0.004351994154238703,-0.000724607976802031,6,2025Q1
2025-03-11,XLK,0.008820259974715805,0.0009805393609946644,6,2025Q1
2025-03-11,XLP,-0.03028604765898335,-0.0041432777963672585,6,2025Q1
2025-03-11,XLRE,-0.0019659088260877144,-0.004816668100488463,6,2025Q1
2025-03-11,XLU,0.006844620379877098,-0.003420413676187243,6,2025Q1
2025-03-11,XLV,-0.0038337107464376796,-0.0027397539984121227,6,2025Q1
2025-03-11,XLY,-0.02388959875266472,-0.00026590319337306865,6,2025Q1
2025-03-12,XLB,0.01194806998683573,-0.0024134582226272845,6,2025Q1
2025-03-12,XLC,-0.012507800439239602,-0.0007997265072722479,6,2025Q1
2025-03-12,XLE,0.04275036553657041,-0.0019614882655796784,6,2025Q1
2025-03-12,XLF,0.024859438172400328,-0.0011158070450264673,6,2025Q1
2025-03-12,XLI,0.012274207631799428,-0.0008377296285951546,6,2025Q1
2025-03-12,XLK,0.0004790577577438171,0.0008376562794328039,6,2025Q1
2025-03-12,XLP,-0.014152471000420608,-0.00429361132303885,6,2025Q1
2025-03-12,XLRE,-0.0027229149639331762,-0.004903375558081796,6,2025Q1
2025-03-12,XLU,0.008156550666127638,-0.0034683089572694857,6,2025Q1
2025-03-12,XLV,0.0012644364550964404,-0.002904063028081769,6,2025Q1
2025-03-12,XLY,-0.01639983066009698,-0.0001754825039724854,6,2025Q1
2025-03-13,XLB,-0.004542687451497329,-0.0023342608278200125,6,2025Q1
2025-03-13,XLC,-0.004427792201725067,-0.0002853530902623305,6,2025Q1
2025-03-13,XLE,0.04319247869994869,-0.0019422221396516873,6,2025Q1
2025-03-13,XLF,0.021299748920164507,-0.0009953010449840246,6,2025Q1
2025-03-13,XLI,0.00694251561974113,-0.0005041585444132446,6,2025Q1
2025-03-13,XLK,0.0020290848601984823,0.001044908343274427,6,2025Q1
2025-03-13,XLP,-0.025137773512409867,-0.004321283951713269,6,2025Q1
2025-03-13,XLRE,0.005472746007655793,-0.0047179544319968245,6,2025Q1
2025-03-13,XLU,-0.0009554442817316655,-0.003086277536905893,6,2025Q1
2025-03-13,XLV,-0.003406505912933566,-0.0029235921324169047,6,2025Q1
2025-03-13,XLY,-0.004020613559486463,-9.289826044360806e-05,6,2025Q1
2025-03-14,XLB,-0.004288670556619856,-0.0027067339725115446,6,2025Q1
2025-03-14,XLC,0.008482338473253082,-0.0005512324594445064,6,2025Q1
2025-03-14,XLE,0.028669808781318196,-0.0018329033554282277,6,2025Q1
2025-03-14,XLF,0.017294599925385956,-0.00114019647438962,6,2025Q1
2025-03-14,XLI,0.006462288057507148,-0.0008607368105279449,6,2025Q1
2025-03-14,XLK,-0.0019853701658500977,0.0007162028963355652,6,2025Q1
2025-03-14,XLP,-0.004342720500640662,-0.004400201001287113,6,2025Q1
2025-03-14,XLRE,-0.0006313271791520414,-0.004812593893016821,6,2025Q1
2025-03-14,XLU,-0.0036003453815259823,-0.0031141198172067322,6,2025Q1
2025-03-14,XLV,0.009443949792044215,-0.0029841396114701144,6,2025Q1
2025-03-14,XLY,0.0017340587452963074,-7.851999239266602e-05,6,2025Q1
2025-03-17,XLB,-0.018191881943481203,-0.0028740203856774393,6,2025Q1
2025-03-17,XLC,0.002379550460716917,-0.0006204706428297359,6,2025Q1
2025-03-17,XLE,0.00598476072596088,-0.0009777815668935992,6,2025Q1
2025-03-17,XLF,0.009374002777554846,-0.0012829154331476978,6,2025Q1
2025-03-17,XLI,-0.0020640325617542477,-0.000978805691001233,6,2025Q1
2025-03-17,XLK,-0.0020068558134771486,0.0007160577365618346,6,2025Q1
2025-03-17,XLP,-0.027962140794726698,-0.004334476900864038,6,2025Q1
2025-03-17,XLRE,-0.0207538403253823,-0.004702090539804823,6,2025Q1
2025-03-17,XLU,-0.025224040190318986,-0.0030250787453473195,6,2025Q1
2025-03-17,XLV,-0.009629904722401328,-0.002811775541350564,6,2025Q1
2025-03-17,XLY,0.024733449277220654,-0.0001107291655199977,6,2025Q1
2025-03-18,XLB,-0.030226233599590202,-0.002685838081485707,6,2025Q1
2025-03-18,XLC,0.016279726225606916,-0.0006787282881502791,6,2025Q1
2025-03-18,XLE,-0.005046912542395532,-0.0008651859554576276,6,2025Q1
2025-03-18,XLF,0.002815113723144469,-0.0011212383774467363,6,2025Q1
2025-03-18,XLI,-0.005948114004878935,-0.0008004018929693072,6,2025Q1
2025-03-18,XLK,0.0034857723919630157,0.0008895251715819874,6,2025Q1
2025-03-18,XLP,-0.03915576073987037,-0.004418111721071728,6,2025Q1
2025-03-18,XLRE,-0.04005180993942059,-0.004772849686281564,6,2025Q1
2025-03-18,XLU,-0.047735018472733315,-0.003203942662635503,6,2025Q1
2025-03-18,XLV,-0.03643074240161137,-0.0027865589053702004,6,2025Q1
2025-03-18,XLY,0.03844721367144377,3.349082170074028e-05,6,2025Q1
2025-03-19,XLB,-0.008537668418013955,-0.0026455991680967095,6,2025Q1
2025-03-19,XLC,0.01844572706998293,-0.0006673820948325343,6,2025Q1
2025-03-19,XLE,0.0076593949720045185,-0.0006526107741356705,6,2025Q1
2025-03-19,XLF,0.011748813676623726,-0.0010352068847494726,6,2025Q1
2025-03-19,XLI,-0.002798866152138202,-0.0008364168854675804,6,2025Q1
2025-03-19,XLK,-0.009228313830068391,0.0009420890063900622,6,2025Q1
2025-03-19,XLP,-0.0006934879227735724,-0.0044294308370645035,6,2025Q1
2025-03-19,XLRE,-0.013058044483923892,-0.004686575883102246,6,2025Q1
2025-03-19,XLU,-0.021702817654572604,-0.0030622152614630106,6,2025Q1
2025-03-19,XLV,-0.01741237274440255,-0.0035170790110050135,6,2025Q1
2025-03-19,XLY,0.027951469738163537,0.0002655807078112473,6,2025Q1
2025-03-20,XLB,-0.0029271276175041328,-0.0026920290220685413,6,2025Q1
2025-03-20,XLC,0.015878902900708702,-0.0004687008091343287,6,2025Q1
2025-03-20,XLE,-0.00603164138379475,-0.0005983448261861363,6,2025Q1
2025-03-20,XLF,0.008066603123810356,-0.0012618253864658665,6,2025Q1
2025-03-20,XLI,-0.0033381949360596908,-0.0008441905572969644,6,2025Q1
2025-03-20,XLK,-0.011575428747390704,0.001155462662165688,6,2025Q1
2025-03-20,XLP,0.015459448546336407,-0.004217946036834964,6,2025Q1
2025-03-20,XLRE,-0.01450065210621232,-0.004610694280305376,6,2025Q1
2025-03-20,XLU,-0.02615262416454589,-0.00272933869403307,6,2025Q1
2025-03-20,XLV,-0.016688327842037443,-0.003245336246612502,6,2025Q1
2025-03-20,XLY,0.030836749253508433,0.0003015568832761478,6,2025Q1
2025-03-21,XLB,0.0061265822280405224,-0.003020580967673672,6,2025Q1
2025-03-21,XLC,-0.004305080868464595,-0.0006268856462704899,6,2025Q1
2025-03-21,XLE,0.013779533534801436,-0.0006618967490292477,6,2025Q1
2025-03-21,XLF,0.009697706613388535,-0.0013197325736024443,6,2025Q1
2025-03-21,XLI,-0.0011267208325167477,-0.0009365121634739586,6,2025Q1
2025-03-21,XLK,-0.020674886470247178,0.0009631739189540488,6,2025Q1
2025-03-21,XLP,0.028366313576404623,-0.0043454846649168865,6,2025Q1
2025-03-21,XLRE,0.012343238122416444,-0.004828118990552863,6,2025Q1
2025-03-21,XLU,0.004974518402937944,-0.003174574619001542,6,2025Q1
2025-03-21,XLV,0.0005640287864456806,-0.003269404283191559,6,2025Q1
2025-03-21,XLY,0.012675821123739328,-2.572884767077367e-06,6,2025Q1
2025-03-24,XLB,0.019117772044761172,-0.0031185123383859047,6,2025Q1
2025-03-24,XLC,0.002891433026267487,-0.0007049093798915546,6,2025Q1
2025-03-24,XLE,0.03205080365713764,-0.000710017338548737,6,2025Q1
2025-03-24,XLF,0.018809107098993083,-0.0013599786704458464,6,2025Q1
2025-03-24,XLI,0.0016108099656703123,-0.0009368473228647688,6,2025Q1
2025-03-24,XLK,-0.025644977231666255,0.0008843502710992448,6,2025Q1
2025-03-24,XLP,0.0541781887708539,-0.004432270208604078,6,2025Q1
2025-03-24,XLRE,0.02630612823071976,-0.005092933462965585,6,2025Q1
2025-03-24,XLU,0.034287757498058014,-0.0035341635811852686,6,2025Q1
2025-03-24,XLV,0.01784157137791964,-0.0031727933493639216,6,2025Q1
2025-03-24,XLY,-0.007844096928847022,8.5276162530895e-06,6,2025Q1
2025-03-25,XLB,0.02263709143642101,-0.002616379481505463,6,2025Q1
2025-03-25,XLC,-0.009140736240305203,4.284204889397629e-05,6,2025Q1
2025-03-25,XLE,0.033439000167451605,-0.0003795486321769093,6,2025Q1
2025-03-25,XLF,0.011695818835710803,-0.0005787590932351005,6,2025Q1
2025-03-25,XLI,0.005252723986325147,-0.0003157518151479426,6,2025Q1
2025-03-25,XLK,-0.022266903674221017,0.001494207229835779,6,2025Q1
2025-03-25,XLP,0.06470705489497575,-0.0036514748489994277,6,2025Q1
2025-03-25,XLRE,0.038732615069609455,-0.0044517665409650325,6,2025Q1
2025-03-25,XLU,0.0528709637594138,-0.0028361431528474575,6,2025Q1
2025-03-25,XLV,0.011894250002352336,-0.0025106165030940376,6,2025Q1
2025-03-25,XLY,-0.005900174964923011,0.0006899829578690801,6,2025Q1
2025-03-26,XLB,0.010965164250367976,-0.002426723849786392,6,2025Q1
2025-03-26,XLC,-0.015447654327625737,-0.00011017302904566418,6,2025Q1
2025-03-26,XLE,0.010890196700220955,-0.00017815671039273024,6,2025Q1
2025-03-26,XLF,0.004771422806514547,-0.000501391830335165,6,2025Q1
2025-03-26,XLI,0.0030412911843176182,-0.0004655366268933483,6,2025Q1
2025-03-26,XLK,-0.01134484660194246,0.0015489478497641004,6,2025Q1
2025-03-26,XLP,0.027808871168279237,-0.0036118623649009354,6,2025Q1
2025-03-26,XLRE,0.020401496129591856,-0.0042055200520068215,6,2025Q1
2025-03-26,XLU,0.032858690481035846,-0.0025317401736491526,6,2025Q1
2025-03-26,XLV,0.0041181239772090095,-0.0023382203920165523,6,2025Q1
2025-03-26,XLY,0.007551700322248833,0.0004320311712837085,6,2025Q1
2025-03-27,XLB,0.012483122136559777,-0.0023564797207925123,6,2025Q1
2025-03-27,XLC,-0.008464818178655964,-0.00021669058548210438,6,2025Q1
2025-03-27,XLE,-0.012433557132240147,-0.0006421362060357356,6,2025Q1
2025-03-27,XLF,0.003951325064008082,-0.0006007848933242851,6,2025Q1
2025-03-27,XLI,0.0005965424724732049,-0.0005421318965340339,6,2025Q1
2025-03-27,XLK,-0.023397667854662352,0.0015738592646792073,6,2025Q1
2025-03-27,XLP,0.06854608253875705,-0.0028682764552309383,6,2025Q1
2025-03-27,XLRE,0.03884905793722615,-0.004183596407315858,6,2025Q1
2025-03-27,XLU,0.07307921186182142,-0.002451899650020866,6,2025Q1
2025-03-27,XLV,0.04088040699525408,-0.002248747664657263,6,2025Q1
2025-03-27,XLY,-0.007058704447374886,0.0003296791012188635,6,2025Q1
2025-03-28,XLB,0.006363603642515203,-0.0027073009085806106,6,2025Q1
2025-03-28,XLC,0.001780386824774438,-0.00024452407041582354,6,2025Q1
2025-03-28,XLE,-0.05722875024519736,-0.0014525104359486862,6,2025Q1
2025-03-28,XLF,-0.011141620880253167,-0.00128772153327789,6,2025Q1
2025-03-28,XLI,-0.0031478744308787165,-0.000986305286792565,6,2025Q1
2025-03-28,XLK,-0.02567183790612204,0.0008892657477259297,6,2025Q1
2025-03-28,XLP,0.06641623952734432,-0.003561953168076259,6,2025Q1
2025-03-28,XLRE,0.03150250158186396,-0.004799691621597168,6,2025Q1
2025-03-28,XLU,0.04642484125013213,-0.0031203505009582424,6,2025Q1
2025-03-28,XLV,0.026731167178267623,-0.0030527233582756186,6,2025Q1
2025-03-28,XLY,0.018346613565029757,-0.0003805547295612169,6,2025Q1
2025-03-31,XLB,-0.010406957640334391,-0.002599493992194857,6,2025Q1
2025-03-31,XLC,0.003989858574655725,-0.0003616137619526727,6,2025Q1
2025-03-31,XLE,-0.0643145631643336,-0.0004614172274098506,6,2025Q1
2025-03-31,XLF,-0.016497115826461406,-0.0008620563632071269,6,2025Q1
2025-03-31,XLI,-0.0060324473625631425,-0.0008389434201492402,6,2025Q1
2025-03-31,XLK,-0.013148533017288244,0.0011472494001943487,6,2025Q1
2025-03-31,XLP,0.047892341876984545,-0.0025805794489494696,6,2025Q1
2025-03-31,XLRE,0.006821938635452107,-0.004343551828121269,6,2025Q1
2025-03-31,XLU,0.02909385974755574,-0.002395295424792996,6,2025Q1
2025-03-31,XLV,0.01930357992333953,-0.002467828632759095,6,2025Q1
2025-03-31,XLY,0.01310681026863425,-9.947359300190758e-05,6,2025Q1
2025-04-01,XLB,-0.024435866354733826,0.0004166533534466486,7,2025Q2
2025-04-01,XLC,0.007407963012067809,0.0019024566418416689,7,2025Q2
2025-04-01,XLE,-0.07184692623984512,0.0007333596648189675,7,2025Q2
2025-04-01,XLF,-0.0022243452497884286,0.0016153528766332805,7,2025Q2
2025-04-01,XLI,-0.0017973868480384292,0.0021359236732973377,7,2025Q2
2025-04-01,XLK,-0.020910332520630015,0.0018271261925480965,7,2025Q2
2025-04-01,XLP,0.048449785890077424,0.0012952209838722473,7,2025Q2
2025-04-01,XLRE,0.00034840388269330447,-0.0006984908000517828,7,2025Q2
2025-04-01,XLU,0.039566264980362975,0.0014212392399776195,7,2025Q2
2025-04-01,XLV,0.04268587629185294,0.00157217434291587,7,2025Q2
2025-04-01,XLY,-0.0012172447916034557,0.0007785362748258389,7,2025Q2
2025-04-02,XLB,-0.04366530289250137,0.00047562825077141803,7,2025Q2
2025-04-02,XLC,-0.0039459914977133526,0.0020588740041694443,7,2025Q2
2025-04-02,XLE,-0.09687431737048202,0.0014257379003473143,7,2025Q2
2025-04-02,XLF,-0.030247556999208225,0.0010423874024178682,7,2025Q2
2025-04-02,XLI,-0.019109939202538673,0.0017361167129302084,7,2025Q2
2025-04-02,XLK,0.001104957031015652,0.0018711491737685593,7,2025Q2
2025-04-02,XLP,0.0006977099919137641,0.001369966021073258,7,2025Q2
2025-04-02,XLRE,-0.04003790090251991,-0.0007159343757304731,7,2025Q2
2025-04-02,XLU,-0.015274418411111212,0.001395212951421031,7,2025Q2
2025-04-02,XLV,-0.010226717241526462,0.001523801278241757,7,2025Q2
2025-04-02,XLY,-0.010051979218182794,0.0005390875160787965,7,2025Q2
2025-04-03,XLB,-0.036396848767934586,-0.00030700440755985743,7,2025Q2
2025-04-03,XLC,0.0006436176456179332,0.0016580548279585467,7,2025Q2
2025-04-03,XLE,-0.08993772694120139,0.0009840706762933532,7,2025Q2
2025-04-03,XLF,-0.014741938368733831,0.0011888509364812942,7,2025Q2
2025-04-03,XLI,0.0038299651803177515,0.0018054535363571812,7,2025Q2
2025-04-03,XLK,0.01817738759749843,0.0015333996571764237,7,2025Q2
2025-04-03,XLP,-0.009970587549778864,0.00035293797641451207,7,2025Q2
2025-04-03,XLRE,-0.03719217198903735,-0.0020851727110051516,7,2025Q2
2025-04-03,XLU,-0.02201968044282543,-0.0005829369375343444,7,2025Q2
2025-04-03,XLV,-0.034987592926130406,0.0003736140865235923,7,2025Q2
2025-04-03,XLY,0.006197587278542804,0.0002466747024341126,7,2025Q2
2025-04-04,XLB,-0.023079526222606672,-0.0008325718354262918,7,2025Q2
2025-04-04,XLC,-0.010406684569492786,0.0017796483170406286,7,2025Q2
2025-04-04,XLE,-0.055070441912982604,0.001824491814012479,7,2025Q2
2025-04-04,XLF,-0.0008386730246248142,0.0016845726958481196,7,2025Q2
2025-04-04,XLI,0.008820774949918508,0.0016797670498129027,7,2025Q2
2025-04-04,XLK,0.030903035009139712,0.0013761281078724333,7,2025Q2
2025-04-04,XLP,-0.03263231834408331,-0.00047851912548632506,7,2025Q2
2025-04-04,XLRE,-0.057747720010975834,-0.0022056549492452202,7,2025Q2
2025-04-04,XLU,-0.03270385167357004,-0.0014017871504676809,7,2025Q2
2025-04-04,XLV,-0.044967625610981665,-0.00010185659172635194,7,2025Q2
2025-04-04,XLY,-0.018808667521684974,0.0006850848355943439,7,2025Q2
2025-04-07,XLB,-0.005715998581901749,-0.0013249253188252828,7,2025Q2
2025-04-07,XLC,-0.01701630863038739,0.001203354213153915,7,2025Q2
2025-04-07,XLE,-0.05711945212969516,0.0014766524129325186,7,2025Q2
2025-04-07,XLF,0.0005268522274248788,0.0011568871137874635,7,2025Q2
2025-04-07,XLI,0.012816859670053748,0.001209634276677672,7,2025Q2
2025-04-07,XLK,0.022151376378334087,0.0008265736989836955,7,2025Q2
2025-04-07,XLP,-0.015104880473358895,-0.0008622625052190878,7,2025Q2
2025-04-07,XLRE,-0.022585215062606023,-0.0027366179812926394,7,2025Q2
2025-04-07,XLU,-0.010285551923914671,-0.0017041055102470495,7,2025Q2
2025-04-07,XLV,-0.038609666581842284,-0.0005378260044498665,7,2025Q2
2025-04-07,XLY,-0.015507875749616984,0.0002053966254377675,7,2025Q2
2025-04-08,XLB,0.005483160491193795,-0.0009927968815376003,7,2025Q2
2025-04-08,XLC,-0.013413284743448939,0.00139634514136715,7,2025Q2
2025-04-08,XLE,-0.0486987892407762,0.0016396785158051905,7,2025Q2
2025-04-08,XLF,-0.006568170705005372,0.001302453546516857,7,2025Q2
2025-04-08,XLI,0.00245140667467858,0.0013355913833580741,7,2025Q2
2025-04-08,XLK,0.034888937543888776,0.000897486761303869,7,2025Q2
2025-04-08,XLP,-0.021546556124467653,-0.0005277206274852344,7,2025Q2
2025-04-08,XLRE,-0.008409559284417112,-0.0024851948649225967,7,2025Q2
2025-04-08,XLU,-0.020043927693981,-0.0013897753128259138,7,2025Q2
2025-04-08,XLV,-0.0474243562634018,-0.00041831682437121757,7,2025Q2
2025-04-08,XLY,-0.011617175638966248,0.00039235091439079287,7,2025Q2
2025-04-09,XLB,0.034916335352231265,-0.000617175519964053,7,2025Q2
2025-04-09,XLC,-0.0019942156084364893,0.0014491111102348493,7,2025Q2
2025-04-09,XLE,0.009553229491227944,0.0020130469640185027,7,2025Q2
2025-04-09,XLF,0.027029372865744916,0.0008939240846724675,7,2025Q2
2025-04-09,XLI,0.024968163902430618,0.0014671501259466127,7,2025Q2
2025-04-09,XLK,-0.006957544336881449,0.0012578898326878933,7,2025Q2
2025-04-09,XLP,0.052567899058989065,-0.00026054406701666417,7,2025Q2
2025-04-09,XLRE,0.05740771695917646,-0.002164927003136829,7,2025Q2
2025-04-09,XLU,0.05514518275771696,-0.0011230452181194657,7,2025Q2
2025-04-09,XLV,0.02404994227556312,-0.00011096448628813006,7,2025Q2
2025-04-09,XLY,-0.01593822657943933,0.0004580078794914332,7,2025Q2
2025-04-10,XLB,0.029384352418528215,0.0004915317881600434,7,2025Q2
2025-04-10,XLC,-0.00669292497928875,0.0025603697320688455,7,2025Q2
2025-04-10,XLE,0.05522804466339659,0.0027781371492903726,7,2025Q2
2025-04-10,XLF,0.012629987613328897,0.0018286894908624794,7,2025Q2
2025-04-10,XLI,0.01116855216181345,0.0023222382379971076,7,2025Q2
2025-04-10,XLK,-0.011257193673415045,0.0021652362409939866,7,2025Q2
2025-04-10,XLP,0.028269528936679222,0.0008625566065185809,7,2025Q2
2025-04-10,XLRE,0.050445835712715326,-0.0004933934534811118,7,2025Q2
2025-04-10,XLU,0.027943855652919458,0.00021760830296974442,7,2025Q2
2025-04-10,XLV,0.000959563707011668,0.0011649062424453603,7,2025Q2
2025-04-10,XLY,-0.016793454530978025,0.0013701539938029117,7,2025Q2
2025-04-11,XLB,0.025395851349524823,0.0006585415243067117,7,2025Q2
2025-04-11,XLC,0.0037141710983827902,0.0026390142888889365,7,2025Q2
2025-04-11,XLE,0.04365418573918145,0.0028673157522306142,7,2025Q2
2025-04-11,XLF,0.015714182648841835,0.0020851351520238337,7,2025Q2
2025-04-11,XLI,0.012265395808615298,0.0023378301086717746,7,2025Q2
2025-04-11,XLK,-0.015215715818743814,0.002188846477038839,7,2025Q2
2025-04-11,XLP,0.04677947192256138,0.0008660547570008753,7,2025Q2
2025-04-11,XLRE,0.05529843859649741,-0.00033239366584827783,7,2025Q2
2025-04-11,XLU,0.0324597014999215,0.00035145405447215526,7,2025Q2
2025-04-11,XLV,0.006153091637833841,0.0013465892347209304,7,2025Q2
2025-04-11,XLY,-0.011291715682898329,0.001386664498562621,7,2025Q2
2025-04-14,XLB,0.020912660509378456,0.0007088448635228506,7,2025Q2
2025-04-14,XLC,0.006780095627224814,0.003018097512558598,7,2025Q2
2025-04-14,XLE,0.05005828621900277,0.0030774757051932945,7,2025Q2
2025-04-14,XLF,0.022229450703766473,0.002388855818638418,7,2025Q2
2025-04-14,XLI,0.00351051015368109,0.002515928444569034,7,2025Q2
2025-04-14,XLK,-0.01645186299394963,0.002324513830162812,7,2025Q2
2025-04-14,XLP,0.02838055301157183,0.0008270067547091776,7,2025Q2
2025-04-14,XLRE,0.03810584830307595,-0.00039977231923684297,7,2025Q2
2025-04-14,XLU,0.026007579157567906,0.00040251367733543303,7,2025Q2
2025-04-14,XLV,-0.0031017375507788048,0.0013839052798008953,7,2025Q2
2025-04-14,XLY,0.0004164786705542767,0.0015681042213900038,7,2025Q2
2025-04-15,XLB,0.012115153665239853,0.0007339098220499945,7,2025Q2
2025-04-15,XLC,0.002119399727424587,0.00270299794421992,7,2025Q2
2025-04-15,XLE,0.03177756976049062,0.003032537475573867,7,2025Q2
2025-04-15,XLF,0.013593364928063179,0.002309050648124627,7,2025Q2
2025-04-15,XLI,0.0028072612367595617,0.0024746165205002564,7,2025Q2
2025-04-15,XLK,-0.01011328349470575,0.0023941438914295834,7,2025Q2
2025-04-15,XLP,0.01320600503208047,0.0010179056600543596,7,2025Q2
2025-04-15,XLRE,0.019886837952804437,-9.508805428489983e-05,7,2025Q2
2025-04-15,XLU,0.012441247144669654,0.0005815974560994837,7,2025Q2
2025-04-15,XLV,-0.010161290504083542,0.0014127224421999266,7,2025Q2
2025-04-15,XLY,0.011590789811057989,0.001559062958791969,7,2025Q2
2025-04-16,XLB,-0.0021016116255418993,0.0005742770132070537,7,2025Q2
2025-04-16,XLC,0.006183043244034181,0.0026334401340944716,7,2025Q2
2025-04-16,XLE,-0.004373222435405388,0.003039804202886835,7,2025Q2
2025-04-16,XLF,-0.003041449865746282,0.0020555429264618058,7,2025Q2
2025-04-16,XLI,-0.00469951423701187,0.002341654637098355,7,2025Q2
2025-04-16,XLK,0.019402155643923225,0.002153395629230631,7,2025Q2
2025-04-16,XLP,-0.028904054122094847,0.0006033237167205812,7,2025Q2
2025-04-16,XLRE,-0.02066983195868688,-0.0005413474399039201,7,2025Q2
2025-04-16,XLU,-0.020910979476374658,0.00045868906579427083,7,2025Q2
2025-04-16,XLV,-0.031935823513095096,0.0012869341563327833,7,2025Q2
2025-04-16,XLY,0.013564580038156082,0.0015407598572432326,7,2025Q2
2025-04-17,XLB,-0.02287086611496525,0.0008511983319149583,7,2025Q2
2025-04-17,XLC,-2.49918683243866e-05,0.003064056503988226,7,2025Q2
2025-04-17,XLE,-0.035108515453034395,0.0034288645458063205,7,2025Q2
2025-04-17,XLF,-0.01666112955491572,0.0024967959506652744,7,2025Q2
2025-04-17,XLI,-0.016419822304321485,0.0026945444745800433,7,2025Q2
2025-04-17,XLK,0.034910780784612516,0.002413319973782981,7,2025Q2
2025-04-17,XLP,-0.05860968182408066,0.0006780225303813673,7,2025Q2
2025-04-17,XLRE,-0.04405101054278404,-0.00036662006614246565,7,2025Q2
2025-04-17,XLU,-0.040371052223801884,0.0002238997405477211,7,2025Q2
2025-04-17,XLV,-0.02713437750248282,0.0013980444704570405,7,2025Q2
2025-04-17,XLY,0.019774906893607724,0.0018084291778579322,7,2025Q2
2025-04-21,XLB,-0.03107264471079607,0.0006441881274959719,7,2025Q2
2025-04-21,XLC,0.002223611620569166,0.002870359230932951,7,2025Q2
2025-04-21,XLE,-0.026585678184410932,0.0030767262658148928,7,2025Q2
2025-04-21,XLF,-0.016740237342159237,0.0022951022822834647,7,2025Q2
2025-04-21,XLI,-0.015203540379526537,0.0025366162074164623,7,2025Q2
2025-04-21,XLK,0.035838696660831504,0.0022388309822084897,7,2025Q2
2025-04-21,XLP,-0.07835549398302355,0.000630271489048259,7,2025Q2
2025-04-21,XLRE,-0.04240487058307085,-0.0004253049402931446,7,2025Q2
2025-04-21,XLU,-0.03559359697515285,0.00043148593388320276,7,2025Q2
2025-04-21,XLV,-0.026457462101221463,0.0013514777643560745,7,2025Q2
2025-04-21,XLY,0.023485230386838696,0.0017362123094543584,7,2025Q2
2025-04-22,XLB,-0.025782762752663668,0.0007932752900569901,7,2025Q2
2025-04-22,XLC,0.0031453113032058333,0.002974150034058335,7,2025Q2
2025-04-22,XLE,-0.03487792912512089,0.0032218903871773638,7,2025Q2
2025-04-22,XLF,-0.019323208302717942,0.0023355220085032034,7,2025Q2
2025-04-22,XLI,-0.006007678983941389,0.002591459623163832,7,2025Q2
2025-04-22,XLK,0.03511765587297333,0.002386882544770505,7,2025Q2
2025-04-22,XLP,-0.06350140125790338,0.0006876806640767195,7,2025Q2
2025-04-22,XLRE,-0.034271111133008736,-0.000412730493393635,7,2025Q2
2025-04-22,XLU,-0.03467520151730685,2.4199506810885255e-05,7,2025Q2
2025-04-22,XLV,-0.020096495756904087,0.0013684535840741074,7,2025Q2
2025-04-22,XLY,0.018007078958269807,0.0019286755177171794,7,2025Q2
2025-04-23,XLB,-0.006132473010099115,0.0007861883898348464,7,2025Q2
2025-04-23,XLC,0.002470941329246079,0.0028152807980993226,7,2025Q2
2025-04-23,XLE,-0.04481909690816199,0.0032722187375048236,7,2025Q2
2025-04-23,XLF,-0.01391648636570264,0.002281794742577353,7,2025Q2
2025-04-23,XLI,0.004150244259832014,0.0025286851837864896,7,2025Q2
2025-04-23,XLK,0.02453007196799617,0.0025634275044578853,7,2025Q2
2025-04-23,XLP,-0.03497651807609681,0.0006268421760563214,7,2025Q2
2025-04-23,XLRE,-0.015201264489305366,-0.00026826169315339113,7,2025Q2
2025-04-23,XLU,-0.028433378115514607,-0.00015361657302240261,7,2025Q2
2025-04-23,XLV,-0.0007880113577838355,0.001455646839229503,7,2025Q2
2025-04-23,XLY,0.0007546177032549117,0.001937860156034576,7,2025Q2
2025-04-24,XLB,-0.018184093342530572,0.000988647700836625,7,2025Q2
2025-04-24,XLC,0.0014872250863120495,0.0029083660838852875,7,2025Q2
2025-04-24,XLE,-0.04262854891324008,0.0031057356868034215,7,2025Q2
2025-04-24,XLF,-0.011185166461522345,0.0023250965786749396,7,2025Q2
2025-04-24,XLI,0.00317698809860123,0.0025813076564810103,7,2025Q2
2025-04-24,XLK,0.015545066269065044,0.0027443294132044865,7,2025Q2
2025-04-24,XLP,-0.02068419635735186,0.001253848683610026,7,2025Q2
2025-04-24,XLRE,-0.0010994744599956974,0.0003042945104526093,7,2025Q2
2025-04-24,XLU,-0.012879919398114614,0.00039597565162409097,7,2025Q2
2025-04-24,XLV,-0.02700677334665369,0.0016428120896625623,7,2025Q2
2025-04-24,XLY,0.0002954239734187514,0.0019854752926575236,7,2025Q2
2025-04-25,XLB,-0.0013156935440594708,0.001015199530438421,7,2025Q2
2025-04-25,XLC,0.003153969912047083,0.002907150484241828,7,2025Q2
2025-04-25,XLE,-0.0342513575040958,0.0030650594970250706,7,2025Q2
2025-04-25,XLF,0.006959876699154766,0.002347821195753976,7,2025Q2
2025-04-25,XLI,0.013899922253514552,0.002608974919834887,7,2025Q2
2025-04-25,XLK,0.009771360146105357,0.0026280080184814163,7,2025Q2
2025-04-25,XLP,-0.02036854348532624,0.0012134641285095902,7,2025Q2
2025-04-25,XLRE,0.0052672889101004206,-1.7790849012589132e-05,7,2025Q2
2025-04-25,XLU,-0.009584448772357979,0.000327401498746492,7,2025Q2
2025-04-25,XLV,-0.025798024338397285,0.0015223324703789304,7,2025Q2
2025-04-25,XLY,-0.009892434331842503,0.0018372496963991966,7,2025Q2
2025-04-28,XLB,-0.004497704838708039,0.000935644617377278,7,2025Q2
2025-04-28,XLC,0.007950613870087997,0.002774331639694696,7,2025Q2
2025-04-28,XLE,-0.0527524594688592,0.0030393178029286174,7,2025Q2
2025-04-28,XLF,0.0033822942854522253,0.0022353810701669875,7,2025Q2
2025-04-28,XLI,0.01726764586654661,0.0024352085985777055,7,2025Q2
2025-04-28,XLK,0.01223570997523793,0.0025275520618881116,7,2025Q2
2025-04-28,XLP,-0.011564020982432588,0.0013189626283228698,7,2025Q2
2025-04-28,XLRE,0.003991343709171646,0.000196726272122255,7,2025Q2
2025-04-28,XLU,-0.012053701408305306,0.0006005665692351309,7,2025Q2
2025-04-28,XLV,-0.026301566475842586,0.0013810114275737719,7,2025Q2
2025-04-28,XLY,-0.014787185846269812,0.001717266956159673,7,2025Q2
2025-04-29,XLB,-0.005326163143840823,0.0009446145548141689,7,2025Q2
2025-04-29,XLC,0.015186026946862663,0.0028804967910197555,7,2025Q2
2025-04-29,XLE,-0.0347953793634479,0.0030260095959343627,7,2025Q2
2025-04-29,XLF,0.001985829264230299,0.002168835320208636,7,2025Q2
2025-04-29,XLI,0.016403748747161773,0.0024626151006249685,7,2025Q2
2025-04-29,XLK,0.013773597186024222,0.00255612211870602,7,2025Q2
2025-04-29,XLP,-0.006727961509291447,0.001150549121255757,7,2025Q2
2025-04-29,XLRE,0.0035940169321395654,-2.430736164623173e-05,7,2025Q2
2025-04-29,XLU,0.007302641073748228,0.00042335670554691956,7,2025Q2
2025-04-29,XLV,-0.04362189389731164,0.0014743441190340786,7,2025Q2
2025-04-29,XLY,-0.01571747940957602,0.0017473859676187327,7,2025Q2
2025-04-30,XLB,-0.019787234839275802,0.001004749399940634,7,2025Q2
2025-04-30,XLC,0.009140562678668918,0.0029632941771521905,7,2025Q2
2025-04-30,XLE,-0.011298671362555135,0.0033246634469719866,7,2025Q2
2025-04-30,XLF,0.002231154021249182,0.002274688688592281,7,2025Q2
2025-04-30,XLI,0.010409123900438022,0.0025662025216058332,7,2025Q2
2025-04-30,XLK,0.015893707791284406,0.002627547237602482,7,2025Q2
2025-04-30,XLP,-0.016196949340760103,0.0011228789527612626,7,2025Q2
2025-04-30,XLRE,-0.005624389859238743,0.00016255793444946791,7,2025Q2
2025-04-30,XLU,0.011527612399420573,0.0005022924537934425,7,2025Q2
2025-04-30,XLV,-0.048297663654182865,0.0012771604663355115,7,2025Q2
2025-04-30,XLY,-0.002642693156788223,0.0017395729340655684,7,2025Q2
2025-05-01,XLB,-0.001982089029914258,0.0010403569957428659,7,2025Q2
2025-05-01,XLC,0.0064423717738406605,0.0025680181576243303,7,2025Q2
2025-05-01,XLE,-0.0017753442175021394,0.003153431044357603,7,2025Q2
2025-05-01,XLF,0.010969134076481035,0.00216455862830622,7,2025Q2
2025-05-01,XLI,0.016866418699429397,0.002543341114877244,7,2025Q2
2025-05-01,XLK,0.010823700537947456,0.0024804027724776626,7,2025Q2
2025-05-01,XLP,-0.008594968487621424,0.0011521463140696337,7,2025Q2
2025-05-01,XLRE,-0.013248672260108396,-6.102872189381195e-05,7,2025Q2
2025-05-01,XLU,0.00045821241883881036,0.0003993445122923299,7,2025Q2
2025-05-01,XLV,-0.030096349620150065,0.0014796391571540236,7,2025Q2
2025-05-01,XLY,0.0037784261204594216,0.001827243534086133,7,2025Q2
2025-05-02,XLB,-8.664394603397074e-05,0.0006263044445984967,7,2025Q2
2025-05-02,XLC,0.001806325116149643,0.002374170759845828,7,2025Q2
2025-05-02,XLE,0.009759028653707924,0.002573350485199485,7,2025Q2
2025-05-02,XLF,0.0062795312623749044,0.0019599234207423833,7,2025Q2
2025-05-02,XLI,0.01563858759052983,0.0022783203342030137,7,2025Q2
2025-05-02,XLK,0.008840311071568685,0.002320596170170712,7,2025Q2
2025-05-02,XLP,-0.0036997079775904496,0.0005683471765427537,7,2025Q2
2025-05-02,XLRE,-0.003361882270975336,-0.0005444938664777613,7,2025Q2
2025-05-02,XLU,0.010414085587083344,-1.5962159610435932e-05,7,2025Q2
2025-05-02,XLV,-0.03795923508607524,0.0007108131292867998,7,2025Q2
2025-05-02,XLY,0.009135098682012677,0.001836167990032474,7,2025Q2
2025-05-05,XLB,-0.008234520905476161,0.0007040363909877924,7,2025Q2
2025-05-05,XLC,-0.018696024605413974,0.0024915622984217614,7,2025Q2
2025-05-05,XLE,0.016114189335234785,0.0024311780471833215,7,2025Q2
2025-05-05,XLF,-0.00564509225836507,0.0015471862098456314,7,2025Q2
2025-05-05,XLI,0.007391598214477879,0.0022412127506155487,7,2025Q2
2025-05-05,XLK,0.022239647909205962,0.002169757629178523,7,2025Q2
2025-05-05,XLP,-0.0402139048789697,0.0006369154119435417,7,2025Q2
2025-05-05,XLRE,-0.04006092204481004,-0.0006358471864804356,7,2025Q2
2025-05-05,XLU,-0.0319291913269526,-0.00018405523979569263,7,2025Q2
2025-05-05,XLV,-0.05035013212458572,0.000503854032733918,7,2025Q2
2025-05-05,XLY,0.03156573798511575,0.0018159823126244492,7,2025Q2
2025-05-06,XLB,-0.021501693581820636,0.0006409768785485695,7,2025Q2
2025-05-06,XLC,-0.02416236164309593,0.0022978169990730637,7,2025Q2
2025-05-06,XLE,0.015022237347008138,0.00228534300792293,7,2025Q2
2025-05-06,XLF,-0.011122811697505952,0.0013469898278198357,7,2025Q2
2025-05-06,XLI,0.008336067198980723,0.0021031682868758793,7,2025Q2
2025-05-06,XLK,0.03850920908783695,0.002159132648446937,7,2025Q2
2025-05-06,XLP,-0.0675114687324978,0.0002511629348119234,7,2025Q2
2025-05-06,XLRE,-0.06220107560545629,-0.0005171201954813488,7,2025Q2
2025-05-06,XLU,-0.060983723904854625,-0.00047586660938579576,7,2025Q2
2025-05-06,XLV,-0.06849206440980382,0.0006103785110925159,7,2025Q2
2025-05-06,XLY,0.03957047562055349,0.0016403524990753382,7,2025Q2
2025-05-07,XLB,-0.02224668666666063,0.0005018097978375031,7,2025Q2
2025-05-07,XLC,-0.01386970711350255,0.002524319978739596,7,2025Q2
2025-05-07,XLE,0.01123132513687719,0.0021646603005482288,7,2025Q2
2025-05-07,XLF,-0.016986080603109466,0.0012569625270997164,7,2025Q2
2025-05-07,XLI,0.000962980387202439,0.002083627708115498,7,2025Q2
2025-05-07,XLK,0.03777195961398783,0.0020688460958790122,7,2025Q2
2025-05-07,XLP,-0.07129523883010613,0.0001525332341859965,7,2025Q2
2025-05-07,XLRE,-0.0668480366139349,-0.0006666900514822392,7,2025Q2
2025-05-07,XLU,-0.06507418285481315,-0.00040038967663837035,7,2025Q2
2025-05-07,XLV,-0.09580251468773293,6.518953977704869e-05,7,2025Q2
2025-05-07,XLY,0.038371448327437774,0.001545052738807594,7,2025Q2
2025-05-08,XLB,-0.023253089162232232,0.00030642414526670277,7,2025Q2
2025-05-08,XLC,-0.01004106874722388,0.0025074173233791473,7,2025Q2
2025-05-08,XLE,0.004062622617219791,0.0022386593987966806,7,2025Q2
2025-05-08,XLF,-0.016471235375946414,0.0012572762155138772,7,2025Q2
2025-05-08,XLI,0.0003431389899248849,0.0019911358811080097,7,2025Q2
2025-05-08,XLK,0.031149448202920205,0.00202526529090711,7,2025Q2
2025-05-08,XLP,-0.04790010620690033,0.0008027791601905838,7,2025Q2
2025-05-08,XLRE,-0.04180784519485137,-0.00021912381654916845,7,2025Q2
2025-05-08,XLU,-0.03383986754602275,0.00023917543378984608,7,2025Q2
2025-05-08,XLV,-0.0723850028110028,0.0009361246392998786,7,2025Q2
2025-05-08,XLY,0.025491833098227668,0.0014940465708625271,7,2025Q2
2025-05-09,XLB,-0.02346481865823713,0.0003678280614499744,7,2025Q2
2025-05-09,XLC,-0.005576522928692151,0.0025984655810139313,7,2025Q2
2025-05-09,XLE,-0.015910273653392926,0.001349807058705532,7,2025Q2
2025-05-09,XLF,-0.01821421346321772,0.001252966701295649,7,2025Q2
2025-05-09,XLI,0.00344011493135854,0.0019260781902157534,7,2025Q2
2025-05-09,XLK,0.026546355099345442,0.001999606087994866,7,2025Q2
2025-05-09,XLP,-0.03857444792616582,0.0005601141660968807,7,2025Q2
2025-05-09,XLRE,-0.043298291708548486,-0.0005698572223365827,7,2025Q2
2025-05-09,XLU,-0.028733897891681126,0.00016870294024252483,7,2025Q2
2025-05-09,XLV,-0.049821223794587643,0.0006604348340271445,7,2025Q2
2025-05-09,XLY,0.022480166550041147,0.0015263479947262176,7,2025Q2
2025-05-12,XLB,-0.011674886166604947,0.0005572072790339133,7,2025Q2
2025-05-12,XLC,0.006672726915583516,0.0025878701447752724,7,2025Q2
2025-05-12,XLE,-0.022826258583924286,0.001687973087655989,7,2025Q2
2025-05-12,XLF,-0.005599938385595138,0.0012780644189591467,7,2025Q2
2025-05-12,XLI,0.007953105367288549,0.001856010078793943,7,2025Q2
2025-05-12,XLK,0.009740041010247058,0.001979557741098548,7,2025Q2
2025-05-12,XLP,-0.004546783580329894,0.0004872359765907833,7,2025Q2
2025-05-12,XLRE,-0.009539080387982901,-0.00014272378075712864,7,2025Q2
2025-05-12,XLU,0.014385785446013655,7.192047811726944e-05,7,2025Q2
2025-05-12,XLV,-0.03203801818022256,0.0007897776075353978,7,2025Q2
2025-05-12,XLY,0.001730302406317108,0.0012070164965121456,7,2025Q2
2025-05-13,XLB,0.0017229311416051551,0.0005947711950679995,7,2025Q2
2025-05-13,XLC,0.004333929776948464,0.002587326848583449,7,2025Q2
2025-05-13,XLE,-0.03565810475071318,0.0016084714117161581,7,2025Q2
2025-05-13,XLF,-0.005151237529468222,0.001321331073844643,7,2025Q2
2025-05-13,XLI,0.0072417201120877905,0.00185720841723434,7,2025Q2
2025-05-13,XLK,-0.005727493016065122,0.0017296454710550916,7,2025Q2
2025-05-13,XLP,0.023033663871719456,0.0007865979080350782,7,2025Q2
2025-05-13,XLRE,0.008984796727323774,-0.0004152877227468063,7,2025Q2
2025-05-13,XLU,0.028930082419151626,1.51213283626774e-05,7,2025Q2
2025-05-13,XLV,0.011219236963724732,0.0018295620270185272,7,2025Q2
2025-05-13,XLY,-0.006757457339869211,0.001311451540032347,7,2025Q2
2025-05-14,XLB,0.01578722808510613,0.0009219301169252421,7,2025Q2
2025-05-14,XLC,0.009837495774974725,0.003077005226159531,7,2025Q2
2025-05-14,XLE,-0.029486826227256957,0.001923184028587099,7,2025Q2
2025-05-14,XLF,-0.004710279269016127,0.0015238703928741049,7,2025Q2
2025-05-14,XLI,0.013170741048307066,0.0022902497612366994,7,2025Q2
2025-05-14,XLK,-0.01266515673592361,0.0019194368543481199,7,2025Q2
2025-05-14,XLP,0.03483891379843551,0.0024102381971417793,7,2025Q2
2025-05-14,XLRE,0.008786207689275516,0.0008282196892800779,7,2025Q2
2025-05-14,XLU,0.03276609800345698,0.0016833352130164315,7,2025Q2
2025-05-14,XLV,0.029871683580290576,0.002673345452258117,7,2025Q2
2025-05-14,XLY,-0.012587807575546672,0.0015350268867033914,7,2025Q2
2025-05-15,XLB,0.009000303777884744,0.000651871430986392,7,2025Q2
2025-05-15,XLC,0.008129236728325662,0.002908630526061171,7,2025Q2
2025-05-15,XLE,-0.032840014344338586,0.0015471026232676713,7,2025Q2
2025-05-15,XLF,-0.007994025177123443,0.0014579976417152412,7,2025Q2
2025-05-15,XLI,0.006361928914726311,0.002054761158939464,7,2025Q2
2025-05-15,XLK,-0.009313898189574177,0.0018826523909717258,7,2025Q2
2025-05-15,XLP,0.014453694274666806,0.0011469123619222382,7,2025Q2
2025-05-15,XLRE,-0.008246092382009684,4.69919682516487e-05,7,2025Q2
2025-05-15,XLU,0.0014927828666270182,0.0009387597322786256,7,2025Q2
2025-05-15,XLV,0.013171660481423708,0.002336802112712497,7,2025Q2
2025-05-15,XLY,-0.0017555571623094623,0.0015940757404738102,7,2025Q2
2025-05-16,XLB,0.009887161187284166,0.0007603747703115154,7,2025Q2
2025-05-16,XLC,0.00977356008190533,0.0030538807856970744,7,2025Q2
2025-05-16,XLE,-0.015432774187288945,0.0016263371382774967,7,2025Q2
2025-05-16,XLF,-0.00445525653456047,0.001430807893980422,7,2025Q2
2025-05-16,XLI,0.004878032507778407,0.002151851686648617,7,2025Q2
2025-05-16,XLK,-0.009003590686526008,0.0020175957748360196,7,2025Q2
2025-05-16,XLP,0.019668671164582485,0.001208937078974434,7,2025Q2
2025-05-16,XLRE,-0.0072157932937541025,0.00012914857526997265,7,2025Q2
2025-05-16,XLU,0.011766869631881671,0.0010655745433585772,7,2025Q2
2025-05-16,XLV,0.004732780289359639,0.0018761538320063123,7,2025Q2
2025-05-16,XLY,-0.006855164926628521,0.00174577075737785,7,2025Q2
2025-05-19,XLB,0.0054179470769498694,0.0012309482368434506,7,2025Q2
2025-05-19,XLC,0.005631127325404939,0.0031400713615916996,7,2025Q2
2025-05-19,XLE,-0.013573710080306944,0.00235276684866952,7,2025Q2
2025-05-19,XLF,-0.007146856573422622,0.0018437083011287434,7,2025Q2
2025-05-19,XLI,-0.0004341345841331057,0.0025381616393823805,7,2025Q2
2025-05-19,XLK,-0.0037991301985257353,0.0020702571959681105,7,2025Q2
2025-05-19,XLP,0.00658453123853231,0.002080621791301213,7,2025Q2
2025-05-19,XLRE,-0.012544790129530137,0.0007928718027047897,7,2025Q2
2025-05-19,XLU,-0.004200397692374236,0.0020434819399347344,7,2025Q2
2025-05-19,XLV,-0.010227068137731443,0.0025058403151633794,7,2025Q2
2025-05-19,XLY,0.004884634588345982,0.0016388303939762427,7,2025Q2
2025-05-20,XLB,-0.004104798202454352,0.001144219873462545,7,2025Q2
2025-05-20,XLC,0.01030898305831185,0.0031428550524426517,7,2025Q2
2025-05-20,XLE,-0.014572269135781357,0.0022616370139415735,7,2025Q2
2025-05-20,XLF,-0.005972243774082453,0.001617414562624665,7,2025Q2
2025-05-20,XLI,0.0006362486295015124,0.0022769643527822,7,2025Q2
2025-05-20,XLK,-0.0017630324078588,0.0020588161458695822,7,2025Q2
2025-05-20,XLP,-0.0012911121453168528,0.0020587379326272295,7,2025Q2
2025-05-20,XLRE,-0.004974066556744927,0.0007633482416032694,7,2025Q2
2025-05-20,XLU,-0.018426696882157256,0.0018462708436354088,7,2025Q2
2025-05-20,XLV,-0.015268725386831106,0.0025140031040399536,7,2025Q2
2025-05-20,XLY,0.003312913907472126,0.0016094422349660644,7,2025Q2
2025-05-21,XLB,-0.008031396250260947,0.0011628914312216514,7,2025Q2
2025-05-21,XLC,-0.01124521130359657,0.0031897730799938795,7,2025Q2
2025-05-21,XLE,-0.009776308853631344,0.00238715503281587,7,2025Q2
2025-05-21,XLF,-0.0012003092491437162,0.0018035581871782252,7,2025Q2
2025-05-21,XLI,-0.002358367490117752,0.0023288925911185143,7,2025Q2
2025-05-21,XLK,-0.002086247222020443,0.002516999492602095,7,2025Q2
2025-05-21,XLP,-0.006578741972859126,0.0024672759812574174,7,2025Q2
2025-05-21,XLRE,0.010229888125094622,0.0008547884556200107,7,2025Q2
2025-05-21,XLU,-0.014427774053695774,0.0017193145041709838,7,2025Q2
2025-05-21,XLV,-0.0064077712681114285,0.0028709019065356516,7,2025Q2
2025-05-21,XLY,0.00335055066531309,0.0017469179936727562,7,2025Q2
2025-05-22,XLB,-0.00533111701477762,0.0008359195729973883,7,2025Q2
2025-05-22,XLC,-0.003352942194315478,0.0029918591307987906,7,2025Q2
2025-05-22,XLE,-0.013251588877817522,0.002194321221507881,7,2025Q2
2025-05-22,XLF,0.0037286404984722132,0.001739965962090279,7,2025Q2
2025-05-22,XLI,2.4284823627374053e-05,0.002337361158091683,7,2025Q2
2025-05-22,XLK,-0.003958775794186131,0.0027948875840272122,7,2025Q2
2025-05-22,XLP,0.008014681168952542,0.0015442878410093465,7,2025Q2
2025-05-22,XLRE,0.016269083919723704,0.00047251460678265846,7,2025Q2
2025-05-22,XLU,0.011917090979567613,0.0012686262219898728,7,2025Q2
2025-05-22,XLV,0.00520468485757597,0.002954632356357928,7,2025Q2
2025-05-22,XLY,-0.004970860052662118,0.0019716100762272315,7,2025Q2
2025-05-23,XLB,-0.010065408983611857,0.000307175775837709,7,2025Q2
2025-05-23,XLC,-0.006416740520203135,0.0025916460660211286,7,2025Q2
2025-05-23,XLE,-0.016044380435149108,0.002242447970450943,7,2025Q2
2025-05-23,XLF,-0.004902893552718224,0.0016765247486343793,7,2025Q2
2025-05-23,XLI,-0.010631936929990093,0.001884014756704888,7,2025Q2
2025-05-23,XLK,0.0035868046596552183,0.002637330104319843,7,2025Q2
2025-05-23,XLP,-0.007798037624332954,0.0010575183265503457,7,2025Q2
2025-05-23,XLRE,0.004812931960351374,4.4943974050217416e-05,7,2025Q2
2025-05-23,XLU,-0.009667386400112665,0.000747377534036732,7,2025Q2
2025-05-23,XLV,-0.005224376580968304,0.003001961287636499,7,2025Q2
2025-05-23,XLY,-0.0061569919347539415,0.0017290144515011482,7,2025Q2
2025-05-27,XLB,-0.002163932530823809,0.0009509425174765817,7,2025Q2
2025-05-27,XLC,-0.010419056251582792,0.0023998913633487386,7,2025Q2
2025-05-27,XLE,0.0022842775354043887,0.0023224600748883648,7,2025Q2
2025-05-27,XLF,-0.005411374153342141,0.0014296371177893185,7,2025Q2
2025-05-27,XLI,-0.005356104629673952,0.0018843007012345056,7,2025Q2
2025-05-27,XLK,0.009946593826555716,0.0025013260919533407,7,2025Q2
2025-05-27,XLP,-0.00277000090251156,0.0010165048392026272,7,2025Q2
2025-05-27,XLRE,-0.00036821254388219593,8.61201402510359e-05,7,2025Q2
2025-05-27,XLU,0.0005818175958329785,0.0010012703901654762,7,2025Q2
2025-05-27,XLV,-0.0017736632992000345,0.002971428222282432,7,2025Q2
2025-05-27,XLY,-0.014950405042365,0.0015408600717092915,7,2025Q2
2025-05-28,XLB,0.00999871865167612,0.00012498625043861592,7,2025Q2
2025-05-28,XLC,-0.009433320707753046,0.0022067234703699334,7,2025Q2
2025-05-28,XLE,-0.010277765526490512,0.0022943527428517913,7,2025Q2
2025-05-28,XLF,-0.009998634290385722,0.0008163623605473046,7,2025Q2
2025-05-28,XLI,-0.005396585035409185,0.001479226763062543,7,2025Q2
2025-05-28,XLK,0.010092298241117126,0.0022167379289175808,7,2025Q2
2025-05-28,XLP,-0.008571696175789567,0.0010403123549720767,7,2025Q2
2025-05-28,XLRE,-0.002816666430043524,0.00020290283313273666,7,2025Q2
2025-05-28,XLU,-0.008612359770426625,0.0003112890531757986,7,2025Q2
2025-05-28,XLV,-0.0001856324579769808,0.0029979378264626258,7,2025Q2
2025-05-28,XLY,-0.013998522357287047,0.0014083672554500992,7,2025Q2
2025-05-29,XLB,0.009047504872811807,0.0002491030743961165,7,2025Q2
2025-05-29,XLC,0.00897787564420982,0.0021812717120419257,7,2025Q2
2025-05-29,XLE,-0.00982537980468845,0.0023353438162041214,7,2025Q2
2025-05-29,XLF,-0.00901745156506839,0.0005011301274037827,7,2025Q2
2025-05-29,XLI,0.0018518583055739946,0.0013922777885136738,7,2025Q2
2025-05-29,XLK,0.01434322040478686,0.0022591158781945066,7,2025Q2
2025-05-29,XLP,-0.013365888387533609,0.0008034205098367187,7,2025Q2
2025-05-29,XLRE,-0.003405255162015619,0.00040215831540361805,7,2025Q2
2025-05-29,XLU,-0.008290628860698646,0.0006283125810615901,7,2025Q2
2025-05-29,XLV,0.0005820495719932595,0.0030137286443258776,7,2025Q2
2025-05-29,XLY,-0.030762316470184903,0.0013933013615216937,7,2025Q2
2025-05-30,XLB,0.0001357217644168962,0.0007712035731911697,7,2025Q2
2025-05-30,XLC,0.006238538069296418,0.0026142210568993523,7,2025Q2
2025-05-30,XLE,0.006516469668874647,0.002262335472104425,7,2025Q2
2025-05-30,XLF,-0.010263092168597332,0.0009682713281240351,7,2025Q2
2025-05-30,XLI,-0.0017686858207490719,0.0018155284184861891,7,2025Q2
2025-05-30,XLK,0.015721125485844478,0.00245155780259584,7,2025Q2
2025-05-30,XLP,-0.03030565632043869,0.001716815639169869,7,2025Q2
2025-05-30,XLRE,-0.01294799071464392,0.0008681586855782302,7,2025Q2
2025-05-30,XLU,-0.025453659831960795,0.001291814015591836,7,2025Q2
2025-05-30,XLV,-0.0034243123029347178,0.003233863854320935,7,2025Q2
2025-05-30,XLY,-0.02416647463405397,0.00167154833976433,7,2025Q2
2025-06-02,XLB,0.005741894122978541,0.0005448862881217707,7,2025Q2
2025-06-02,XLC,0.0030589043201361132,0.0022431836490409696,7,2025Q2
2025-06-02,XLE,-1.6203735760500493e-05,0.0022272821043579443,7,2025Q2
2025-06-02,XLF,-0.0113672344300364,0.0006023034574716513,7,2025Q2
2025-06-02,XLI,0.0033834722463086386,0.0012611018264697923,7,2025Q2
2025-06-02,XLK,0.016486859667779852,0.002107536295943753,7,2025Q2
2025-06-02,XLP,-0.027444873325447094,0.0011641550723086552,7,2025Q2
2025-06-02,XLRE,-0.010084503264071953,2.293134593847699e-05,7,2025Q2
2025-06-02,XLU,-0.030133845456497665,0.0009913018047078691,7,2025Q2
2025-06-02,XLV,-0.0009849821503660205,0.003105724202495998,7,2025Q2
2025-06-02,XLY,-0.013766078037925733,0.0013689452555776826,7,2025Q2
2025-06-03,XLB,0.001722408925273644,0.0007147072153674858,7,2025Q2
2025-06-03,XLC,0.01888080654668256,0.0021214936841557033,7,2025Q2
2025-06-03,XLE,0.005981168395009284,0.0021912808185144857,7,2025Q2
2025-06-03,XLF,-0.012117959829924252,0.0005012434061124213,7,2025Q2
2025-06-03,XLI,-0.008734904698732393,0.001460011114837204,7,2025Q2
2025-06-03,XLK,0.006966752651568875,0.00198154442500003,7,2025Q2
2025-06-03,XLP,-0.02428680362520219,0.0009082069226194206,7,2025Q2
2025-06-03,XLRE,0.0024426510518777977,0.0001825532152585818,7,2025Q2
2025-06-03,XLU,-0.030415737540121945,0.001262061948846363,7,2025Q2
2025-06-03,XLV,0.008193901573327222,0.0028475329060162783,7,2025Q2
2025-06-03,XLY,-0.007131170215270322,0.0013155331457086832,7,2025Q2
2025-06-04,XLB,-0.009452446562637662,0.0006562423158176728,7,2025Q2
2025-06-04,XLC,0.012597559843064543,0.002171071143118777,7,2025Q2
2025-06-04,XLE,0.04384731298162059,0.003179200959945186,7,2025Q2
2025-06-04,XLF,-0.004977136254313619,0.0003387612226037367,7,2025Q2
2025-06-04,XLI,-0.0061914913708811525,0.0013489448646450135,7,2025Q2
2025-06-04,XLK,0.005837515890447786,0.00168356656031242,7,2025Q2
2025-06-04,XLP,-0.01811205168369412,0.0012854415167720427,7,2025Q2
2025-06-04,XLRE,-0.0036054641676568355,0.00019409156701230752,7,2025Q2
2025-06-04,XLU,-0.00972939736668288,0.0005985607094677264,7,2025Q2
2025-06-04,XLV,0.009344189765538191,0.0027128195911820365,7,2025Q2
2025-06-04,XLY,-0.009809904957355897,0.001045340656375033,7,2025Q2
2025-06-05,XLB,-0.00821936527194822,0.0005874355691018966,7,2025Q2
2025-06-05,XLC,-0.006030604831485764,0.002169210244491751,7,2025Q2
2025-06-05,XLE,0.03961005213611535,0.003154042608424286,7,2025Q2
2025-06-05,XLF,-0.011132155763124318,0.0004134477691736282,7,2025Q2
2025-06-05,XLI,-0.017068207244163025,0.001181915152106642,7,2025Q2
2025-06-05,XLK,0.009230788687179858,0.0017419443380572285,7,2025Q2
2025-06-05,XLP,-0.011533665838639351,0.0013948331283494793,7,2025Q2
2025-06-05,XLRE,-0.006787534309455001,0.000265921426479484,7,2025Q2
2025-06-05,XLU,-0.004928380738481897,0.0005639670847559857,7,2025Q2
2025-06-05,XLV,0.00975423565523581,0.0026239528924938424,7,2025Q2
2025-06-05,XLY,0.0022966594693618614,0.0012031322448419974,7,2025Q2
2025-06-06,XLB,-0.0009850604351846481,0.0004697696406201859,7,2025Q2
2025-06-06,XLC,-0.007323980815789999,0.001958367677113865,7,2025Q2
2025-06-06,XLE,0.059800056218532904,0.003086684935950476,7,2025Q2
2025-06-06,XLF,-0.02216924341426041,0.00042273733556200365,7,2025Q2
2025-06-06,XLI,-0.012159946333621274,0.0009391859577060609,7,2025Q2
2025-06-06,XLK,0.006970007404975109,0.001707223206195306,7,2025Q2
2025-06-06,XLP,-0.005364436076906398,0.0014850449868389235,7,2025Q2
2025-06-06,XLRE,0.003810563686332924,0.00019759701595066666,7,2025Q2
2025-06-06,XLU,0.006404647416726861,0.0008028784923568905,7,2025Q2
2025-06-06,XLV,0.016594557472646376,0.0025491747904531755,7,2025Q2
2025-06-06,XLY,0.0015451095054284103,0.0009611450155067009,7,2025Q2
2025-06-09,XLB,-0.007831682461040823,0.0007321399395664356,7,2025Q2
2025-06-09,XLC,0.0039906594415388685,0.0019539212672067346,7,2025Q2
2025-06-09,XLE,0.04609222242130118,0.0031596465267616537,7,2025Q2
2025-06-09,XLF,-0.014218354364157526,0.0005270273703660829,7,2025Q2
2025-06-09,XLI,-0.013082778586885446,0.0011500486618665252,7,2025Q2
2025-06-09,XLK,0.009651028733297151,0.0016365893894256841,7,2025Q2
2025-06-09,XLP,-0.009415514375502143,0.0021278685812985802,7,2025Q2
2025-06-09,XLRE,-0.003330427286972082,0.0005350061030221442,7,2025Q2
2025-06-09,XLU,-0.0006640043980647992,0.0016012632095188824,7,2025Q2
2025-06-09,XLV,0.006626105671067917,0.002818011661141955,7,2025Q2
2025-06-09,XLY,-0.004301307450006897,0.0009863441553920448,7,2025Q2
2025-06-10,XLB,-0.009465706867290868,0.0005478731220167842,7,2025Q2
2025-06-10,XLC,-0.003211297362107346,0.002024489062959922,7,2025Q2
2025-06-10,XLE,0.05152582524060478,0.0027602651573618345,7,2025Q2
2025-06-10,XLF,-0.006856778629071969,0.00042169368283963185,7,2025Q2
2025-06-10,XLI,-0.002033975241168662,0.0012547798366416701,7,2025Q2
2025-06-10,XLK,0.011070986844275543,0.0019485948271964976,7,2025Q2
2025-06-10,XLP,-0.005841272141558385,0.0020132625921753374,7,2025Q2
2025-06-10,XLRE,-0.0019267696014195757,0.0008234061914278894,7,2025Q2
2025-06-10,XLU,0.0028955615440705573,0.002056190165181188,7,2025Q2
2025-06-10,XLV,-0.007085566302101887,0.002639126561575887,7,2025Q2
2025-06-10,XLY,-0.018981873275074057,0.0011766493466242112,7,2025Q2
2025-06-11,XLB,-0.0051806696884608705,0.0003165054421862552,7,2025Q2
2025-06-11,XLC,-0.0031483639635815353,0.002080241478146045,7,2025Q2
2025-06-11,XLE,0.027262560716665107,0.002426435417664697,7,2025Q2
2025-06-11,XLF,-0.008775559711712289,0.0005498988267996586,7,2025Q2
2025-06-11,XLI,-0.00755520801029963,0.0012899792337072013,7,2025Q2
2025-06-11,XLK,0.011802738679292601,0.00178255577002738,7,2025Q2
2025-06-11,XLP,-0.006368040002797781,0.002151589635370431,7,2025Q2
2025-06-11,XLRE,0.0027090341258227957,0.0005083992937807279,7,2025Q2
2025-06-11,XLU,0.0021927638431453733,0.002108742652438148,7,2025Q2
2025-06-11,XLV,-0.011971313151209584,0.002591043448155604,7,2025Q2
2025-06-11,XLY,-0.013460950261374727,0.0010409842453374843,7,2025Q2
2025-06-12,XLB,-0.006823465769659975,0.0005838739986163569,7,2025Q2
2025-06-12,XLC,0.008062025093655278,0.002397782940575915,7,2025Q2
2025-06-12,XLE,0.04328663985364978,0.0026267475506614223,7,2025Q2
2025-06-12,XLF,0.0031362805991962395,0.0007370423866622203,7,2025Q2
2025-06-12,XLI,0.0053280083955559165,0.0016740629357710076,7,2025Q2
2025-06-12,XLK,0.007316581898922148,0.001614488853851343,7,2025Q2
2025-06-12,XLP,0.004216290934223377,0.002085046525840054,7,2025Q2
2025-06-12,XLRE,0.006213360827451497,0.0007062364184228528,7,2025Q2
2025-06-12,XLU,0.0021305316150257436,0.002441680318853641,7,2025Q2
2025-06-12,XLV,-0.01508730413474857,0.0025479594170718595,7,2025Q2
2025-06-12,XLY,0.0015072084003855402,0.0009358465414495964,7,2025Q2
2025-06-13,XLB,-0.010311859135457402,-6.300048437625776e-05,7,2025Q2
2025-06-13,XLC,0.007494138659764227,0.0022674255593768894,7,2025Q2
2025-06-13,XLE,-0.02877240915131829,0.002436280310007769,7,2025Q2
2025-06-13,XLF,0.011937389107265828,0.00012198971904385548,7,2025Q2
2025-06-13,XLI,0.003205917424486726,0.0016103870652968135,7,2025Q2
2025-06-13,XLK,0.01023559701757537,0.0017837903164039616,7,2025Q2
2025-06-13,XLP,0.00015840069914818677,0.0017546101432562586,7,2025Q2
2025-06-13,XLRE,-0.0012181341177117666,1.3467917109992629e-05,7,2025Q2
2025-06-13,XLU,-0.007487140936813685,0.0022151589386885887,7,2025Q2
2025-06-13,XLV,-0.0344396816965159,0.0024299883414187025,7,2025Q2
2025-06-13,XLY,0.007286194835517179,0.0010381300541363802,7,2025Q2
2025-06-16,XLB,-0.012023101172457085,0.0003583636376161359,7,2025Q2
2025-06-16,XLC,0.001726859564687544,0.0024515756808228756,7,2025Q2
2025-06-16,XLE,-0.04015904884110233,0.0025696641827503653,7,2025Q2
2025-06-16,XLF,0.013976787973543958,0.0005608927661580401,7,2025Q2
2025-06-16,XLI,0.0031531904597628113,0.001763414474614784,7,2025Q2
2025-06-16,XLK,0.010478159153324285,0.0019340157260641522,7,2025Q2
2025-06-16,XLP,-0.005448600617316446,0.00207252824499034,7,2025Q2
2025-06-16,XLRE,0.0010673131196119456,0.0003535828402064097,7,2025Q2
2025-06-16,XLU,0.00023235308848490455,0.0022660869209976367,7,2025Q2
2025-06-16,XLV,-0.021024448569093024,0.002647867019474316,7,2025Q2
2025-06-16,XLY,0.000532816175343287,0.0012426005389229327,7,2025Q2
2025-06-17,XLB,-0.021091805394197194,-0.00014167515567038713,7,2025Q2
2025-06-17,XLC,0.001258660826979563,0.00236017833397212,7,2025Q2
2025-06-17,XLE,-0.06251906275012131,0.0025142080281391455,7,2025Q2
2025-06-17,XLF,0.0072388131832732405,0.0003918768248005569,7,2025Q2
2025-06-17,XLI,-0.007420851991757571,0.0016167818318166673,7,2025Q2
2025-06-17,XLK,0.017225915701165828,0.0017888050741044607,7,2025Q2
2025-06-17,XLP,-0.01965054580862835,0.0019116237213740307,7,2025Q2
2025-06-17,XLRE,-0.028740974258462337,-5.964819656598575e-05,7,2025Q2
2025-06-17,XLU,-0.014182570769893266,0.0021454348868996556,7,2025Q2
2025-06-17,XLV,-0.012827705617439955,0.0029512568032416427,7,2025Q2
2025-06-17,XLY,-0.003117344232083319,0.001034771655848865,7,2025Q2
2025-06-18,XLB,-0.015303495504121356,-0.0002926053685519351,7,2025Q2
2025-06-18,XLC,0.004454272768671164,0.00241991728671278,7,2025Q2
2025-06-18,XLE,-0.050606277367752917,0.002076971955383092,7,2025Q2
2025-06-18,XLF,0.007109392214694532,0.000201886751232926,7,2025Q2
2025-06-18,XLI,-0.0021433490673112843,0.001650977830517003,7,2025Q2
2025-06-18,XLK,0.015000955499891777,0.0019190229821458775,7,2025Q2
2025-06-18,XLP,-0.02738567766879163,0.0015894947426077842,7,2025Q2
2025-06-18,XLRE,-0.04494655207022247,-0.00013298321812592784,7,2025Q2
2025-06-18,XLU,-0.016581056998439925,0.002013505947634086,7,2025Q2
2025-06-18,XLV,-0.01679790442222262,0.003063273807773408,7,2025Q2
2025-06-18,XLY,-0.002388095558203629,0.0012571093834274085,7,2025Q2
2025-06-20,XLB,-0.01770432469866967,0.00011719335300831467,7,2025Q2
2025-06-20,XLC,0.012349123356656166,0.0028503209869153393,7,2025Q2
2025-06-20,XLE,-0.07607188455014602,0.0023141082278449895,7,2025Q2
2025-06-20,XLF,-0.0033401696651311763,0.000638473510406829,7,2025Q2
2025-06-20,XLI,-0.0036684096943695454,0.0021068885504242664,7,2025Q2
2025-06-20,XLK,0.007815032955818646,0.0022196878756584218,7,2025Q2
2025-06-20,XLP,-0.04051531287985033,0.0018262756962255846,7,2025Q2
2025-06-20,XLRE,-0.051687740119846115,-7.255470419352344e-05,7,2025Q2
2025-06-20,XLU,-0.027905660104750707,0.0022312173952471603,7,2025Q2
2025-06-20,XLV,-0.024684110186289576,0.0030402417411513217,7,2025Q2
2025-06-20,XLY,0.002830815983970947,0.001615299905746412,7,2025Q2
2025-06-23,XLB,-0.0194857255320402,0.0001986617041679318,7,2025Q2
2025-06-23,XLC,0.015169997085866527,0.0028705069629618224,7,2025Q2
2025-06-23,XLE,-0.043673726459702245,0.0027613171087248764,7,2025Q2
2025-06-23,XLF,0.0010071763837864456,0.000693735597761416,7,2025Q2
2025-06-23,XLI,-0.004051225480853571,0.0019368808140196466,7,2025Q2
2025-06-23,XLK,0.013121009520346893,0.0020375516570948857,7,2025Q2
2025-06-23,XLP,-0.03477518212584474,0.0020136935560938216,7,2025Q2
2025-06-23,XLRE,-0.044708984427692555,0.00031343245919593734,7,2025Q2
2025-06-23,XLU,-0.02432275978272802,0.002395471470326384,7,2025Q2
2025-06-23,XLV,-0.00959250577791404,0.0027893912779568264,7,2025Q2
2025-06-23,XLY,-0.015826582067169914,0.0014961961119736864,7,2025Q2
2025-06-24,XLB,0.00969242630147904,-6.792832885724903e-05,7,2025Q2
2025-06-24,XLC,0.006128337608521495,0.0025180929790273344,7,2025Q2
2025-06-24,XLE,-0.011436789093823618,0.002811748290957456,7,2025Q2
2025-06-24,XLF,0.003024112394872658,0.0007649704548295855,7,2025Q2
2025-06-24,XLI,0.0024221767168546293,0.0014942261709714692,7,2025Q2
2025-06-24,XLK,-0.002827680228571161,0.0014293757762611802,7,2025Q2
2025-06-24,XLP,-0.009922104977069024,0.0007409281274581709,7,2025Q2
2025-06-24,XLRE,-0.03116553726921123,-0.0003446983284767686,7,2025Q2
2025-06-24,XLU,-0.013624494412226795,0.0014242675226595024,7,2025Q2
2025-06-24,XLV,0.00398739373893453,0.002101811444119246,7,2025Q2
2025-06-24,XLY,-0.005529616849461405,0.001116657912332336,7,2025Q2
2025-06-25,XLB,0.031142243731143937,-0.00020941724718541574,7,2025Q2
2025-06-25,XLC,-0.0006653688713404993,0.002084895605191468,7,2025Q2
2025-06-25,XLE,0.006314520415616531,0.0031207127801675108,7,2025Q2
2025-06-25,XLF,0.0015801562878980935,0.0005019315378610271,7,2025Q2
2025-06-25,XLI,0.008507086977382894,0.0011655326556243152,7,2025Q2
2025-06-25,XLK,-0.004831596939233851,0.0014688838167405869,7,2025Q2
2025-06-25,XLP,0.0027198513827342286,0.0010710950999286714,7,2025Q2
2025-06-25,XLRE,-0.008616319585321941,-0.00024428847226594646,7,2025Q2
2025-06-25,XLU,-0.012887797719647986,0.00156639137088016,7,2025Q2
2025-06-25,XLV,-0.011052461253665768,0.002228842515409857,7,2025Q2
2025-06-25,XLY,0.010712267001402598,0.0007466998483213165,7,2025Q2
2025-06-26,XLB,0.01888321859239306,-0.0001472697816098322,7,2025Q2
2025-06-26,XLC,-0.006887166472710149,0.001855557313522681,7,2025Q2
2025-06-26,XLE,-0.007087366497418701,0.0027862199336327943,7,2025Q2
2025-06-26,XLF,0.005017765407217434,0.0006776996532607042,7,2025Q2
2025-06-26,XLI,0.006057626584049736,0.0010095932315226136,7,2025Q2
2025-06-26,XLK,0.0014451127421646337,0.0013606997481676463,7,2025Q2
2025-06-26,XLP,0.0030572423894548173,0.0013257967692665573,7,2025Q2
2025-06-26,XLRE,-0.0017557543030448652,0.00036019068142001246,7,2025Q2
2025-06-26,XLU,-0.013760199061690903,0.0014973872701724016,7,2025Q2
2025-06-26,XLV,-0.012477898468556958,0.0021646490630576557,7,2025Q2
2025-06-26,XLY,0.006821387899115683,0.0005097612335279847,7,2025Q2
2025-06-27,XLB,0.020198945571827442,0.00011508177384680191,7,2025Q2
2025-06-27,XLC,-0.015698494443780464,0.0017698663712021722,7,2025Q2
2025-06-27,XLE,0.0010502761743858002,0.002862381209813124,7,2025Q2
2025-06-27,XLF,0.004863721302929447,0.0006171913677806747,7,2025Q2
2025-06-27,XLI,0.004990789162491405,0.0012550641437493913,7,2025Q2
2025-06-27,XLK,0.007165541976348555,0.0012482200655443585,7,2025Q2
2025-06-27,XLP,0.009983365872046068,0.0013856477855152681,7,2025Q2
2025-06-27,XLRE,-0.0006286232011303294,0.0004337088804139929,7,2025Q2
2025-06-27,XLU,-0.0010224886127858657,0.0015913229217492542,7,2025Q2
2025-06-27,XLV,-0.006172854594439059,0.002351626319802515,7,2025Q2
2025-06-27,XLY,-0.010252694205905688,0.0006477940661951635,7,2025Q2
2025-06-30,XLB,0.03491762365492668,7.150925927302317e-05,7,2025Q2
2025-06-30,XLC,-0.020154678244818758,0.0017444711250913828,7,2025Q2
2025-06-30,XLE,0.03959682639219331,0.0032448401447180025,7,2025Q2
2025-06-30,XLF,-0.00708528866007152,0.0007184009777891864,7,2025Q2
2025-06-30,XLI,0.0050534097055126015,0.0014511659788750924,7,2025Q2
2025-06-30,XLK,0.008053771923701492,0.0016070287151696116,7,2025Q2
2025-06-30,XLP,0.0006629918142015967,0.0013671086359915282,7,2025Q2
2025-06-30,XLRE,-0.0040301043942705395,0.00030054249802850407,7,2025Q2
2025-06-30,XLU,-0.010397971158904284,0.001635320222901557,7,2025Q2
2025-06-30,XLV,-0.0026946937554990225,0.0023975679417644197,7,2025Q2
2025-06-30,XLY,-0.0025116761975190194,0.000908235627510084,7,2025Q2
2025-07-01,XLB,0.00849406785790241,-0.001416910758173262,8,2025Q3
2025-07-01,XLC,-0.016873962671093756,0.0003034672576088468,8,2025Q3
2025-07-01,XLE,0.020045544164788875,2.1115870810946752e-05,8,2025Q3
2025-07-01,XLF,-0.015315379658555894,-0.0008616647935185836,8,2025Q3
2025-07-01,XLI,0.002391361653638846,9.435139065565795e-05,8,2025Q3
2025-07-01,XLK,0.0169558984773015,0.000933651669954785,8,2025Q3
2025-07-01,XLP,-0.024527838451178896,-0.0006201222989784397,8,2025Q3
2025-07-01,XLRE,-0.01757229042314601,-0.001591984702935735,8,2025Q3
2025-07-01,XLU,-0.010866207888636459,-0.0004614717768142731,8,2025Q3
2025-07-01,XLV,-0.019302045526239264,-0.00023278157513738048,8,2025Q3
2025-07-01,XLY,-0.007216678642067764,-0.0009478014912944103,8,2025Q3
2025-07-02,XLB,0.0005323479859549174,-0.0016026108049987486,8,2025Q3
2025-07-02,XLC,-0.01563499915494615,0.00031398664171021495,8,2025Q3
2025-07-02,XLE,0.012051306964604658,4.1795194369291945e-06,8,2025Q3
2025-07-02,XLF,-0.006944632178818022,-0.0008800436653590054,8,2025Q3
2025-07-02,XLI,0.008758598449846833,-3.745287615200722e-05,8,2025Q3
2025-07-02,XLK,0.00459315808677907,0.0009444817166136618,8,2025Q3
2025-07-02,XLP,-0.022155373336326778,-0.00047282123495940003,8,2025Q3
2025-07-02,XLRE,-0.012723940965190694,-0.0016073694457164939,8,2025Q3
2025-07-02,XLU,0.007841359875220943,0.00030060263162312063,8,2025Q3
2025-07-02,XLV,-0.0015628098800402057,-0.0008389972136290487,8,2025Q3
2025-07-02,XLY,-0.002473471258745974,-0.00095350336508786,8,2025Q3
2025-07-03,XLB,0.004392180425108472,-0.0008848669620928429,8,2025Q3
2025-07-03,XLC,-0.01603883355651492,0.0011148296696650909,8,2025Q3
2025-07-03,XLE,0.026880114205118155,0.0008978014805063963,8,2025Q3
2025-07-03,XLF,-0.016614038481208793,0.00020326290444482275,8,2025Q3
2025-07-03,XLI,0.007970688440201434,0.0009592840478809305,8,2025Q3
2025-07-03,XLK,-0.001569234754724258,0.0015619985304826266,8,2025Q3
2025-07-03,XLP,-0.01392021907762886,0.0005943228990277606,8,2025Q3
2025-07-03,XLRE,-0.0027518886185244895,-0.0005582713868152939,8,2025Q3
2025-07-03,XLU,0.010204071663411862,0.0010083330760979837,8,2025Q3
2025-07-03,XLV,0.0004626808477442568,-0.00022721975573969638,8,2025Q3
2025-07-03,XLY,0.0037450338105081693,-0.0003579623342658854,8,2025Q3
2025-07-07,XLB,-0.0009075010704286957,-0.00023760319224230874,8,2025Q3
2025-07-07,XLC,-0.006186702675811118,0.0018319934148400725,8,2025Q3
2025-07-07,XLE,0.01608646473416031,0.0016009859785638362,8,2025Q3
2025-07-07,XLF,-0.009121722084123651,0.0009502136628835379,8,2025Q3
2025-07-07,XLI,0.0075165918893176364,0.001576189362600518,8,2025Q3
2025-07-07,XLK,-0.00382957689253427,0.002149466974068714,8,2025Q3
2025-07-07,XLP,-0.0216338974009177,0.001624760477409538,8,2025Q3
2025-07-07,XLRE,0.002265969031756798,0.0004441038975856503,8,2025Q3
2025-07-07,XLU,0.002735106494941908,0.0023612925187516437,8,2025Q3
2025-07-07,XLV,-0.0016673892397360834,0.0008652196208921599,8,2025Q3
2025-07-07,XLY,0.010974212732767885,0.000285422943040334,8,2025Q3
2025-07-08,XLB,-0.02581076535587179,-0.0008726259795283581,8,2025Q3
2025-07-08,XLC,-0.010300023798947011,0.0010920774489814,8,2025Q3
2025-07-08,XLE,-0.02131763277977894,-0.00035032920729281315,8,2025Q3
2025-07-08,XLF,-0.013627549163235941,0.0003222785319015932,8,2025Q3
2025-07-08,XLI,0.00395044118841259,0.0009142125039939884,8,2025Q3
2025-07-08,XLK,0.0034193299448814773,0.0013556503690050994,8,2025Q3
2025-07-08,XLP,-0.018636115226697503,0.0009779802861798587,8,2025Q3
2025-07-08,XLRE,-0.005557356460975216,-0.0010899929477798792,8,2025Q3
2025-07-08,XLU,0.00757408638860646,0.0008371532239315148,8,2025Q3
2025-07-08,XLV,-0.020461092244741352,0.00018755093071038819,8,2025Q3
2025-07-08,XLY,0.0035763586129200498,-0.00030946612815906734,8,2025Q3
2025-07-09,XLB,-0.026405873509810274,-0.0011470011463421172,8,2025Q3
2025-07-09,XLC,-0.007261803126832778,0.0006327704647960701,8,2025Q3
2025-07-09,XLE,-0.022173260461999744,-0.0006277521980618753,8,2025Q3
2025-07-09,XLF,-0.007699133695551419,-0.00025907449948804905,8,2025Q3
2025-07-09,XLI,0.0031458825748373886,0.00034255585765332166,8,2025Q3
2025-07-09,XLK,0.0031567160521817073,0.0010201820872321639,8,2025Q3
2025-07-09,XLP,-0.006071777833594472,-0.00016411323800233336,8,2025Q3
2025-07-09,XLRE,0.008439266569964632,-0.0016171852622670368,8,2025Q3
2025-07-09,XLU,0.0013309159833532203,1.7745950444309302e-05,8,2025Q3
2025-07-09,XLV,-0.009408352538777587,-0.0006965988813069609,8,2025Q3
2025-07-09,XLY,0.002118585850721777,-0.0006440505743269482,8,2025Q3
2025-07-10,XLB,-0.028040680660570083,-0.00105614619338069,8,2025Q3
2025-07-10,XLC,-0.003734787306757137,0.0007220578598622298,8,2025Q3
2025-07-10,XLE,-0.026876546828894732,-0.00033231695815579373,8,2025Q3
2025-07-10,XLF,-0.007341692306030989,-0.00015419154700402045,8,2025Q3
2025-07-10,XLI,0.0034846297049011543,0.000388585624598146,8,2025Q3
2025-07-10,XLK,0.012329376041682716,0.0010438973228794563,8,2025Q3
2025-07-10,XLP,-0.0035473458822024018,0.00011066037978211835,8,2025Q3
2025-07-10,XLRE,-0.0009037505926086098,-0.001284569161025639,8,2025Q3
2025-07-10,XLU,-0.0059695331172755495,3.593940979337677e-05,8,2025Q3
2025-07-10,XLV,-0.029955796586427663,-0.00043103802964977993,8,2025Q3
2025-07-10,XLY,-0.008742268410096954,-0.0005908925970423048,8,2025Q3
2025-07-11,XLB,-0.020554566300573507,-0.00025610246765289625,8,2025Q3
2025-07-11,XLC,-0.004652067822728423,0.0014463711874275287,8,2025Q3
2025-07-11,XLE,-0.041916047997380024,0.0007275969275336578,8,2025Q3
2025-07-11,XLF,0.0009352552275916359,0.0007491280776702482,8,2025Q3
2025-07-11,XLI,0.0020387940674206906,0.0011470240290479936,8,2025Q3
2025-07-11,XLK,0.013349021561632535,0.0017364621372721496,8,2025Q3
2025-07-11,XLP,-0.005360044357969773,0.00120950367571768,8,2025Q3
2025-07-11,XLRE,0.00014504771302892294,-0.00022109457875029576,8,2025Q3
2025-07-11,XLU,0.009417110748877855,0.0009118011854093145,8,2025Q3
2025-07-11,XLV,-0.03112996019065417,0.0004877360078368537,8,2025Q3
2025-07-11,XLY,-0.0030081069228922175,0.00015147949369187074,8,2025Q3
2025-07-14,XLB,-0.009963901897289906,-0.00038413913714217384,8,2025Q3
2025-07-14,XLC,-0.0011067263560686769,0.0012999638592558844,8,2025Q3
2025-07-14,XLE,-0.041278369157406125,0.0005300065927390695,8,2025Q3
2025-07-14,XLF,-0.00938264604466399,0.0004957093177749565,8,2025Q3
2025-07-14,XLI,-0.008655654032553528,0.0009657972133711051,8,2025Q3
2025-07-14,XLK,0.015528760799612407,0.0017013569978687926,8,2025Q3
2025-07-14,XLP,-0.0063379267297258846,0.0009327906901210998,8,2025Q3
2025-07-14,XLRE,-0.002753697339044958,-0.0006244517322325832,8,2025Q3
2025-07-14,XLU,0.00864153690883418,0.0006874447136112089,8,2025Q3
2025-07-14,XLV,-0.035516627759126784,0.0002739046538895132,8,2025Q3
2025-07-14,XLY,-0.0019734722865312193,-1.594031205305645e-05,8,2025Q3
2025-07-15,XLB,0.02049765276725224,1.3858005534560713e-05,8,2025Q3
2025-07-15,XLC,0.006841746552859851,0.0015513329714606852,8,2025Q3
2025-07-15,XLE,-0.027030709099424732,0.001397295523139636,8,2025Q3
2025-07-15,XLF,0.009140489415868869,0.0007938453753915213,8,2025Q3
2025-07-15,XLI,-0.0031953424635744465,0.0013857109043180255,8,2025Q3
2025-07-15,XLK,-0.007311837939820709,0.0020726507811920864,8,2025Q3
2025-07-15,XLP,0.008556634364547122,0.0014572787013984781,8,2025Q3
2025-07-15,XLRE,0.023572816193101254,0.00026070065941420075,8,2025Q3
2025-07-15,XLU,0.026520197256895583,0.0014543576399940533,8,2025Q3
2025-07-15,XLV,-0.0037878526708354787,0.0007870003328445555,8,2025Q3
2025-07-15,XLY,0.01845862653259278,0.00024697515909805274,8,2025Q3
2025-07-16,XLB,0.015994236932103778,3.253968285842415e-05,8,2025Q3
2025-07-16,XLC,0.004125836090755675,0.0014119608272567209,8,2025Q3
2025-07-16,XLE,-0.008108930580450924,0.0024964556996623817,8,2025Q3
2025-07-16,XLF,0.004953535213253701,0.0007734558916384596,8,2025Q3
2025-07-16,XLI,0.006069027507142666,0.001280594812462272,8,2025Q3
2025-07-16,XLK,-0.00989674865304524,0.0020019776103219686,8,2025Q3
2025-07-16,XLP,0.00017524297205318007,0.0013759242760803246,8,2025Q3
2025-07-16,XLRE,0.01009755960879799,0.00018926283594788637,8,2025Q3
2025-07-16,XLU,0.013009802489754918,0.001667585475091213,8,2025Q3
2025-07-16,XLV,-0.0009574180234288576,0.0005130535016008434,8,2025Q3
2025-07-16,XLY,0.016255561374458827,0.00011035518086498393,8,2025Q3
2025-07-17,XLB,0.0040620535259439094,0.00046935622207870567,8,2025Q3
2025-07-17,XLC,0.008120376504430427,0.0022586375521363522,8,2025Q3
2025-07-17,XLE,-0.0012732897557843348,0.0031783256879479417,8,2025Q3
2025-07-17,XLF,0.0005060466826323218,0.0013600173263170103,8,2025Q3
2025-07-17,XLI,0.0008427288981283088,0.002170052942416729,8,2025Q3
2025-07-17,XLK,-0.008894511401301486,0.0025302210150600006,8,2025Q3
2025-07-17,XLP,-0.007076354621722736,0.0018068065012365364,8,2025Q3
2025-07-17,XLRE,0.015488582995397682,0.000626824983703215,8,2025Q3
2025-07-17,XLU,0.013272272125344875,0.0023672448111447105,8,2025Q3
2025-07-17,XLV,0.012746776052588338,0.0010930108593078223,8,2025Q3
2025-07-17,XLY,0.0015569685451743975,0.000617972624392471,8,2025Q3
2025-07-18,XLB,0.00866125542649332,-6.539078357301704e-05,8,2025Q3
2025-07-18,XLC,-0.001702952695499249,0.0017346549930976993,8,2025Q3
2025-07-18,XLE,-0.001907398478716793,0.0027913096470669214,8,2025Q3
2025-07-18,XLF,0.001960425066126481,0.0007253417608995326,8,2025Q3
2025-07-18,XLI,0.008137102763942083,0.0016363733841196961,8,2025Q3
2025-07-18,XLK,-0.010953044409090618,0.0020779592462055905,8,2025Q3
2025-07-18,XLP,-0.007628275591474942,0.0016470402519395706,8,2025Q3
2025-07-18,XLRE,0.00753616413700442,4.71200519607958e-05,8,2025Q3
2025-07-18,XLU,-0.005975350945327529,0.0019629032381918133,8,2025Q3
2025-07-18,XLV,0.02002479396120771,0.000846900865607835,8,2025Q3
2025-07-18,XLY,-0.0030165248749323137,0.00025506146557523126,8,2025Q3
2025-07-21,XLB,-0.009133895958458371,-0.00018913934208389382,8,2025Q3
2025-07-21,XLC,-0.018290527961320024,0.0018425990256238575,8,2025Q3
2025-07-21,XLE,0.022506553856113776,0.0026241591038827995,8,2025Q3
2025-07-21,XLF,-1.4046214255047929e-05,0.0007191820858727766,8,2025Q3
2025-07-21,XLI,0.012560605593923135,0.001644230767514588,8,2025Q3
2025-07-21,XLK,-0.002083696350519748,0.00205314502090219,8,2025Q3
2025-07-21,XLP,-0.015713701598840113,0.0015918756631684901,8,2025Q3
2025-07-21,XLRE,-0.011803146278789312,1.5539928416619803e-05,8,2025Q3
2025-07-21,XLU,-0.017754393714207062,0.002033369478279925,8,2025Q3
2025-07-21,XLV,0.019045434667052996,0.0007924112714436423,8,2025Q3
2025-07-21,XLY,0.0002668380629449185,0.0002184029012923856,8,2025Q3
2025-07-22,XLB,-0.023774448241858148,-0.0008215000351689199,8,2025Q3
2025-07-22,XLC,-0.02630916893940194,0.001528910010567111,8,2025Q3
2025-07-22,XLE,0.030538894769407188,0.0015808704562824101,8,2025Q3
2025-07-22,XLF,-0.007899241618615438,0.0005317785347579318,8,2025Q3
2025-07-22,XLI,0.0012782904194106326,0.0011938609919860809,8,2025Q3
2025-07-22,XLK,0.01022392047274745,0.001901721829411495,8,2025Q3
2025-07-22,XLP,-0.01544546253570489,0.0007443190988687932,8,2025Q3
2025-07-22,XLRE,-0.009709090716116364,-0.000882366795322134,8,2025Q3
2025-07-22,XLU,-0.01570330702835021,0.001107044917824367,8,2025Q3
2025-07-22,XLV,-0.0034370875327938144,0.00019491126682208058,8,2025Q3
2025-07-22,XLY,-0.013991231453108544,-8.186112166498833e-06,8,2025Q3
2025-07-23,XLB,-0.037146142629548295,-0.000722119620392819,8,2025Q3
2025-07-23,XLC,-0.0188358693912144,0.001685825468159979,8,2025Q3
2025-07-23,XLE,0.009627695680892945,0.0010998097196064645,8,2025Q3
2025-07-23,XLF,-0.007927147883997843,0.00038281652603835335,8,2025Q3
2025-07-23,XLI,-0.011647687588273059,0.0012694972841266316,8,2025Q3
2025-07-23,XLK,0.016471612328336604,0.001965784600112751,8,2025Q3
2025-07-23,XLP,-0.014846120163593768,0.0006890117683355261,8,2025Q3
2025-07-23,XLRE,-0.01673024720783378,-0.0011937282378779025,8,2025Q3
2025-07-23,XLU,0.009083358854812262,0.0013097510504998296,8,2025Q3
2025-07-23,XLV,-0.015658005684445975,7.868132018090906e-05,8,2025Q3
2025-07-23,XLY,-0.01518121393078764,0.0001055126722287284,8,2025Q3
2025-07-24,XLB,-0.03530819591833123,-0.00037125682536192847,8,2025Q3
2025-07-24,XLC,-0.007542375083217201,0.0021303976434479755,8,2025Q3
2025-07-24,XLE,0.001172109556663803,0.001543007308368991,8,2025Q3
2025-07-24,XLF,-0.009501717938398935,0.0007604251824382543,8,2025Q3
2025-07-24,XLI,-0.00582485161055335,0.0019147603605855351,8,2025Q3
2025-07-24,XLK,0.008853104740573214,0.0027676696180609665,8,2025Q3
2025-07-24,XLP,-0.01573145403026399,0.001078641429484435,8,2025Q3
2025-07-24,XLRE,-0.028562117513838303,-0.0003067824338224144,8,2025Q3
2025-07-24,XLU,0.019939891109477803,0.0019126686465325126,8,2025Q3
2025-07-24,XLV,-0.035572051324696985,0.00047099409376350474,8,2025Q3
2025-07-24,XLY,-0.0024606042573727116,0.000494518631193364,8,2025Q3
2025-07-25,XLB,-0.0370264083149725,-0.000530040196809419,8,2025Q3
2025-07-25,XLC,0.010202707509762043,0.002021735727510769,8,2025Q3
2025-07-25,XLE,0.006804242314260911,0.0010836634740270528,8,2025Q3
2025-07-25,XLF,-0.01403301543201474,0.0006559971745702517,8,2025Q3
2025-07-25,XLI,-0.009732515844055989,0.0016116769367015631,8,2025Q3
2025-07-25,XLK,0.0053612945395913325,0.002392594763722774,8,2025Q3
2025-07-25,XLP,0.007698919471184951,0.0009426766196963519,8,2025Q3
2025-07-25,XLRE,-0.010914282111089357,-0.0004602052713518006,8,2025Q3
2025-07-25,XLU,0.03928498179643425,0.001566144817331958,8,2025Q3
2025-07-25,XLV,-0.015059245504109642,0.0003658273158498725,8,2025Q3
2025-07-25,XLY,-0.014904144166674183,0.0003503374770195321,8,2025Q3
2025-07-28,XLB,-0.025654892557754883,-0.00017862391545082185,8,2025Q3
2025-07-28,XLC,0.01952231622392253,0.002032494243220991,8,2025Q3
2025-07-28,XLE,-0.021478012798185953,0.0013399172378262536,8,2025Q3
2025-07-28,XLF,-0.012798985449727796,0.0008140536294391758,8,2025Q3
2025-07-28,XLI,-0.012881389439354018,0.001756109005494995,8,2025Q3
2025-07-28,XLK,0.0022806890320902218,0.0025289617687721607,8,2025Q3
2025-07-28,XLP,0.007695188977368872,0.0010897815259712377,8,2025Q3
2025-07-28,XLRE,-0.0006913592176204242,7.860329653973548e-06,8,2025Q3
2025-07-28,XLU,0.053306725658159304,0.001469425258472538,8,2025Q3
2025-07-28,XLV,-0.0077937487733632516,0.0006613402228462138,8,2025Q3
2025-07-28,XLY,-0.02432155536478653,0.00028451470733332573,8,2025Q3
2025-07-29,XLB,-0.0126752438845259,-0.00045506625450648583,8,2025Q3
2025-07-29,XLC,0.022783569543556537,0.0019819566802941435,8,2025Q3
2025-07-29,XLE,-0.027197795746133235,0.0009740512481869006,8,2025Q3
2025-07-29,XLF,-0.00935771705023658,0.0006537650000476227,8,2025Q3
2025-07-29,XLI,-0.0012248747152666661,0.0018197878154151163,8,2025Q3
2025-07-29,XLK,-0.003557137702286939,0.0032233499385888285,8,2025Q3
2025-07-29,XLP,0.0026075290802392015,0.0008374754195008358,8,2025Q3
2025-07-29,XLRE,-0.011214442196435415,-0.0005133795478399652,8,2025Q3
2025-07-29,XLU,0.03287547440558436,0.0016623795304923444,8,2025Q3
2025-07-29,XLV,-0.002881298096134244,0.0002526939096852614,8,2025Q3
2025-07-29,XLY,-0.01394509425024859,0.0003364152066500357,8,2025Q3
2025-07-30,XLB,-0.012208578651892732,-0.0004452843335303418,8,2025Q3
2025-07-30,XLC,0.01467234567922815,0.0018454553817686464,8,2025Q3
2025-07-30,XLE,-0.031111203020857237,0.0006286148450989193,8,2025Q3
2025-07-30,XLF,-0.011583577984499382,0.0005637264467524665,8,2025Q3
2025-07-30,XLI,-0.004391552617476369,0.0016443944958262789,8,2025Q3
2025-07-30,XLK,-0.0035104588637480116,0.003023845747146761,8,2025Q3
2025-07-30,XLP,0.016938961205916536,0.0007704297205997782,8,2025Q3
2025-07-30,XLRE,-0.01443392946707378,-0.0006527831357012502,8,2025Q3
2025-07-30,XLU,0.0074595628928109114,0.0015700224051123342,8,2025Q3
2025-07-30,XLV,-0.024775881004955425,0.00015873330137915393,8,2025Q3
2025-07-30,XLY,0.003812795618705511,0.00017852753065800175,8,2025Q3
2025-07-31,XLB,0.0017827963894871957,-0.0003647190636989954,8,2025Q3
2025-07-31,XLC,-0.0015723701111278743,0.0016747719478552407,8,2025Q3
2025-07-31,XLE,-0.03260469461112048,0.00042690302462497184,8,2025Q3
2025-07-31,XLF,-0.019363854958307503,0.00048403394580404986,8,2025Q3
2025-07-31,XLI,-0.00882102223988357,0.00157151155650052,8,2025Q3
2025-07-31,XLK,0.001824370901776673,0.002884558006189475,8,2025Q3
2025-07-31,XLP,0.03056584239109128,0.0006139913892691013,8,2025Q3
2025-07-31,XLRE,0.004077822843977952,-0.00043420565097520496,8,2025Q3
2025-07-31,XLU,0.010003020556106357,0.001480228711191431,8,2025Q3
2025-07-31,XLV,-0.011156019156132624,0.00035964157312634993,8,2025Q3
2025-07-31,XLY,0.008582602499363157,0.00011105561986470686,8,2025Q3
2025-08-01,XLB,-0.00607037392753762,-0.0020674635935280126,8,2025Q3
2025-08-01,XLC,-0.010637324869380294,0.0001500610214505855,8,2025Q3
2025-08-01,XLE,-0.03257768060155064,-0.001798653663766701,8,2025Q3
2025-08-01,XLF,-0.01611163557556261,-0.0009760220380272578,8,2025Q3
2025-08-01,XLI,-0.0175872152963652,0.0001350618196582329,8,2025Q3
2025-08-01,XLK,0.009559921430440044,0.0015544457960638208,8,2025Q3
2025-08-01,XLP,0.00407561637967091,-0.0014057057642017283,8,2025Q3
2025-08-01,XLRE,-0.025835256957210673,-0.0026288088506471632,8,2025Q3
2025-08-01,XLU,-0.020437594959887617,-0.000222535779229074,8,2025Q3
2025-08-01,XLV,-0.03226373876955935,-0.0012571545625262783,8,2025Q3
2025-08-01,XLY,0.010720524536424136,-0.001318090024119383,8,2025Q3
2025-08-04,XLB,-0.004339180679009402,-0.0011282444627705186,8,2025Q3
2025-08-04,XLC,-0.007340794985512433,0.0011982209899050061,8,2025Q3
2025-08-04,XLE,-0.020991748382682807,-0.00033911749641225093,8,2025Q3
2025-08-04,XLF,-0.009066835105018267,-3.0747294249763846e-05,8,2025Q3
2025-08-04,XLI,-0.012687167318640058,0.001312491246226604,8,2025Q3
2025-08-04,XLK,-0.0005486960485439063,0.001840717323544853,8,2025Q3
2025-08-04,XLP,0.015565541444137354,0.00015308827098092174,8,2025Q3
2025-08-04,XLRE,-0.022655389225234246,-0.0012481825595832639,8,2025Q3
2025-08-04,XLU,-0.02367320966375497,0.0010664084665210159,8,2025Q3
2025-08-04,XLV,-0.02797529648448771,-5.4454208535118214e-05,8,2025Q3
2025-08-04,XLY,0.018682956809893625,-0.0003971870704601501,8,2025Q3
2025-08-05,XLB,-0.014287033544903016,-0.001286800100070558,8,2025Q3
2025-08-05,XLC,0.003860917919908058,0.001120423292774164,8,2025Q3
2025-08-05,XLE,-0.03338096807311641,-0.0005152995000207779,8,2025Q3
2025-08-05,XLF,-0.008740416796635841,-0.00018673561739667653,8,2025Q3
2025-08-05,XLI,-0.016212972795659697,0.0012338802093897487,8,2025Q3
2025-08-05,XLK,0.007660420073476892,0.0017326439126409297,8,2025Q3
2025-08-05,XLP,0.0034016912585783654,-0.0003179375607167052,8,2025Q3
2025-08-05,XLRE,-0.04019503817619341,-0.0015213099977745114,8,2025Q3
2025-08-05,XLU,-0.024713905740548436,0.0004680785831015107,8,2025Q3
2025-08-05,XLV,-0.03332740267306378,-0.0004965282430927631,8,2025Q3
2025-08-05,XLY,0.012327513666295253,-0.0004729265675614395,8,2025Q3
2025-08-06,XLB,0.020277284692829634,-0.0015124497157268505,8,2025Q3
2025-08-06,XLC,0.012236960127443908,0.0005632768858465046,8,2025Q3
2025-08-06,XLE,-0.008278471774101792,-0.0009717512189651717,8,2025Q3
2025-08-06,XLF,-0.003545857698499022,-0.0005577243475424994,8,2025Q3
2025-08-06,XLI,-0.00886811156922307,0.0008993181961656463,8,2025Q3
2025-08-06,XLK,0.0008584254396859503,0.0014707871227533553,8,2025Q3
2025-08-06,XLP,-0.006763354966879742,-0.0010119886702693807,8,2025Q3
2025-08-06,XLRE,-0.02106874089933375,-0.001834803417243804,8,2025Q3
2025-08-06,XLU,-0.009210185989294795,3.975852512954638e-05,8,2025Q3
2025-08-06,XLV,0.002163276726315111,-0.0005269053537824045,8,2025Q3
2025-08-06,XLY,0.009457948827735096,-0.0010487419534145296,8,2025Q3
2025-08-07,XLB,0.004028581839356393,-0.0011517598494538502,8,2025Q3
2025-08-07,XLC,0.01654953375191015,0.000996333629106014,8,2025Q3
2025-08-07,XLE,-0.006222788985837724,-0.0001193631598437675,8,2025Q3
2025-08-07,XLF,0.011838257293841803,-0.00019128884314824807,8,2025Q3
2025-08-07,XLI,-0.017300181801920056,0.0011709626909821432,8,2025Q3
2025-08-07,XLK,-0.0032234563998181365,0.001430050991742795,8,2025Q3
2025-08-07,XLP,-0.024342827481371843,-0.0010488328369529418,8,2025Q3
2025-08-07,XLRE,-0.032830438849713706,-0.0019775875424422884,8,2025Q3
2025-08-07,XLU,-0.02794372111924559,0.00014520007935839426,8,2025Q3
2025-08-07,XLV,0.018282127767474954,0.0002619879138156028,8,2025Q3
2025-08-07,XLY,0.007667161026103209,-0.0006018036356936271,8,2025Q3
2025-08-08,XLB,0.009190740759194904,-0.0007670240235485329,8,2025Q3
2025-08-08,XLC,0.025946156526000852,0.0012895177565802685,8,2025Q3
2025-08-08,XLE,-0.0024066658337109637,0.0006255987282807724,8,2025Q3
2025-08-08,XLF,0.0019401665057243722,2.4931884286401925e-05,8,2025Q3
2025-08-08,XLI,-0.012410231878120404,0.0011244688951235632,8,2025Q3
2025-08-08,XLK,-0.010651855862789827,0.0016169111465026674,8,2025Q3
2025-08-08,XLP,-0.015401648978956461,-0.0007234664037904337,8,2025Q3
2025-08-08,XLRE,-0.00788514543723462,-0.0015495589288460952,8,2025Q3
2025-08-08,XLU,-0.016322566761172497,0.0001449426793165234,8,2025Q3
2025-08-08,XLV,0.03665671446479757,-0.00048562581220223206,8,2025Q3
2025-08-08,XLY,0.013680688972643074,-0.0004465881733252287,8,2025Q3
2025-08-11,XLB,0.003823013943041742,-0.0008745683427855068,8,2025Q3
2025-08-11,XLC,0.012613661072513382,0.001411048945965005,8,2025Q3
2025-08-11,XLE,-0.0021096844012626903,0.0005833398075605263,8,2025Q3
2025-08-11,XLF,0.001321642963764802,7.019358854973686e-05,8,2025Q3
2025-08-11,XLI,-0.007015636449024587,0.001434450722912576,8,2025Q3
2025-08-11,XLK,-0.003464994077513772,0.0016792109242889034,8,2025Q3
2025-08-11,XLP,-0.017672458214040065,-0.0008124314678221674,8,2025Q3
2025-08-11,XLRE,-0.013312134118600216,-0.001497566362579008,8,2025Q3
2025-08-11,XLU,-0.019287691749370728,0.00023322915798686355,8,2025Q3
2025-08-11,XLV,0.0313758089275884,-0.0010934875038672402,8,2025Q3
2025-08-11,XLY,0.013354652534977474,-0.0003281232236601472,8,2025Q3
2025-08-12,XLB,0.012879821317932527,-0.0009609546232192721,8,2025Q3
2025-08-12,XLC,0.00384624446800641,0.0014389104695525959,8,2025Q3
2025-08-12,XLE,0.00944218565572641,0.0005787729024779929,8,2025Q3
2025-08-12,XLF,0.007149865064802641,0.00017715569514806646,8,2025Q3
2025-08-12,XLI,0.0009261947276801852,0.0013429376432392212,8,2025Q3
2025-08-12,XLK,-0.020089134289340227,0.0016837837142563798,8,2025Q3
2025-08-12,XLP,0.005933422152424872,-0.0008415662997638553,8,2025Q3
2025-08-12,XLRE,0.018843385161349535,-0.0013299106531738942,8,2025Q3
2025-08-12,XLU,0.0021631307960191526,0.00011189181112251229,8,2025Q3
2025-08-12,XLV,0.04693866948588299,-0.001179803339620516,8,2025Q3
2025-08-12,XLY,0.018197315760067334,-0.000314606596064904,8,2025Q3
2025-08-13,XLB,0.0010607939425073543,-0.001210441061642042,8,2025Q3
2025-08-13,XLC,-0.000826692507648441,0.0014614259010963717,8,2025Q3
2025-08-13,XLE,0.012264938875736986,-5.1987344203658714e-06,8,2025Q3
2025-08-13,XLF,0.012598333706222542,0.00012756764931032104,8,2025Q3
2025-08-13,XLI,0.0022500420897081375,0.0013548957000063535,8,2025Q3
2025-08-13,XLK,-0.02101727121638719,0.001672162235023549,8,2025Q3
2025-08-13,XLP,0.017653684720182916,-0.0008573906351599652,8,2025Q3
2025-08-13,XLRE,0.02212164338441669,-0.001374365389274589,8,2025Q3
2025-08-13,XLU,0.007044009536945839,0.00010171068746197881,8,2025Q3
2025-08-13,XLV,0.04209868610467926,-0.0013160828765782246,8,2025Q3
2025-08-13,XLY,0.0006374148025568571,-0.00036723047311591485,8,2025Q3
2025-08-14,XLB,0.018573440349198722,-0.000879196331756089,8,2025Q3
2025-08-14,XLC,0.0013553487778039663,0.001590718320033914,8,2025Q3
2025-08-14,XLE,0.02415869095679557,0.0006063133002058769,8,2025Q3
2025-08-14,XLF,0.008726820021861426,0.0001630763196786064,8,2025Q3
2025-08-14,XLI,0.011597204257887683,0.0016072770262436505,8,2025Q3
2025-08-14,XLK,-0.018368864008244,0.0017336679519479497,8,2025Q3
2025-08-14,XLP,0.02165744511514356,-0.0006056753479322754,8,2025Q3
2025-08-14,XLRE,0.029674627110617524,-0.0009592185028929584,8,2025Q3
2025-08-14,XLU,0.01119757514809927,0.00023713090282329844,8,2025Q3
2025-08-14,XLV,0.03756671113014354,-0.001069130622758839,8,2025Q3
2025-08-14,XLY,-6.001050670101371e-05,-0.00026522441568012026,8,2025Q3
2025-08-15,XLB,0.020974674693996498,-0.0011014732644474196,8,2025Q3
2025-08-15,XLC,-0.004431191093833831,0.001396913344968228,8,2025Q3
2025-08-15,XLE,0.02724802381449387,6.652560448655196e-05,8,2025Q3
2025-08-15,XLF,0.018252724383791552,5.093812491372183e-05,8,2025Q3
2025-08-15,XLI,0.0150411005416482,0.0013696818605906757,8,2025Q3
2025-08-15,XLK,-0.015251003603092617,0.001533441260923429,8,2025Q3
2025-08-15,XLP,0.0025802128300693727,-0.0009402260488281588,8,2025Q3
2025-08-15,XLRE,0.021531200748072354,-0.0014771177887990625,8,2025Q3
2025-08-15,XLU,0.0019991420501632717,1.5224617132222266e-05,8,2025Q3
2025-08-15,XLV,0.011483291669292184,-0.00135329956940598,8,2025Q3
2025-08-15,XLY,0.014819907483827333,-0.0003736799947191911,8,2025Q3
2025-08-18,XLB,0.025421604259805552,-0.0009427564578259164,8,2025Q3
2025-08-18,XLC,0.007517659114415154,0.0014023898320560148,8,2025Q3
2025-08-18,XLE,0.04032608354939404,0.0005403808493168339,8,2025Q3
2025-08-18,XLF,0.015766412767500904,0.00015950559388282052,8,2025Q3
2025-08-18,XLI,0.005130518921119154,0.0015155838679978277,8,2025Q3
2025-08-18,XLK,-0.015384581479298443,0.0015296774029307542,8,2025Q3
2025-08-18,XLP,-0.009087021024523967,-0.00028968235970549313,8,2025Q3
2025-08-18,XLRE,0.030357149501862524,-0.0012020237158584148,8,2025Q3
2025-08-18,XLU,-0.0008212146588363334,0.0005021128770240303,8,2025Q3
2025-08-18,XLV,0.003571479190272675,-0.001226149239072754,8,2025Q3
2025-08-18,XLY,0.012900937198250584,-0.0003909148763655458,8,2025Q3
2025-08-19,XLB,0.012404383550811415,-0.0014592275169014292,8,2025Q3
2025-08-19,XLC,-0.0009194903906639684,0.0011954069220138832,8,2025Q3
2025-08-19,XLE,0.02866212000658086,0.0003194571656424534,8,2025Q3
2025-08-19,XLF,0.011980347896770382,-0.0002777137737710087,8,2025Q3
2025-08-19,XLI,0.0035963878167053487,0.001073156035648507,8,2025Q3
2025-08-19,XLK,-0.0029723612105378994,0.0013097991893404385,8,2025Q3
2025-08-19,XLP,-0.035189651988356996,-0.0008610672426571869,8,2025Q3
2025-08-19,XLRE,-0.00020251017420380713,-0.001440081506799398,8,2025Q3
2025-08-19,XLU,-0.017887879731256162,0.00019617105918582906,8,2025Q3
2025-08-19,XLV,-0.006241354355349893,-0.001534934863846866,8,2025Q3
2025-08-19,XLY,0.008388196956869987,-0.0005844357967263541,8,2025Q3
2025-08-20,XLB,0.009173591608814036,-0.0005576335282115195,8,2025Q3
2025-08-20,XLC,-0.0011534774829002892,0.0020334076269840056,8,2025Q3
2025-08-20,XLE,0.026629419889630634,0.0012355409847295486,8,2025Q3
2025-08-20,XLF,0.003860099588297139,0.00048758623570018125,8,2025Q3
2025-08-20,XLI,-0.0005890678627553658,0.0018434890465618436,8,2025Q3
2025-08-20,XLK,0.004350590766971418,0.002101683342743507,8,2025Q3
2025-08-20,XLP,-0.04279196837033428,7.452408051450508e-07,8,2025Q3
2025-08-20,XLRE,-0.004745666470752585,-0.0006255347927658023,8,2025Q3
2025-08-20,XLU,-0.023680350482040535,0.000956299849935962,8,2025Q3
2025-08-20,XLV,-0.017206475372584573,-0.0006932292853655678,8,2025Q3
2025-08-20,XLY,0.013759415542897724,0.00018459092768125288,8,2025Q3
2025-08-21,XLB,-0.001565716735360434,0.0017232492058706008,8,2025Q3
2025-08-21,XLC,-0.0039039344489819605,0.004169117128642196,8,2025Q3
2025-08-21,XLE,0.01971327647563359,0.0038023563762292776,8,2025Q3
2025-08-21,XLF,0.0007847347028830942,0.0026915539423971293,8,2025Q3
2025-08-21,XLI,-0.0028526656917353677,0.0037238089404069744,8,2025Q3
2025-08-21,XLK,0.008432802720041987,0.004352710131306009,8,2025Q3
2025-08-21,XLP,-0.04783452055387272,0.002233807932535672,8,2025Q3
2025-08-21,XLRE,-0.011439968192949124,0.0016211324021407226,8,2025Q3
2025-08-21,XLU,-0.03213762164400846,0.0031977833220511284,8,2025Q3
2025-08-21,XLV,-0.025488152283672294,0.0015099963489570375,8,2025Q3
2025-08-21,XLY,0.013971722370804684,0.002397687447813867,8,2025Q3
2025-08-22,XLB,0.0014877411503013693,0.0017159289036909862,8,2025Q3
2025-08-22,XLC,0.0011216206327364642,0.004125192073876936,8,2025Q3
2025-08-22,XLE,0.025930476905263955,0.00344742281178225,8,2025Q3
2025-08-22,XLF,0.00824311620214857,0.002733325912483981,8,2025Q3
2025-08-22,XLI,-0.0069759618788436395,0.0036319665495243717,8,2025Q3
2025-08-22,XLK,0.0005172276847422719,0.004309063631073338,8,2025Q3
2025-08-22,XLP,-0.02008939310048019,0.002264611820103659,8,2025Q3
2025-08-22,XLRE,-0.0003056427047651855,0.001722707500629284,8,2025Q3
2025-08-22,XLU,-0.019587794869163844,0.003086461329065091,8,2025Q3
2025-08-22,XLV,-0.004952814083091783,0.0015495479017815326,8,2025Q3
2025-08-22,XLY,-0.005431498704499216,0.0022853396395898246,8,2025Q3
2025-08-25,XLB,0.0025515888640406104,0.0021217602475265334,8,2025Q3
2025-08-25,XLC,0.0008231542561832894,0.004457655779062125,8,2025Q3
2025-08-25,XLE,0.0277538079963644,0.003822557454302991,8,2025Q3
2025-08-25,XLF,0.009620303929234186,0.0031553825266540598,8,2025Q3
2025-08-25,XLI,-0.00350138013161716,0.00396899392280346,8,2025Q3
2025-08-25,XLK,-0.0043288378525134785,0.004671082913531755,8,2025Q3
2025-08-25,XLP,-0.0016336973395348897,0.002713786227336897,8,2025Q3
2025-08-25,XLRE,-0.009393185334145127,0.002044672049825111,8,2025Q3
2025-08-25,XLU,-0.008683391629118686,0.0033051559287654657,8,2025Q3
2025-08-25,XLV,0.013409600114572706,0.00199285771178046,8,2025Q3
2025-08-25,XLY,-0.007838235478972,0.002635647769936315,8,2025Q3
2025-08-26,XLB,-0.00813406957536289,0.0024279892045310156,8,2025Q3
2025-08-26,XLC,0.020759562960567357,0.004834848411872655,8,2025Q3
2025-08-26,XLE,0.005147847879284018,0.004327377331701885,8,2025Q3
2025-08-26,XLF,-0.0009665007218966348,0.003534946213152541,8,2025Q3
2025-08-26,XLI,-0.01980069305832932,0.004290752082408631,8,2025Q3
2025-08-26,XLK,-0.0041860997305994685,0.004891341018229887,8,2025Q3
2025-08-26,XLP,0.0029460683533312215,0.0034623123603944386,8,2025Q3
2025-08-26,XLRE,-0.010415039397086767,0.002473901812370053,8,2025Q3
2025-08-26,XLU,-0.014571221729823391,0.0039975768135136844,8,2025Q3
2025-08-26,XLV,0.0011794794111293916,0.002539837230797425,8,2025Q3
2025-08-26,XLY,-0.009609008434961708,0.0030613100239920187,8,2025Q3
2025-08-27,XLB,-0.012857787521260433,0.002604336818853771,8,2025Q3
2025-08-27,XLC,0.02214081219784414,0.004986909517514003,8,2025Q3
2025-08-27,XLE,-0.005419888702499098,0.00458157678493922,8,2025Q3
2025-08-27,XLF,0.0013556626254054294,0.003618046399186705,8,2025Q3
2025-08-27,XLI,-0.014689780490749427,0.00443026898142256,8,2025Q3
2025-08-27,XLK,-0.010695127829829842,0.005086562100335316,8,2025Q3
2025-08-27,XLP,-0.005460242285365791,0.0036328506728405853,8,2025Q3
2025-08-27,XLRE,-0.014042722427390575,0.002524201271649828,8,2025Q3
2025-08-27,XLU,-0.022026155943330905,0.004144224628184234,8,2025Q3
2025-08-27,XLV,-0.0004923341549358806,0.0027824679008182146,8,2025Q3
2025-08-27,XLY,0.0021813517570030694,0.00318643436960806,8,2025Q3
2025-08-28,XLB,0.000527061299631093,0.0021717957251769808,8,2025Q3
2025-08-28,XLC,0.03018501050973954,0.004577253644129695,8,2025Q3
2025-08-28,XLE,-0.025664698158185728,0.003970740177522223,8,2025Q3
2025-08-28,XLF,-0.011895762696003898,0.0032425043495101164,8,2025Q3
2025-08-28,XLI,-0.013641040011102556,0.00405318039936515,8,2025Q3
2025-08-28,XLK,-0.011217641145370383,0.004661939837307548,8,2025Q3
2025-08-28,XLP,0.010189215997892798,0.003213413568182168,8,2025Q3
2025-08-28,XLRE,0.004965342825247521,0.001965451984856842,8,2025Q3
2025-08-28,XLU,-0.011117806414408404,0.0037449786849825966,8,2025Q3
2025-08-28,XLV,0.013363673255008757,0.0021896144574184116,8,2025Q3
2025-08-28,XLY,0.006688852908235288,0.002815988169946129,8,2025Q3
2025-08-29,XLB,-0.00846079108594222,0.0021349843050839914,8,2025Q3
2025-08-29,XLC,0.02493269944528209,0.004582016678414668,8,2025Q3
2025-08-29,XLE,-0.04159405222813051,0.004451702773174616,8,2025Q3
2025-08-29,XLF,-0.022159325539777286,0.0032264878078750382,8,2025Q3
2025-08-29,XLI,-0.010728111634715098,0.0040174995257496755,8,2025Q3
2025-08-29,XLK,0.0032083831279337005,0.004639234083301686,8,2025Q3
2025-08-29,XLP,-0.008459664231421526,0.002905973795414318,8,2025Q3
2025-08-29,XLRE,-0.015550391376570771,0.0019654703223580747,8,2025Q3
2025-08-29,XLU,-0.02602130117445256,0.0035230805946954613,8,2025Q3
2025-08-29,XLV,-0.0028039095639438294,0.002107420345913172,8,2025Q3
2025-08-29,XLY,0.0126089629981323,0.002824660216631522,8,2025Q3
2025-09-02,XLB,-0.02717625508780741,0.002161544158608736,8,2025Q3
2025-09-02,XLC,0.022687159126775658,0.004609737603439003,8,2025Q3
2025-09-02,XLE,-0.04819113161226363,0.00458935205974073,8,2025Q3
2025-09-02,XLF,-0.020377170898288055,0.003212075663401219,8,2025Q3
2025-09-02,XLI,-0.01777110125747805,0.003997867370239733,8,2025Q3
2025-09-02,XLK,0.005611974009280596,0.004706367136027338,8,2025Q3
2025-09-02,XLP,-0.014720180965192897,0.0027958655607028798,8,2025Q3
2025-09-02,XLRE,-0.008739291441550723,0.001717052481377242,8,2025Q3
2025-09-02,XLU,-0.025826352767183813,0.0034701133083700595,8,2025Q3
2025-09-02,XLV,-0.008224479692439335,0.001985369904363676,8,2025Q3
2025-09-02,XLY,0.008982457047823189,0.002820104274706997,8,2025Q3
2025-09-03,XLB,-0.016015571024523778,0.002116606198179722,8,2025Q3
2025-09-03,XLC,0.0006404974301317257,0.004665856720478367,8,2025Q3
2025-09-03,XLE,-0.0061510445357206844,0.003486373852820552,8,2025Q3
2025-09-03,XLF,-0.019512626128445287,0.003278712748249682,8,2025Q3
2025-09-03,XLI,-0.002743600761288878,0.004110334500709322,8,2025Q3
2025-09-03,XLK,0.020513836040486844,0.004807223998462002,8,2025Q3
2025-09-03,XLP,-0.021223002755029863,0.0027347949304009434,8,2025Q3
2025-09-03,XLRE,-0.003996444475762528,0.0017780643646430217,8,2025Q3
2025-09-03,XLU,-0.003733651991869147,0.0034466382363732063,8,2025Q3
2025-09-03,XLV,-0.01008977722777571,0.002031084619415123,8,2025Q3
2025-09-03,XLY,-0.004800336898487911,0.0029024198891121553,8,2025Q3
2025-09-04,XLB,0.0010160931107541238,0.0017258274653963672,8,2025Q3
2025-09-04,XLC,0.007051233630443576,0.004200023959859448,8,2025Q3
2025-09-04,XLE,-0.012548763472558955,0.0029024445489265723,8,2025Q3
2025-09-04,XLF,-0.013664995648851708,0.00293540189745313,8,2025Q3
2025-09-04,XLI,-0.004462621217848239,0.0035530093354127386,8,2025Q3
2025-09-04,XLK,0.018949035601496966,0.0043714275916571285,8,2025Q3
2025-09-04,XLP,-0.013730096374676592,0.0022430054602752348,8,2025Q3
2025-09-04,XLRE,0.005568104227403392,0.001291168694080737,8,2025Q3
2025-09-04,XLU,0.0028937651160558797,0.0029380232708732723,8,2025Q3
2025-09-04,XLV,0.0035529717587106102,0.0016413251170056895,8,2025Q3
2025-09-04,XLY,-0.0035846271973247745,0.0025155993922424294,8,2025Q3
2025-09-05,XLB,-0.018757675210662406,0.0016904383798609032,8,2025Q3
2025-09-05,XLC,0.007480081799165372,0.004143109223529098,8,2025Q3
2025-09-05,XLE,-0.0015187339286590884,0.002587187602275876,8,2025Q3
2025-09-05,XLF,-0.001957455749517667,0.0027880783642416024,8,2025Q3
2025-09-05,XLI,-0.011406240909189291,0.003512872832587993,8,2025Q3
2025-09-05,XLK,0.0147976648061372,0.004536038326079582,8,2025Q3
2025-09-05,XLP,-0.02251391182689133,0.002140842659256622,8,2025Q3
2025-09-05,XLRE,-0.011682526987188968,0.0010855923770590227,8,2025Q3
2025-09-05,XLU,0.008607241888583195,0.0026516633450835033,8,2025Q3
2025-09-05,XLV,-0.01419003048320433,0.0014439036524469776,8,2025Q3
2025-09-05,XLY,-0.0007411577555234139,0.0025580920277876234,8,2025Q3
2025-09-08,XLB,-0.03056945352568996,0.0014850356959352515,8,2025Q3
2025-09-08,XLC,0.01778667950977919,0.003967353921410795,8,2025Q3
2025-09-08,XLE,-0.005538733797511464,0.002754894169193228,8,2025Q3
2025-09-08,XLF,-0.007885685913743279,0.0026409861869638534,8,2025Q3
2025-09-08,XLI,-0.01194132494767941,0.0033594169458091125,8,2025Q3
2025-09-08,XLK,0.013440173536896749,0.004607095379565003,8,2025Q3
2025-09-08,XLP,-0.03313966208479524,0.0020852276759164364,8,2025Q3
2025-09-08,XLRE,-0.009071588635567451,0.0011381953233346727,8,2025Q3
2025-09-08,XLU,0.018660981159491552,0.0026979777596678983,8,2025Q3
2025-09-08,XLV,-0.02529204894358783,0.0013037249061390135,8,2025Q3
2025-09-08,XLY,0.0012107000503758236,0.0023928484500242617,8,2025Q3
2025-09-09,XLB,-0.013543992963066964,0.0016097094074441966,8,2025Q3
2025-09-09,XLC,0.011544413120738728,0.00398580480280204,8,2025Q3
2025-09-09,XLE,0.010250516375815089,0.002835024928666807,8,2025Q3
2025-09-09,XLF,-0.010744889570672767,0.002678443856887072,8,2025Q3
2025-09-09,XLI,-0.004353567021764926,0.0034137110431645477,8,2025Q3
2025-09-09,XLK,0.01162493517809371,0.004698041114383045,8,2025Q3
2025-09-09,XLP,-0.026884733851564535,0.002156019420411966,8,2025Q3
2025-09-09,XLRE,-0.010810157200184856,0.0010636828762524727,8,2025Q3
2025-09-09,XLU,-0.0034497322262494468,0.0027897978649509885,8,2025Q3
2025-09-09,XLV,-0.026847150184444946,0.0013653429291071953,8,2025Q3
2025-09-09,XLY,0.012666796383195456,0.0023885312887773624,8,2025Q3
2025-09-10,XLB,-0.008922879140613071,0.0014575303216989913,8,2025Q3
2025-09-10,XLC,0.02604332256088271,0.0037209171357964355,8,2025Q3
2025-09-10,XLE,-0.0008113071444797448,0.0034887442282955598,8,2025Q3
2025-09-10,XLF,0.006619503296940055,0.0024825138947297924,8,2025Q3
2025-09-10,XLI,-0.01214023037236911,0.0031455874892864165,8,2025Q3
2025-09-10,XLK,-0.005948633542011805,0.004485104627352679,8,2025Q3
2025-09-10,XLP,-0.00693392738931764,0.0023332615266372786,8,2025Q3
2025-09-10,XLRE,-0.006625585765206443,0.0008923263954573645,8,2025Q3
2025-09-10,XLU,-0.013877477051091436,0.0026550160177317324,8,2025Q3
2025-09-10,XLV,-0.011633366918356591,0.0011464098492115526,8,2025Q3
2025-09-10,XLY,0.02667315837332307,0.002208523310796641,8,2025Q3
2025-09-11,XLB,-0.025828900838326896,0.0013090625122085182,8,2025Q3
2025-09-11,XLC,0.014784622781253587,0.003576135754405707,8,2025Q3
2025-09-11,XLE,-0.000533084253931726,0.003334525810806191,8,2025Q3
2025-09-11,XLF,-0.005189609453758015,0.002598093559579531,8,2025Q3
2025-09-11,XLI,-0.007367658201157479,0.0030382962294622706,8,2025Q3
2025-09-11,XLK,0.011627020630020413,0.0043889975224008825,8,2025Q3
2025-09-11,XLP,-0.02006934484592182,0.0018310549475071716,8,2025Q3
2025-09-11,XLRE,-0.018323930954611378,0.000799566785308457,8,2025Q3
2025-09-11,XLU,-0.01479874975064821,0.0022155326422923774,8,2025Q3
2025-09-11,XLV,-0.023144068913382165,0.0011682859480392773,8,2025Q3
2025-09-11,XLY,0.005933450670254858,0.002105022648020677,8,2025Q3
2025-09-12,XLB,-0.01883922830013074,0.0014883740510297035,8,2025Q3
2025-09-12,XLC,0.007986475078212152,0.0039054965763462178,8,2025Q3
2025-09-12,XLE,-0.010470784128825184,0.004014718478636716,8,2025Q3
2025-09-12,XLF,-0.0012035373239212,0.002631761126020305,8,2025Q3
2025-09-12,XLI,0.0005918020775064203,0.003230616717470781,8,2025Q3
2025-09-12,XLK,0.020113189983140378,0.0045376457584858886,8,2025Q3
2025-09-12,XLP,-0.02127103684257514,0.0024437712407536895,8,2025Q3
2025-09-12,XLRE,-0.021374225034318295,0.0008684124452933372,8,2025Q3
2025-09-12,XLU,-0.01600059812959087,0.0024702793738215025,8,2025Q3
2025-09-12,XLV,-0.015505145949554877,0.0012849544196305693,8,2025Q3
2025-09-12,XLY,0.001998173121407376,0.0023065957388596673,8,2025Q3
2025-09-15,XLB,-0.015240346266412463,0.001875672425560669,8,2025Q3
2025-09-15,XLC,-0.01250188910655281,0.003866473083206157,8,2025Q3
2025-09-15,XLE,-0.016107245178766494,0.004297196406803313,8,2025Q3
2025-09-15,XLF,-0.0030112254789556037,0.0027866762927105386,8,2025Q3
2025-09-15,XLI,-0.004244344954140056,0.0034027688796402496,8,2025Q3
2025-09-15,XLK,0.025199921311745976,0.004718775631662998,8,2025Q3
2025-09-15,XLP,-0.02710849749298061,0.0027328773670465944,8,2025Q3
2025-09-15,XLRE,-0.02386609436312337,0.0011468148466016246,8,2025Q3
2025-09-15,XLU,-0.014806783059466477,0.0026459676083666005,8,2025Q3
2025-09-15,XLV,-0.011163377801936103,0.0015595820086874042,8,2025Q3
2025-09-15,XLY,-0.0111328429421792,0.0024163270916780144,8,2025Q3
2025-09-16,XLB,-0.011261165593726918,0.0016074685739720337,8,2025Q3
2025-09-16,XLC,-0.005791749762219078,0.0037379886560959964,8,2025Q3
2025-09-16,XLE,-0.011546639259604419,0.004124847861342269,8,2025Q3
2025-09-16,XLF,-0.0011295064159144719,0.002593852792220703,8,2025Q3
2025-09-16,XLI,0.0031058031410726716,0.00322391910197383,8,2025Q3
2025-09-16,XLK,0.023957452596234274,0.004631108368786245,8,2025Q3
2025-09-16,XLP,-0.022541670465943575,0.0026660549136296938,8,2025Q3
2025-09-16,XLRE,-0.006052697005729191,0.0012180424613253585,8,2025Q3
2025-09-16,XLU,0.01296379410938453,0.002763567752365502,8,2025Q3
2025-09-16,XLV,-0.004790606348300308,0.0013033140991886483,8,2025Q3
2025-09-16,XLY,-0.02245385851245152,0.0023424903412303843,8,2025Q3
2025-09-17,XLB,-0.02371165327599567,0.0016890417687195345,8,2025Q3
2025-09-17,XLC,-0.014694246379265308,0.0038560416961856514,8,2025Q3
2025-09-17,XLE,0.0009766113053997216,0.0033986492314726693,8,2025Q3
2025-09-17,XLF,-0.011603538132637814,0.002827508680852873,8,2025Q3
2025-09-17,XLI,0.004431474469808405,0.003375414673552011,8,2025Q3
2025-09-17,XLK,0.02309767968873211,0.004716183531150142,8,2025Q3
2025-09-17,XLP,-0.024348402651507284,0.0026133119352572762,8,2025Q3
2025-09-17,XLRE,-0.013857273137361181,0.0011742976770013213,8,2025Q3
2025-09-17,XLU,0.019612482919403096,0.0028389258312485157,8,2025Q3
2025-09-17,XLV,-0.00881649981773458,0.0013350514752854122,8,2025Q3
2025-09-17,XLY,-0.011067695862654992,0.0023950236032163784,8,2025Q3
2025-09-18,XLB,-0.02720741280451444,0.0024481918655596393,8,2025Q3
2025-09-18,XLC,-0.009536017434474964,0.004429723539388475,8,2025Q3
2025-09-18,XLE,0.022408742117578706,0.003669459604930968,8,2025Q3
2025-09-18,XLF,-0.005835849117479142,0.0033722584364140064,8,2025Q3
2025-09-18,XLI,-0.003659346710562006,0.003978420110792423,8,2025Q3
2025-09-18,XLK,0.013165653828827173,0.0053853864171652275,8,2025Q3
2025-09-18,XLP,-0.015895934586758642,0.0034904785285421805,8,2025Q3
2025-09-18,XLRE,-0.007670559746572603,0.002016195569072592,8,2025Q3
2025-09-18,XLU,0.018322426843854656,0.0036289299774557846,8,2025Q3
2025-09-18,XLV,-0.01793919018065049,0.0021485356906477387,8,2025Q3
2025-09-18,XLY,-0.011357550956734186,0.002960590411748696,8,2025Q3
2025-09-19,XLB,-0.019076455790305813,0.0018057296877841253,8,2025Q3
2025-09-19,XLC,-0.0075517848244299746,0.004101527141455244,8,2025Q3
2025-09-19,XLE,0.042032785842775366,0.0032213623701801805,8,2025Q3
2025-09-19,XLF,-0.004356334999503497,0.003059731496177329,8,2025Q3
2025-09-19,XLI,-0.000694040675362606,0.0035796666442038483,8,2025Q3
2025-09-19,XLK,0.002545784498943604,0.005010990063591835,8,2025Q3
2025-09-19,XLP,-0.015056031843593609,0.0029227366034753734,8,2025Q3
2025-09-19,XLRE,0.0035494509707985067,0.0013214612277535572,8,2025Q3
2025-09-19,XLU,0.024727837582362078,0.002814679963560398,8,2025Q3
2025-09-19,XLV,-0.010205489451732608,0.0015876764315011845,8,2025Q3
2025-09-19,XLY,-0.004127086692415682,0.002604114986859921,8,2025Q3
2025-09-22,XLB,-0.008429318834113131,0.0020360495316614595,8,2025Q3
2025-09-22,XLC,0.004485774160853495,0.004045670645188343,8,2025Q3
2025-09-22,XLE,0.03473762727930052,0.0033463831447267667,8,2025Q3
2025-09-22,XLF,0.007146175327748194,0.002983637876014245,8,2025Q3
2025-09-22,XLI,0.0050655653059616945,0.003568982836229797,8,2025Q3
2025-09-22,XLK,-0.003504351021143881,0.004872259485456004,8,2025Q3
2025-09-22,XLP,0.0066628315427113005,0.002855689429559087,8,2025Q3
2025-09-22,XLRE,0.011698211164881123,0.0012745503190362468,8,2025Q3
2025-09-22,XLU,0.02656975383583382,0.002769148240235997,8,2025Q3
2025-09-22,XLV,-0.0006041289544304052,0.0015987519197742446,8,2025Q3
2025-09-22,XLY,0.007153623445363522,0.002507431578877968,8,2025Q3
2025-09-23,XLB,-0.009584791504519075,0.0020993363369621104,8,2025Q3
2025-09-23,XLC,-0.004816028875108569,0.004231314623649146,8,2025Q3
2025-09-23,XLE,-0.0026840953253584043,0.0033636899580675936,8,2025Q3
2025-09-23,XLF,-0.0024320886160813515,0.00305227613453052,8,2025Q3
2025-09-23,XLI,0.003297525334830853,0.0037138653048484106,8,2025Q3
2025-09-23,XLK,0.0013743248609145997,0.00508449051068485,8,2025Q3
2025-09-23,XLP,-0.004222954731193385,0.003044309706540488,8,2025Q3
2025-09-23,XLRE,-0.0013829814732240209,0.0014390235987574137,8,2025Q3
2025-09-23,XLU,0.013854335312434518,0.0030918450684060566,8,2025Q3
2025-09-23,XLV,0.011806284593944616,0.0017242888696342472,8,2025Q3
2025-09-23,XLY,0.0027511012116319122,0.002714524540673588,8,2025Q3
2025-09-24,XLB,-0.014489378080403514,0.002513986637556905,8,2025Q3
2025-09-24,XLC,-0.01724914618431539,0.004553459368093381,8,2025Q3
2025-09-24,XLE,-0.022187127692231856,0.003864281491354582,8,2025Q3
2025-09-24,XLF,-0.015221545907205924,0.003351354216254313,8,2025Q3
2025-09-24,XLI,-0.0009372099394475697,0.004141985443042286,8,2025Q3
2025-09-24,XLK,0.010893728440948935,0.005357444909745975,8,2025Q3
2025-09-24,XLP,-0.014556448278941647,0.0032768293631680904,8,2025Q3
2025-09-24,XLRE,0.0023534193944989568,0.001975827295643105,8,2025Q3
2025-09-24,XLU,0.00975173130421636,0.003836199307527537,8,2025Q3
2025-09-24,XLV,0.04079213016043748,0.0020796128285709304,8,2025Q3
2025-09-24,XLY,-0.004690454948233391,0.0029845275073128283,8,2025Q3
2025-09-25,XLB,0.00454689951199283,0.0022874017543773857,8,2025Q3
2025-09-25,XLC,-0.02193038823253013,0.004192685975970395,8,2025Q3
2025-09-25,XLE,-0.046705606330444405,0.0038157167440997777,8,2025Q3
2025-09-25,XLF,-0.019218643154657378,0.0031583399261363955,8,2025Q3
2025-09-25,XLI,0.002731994000903404,0.003918035167115209,8,2025Q3
2025-09-25,XLK,0.012378123942605512,0.0051668823802066225,8,2025Q3
2025-09-25,XLP,-0.014788461164003897,0.0030889910780546514,8,2025Q3
2025-09-25,XLRE,-0.00636431446740926,0.0017369708745904643,8,2025Q3
2025-09-25,XLU,0.011941550700613757,0.0031778260118748573,8,2025Q3
2025-09-25,XLV,0.050572016156054556,0.0017897840519658112,8,2025Q3
2025-09-25,XLY,-0.0035123671189520866,0.0027800296146202248,8,2025Q3
2025-09-26,XLB,0.000315136608202371,0.0020545701940078275,8,2025Q3
2025-09-26,XLC,-0.02622922288091034,0.004126432624722154,8,2025Q3
2025-09-26,XLE,-0.044648078321439466,0.003553871396451841,8,2025Q3
2025-09-26,XLF,-0.013765509715340851,0.002880924920534298,8,2025Q3
2025-09-26,XLI,0.0008275301037439231,0.0037458626985190694,8,2025Q3
2025-09-26,XLK,0.009921183813092371,0.004998841442974033,8,2025Q3
2025-09-26,XLP,-0.010268281757789044,0.00296015180903664,8,2025Q3
2025-09-26,XLRE,-0.006390628926738806,0.001521957260942891,8,2025Q3
2025-09-26,XLU,0.013024583318119287,0.0030246735909275325,8,2025Q3
2025-09-26,XLV,0.05761610970798281,0.0016454450514781797,8,2025Q3
2025-09-26,XLY,-0.018883836952657607,0.0026172985577279976,8,2025Q3
2025-09-29,XLB,-0.0052205635001254524,0.0017386771570498357,8,2025Q3
2025-09-29,XLC,-0.029156458555585796,0.0037756253865117028,8,2025Q3
2025-09-29,XLE,-0.02246901667643808,0.0031073927267412293,8,2025Q3
2025-09-29,XLF,-0.01989236831810126,0.002605686320101815,8,2025Q3
2025-09-29,XLI,0.0016418005457654594,0.003431807054259307,8,2025Q3
2025-09-29,XLK,0.013985191559947374,0.004734370586286941,8,2025Q3
2025-09-29,XLP,-0.02027012715853216,0.002541871988899624,8,2025Q3
2025-09-29,XLRE,-0.019098195760668513,0.0009570949116750531,8,2025Q3
2025-09-29,XLU,0.01917942831853625,0.0026179013901877907,8,2025Q3
2025-09-29,XLV,0.04853712180236336,0.0012221981656338231,8,2025Q3
2025-09-29,XLY,-0.01552055134231789,0.0022773286824416534,8,2025Q3
2025-09-30,XLB,-0.006644866373966107,0.0016581232620313604,8,2025Q3
2025-09-30,XLC,-0.02392830148622327,0.0037640804384949174,8,2025Q3
2025-09-30,XLE,-0.002734242471147841,0.0034682411187242908,8,2025Q3
2025-09-30,XLF,-0.006269542424035102,0.0026617280340280637,8,2025Q3
2025-09-30,XLI,-0.00428354519456664,0.0034056722697064657,8,2025Q3
2025-09-30,XLK,0.009139605993124356,0.004704012012967485,8,2025Q3
2025-09-30,XLP,-0.006837618742529306,0.0026286149198187087,8,2025Q3
2025-09-30,XLRE,-0.018654854692394474,0.001005675073027219,8,2025Q3
2025-09-30,XLU,0.02964250590237394,0.0026911213543322748,8,2025Q3
2025-09-30,XLV,0.031945188925186496,0.0011770518640598674,8,2025Q3
2025-09-30,XLY,-0.020854550311461995,0.0023362743538274246,8,2025Q3
2025-10-01,XLB,0.006785978090475542,-0.0019954154751626227,9,2025Q4
2025-10-01,XLC,-0.016653469704808854,0.000276343054821802,9,2025Q4
2025-10-01,XLE,-0.011112833613334705,-0.0007306861564260089,9,2025Q4
2025-10-01,XLF,-0.00472373972203477,-0.0010076648008882352,9,2025Q4
2025-10-01,XLI,0.004667139913086205,-0.0003381891957709574,9,2025Q4
2025-10-01,XLK,0.014355329554575746,0.0018533977486253708,9,2025Q4
2025-10-01,XLP,-0.012849945883579128,-0.0023407212354197154,9,2025Q4
2025-10-01,XLRE,-0.026197556239172637,-0.0029700204152580878,9,2025Q4
2025-10-01,XLU,0.02426090276653059,-0.0009984688753272158,9,2025Q4
2025-10-01,XLV,0.0002775505751431151,-0.0022065406206477423,9,2025Q4
2025-10-01,XLY,-0.026627982637114855,-0.0010171858382885903,9,2025Q4
2025-10-02,XLB,-0.01449180771298797,-0.0022025049364923404,9,2025Q4
2025-10-02,XLC,-0.01603758335502037,0.0002473415917887619,9,2025Q4
2025-10-02,XLE,-0.010587725807984394,-0.0008569444865605346,9,2025Q4
2025-10-02,XLF,-0.003461221497297995,-0.0010655704966981796,9,2025Q4
2025-10-02,XLI,-0.008800323942180777,-0.00023933046841037887,9,2025Q4
2025-10-02,XLK,0.011219078733872623,0.0015803215399463053,9,2025Q4
2025-10-02,XLP,-0.001615858989093999,-0.0024034016507263533,9,2025Q4
2025-10-02,XLRE,-0.02151020717352592,-0.003018696252709899,9,2025Q4
2025-10-02,XLU,0.027593764057513237,-0.0010847237012142925,9,2025Q4
2025-10-02,XLV,0.004084830690326946,-0.0022986988910517455,9,2025Q4
2025-10-02,XLY,-0.020359214683950966,-0.0011057346044025542,9,2025Q4
2025-10-03,XLB,-0.009303845358113683,-0.0022238413033921216,9,2025Q4
2025-10-03,XLC,-0.0066518694450711235,0.0002451654668020928,9,2025Q4
2025-10-03,XLE,-0.017309938291188987,-0.0010102751891543586,9,2025Q4
2025-10-03,XLF,-0.004846759055751049,-0.001074964488569884,9,2025Q4
2025-10-03,XLI,-0.005015248021724927,-0.0002233853460947075,9,2025Q4
2025-10-03,XLK,0.0019603361881921355,0.0015460508698372478,9,2025Q4
2025-10-03,XLP,0.025089795693558292,-0.0024816086511152344,9,2025Q4
2025-10-03,XLRE,-0.009077257146116735,-0.0030304899191342873,9,2025Q4
2025-10-03,XLU,0.03870175893072081,-0.0011107979486201123,9,2025Q4
2025-10-03,XLV,0.0054798198704288925,-0.0024117799011588127,9,2025Q4
2025-10-03,XLY,-0.014107135411089766,-0.0009744975392439669,9,2025Q4
2025-10-06,XLB,0.0065037522887194665,-0.002162889053598026,9,2025Q4
2025-10-06,XLC,-0.00251283330959573,0.0002742360028851024,9,2025Q4
2025-10-06,XLE,-0.01938554771378609,-0.0009544889277149233,9,2025Q4
2025-10-06,XLF,0.005400330848434831,-0.0011333693822451097,9,2025Q4
2025-10-06,XLI,0.0017831087456535721,-0.00022954219919984984,9,2025Q4
2025-10-06,XLK,-0.0072088045377186605,0.0018210982207989771,9,2025Q4
2025-10-06,XLP,0.035009557885060105,-0.0022805195286000716,9,2025Q4
2025-10-06,XLRE,0.005325056234664283,-0.002970749060030648,9,2025Q4
2025-10-06,XLU,0.035465826179042925,-0.0010944309248178598,9,2025Q4
2025-10-06,XLV,0.0016156200937410548,-0.00228442098245255,9,2025Q4
2025-10-06,XLY,-0.009168200577213459,-0.0010356853426216233,9,2025Q4
2025-10-07,XLB,-0.0020367822080143982,-0.002306895708512024,9,2025Q4
2025-10-07,XLC,0.00021656217578391868,0.0004237771410749295,9,2025Q4
2025-10-07,XLE,-0.02951967634064734,-0.0010475462333614052,9,2025Q4
2025-10-07,XLF,-0.003953521526184334,-0.0011895104399536603,9,2025Q4
2025-10-07,XLI,-0.004793644638944161,-0.00018898491020324478,9,2025Q4
2025-10-07,XLK,0.001072696274963869,0.0019351337607971296,9,2025Q4
2025-10-07,XLP,0.01933382084091717,-0.0024407746297515076,9,2025Q4
2025-10-07,XLRE,0.014812498193500834,-0.003062417393378009,9,2025Q4
2025-10-07,XLU,0.03606517436989576,-0.000844376258826519,9,2025Q4
2025-10-07,XLV,-0.0056754524753606095,-0.0021042251866547784,9,2025Q4
2025-10-07,XLY,0.0016181677561492025,-0.0011644149564336275,9,2025Q4
2025-10-08,XLB,-0.0020524737422820127,-0.002383996359559626,9,2025Q4
2025-10-08,XLC,0.006326604278113712,0.0001923617715147715,9,2025Q4
2025-10-08,XLE,-0.022948707652976297,-0.0007957213851389663,9,2025Q4
2025-10-08,XLF,-0.01417822072043351,-0.0012089737614756689,9,2025Q4
2025-10-08,XLI,-0.00711837488959588,-0.0004100814507924,9,2025Q4
2025-10-08,XLK,-0.0027338145327934216,0.0014570524890860084,9,2025Q4
2025-10-08,XLP,0.029967005987019735,-0.002465154262592754,9,2025Q4
2025-10-08,XLRE,0.029416556599056842,-0.0030211385330858294,9,2025Q4
2025-10-08,XLU,0.03053035201124754,-0.000981599961088785,9,2025Q4
2025-10-08,XLV,0.0033712861477811495,-0.0023099270782127195,9,2025Q4
2025-10-08,XLY,0.0016900753205044694,-0.0012079964786030773,9,2025Q4
2025-10-09,XLB,0.001177574034059936,-0.002075201754117521,9,2025Q4
2025-10-09,XLC,0.01026104763950153,0.0001776412321073769,9,2025Q4
2025-10-09,XLE,-0.010195575349944419,-0.0007200956234004385,9,2025Q4
2025-10-09,XLF,-0.011293331557455821,-0.0011736769534365374,9,2025Q4
2025-10-09,XLI,-8.977556375389106e-05,-0.00028059580530677213,9,2025Q4
2025-10-09,XLK,-0.007797204252025014,0.001149661965382834,9,2025Q4
2025-10-09,XLP,0.03174257477945641,-0.0022608324491271495,9,2025Q4
2025-10-09,XLRE,0.032211983137373945,-0.0027125480003925635,9,2025Q4
2025-10-09,XLU,0.0211281971436994,-0.0009709338948498217,9,2025Q4
2025-10-09,XLV,0.0037065433159023664,-0.0022235057520433293,9,2025Q4
2025-10-09,XLY,0.0066859421913444406,-0.0011196369404486643,9,2025Q4
2025-10-10,XLB,-0.004043679120226296,-0.0027614711001578123,9,2025Q4
2025-10-10,XLC,0.002503436841507334,-8.019581242782979e-05,9,2025Q4
2025-10-10,XLE,-0.008396678171616712,-0.0018505122576925347,9,2025Q4
2025-10-10,XLF,-0.015914796200306114,-0.0019870741110762863,9,2025Q4
2025-10-10,XLI,-0.003843584103898179,-0.001052199906426634,9,2025Q4
2025-10-10,XLK,0.007209396820607283,-0.0001978031910674742,9,2025Q4
2025-10-10,XLP,-0.008018625253823908,-0.0030145965737197232,9,2025Q4
2025-10-10,XLRE,0.016254770551417552,-0.003438756647248706,9,2025Q4
2025-10-10,XLU,-0.013137141227716143,-0.0011443649311859141,9,2025Q4
2025-10-10,XLV,-0.00913438642096387,-0.0025997504068879275,9,2025Q4
2025-10-10,XLY,0.004925015727683446,-0.001587214777177032,9,2025Q4
2025-10-14,XLB,-0.01951653160321931,-0.0027347325481954276,9,2025Q4
2025-10-14,XLC,0.00429608850548191,-3.869847505651755e-05,9,2025Q4
2025-10-14,XLE,-0.009976057211628975,-0.0018860563038896657,9,2025Q4
2025-10-14,XLF,-0.02326031108174409,-0.0018425280904799711,9,2025Q4
2025-10-14,XLI,-0.0029788808340964756,-0.0010611303066766307,9,2025Q4
2025-10-14,XLK,0.010580968188701023,0.0008192468900325799,9,2025Q4
2025-10-14,XLP,-0.011152282671804015,-0.0029763764169245845,9,2025Q4
2025-10-14,XLRE,0.011742681443310587,-0.0034122031411677953,9,2025Q4
2025-10-14,XLU,-0.025567634065995937,-0.001382958944621069,9,2025Q4
2025-10-14,XLV,0.005919908088511727,-0.0026164932025495432,9,2025Q4
2025-10-14,XLY,0.00688647983265267,-0.0013900091767206145,9,2025Q4
2025-10-15,XLB,-0.008350224102281034,-0.0026171971371735875,9,2025Q4
2025-10-15,XLC,-0.0018741537489965765,-0.00010404582311421859,9,2025Q4
2025-10-15,XLE,0.013191628644676268,-0.0019776409136293247,9,2025Q4
2025-10-15,XLF,-0.019168001170893123,-0.0018585589572491165,9,2025Q4
2025-10-15,XLI,-0.0021845448667907608,-0.0011462436866527276,9,2025Q4
2025-10-15,XLK,0.00023184285795130322,0.0007203915387425677,9,2025Q4
2025-10-15,XLP,0.002483079245962694,-0.0030099384886576497,9,2025Q4
2025-10-15,XLRE,0.011320586554523837,-0.0035562523797264363,9,2025Q4
2025-10-15,XLU,-0.030864533072657685,-0.0023814013444502964,9,2025Q4
2025-10-15,XLV,0.019895730730304484,-0.0027011530440260627,9,2025Q4
2025-10-15,XLY,0.007167176851722967,-0.0014394544380580843,9,2025Q4
2025-10-16,XLB,-0.0017271088046502125,-0.0028204844907128,9,2025Q4
2025-10-16,XLC,-0.007372584928726278,-0.0002891930747796281,9,2025Q4
2025-10-16,XLE,0.02643706801795931,-0.0018820245611833267,9,2025Q4
2025-10-16,XLF,-0.0017626109738371198,-0.0017087962050308864,9,2025Q4
2025-10-16,XLI,0.004144090546881474,-0.0013669696830525,9,2025Q4
2025-10-16,XLK,-0.000734310303202923,0.0005280431724656394,9,2025Q4
2025-10-16,XLP,-0.008316656904804987,-0.003238406958073498,9,2025Q4
2025-10-16,XLRE,0.0006444951371651353,-0.003718330585354392,9,2025Q4
2025-10-16,XLU,-0.03380898286227385,-0.002658763538403814,9,2025Q4
2025-10-16,XLV,0.009306117181274942,-0.002937459066681131,9,2025Q4
2025-10-16,XLY,0.008768043771403056,-0.0016342531724617654,9,2025Q4
2025-10-17,XLB,-0.0064976577533897295,-0.002629061218654397,9,2025Q4
2025-10-17,XLC,-0.014048984328637326,-0.0001350381272264595,9,2025Q4
2025-10-17,XLE,0.00495187751446835,-0.0016379034657116529,9,2025Q4
2025-10-17,XLF,-0.0015331804259495208,-0.0015617272996107591,9,2025Q4
2025-10-17,XLI,0.0016021800721131019,-0.0009687822977991765,9,2025Q4
2025-10-17,XLK,0.010713019296535009,0.0007123236923853075,9,2025Q4
2025-10-17,XLP,-0.027383192518794286,-0.0030802544993068703,9,2025Q4
2025-10-17,XLRE,-0.004846110599953768,-0.0035230029398406154,9,2025Q4
2025-10-17,XLU,-0.02132181037864256,-0.0023297456924037435,9,2025Q4
2025-10-17,XLV,-9.177498762791281e-05,-0.0028732142590392196,9,2025Q4
2025-10-17,XLY,-0.0055347547836956945,-0.0017696318922847494,9,2025Q4
2025-10-20,XLB,-0.020315886562974228,-0.002555850101691678,9,2025Q4
2025-10-20,XLC,-0.012851019208653947,-0.000392717148385289,9,2025Q4
2025-10-20,XLE,-0.004768440647203942,-0.001709976412239014,9,2025Q4
2025-10-20,XLF,-0.01053646845652123,-0.0015163155584665665,9,2025Q4
2025-10-20,XLI,-0.005979331478429328,-0.000909372987383477,9,2025Q4
2025-10-20,XLK,0.016744297523274776,0.000715008225428432,9,2025Q4
2025-10-20,XLP,-0.026289153301950363,-0.00308823270976295,9,2025Q4
2025-10-20,XLRE,-0.01464515122721921,-0.0037114511549069056,9,2025Q4
2025-10-20,XLU,-0.019673259919374297,-0.0019436453426645594,9,2025Q4
2025-10-20,XLV,-0.009853322708508694,-0.0031856383214394998,9,2025Q4
2025-10-20,XLY,-0.00045079788411128696,-0.0016706364338088197,9,2025Q4
2025-10-21,XLB,-0.017848104532890208,-0.0025911883087298363,9,2025Q4
2025-10-21,XLC,-0.024092168135029457,-0.00046634217142907906,9,2025Q4
2025-10-21,XLE,-0.01576339397845894,-0.001723761443647629,9,2025Q4
2025-10-21,XLF,-0.018561302966054294,-0.0015609826483294325,9,2025Q4
2025-10-21,XLI,-0.024783404722546476,-0.0008616148704950695,9,2025Q4
2025-10-21,XLK,0.023743819651570908,0.0007493577718089025,9,2025Q4
2025-10-21,XLP,-0.034338342970989144,-0.0030752375807277677,9,2025Q4
2025-10-21,XLRE,-0.0367152229043648,-0.003629285304672679,9,2025Q4
2025-10-21,XLU,-0.028789510948393326,-0.0018503368449805987,9,2025Q4
2025-10-21,XLV,-0.021287162681355776,-0.003163819645235633,9,2025Q4
2025-10-21,XLY,-0.015255263409458708,-0.001586889353226198,9,2025Q4
2025-10-22,XLB,-0.04043114477128007,-0.0026323583459592122,9,2025Q4
2025-10-22,XLC,-0.023714237853760034,-0.0005413610976145599,9,2025Q4
2025-10-22,XLE,-0.026943330734107374,-0.0019173305372077475,9,2025Q4
2025-10-22,XLF,-0.035819967203950864,-0.0016074928661945955,9,2025Q4
2025-10-22,XLI,-0.014878402339755015,-0.0009258783087785846,9,2025Q4
2025-10-22,XLK,0.0359561233555763,0.0006285678185365618,9,2025Q4
2025-10-22,XLP,-0.0689639238576587,-0.0032016587150410676,9,2025Q4
2025-10-22,XLRE,-0.07376390319813164,-0.003721309965358622,9,2025Q4
2025-10-22,XLU,-0.03265371434932307,-0.0018990822122755663,9,2025Q4
2025-10-22,XLV,-0.04290049065123147,-0.0031124395776429073,9,2025Q4
2025-10-22,XLY,-0.021539091509036545,-0.0017004898147217214,9,2025Q4
2025-10-23,XLB,-0.04792729374386584,-0.0025336849661810722,9,2025Q4
2025-10-23,XLC,-0.02008263332349114,-0.0005052360798742071,9,2025Q4
2025-10-23,XLE,-0.028648039732875774,-0.0016908092044273957,9,2025Q4
2025-10-23,XLF,-0.017913485470435142,-0.0015034011542009685,9,2025Q4
2025-10-23,XLI,-0.012594689481009835,-0.0009351144315595121,9,2025Q4
2025-10-23,XLK,0.027074954226461,0.00029352874260072195,9,2025Q4
2025-10-23,XLP,-0.047930043203385564,-0.0029959506874839307,9,2025Q4
2025-10-23,XLRE,-0.05013086606561179,-0.0033960627606022427,9,2025Q4
2025-10-23,XLU,-0.018766235723272295,-0.00174863722268714,9,2025Q4
2025-10-23,XLV,-0.02392776296734689,-0.0030806718947682327,9,2025Q4
2025-10-23,XLY,-0.031394852601619894,-0.0015838014476722614,9,2025Q4
2025-10-24,XLB,-0.04462612547546829,-0.0026524057051775314,9,2025Q4
2025-10-24,XLC,-0.013506405799282084,-0.0006443585867253639,9,2025Q4
2025-10-24,XLE,-0.006420975495892156,-0.0016860300718821294,9,2025Q4
2025-10-24,XLF,-0.02103559763931173,-0.0015311831281852146,9,2025Q4
2025-10-24,XLI,-0.006133947576795862,-0.0010102507745511982,9,2025Q4
2025-10-24,XLK,0.01708195698015058,0.00028059713218269453,9,2025Q4
2025-10-24,XLP,-0.04263139576656405,-0.003079359446249043,9,2025Q4
2025-10-24,XLRE,-0.0481339047428635,-0.003577621139619554,9,2025Q4
2025-10-24,XLU,-0.032159697863492265,-0.0018919659745530058,9,2025Q4
2025-10-24,XLV,-0.019291527929542696,-0.0031912251847269527,9,2025Q4
2025-10-24,XLY,0.002449208315591589,-0.0016825928237063268,9,2025Q4
2025-10-27,XLB,-0.04027546734773746,-0.0027153332421682545,9,2025Q4
2025-10-27,XLC,-0.02769839941045149,-0.0005552377334233495,9,2025Q4
2025-10-27,XLE,0.0011868879902163787,-0.0015743909158922936,9,2025Q4
2025-10-27,XLF,-0.019353631746050537,-0.0015740498449410688,9,2025Q4
2025-10-27,XLI,-0.006149516001622057,-0.0007857390560467064,9,2025Q4
2025-10-27,XLK,0.01250519262445271,0.00020512789250046745,9,2025Q4
2025-10-27,XLP,-0.041912934280090686,-0.003161744241817835,9,2025Q4
2025-10-27,XLRE,-0.0419160649444521,-0.0035827668487667204,9,2025Q4
2025-10-27,XLU,-0.024398789658991782,-0.00188991266972463,9,2025Q4
2025-10-27,XLV,-0.010344690945910173,-0.00278894326254224,9,2025Q4
2025-10-27,XLY,0.00733555188292867,-0.0014711628522406696,9,2025Q4
2025-10-28,XLB,-0.031847783269054464,-0.0027833976020961034,9,2025Q4
2025-10-28,XLC,-0.015134570792878832,-0.0006288940348259094,9,2025Q4
2025-10-28,XLE,0.015257766968861941,-0.0016719393898848361,9,2025Q4
2025-10-28,XLF,0.006446991108878697,-0.0016095555954562686,9,2025Q4
2025-10-28,XLI,0.003821270636128249,-0.0008928531718511112,9,2025Q4
2025-10-28,XLK,-0.00935607158142504,3.5991247604376213e-06,9,2025Q4
2025-10-28,XLP,-0.013906806769695135,-0.0030951890474596815,9,2025Q4
2025-10-28,XLRE,-0.0031360565443083743,-0.0037498984099918267,9,2025Q4
2025-10-28,XLU,0.0027801273242135105,-0.0017845086923022721,9,2025Q4
2025-10-28,XLV,0.014797412467170257,-0.00305433265241636,9,2025Q4
2025-10-28,XLY,0.004845771338217397,-0.001573292569837083,9,2025Q4
2025-10-29,XLB,-0.010001581933897219,-0.002772084156534045,9,2025Q4
2025-10-29,XLC,-0.010408305781086202,-0.0004647979527481105,9,2025Q4
2025-10-29,XLE,0.007567590668035806,-0.0016614974707749807,9,2025Q4
2025-10-29,XLF,0.02406212111339512,-0.0014983205809416416,9,2025Q4
2025-10-29,XLI,0.002148598987224304,-0.0007755350282550675,9,2025Q4
2025-10-29,XLK,-0.01545275679915259,6.111201420465058e-05,9,2025Q4
2025-10-29,XLP,0.005914100889443108,-0.003002816642769776,9,2025Q4
2025-10-29,XLRE,0.021159443209672446,-0.0037394094819104785,9,2025Q4
2025-10-29,XLU,0.00039790041111442687,-0.0016215265721155397,9,2025Q4
2025-10-29,XLV,0.02593966159110339,-0.002915022326146045,9,2025Q4
2025-10-29,XLY,0.022257993605588222,-0.0014532858775089643,9,2025Q4
2025-10-30,XLB,-0.0018953038131876987,-0.002730483729643054,9,2025Q4
2025-10-30,XLC,-0.002791460636327514,-0.0005981564122559443,9,2025Q4
2025-10-30,XLE,0.022918805481459636,-0.001811307804995293,9,2025Q4
2025-10-30,XLF,0.017449796107843807,-0.001609325753284105,9,2025Q4
2025-10-30,XLI,0.0004279627020985499,-0.0009576095207184987,9,2025Q4
2025-10-30,XLK,-0.023381232304980015,-0.00012292155411102249,9,2025Q4
2025-10-30,XLP,0.0022387949928659445,-0.0029581172429346487,9,2025Q4
2025-10-30,XLRE,0.010334224945668935,-0.0036701130747774082,9,2025Q4
2025-10-30,XLU,-4.0190609399970434e-05,-0.0018249844725158624,9,2025Q4
2025-10-30,XLV,0.025368712240430136,-0.0028742364069627045,9,2025Q4
2025-10-30,XLY,0.02144735114259866,-0.0016987036255589998,9,2025Q4
2025-10-31,XLB,0.01801047124110411,-0.002226445947389477,9,2025Q4
2025-10-31,XLC,-0.007257548626821486,-0.0004358397444170943,9,2025Q4
2025-10-31,XLE,0.03225865885712842,-0.0018623053773260314,9,2025Q4
2025-10-31,XLF,0.024088476288158467,-0.0015796535287471566,9,2025Q4
2025-10-31,XLI,0.005102595112138064,-0.0007503273701475974,9,2025Q4
2025-10-31,XLK,-0.02537938510241533,-9.529574265115586e-05,9,2025Q4
2025-10-31,XLP,0.021896692983550792,-0.002669675945300653,9,2025Q4
2025-10-31,XLRE,0.02530602137476945,-0.0034685210961792707,9,2025Q4
2025-10-31,XLU,0.022881339895483133,-0.0017627759606638972,9,2025Q4
2025-10-31,XLV,0.029361819639971976,-0.0029030117314843753,9,2025Q4
2025-10-31,XLY,-0.0007037143499025733,-0.0014885019985318155,9,2025Q4
2025-11-03,XLB,0.020281047946461572,-0.002013077809429812,9,2025Q4
2025-11-03,XLC,5.134720013322269e-05,-0.000395099885825978,9,2025Q4
2025-11-03,XLE,0.027854206991116626,-0.0018088749635507264,9,2025Q4
2025-11-03,XLF,0.018504334120426624,-0.0014716893730051298,9,2025Q4
2025-11-03,XLI,0.0014851238908675235,-0.0008151697651385502,9,2025Q4
2025-11-03,XLK,-0.018351664789422406,-8.1217558096297e-05,9,2025Q4
2025-11-03,XLP,0.012690608669975734,-0.002484002542468593,9,2025Q4
2025-11-03,XLRE,0.01282209673035506,-0.003327451701579053,9,2025Q4
2025-11-03,XLU,0.008501156135527155,-0.0016185444139892014,9,2025Q4
2025-11-03,XLV,0.02237201484942586,-0.0027805484079056007,9,2025Q4
2025-11-03,XLY,-0.010515434936399504,-0.0014342273668310633,9,2025Q4
2025-11-04,XLB,0.02843133479096238,-0.002172536539378498,9,2025Q4
2025-11-04,XLC,-0.0055839155162595855,-0.0004602822116009078,9,2025Q4
2025-11-04,XLE,0.023040794816666654,-0.0019496516250894153,9,2025Q4
2025-11-04,XLF,0.01179088731202138,-0.0019311552905200637,9,2025Q4
2025-11-04,XLI,-0.00039125507270010296,-0.0010896575554841749,9,2025Q4
2025-11-04,XLK,-0.012123014143442856,-0.00020402184689014414,9,2025Q4
2025-11-04,XLP,0.005447329887976249,-0.00260241503693285,9,2025Q4
2025-11-04,XLRE,-0.001551797668017496,-0.0035482015852930236,9,2025Q4
2025-11-04,XLU,0.00021565624528552263,-0.001977211194346959,9,2025Q4
2025-11-04,XLV,0.041149713376535946,-0.002480302946448709,9,2025Q4
2025-11-04,XLY,-0.012978721786963021,-0.0016877696481240735,9,2025Q4
2025-11-05,XLB,0.03575184277960264,-0.002006534541296979,9,2025Q4
2025-11-05,XLC,-0.004960856551484261,-0.0002362237478676333,9,2025Q4
2025-11-05,XLE,0.04317958803001609,-0.0017315520475049417,9,2025Q4
2025-11-05,XLF,0.015400490921785304,-0.0015160454117467866,9,2025Q4
2025-11-05,XLI,0.00034325814870128646,-0.0008467053768553193,9,2025Q4
2025-11-05,XLK,-0.020628615104641757,5.051080246383445e-05,9,2025Q4
2025-11-05,XLP,0.02634839756411167,-0.002463389464306393,9,2025Q4
2025-11-05,XLRE,0.005732960621049332,-0.003279887021094137,9,2025Q4
2025-11-05,XLU,0.006262819236050432,-0.0017244305579809873,9,2025Q4
2025-11-05,XLV,0.056782499860775104,-0.002511269067548232,9,2025Q4
2025-11-05,XLY,-0.029407847661386044,-0.0012426120543649155,9,2025Q4
2025-11-06,XLB,0.02081433984501113,-0.0022064451831295645,9,2025Q4
2025-11-06,XLC,-0.011936365184197273,-0.0004211324642277303,9,2025Q4
2025-11-06,XLE,0.04006649767550985,-0.0018885573134423497,9,2025Q4
2025-11-06,XLF,-0.0016535791031946356,-0.0018533236513837428,9,2025Q4
2025-11-06,XLI,-0.0062178276849464975,-0.0011271254114360875,9,2025Q4
2025-11-06,XLK,-0.005909668146908298,-0.00012843644301878247,9,2025Q4
2025-11-06,XLP,0.019540879727211635,-0.00260551910812456,9,2025Q4
2025-11-06,XLRE,0.002984631781324465,-0.0036566738924349376,9,2025Q4
2025-11-06,XLU,0.0009745710975974653,-0.0018991764590117295,9,2025Q4
2025-11-06,XLV,0.037942259434607495,-0.002414211044819583,9,2025Q4
2025-11-06,XLY,-0.02195053039343997,-0.0017480877402225358,9,2025Q4
2025-11-07,XLB,0.003587662542506531,-0.0021419098506937845,9,2025Q4
2025-11-07,XLC,-0.000396412258682699,-0.0002128107967321268,9,2025Q4
2025-11-07,XLE,0.01683356626742527,-0.0015998807938766503,9,2025Q4
2025-11-07,XLF,-0.017299927113716862,-0.0016490361851080482,9,2025Q4
2025-11-07,XLI,-0.010427473480051797,-0.0008785516896109717,9,2025Q4
2025-11-07,XLK,-0.007786718271591275,2.2254494583971414e-05,9,2025Q4
2025-11-07,XLP,0.008681178479811757,-0.0023767252588168383,9,2025Q4
2025-11-07,XLRE,-0.006397086982832811,-0.0035327877127377455,9,2025Q4
2025-11-07,XLU,0.006449574928832913,-0.0016149286961129683,9,2025Q4
2025-11-07,XLV,0.04594472147186601,-0.0022624749500835327,9,2025Q4
2025-11-07,XLY,-0.02237318349180939,-0.0015548114145015634,9,2025Q4
2025-11-10,XLB,0.018532273000684607,-0.002165347028008818,9,2025Q4
2025-11-10,XLC,0.018368691325647446,-0.00020048624638450323,9,2025Q4
2025-11-10,XLE,0.039203714962539715,-0.0018008482476074097,9,2025Q4
2025-11-10,XLF,0.0011396093860781553,-0.0013047972690346814,9,2025Q4
2025-11-10,XLI,0.003135269509384142,-0.0007930112574418665,9,2025Q4
2025-11-10,XLK,-0.024486508998160406,5.2389007744824004e-05,9,2025Q4
2025-11-10,XLP,0.04011157752704575,-0.0024922778387600417,9,2025Q4
2025-11-10,XLRE,0.02140358216718674,-0.0033618071540762228,9,2025Q4
2025-11-10,XLU,0.026437958179335808,-0.0015412570439700957,9,2025Q4
2025-11-10,XLV,0.06739916136311797,-0.002432712445214749,9,2025Q4
2025-11-10,XLY,-0.029166833377444523,-0.0013688632227212621,9,2025Q4
2025-11-12,XLB,0.003024018264823347,-0.002407450137097487,9,2025Q4
2025-11-12,XLC,0.00966622851084209,-0.00028935665424758574,9,2025Q4
2025-11-12,XLE,0.026264057042844402,-0.0017914783994378877,9,2025Q4
2025-11-12,XLF,-0.008950548268055636,-0.0015081299234864934,9,2025Q4
2025-11-12,XLI,0.004196282139592888,-0.0008293062928942937,9,2025Q4
2025-11-12,XLK,-0.013695828022079803,4.6628803232309605e-05,9,2025Q4
2025-11-12,XLP,0.01988783590623644,-0.002611492170103999,9,2025Q4
2025-11-12,XLRE,0.009575769398807887,-0.003348319726011369,9,2025Q4
2025-11-12,XLU,0.014238335194676544,-0.0016332513134589225,9,2025Q4
2025-11-12,XLV,0.027157393435921606,-0.002333445519622869,9,2025Q4
2025-11-12,XLY,-0.02607902067152612,-0.001385807539865819,9,2025Q4
2025-11-13,XLB,-0.0064834355274629996,-0.0022883847932370902,9,2025Q4
2025-11-13,XLC,0.011520065718712336,-0.0002221839120979882,9,2025Q4
2025-11-13,XLE,0.011126500775105352,-0.001309920337968311,9,2025Q4
2025-11-13,XLF,-0.006265328181920493,-0.0014776468488042057,9,2025Q4
2025-11-13,XLI,0.0015967995326093831,-0.0007978808366771409,9,2025Q4
2025-11-13,XLK,-0.021354558174439653,0.00010114330560650705,9,2025Q4
2025-11-13,XLP,0.02566836132638506,-0.0024657956147645854,9,2025Q4
2025-11-13,XLRE,0.01776478424457284,-0.003541951548219411,9,2025Q4
2025-11-13,XLU,0.021588520207774686,-0.0015696463944248704,9,2025Q4
2025-11-13,XLV,0.020388873094148163,-0.0018519227938260886,9,2025Q4
2025-11-13,XLY,-0.017693127872109415,-0.0014124321956533012,9,2025Q4
2025-11-14,XLB,0.014358045786999507,-0.0023006123527295206,9,2025Q4
2025-11-14,XLC,0.024318342177594432,-0.00031079221240226424,9,2025Q4
2025-11-14,XLE,-0.009056298825489084,-0.0015564010973291458,9,2025Q4
2025-11-14,XLF,0.004327122402001282,-0.0015187012974030082,9,2025Q4
2025-11-14,XLI,0.0035415637277658174,-0.0008849977839648686,9,2025Q4
2025-11-14,XLK,-0.032684271574926926,0.000151176192693831,9,2025Q4
2025-11-14,XLP,0.02748214572586749,-0.002637732251405577,9,2025Q4
2025-11-14,XLRE,0.017977427186719686,-0.0033252341353973355,9,2025Q4
2025-11-14,XLU,0.012325963333363221,-0.0017477175436005263,9,2025Q4
2025-11-14,XLV,0.037508380327631374,-0.001958835802454251,9,2025Q4
2025-11-14,XLY,-0.004146021330249439,-0.001382556151315014,9,2025Q4
2025-11-17,XLB,0.00792507033239942,-0.0023586511634103276,9,2025Q4
2025-11-17,XLC,0.011862922603020465,-0.0003364885676899903,9,2025Q4
2025-11-17,XLE,-0.017547946045621376,-0.0014396500384331271,9,2025Q4
2025-11-17,XLF,0.00395511990133679,-0.001421985203894151,9,2025Q4
2025-11-17,XLI,-0.008051562730715278,-0.000935364763907708,9,2025Q4
2025-11-17,XLK,-0.018452463919104378,0.00012958976006564285,9,2025Q4
2025-11-17,XLP,-0.0016009103598157992,-0.0026693190458410786,9,2025Q4
2025-11-17,XLRE,0.002286116859749443,-0.003344817955974183,9,2025Q4
2025-11-17,XLU,-0.009174808902954523,-0.001389134585465574,9,2025Q4
2025-11-17,XLV,0.01887049748470848,-0.0019644580979440666,9,2025Q4
2025-11-17,XLY,-0.005515025524544526,-0.0014139624319166296,9,2025Q4
2025-11-18,XLB,0.004143741853327665,-0.0023657028765043503,9,2025Q4
2025-11-18,XLC,-0.0003636979778238736,-0.00026870510131703175,9,2025Q4
2025-11-18,XLE,-0.049538957307599385,-0.0013385315304105011,9,2025Q4
2025-11-18,XLF,0.00014231909690964883,-0.0014699354674455839,9,2025Q4
2025-11-18,XLI,-0.008819806353438597,-0.0009398975269350661,9,2025Q4
2025-11-18,XLK,-0.017508723202768195,0.00017592706133815394,9,2025Q4
2025-11-18,XLP,-0.010182258299547886,-0.002663764746039351,9,2025Q4
2025-11-18,XLRE,-0.01136739435290024,-0.003284215345220061,9,2025Q4
2025-11-18,XLU,-0.027229002368552413,-0.0011799266296671509,9,2025Q4
2025-11-18,XLV,0.01786706795123516,-0.0019901458842416946,9,2025Q4
2025-11-18,XLY,0.01701003239399479,-0.0014182799385160645,9,2025Q4
2025-11-19,XLB,0.011008178312544858,-0.0023253182055636024,9,2025Q4
2025-11-19,XLC,0.0036783195311738126,-0.00020279453422411575,9,2025Q4
2025-11-19,XLE,-0.03240636741719427,-0.0017156623908113535,9,2025Q4
2025-11-19,XLF,0.0012280828609629868,-0.0013902337020650218,9,2025Q4
2025-11-19,XLI,-0.009435489052825874,-0.0008020664655102399,9,2025Q4
2025-11-19,XLK,-0.015729732264312624,0.0002843420134928001,9,2025Q4
2025-11-19,XLP,0.005637648574851051,-0.002682983020546679,9,2025Q4
2025-11-19,XLRE,-0.0020329476118354783,-0.0031448674436289773,9,2025Q4
2025-11-19,XLU,-0.008549834694991931,-0.0016060479397769062,9,2025Q4
2025-11-19,XLV,0.01424819298181279,-0.0019875645171204583,9,2025Q4
2025-11-19,XLY,0.02099317666631917,-0.0009319428857587859,9,2025Q4
2025-11-20,XLB,0.011196380895535318,-0.002293756004446558,9,2025Q4
2025-11-20,XLC,0.0019933241817491343,-0.0002932511215393821,9,2025Q4
2025-11-20,XLE,-0.029399529445939043,-0.0019113396838791419,9,2025Q4
2025-11-20,XLF,-0.0038571179097930397,-0.0015606245859666294,9,2025Q4
2025-11-20,XLI,-0.007652717600316272,-0.0010700208826843905,9,2025Q4
2025-11-20,XLK,0.004406585687722453,-9.63933517713531e-05,9,2025Q4
2025-11-20,XLP,-0.01731620319542926,-0.0029190816946328803,9,2025Q4
2025-11-20,XLRE,-0.01509071447864696,-0.0033619565081577183,9,2025Q4
2025-11-20,XLU,-0.017640493035179228,-0.001427430533355127,9,2025Q4
2025-11-20,XLV,-0.006149006442948801,-0.002245261407737915,9,2025Q4
2025-11-20,XLY,0.02188783889451229,-0.0009336898706571724,9,2025Q4
2025-11-21,XLB,0.0005444105131051646,-0.002420924593095517,9,2025Q4
2025-11-21,XLC,-0.005866361367860451,-0.00030037582078392354,9,2025Q4
2025-11-21,XLE,-0.01098114237440262,-0.0018024824038125231,9,2025Q4
2025-11-21,XLF,-0.008617805406842205,-0.00140953677922086,9,2025Q4
2025-11-21,XLI,-0.020132680606193665,-0.0008350415978088491,9,2025Q4
2025-11-21,XLK,0.015904050406928327,0.00015082821310109036,9,2025Q4
2025-11-21,XLP,-0.01438579635761017,-0.0026636317632436103,9,2025Q4
2025-11-21,XLRE,-0.027583708545199315,-0.0033789052588945323,9,2025Q4
2025-11-21,XLU,-0.028145237501593368,-0.001566744335176145,9,2025Q4
2025-11-21,XLV,-0.027831022197707167,-0.002371836839131705,9,2025Q4
2025-11-21,XLY,0.016994761467106878,-0.0009900568087565231,9,2025Q4
2025-11-24,XLB,0.002241579993692122,-0.0022513762924113133,9,2025Q4
2025-11-24,XLC,0.0005035199175091876,-0.00024357491139566161,9,2025Q4
2025-11-24,XLE,-0.008262661334784926,-0.0017593085155606031,9,2025Q4
2025-11-24,XLF,-0.000832800205468498,-0.0012444329575941,9,2025Q4
2025-11-24,XLI,-0.0007407593498123255,-0.0006663069430833245,9,2025Q4
2025-11-24,XLK,0.01514475064268006,0.00041871550777989024,9,2025Q4
2025-11-24,XLP,0.0038462536372005918,-0.0026278926617970856,9,2025Q4
2025-11-24,XLRE,-0.018408337474812297,-0.0030640808480119856,9,2025Q4
2025-11-24,XLU,-0.03338641274297005,-0.0016033372528980485,9,2025Q4
2025-11-24,XLV,-0.024937487418857596,-0.0023459160657283767,9,2025Q4
2025-11-24,XLY,0.01556231710198408,-0.0010067430297976449,9,2025Q4
2025-11-25,XLB,0.00029775360243489146,-0.0022811525995770745,9,2025Q4
2025-11-25,XLC,-0.005878759096033193,-0.0003342203147148324,9,2025Q4
2025-11-25,XLE,0.02319866225834799,-0.001564261346998328,9,2025Q4
2025-11-25,XLF,0.006083097403917881,-0.001264892684951945,9,2025Q4
2025-11-25,XLI,0.0019333716151161973,-0.0009025077973305492,9,2025Q4
2025-11-25,XLK,0.020839538783422373,0.00024551965951848304,9,2025Q4
2025-11-25,XLP,-0.0032761443767548304,-0.0027604703602981517,9,2025Q4
2025-11-25,XLRE,-0.01846851802329741,-0.0031742392618495253,9,2025Q4
2025-11-25,XLU,-0.026764943222240656,-0.00167139630828086,9,2025Q4
2025-11-25,XLV,-0.0363815178642124,-0.003860405906453858,9,2025Q4
2025-11-25,XLY,0.010809948517314538,-0.0012778376650127749,9,2025Q4
2025-11-26,XLB,-0.01165467257665631,-0.00252321029511205,9,2025Q4
2025-11-26,XLC,0.0046900481973326524,-0.00036343550167677765,9,2025Q4
2025-11-26,XLE,0.02600037588846371,-0.0015779872666900423,9,2025Q4
2025-11-26,XLF,0.006479144659976566,-0.001520643813013975,9,2025Q4
2025-11-26,XLI,0.007533619146922188,-0.001023458956931872,9,2025Q4
2025-11-26,XLK,0.018759182309006084,0.00021390826680794646,9,2025Q4
2025-11-26,XLP,-0.01275915756669066,-0.002894493224545687,9,2025Q4
2025-11-26,XLRE,-0.01826322573053274,-0.003334765220974413,9,2025Q4
2025-11-26,XLU,-0.035488460386056575,-0.0017265843448947887,9,2025Q4
2025-11-26,XLV,-0.03546148267995308,-0.003723873092731738,9,2025Q4
2025-11-26,XLY,0.00643197048924149,-0.0014981273501553996,9,2025Q4
2025-11-28,XLB,-0.017012107000588195,-0.0026195748936989794,9,2025Q4
2025-11-28,XLC,0.011713721737396376,-0.0004801490017633371,9,2025Q4
2025-11-28,XLE,0.012002031850272932,-0.0016416589421188684,9,2025Q4
2025-11-28,XLF,0.0031973356197769753,-0.0016171266718453567,9,2025Q4
2025-11-28,XLI,0.002425303178797522,-0.0011233528385397678,9,2025Q4
2025-11-28,XLK,0.02102126073940669,5.220552519898873e-05,9,2025Q4
2025-11-28,XLP,-0.014830863714182185,-0.0030704464641100474,9,2025Q4
2025-11-28,XLRE,-0.019684269066549187,-0.0035093752184229207,9,2025Q4
2025-11-28,XLU,-0.047832086754540315,-0.001854971261086791,9,2025Q4
2025-11-28,XLV,-0.031212069963314826,-0.003829223007905483,9,2025Q4
2025-11-28,XLY,0.009321560682752139,-0.0016004494336474685,9,2025Q4
2025-12-01,XLB,-0.029832689184633332,-0.002342830331331227,9,2025Q4
2025-12-01,XLC,0.007337667579159657,-0.00017536040886501156,9,2025Q4
2025-12-01,XLE,-0.010195457098689631,-0.0017169784885696848,9,2025Q4
2025-12-01,XLF,0.006216012519780545,-0.0013122941360006251,9,2025Q4
2025-12-01,XLI,0.01454044660074083,-0.000787276810389131,9,2025Q4
2025-12-01,XLK,0.026176552105928508,0.00024245898116791154,9,2025Q4
2025-12-01,XLP,-0.02360487302376324,-0.002700925975124041,9,2025Q4
2025-12-01,XLRE,-0.013457102875451654,-0.003290352210708352,9,2025Q4
2025-12-01,XLU,-0.03962456160012251,-0.0017193199141307025,9,2025Q4
2025-12-01,XLV,-0.029795934997316587,-0.002864865581446223,9,2025Q4
2025-12-01,XLY,-0.0075596717781778455,-0.0013813149935797682,9,2025Q4
2025-12-02,XLB,-0.020208134530315225,-0.00214345544962798,9,2025Q4
2025-12-02,XLC,0.007851219747731397,-8.937312837007175e-05,9,2025Q4
2025-12-02,XLE,0.011762652917894911,-0.0016223869227852006,9,2025Q4
2025-12-02,XLF,0.006111421852819321,-0.001111273067395407,9,2025Q4
2025-12-02,XLI,0.001057505015237492,-0.000704328608779015,9,2025Q4
2025-12-02,XLK,0.021082011804340217,0.00024205542551860963,9,2025Q4
2025-12-02,XLP,-0.012117850176624367,-0.0026916233533796933,9,2025Q4
2025-12-02,XLRE,-0.014169738283171474,-0.0031789143507890078,9,2025Q4
2025-12-02,XLU,-0.029297988198806357,-0.0016200215242539603,9,2025Q4
2025-12-02,XLV,-0.03072039711633545,-0.00266555987493503,9,2025Q4
2025-12-02,XLY,-0.004245716476250827,-0.0012345248607307038,9,2025Q4
2025-12-03,XLB,-0.011111963330820651,-0.002122068467377076,9,2025Q4
2025-12-03,XLC,0.011469534485369026,9.630388434369241e-05,9,2025Q4
2025-12-03,XLE,0.00039055203524540616,-0.0014803568661980963,9,2025Q4
2025-12-03,XLF,0.0009682240274877518,-0.0014481397351500573,9,2025Q4
2025-12-03,XLI,0.006615645653120783,-0.0006988992405873037,9,2025Q4
2025-12-03,XLK,0.02037852662686568,0.0002185306238753782,9,2025Q4
2025-12-03,XLP,-0.013119153068895995,-0.002665555008916164,9,2025Q4
2025-12-03,XLRE,-0.01731183209040621,-0.003193377734067876,9,2025Q4
2025-12-03,XLU,-0.029810206066010814,-0.001571881158358213,9,2025Q4
2025-12-03,XLV,-0.024338939505108015,-0.0025917267272250076,9,2025Q4
2025-12-03,XLY,-0.003581743859858433,-0.0012421152056913843,9,2025Q4
2025-12-04,XLB,0.013022460155167392,-0.0018636274239261434,9,2025Q4
2025-12-04,XLC,0.0018247290631316915,2.0272525878811632e-05,9,2025Q4
2025-12-04,XLE,-0.010237412240732935,-0.0014125445917645488,9,2025Q4
2025-12-04,XLF,0.0155650632119535,-0.001314666895228208,9,2025Q4
2025-12-04,XLI,0.010562933210986447,-0.0004935884175367083,9,2025Q4
2025-12-04,XLK,0.009747048655895041,0.0003861245726658921,9,2025Q4
2025-12-04,XLP,-0.0025228813969158104,-0.0023853531813891474,9,2025Q4
2025-12-04,XLRE,-0.011862370585306814,-0.0029985521085326306,9,2025Q4
2025-12-04,XLU,-0.022312621964965307,-0.0014060813385097922,9,2025Q4
2025-12-04,XLV,-0.009063594059529723,-0.002407669293790732,9,2025Q4
2025-12-04,XLY,0.002337925612666769,-0.0011554173785938335,9,2025Q4
2025-12-05,XLB,0.029773185808193436,-0.0020482497757916378,9,2025Q4
2025-12-05,XLC,0.0007796899905823107,-7.285974811338872e-05,9,2025Q4
2025-12-05,XLE,-0.003197118439611346,-0.0014749547130854133,9,2025Q4
2025-12-05,XLF,0.029390171319809588,-0.0013761932820141316,9,2025Q4
2025-12-05,XLI,0.01970480012313025,-0.0006408192117821149,9,2025Q4
2025-12-05,XLK,-0.014118478798215817,0.00030379933210195466,9,2025Q4
2025-12-05,XLP,0.017966987019039204,-0.0024944196824796734,9,2025Q4
2025-12-05,XLRE,-0.00012363361752931734,-0.0030690741063726444,9,2025Q4
2025-12-05,XLU,-0.005123050475243085,-0.001559949634113603,9,2025Q4
2025-12-05,XLV,0.010951340761373163,-0.0024161998938899885,9,2025Q4
2025-12-05,XLY,0.013833014836450386,-0.0011883503912787172,9,2025Q4
2025-12-08,XLB,0.041960552024213116,-0.0019203559958315883,9,2025Q4
2025-12-08,XLC,0.006908498059579826,3.755322505386244e-05,9,2025Q4
2025-12-08,XLE,-0.0008217877610154911,-0.0014415162350178675,9,2025Q4
2025-12-08,XLF,0.032476914914948085,-0.0012951414186667936,9,2025Q4
2025-12-08,XLI,0.021082529706152653,-0.0005520389503769989,9,2025Q4
2025-12-08,XLK,-0.03186171218201461,0.00020955538468501447,9,2025Q4
2025-12-08,XLP,0.027760888678013296,-0.002470534844522807,9,2025Q4
2025-12-08,XLRE,0.008414863905738534,-0.002968540968519582,9,2025Q4
2025-12-08,XLU,0.01594618061405073,-0.0015043551621828953,9,2025Q4
2025-12-08,XLV,0.035081392468281236,-0.0023577760705398723,9,2025Q4
2025-12-08,XLY,0.03593966225551537,-0.0011423573892006124,9,2025Q4
2025-12-09,XLB,0.04321038354028739,-0.00194797787808222,9,2025Q4
2025-12-09,XLC,0.008338928622038444,-9.156304707800113e-05,9,2025Q4
2025-12-09,XLE,-0.035251614227654215,-0.0015756849022692029,9,2025Q4
2025-12-09,XLF,0.031630585258484056,-0.0012851966440246612,9,2025Q4
2025-12-09,XLI,0.024374666936403666,-0.0006775417959990223,9,2025Q4
2025-12-09,XLK,-0.030781847441747723,0.00014110408860595436,9,2025Q4
2025-12-09,XLP,0.02264564185887219,-0.0025884757707549163,9,2025Q4
2025-12-09,XLRE,0.007339627634192936,-0.00308985623757339,9,2025Q4
2025-12-09,XLU,0.01288868546395261,-0.00144765413268763,9,2025Q4
2025-12-09,XLV,0.03351236834858928,-0.0024607248996973315,9,2025Q4
2025-12-09,XLY,0.03958531062293991,-0.0012756102364936963,9,2025Q4
2025-12-10,XLB,0.04499138486534093,-0.0019502432868429152,9,2025Q4
2025-12-10,XLC,0.012754813987899793,1.8999103827798368e-05,9,2025Q4
2025-12-10,XLE,-0.006798548699128992,-0.0014187954899002124,9,2025Q4
2025-12-10,XLF,0.03724928111572323,-0.0013184071063846309,9,2025Q4
2025-12-10,XLI,0.007305892036622019,-0.00048583085693019285,9,2025Q4
2025-12-10,XLK,-0.03928075396311714,0.0002388065835555596,9,2025Q4
2025-12-10,XLP,0.0417993748486174,-0.00250851487778771,9,2025Q4
2025-12-10,XLRE,0.02721400764872528,-0.0029153432559465755,9,2025Q4
2025-12-10,XLU,0.02421968832594512,-0.001357290363681506,9,2025Q4
2025-12-10,XLV,0.034362879569823646,-0.0024327119031279944,9,2025Q4
2025-12-10,XLY,0.030283957497544645,-0.0011788650604823317,9,2025Q4
2025-12-11,XLB,0.019536120101093846,-0.001845574801210956,9,2025Q4
2025-12-11,XLC,0.015517254373213052,0.0006806487491202781,9,2025Q4
2025-12-11,XLE,-0.02138926830325405,-0.0011142140169997827,9,2025Q4
2025-12-11,XLF,0.012413748654463763,-0.0008815966742534481,9,2025Q4
2025-12-11,XLI,-0.0018598695670389853,-0.00015100927951068835,9,2025Q4
2025-12-11,XLK,-0.02502679026937138,0.000533727600283839,9,2025Q4
2025-12-11,XLP,0.023377202651405304,-0.0023293946882777476,9,2025Q4
2025-12-11,XLRE,0.010584826817823134,-0.0025155542523537847,9,2025Q4
2025-12-11,XLU,0.0216807521768142,-0.0010066135565304376,9,2025Q4
2025-12-11,XLV,0.020576681353620896,-0.002100324518189311,9,2025Q4
2025-12-11,XLY,0.03640100451206607,-0.0008433361014029635,9,2025Q4
2025-12-12,XLB,0.006588793177608299,-0.0020120203554129515,9,2025Q4
2025-12-12,XLC,0.0014587461870962937,0.0003625168841720537,9,2025Q4
2025-12-12,XLE,-0.028606859488265357,-0.001079700855505488,9,2025Q4
2025-12-12,XLF,-0.0002856733917181442,-0.0008742440830062836,9,2025Q4
2025-12-12,XLI,-0.0038982468182314767,-0.00020378309073596063,9,2025Q4
2025-12-12,XLK,0.008049224598856597,0.00033910840270444517,9,2025Q4
2025-12-12,XLP,-0.006342277126392348,-0.002513336461879804,9,2025Q4
2025-12-12,XLRE,-0.008590602021761096,-0.002600226142717799,9,2025Q4
2025-12-12,XLU,-0.002953477650763703,-0.001038459319486769,9,2025Q4
2025-12-12,XLV,0.007428206680768046,-0.0020605351204643282,9,2025Q4
2025-12-12,XLY,0.011243901208373819,-0.0007610062047815835,9,2025Q4
2025-12-15,XLB,0.006166770356979212,-0.0019652250021134237,9,2025Q4
2025-12-15,XLC,-0.005250877669926934,0.000558418809868973,9,2025Q4
2025-12-15,XLE,-0.02770915971918464,-0.0011083091347229377,9,2025Q4
2025-12-15,XLF,-2.1854847603419714e-05,-0.0008246535596478555,9,2025Q4
2025-12-15,XLI,-0.005640756006673131,-0.00014187380371435127,9,2025Q4
2025-12-15,XLK,0.014075437741338348,0.0005375354179520492,9,2025Q4
2025-12-15,XLP,-0.028122393468889784,-0.0025010289193216875,9,2025Q4
2025-12-15,XLRE,-0.02362255485265763,-0.002576543688799856,9,2025Q4
2025-12-15,XLU,-0.02337602323411503,-0.0010448912418215331,9,2025Q4
2025-12-15,XLV,-0.011147865878203711,-0.002193830393205828,9,2025Q4
2025-12-15,XLY,-0.0010118558376044362,-0.0007104324834176197,9,2025Q4
2025-12-16,XLB,0.003276768748066594,-0.0020150557161062654,9,2025Q4
2025-12-16,XLC,-0.007046134523829295,0.0002968912199979261,9,2025Q4
2025-12-16,XLE,0.0023599308876085523,-0.001148555934465347,9,2025Q4
2025-12-16,XLF,0.001068374409364914,-0.000978441258991828,9,2025Q4
2025-12-16,XLI,-0.007430651474924499,-0.0002491622917444317,9,2025Q4
2025-12-16,XLK,0.010389563360861276,0.0004742980349769924,9,2025Q4
2025-12-16,XLP,-0.035715831319205416,-0.002563768279089252,9,2025Q4
2025-12-16,XLRE,-0.02251443552649146,-0.002607532043672824,9,2025Q4
2025-12-16,XLU,-0.023148262230867744,-0.0011834062166529474,9,2025Q4
2025-12-16,XLV,-0.007418586177183606,-0.002176041257951727,9,2025Q4
2025-12-16,XLY,-0.011421555427006513,-0.0007917749776246899,9,2025Q4
2025-12-17,XLB,-0.013885574843923276,-0.0019704105014745022,9,2025Q4
2025-12-17,XLC,-0.008581869006369258,0.00036819230335356974,9,2025Q4
2025-12-17,XLE,-0.037425161212470526,-0.0011152423482749323,9,2025Q4
2025-12-17,XLF,-0.008133831346042841,-0.000905032688115577,9,2025Q4
2025-12-17,XLI,-0.002411149580245464,-0.00025607782192458607,9,2025Q4
2025-12-17,XLK,0.021303852055670758,0.000327036275379006,9,2025Q4
2025-12-17,XLP,-0.04747832760283344,-0.0025477015823084084,9,2025Q4
2025-12-17,XLRE,-0.0353893469794363,-0.002995493140341052,9,2025Q4
2025-12-17,XLU,-0.027099970936008022,-0.0010798641150659186,9,2025Q4
2025-12-17,XLV,-0.015199517588590394,-0.0023856908122635006,9,2025Q4
2025-12-17,XLY,-0.01109371553572669,-0.0008748855923591803,9,2025Q4
2025-12-18,XLB,0.00035112407928061806,-0.0022499337999698533,9,2025Q4
2025-12-18,XLC,-0.0075802953018466734,6.362011124479941e-05,9,2025Q4
2025-12-18,XLE,-0.01887292570098631,-0.0013404555628441206,9,2025Q4
2025-12-18,XLF,-0.0006571680273264047,-0.0011841606526884032,9,2025Q4
2025-12-18,XLI,-0.003116237463681726,-0.000522326887889864,9,2025Q4
2025-12-18,XLK,0.014795903350180106,0.0002461293196843999,9,2025Q4
2025-12-18,XLP,-0.03258189099589803,-0.002753923372979236,9,2025Q4
2025-12-18,XLRE,-0.019471005932856,-0.003201765408090147,9,2025Q4
2025-12-18,XLU,-0.029722696164206752,-0.0014026269610350982,9,2025Q4
2025-12-18,XLV,-0.0065549184806901195,-0.0027171992004542678,9,2025Q4
2025-12-18,XLY,-0.022829591252974235,-0.00111956850436104,9,2025Q4
2025-12-19,XLB,-0.002512046596710782,-0.001967190571470096,9,2025Q4
2025-12-19,XLC,0.0010904229633719176,0.0003407116529585138,9,2025Q4
2025-12-19,XLE,0.000436342460186534,-0.0009911760502434057,9,2025Q4
2025-12-19,XLF,-0.0019144799805730361,-0.000862509552426628,9,2025Q4
2025-12-19,XLI,-0.004187040694741295,-0.000202585692441232,9,2025Q4
2025-12-19,XLK,-0.0018843659710514604,0.0005358824159740353,9,2025Q4
2025-12-19,XLP,-0.017014003735338568,-0.002500379309902973,9,2025Q4
2025-12-19,XLRE,-0.0032285839184897913,-0.0025229350629339163,9,2025Q4
2025-12-19,XLU,-0.005271953657435269,-0.00107116555476226,9,2025Q4
2025-12-19,XLV,-0.005052138406408169,-0.00235701152520278,9,2025Q4
2025-12-19,XLY,-0.018874026864004745,-0.0007503253629332432,9,2025Q4
2025-12-22,XLB,-0.0018694990435550451,-0.00197635463574314,9,2025Q4
2025-12-22,XLC,0.0107889552235243,0.0003278864779911683,9,2025Q4
2025-12-22,XLE,0.013781215911597533,-0.00043135828792682074,9,2025Q4
2025-12-22,XLF,-0.005714002057331857,-0.0008590656658399624,9,2025Q4
2025-12-22,XLI,-0.007194733078926596,-0.00012788941311223678,9,2025Q4
2025-12-22,XLK,-0.001461034229874647,0.0005331009415573474,9,2025Q4
2025-12-22,XLP,0.00028360035006524953,-0.002473869374051812,9,2025Q4
2025-12-22,XLRE,0.010004088278936063,-0.002400032375776976,9,2025Q4
2025-12-22,XLU,0.008354284160952297,-0.0007517715153473521,9,2025Q4
2025-12-22,XLV,-0.000736394748640512,-0.002382788609042661,9,2025Q4
2025-12-22,XLY,-0.019367675880541335,-0.0007564829266333113,9,2025Q4
2025-12-23,XLB,3.6410809244658005e-05,-0.0020986600759459674,9,2025Q4
2025-12-23,XLC,0.011590722554177701,0.0003015313438090256,9,2025Q4
2025-12-23,XLE,0.013498681331747142,-0.00039242026750144226,9,2025Q4
2025-12-23,XLF,-0.0031273294075797597,-0.0008520148928779766,9,2025Q4
2025-12-23,XLI,-0.003132006517117425,-0.00014837045179887817,9,2025Q4
2025-12-23,XLK,-0.004786709617130791,0.000501267252970809,9,2025Q4
2025-12-23,XLP,0.01097284559326328,-0.00242726764891307,9,2025Q4
2025-12-23,XLRE,0.013010540885105448,-0.0024270932180222647,9,2025Q4
2025-12-23,XLU,0.010422001606556264,-0.0009365452980955973,9,2025Q4
2025-12-23,XLV,0.007553694667149058,-0.002565793256738947,9,2025Q4
2025-12-23,XLY,-0.013811890693051554,-0.0007690408013218519,9,2025Q4
2025-12-24,XLB,0.016551726299707803,-0.0023462341161416688,9,2025Q4
2025-12-24,XLC,0.00036646398683604087,-3.201167399362944e-05,9,2025Q4
2025-12-24,XLE,0.0392918447939975,-0.0007766586842158954,9,2025Q4
2025-12-24,XLF,-0.003911401677396786,-0.0012149642505480348,9,2025Q4
2025-12-24,XLI,0.01349114290404596,-0.000513604418800146,9,2025Q4
2025-12-24,XLK,-0.0032270161299025046,0.00020560593841112483,9,2025Q4
2025-12-24,XLP,0.004939171577881041,-0.0028465826377246975,9,2025Q4
2025-12-24,XLRE,0.008959844331204558,-0.002799707290280085,9,2025Q4
2025-12-24,XLU,0.019086364314263915,-0.0010864550322097128,9,2025Q4
2025-12-24,XLV,0.008582163137556553,-0.002966893753214724,9,2025Q4
2025-12-24,XLY,-0.02414331030622907,-0.001122395139539539,9,2025Q4
2025-12-26,XLB,0.01394495423450759,-0.002173883182089688,9,2025Q4
2025-12-26,XLC,0.0018870566333859529,2.9051405987080533e-05,9,2025Q4
2025-12-26,XLE,0.06461166604209745,-0.0009200150888777202,9,2025Q4
2025-12-26,XLF,0.012921301073605784,-0.0011667140075675327,9,2025Q4
2025-12-26,XLI,0.020544762419223206,-0.00046635883579716135,9,2025Q4
2025-12-26,XLK,-0.00928293586945339,0.00029908178226985055,9,2025Q4
2025-12-26,XLP,-0.007496943967949643,-0.002822269992953308,9,2025Q4
2025-12-26,XLRE,0.0015308121651225193,-0.0028389123538527785,9,2025Q4
2025-12-26,XLU,0.001881904809737489,-0.0008105062401555313,9,2025Q4
2025-12-26,XLV,-0.0027203469888810172,-0.0027920815963758203,9,2025Q4
2025-12-26,XLY,-0.010586448372104873,-0.0010960738522706765,9,2025Q4
2025-12-29,XLB,0.03272128679634867,-0.0022723966656784805,9,2025Q4
2025-12-29,XLC,-0.010507259984326223,7.897989976851996e-06,9,2025Q4
2025-12-29,XLE,0.017102635040090686,-0.0014140288448230508,9,2025Q4
2025-12-29,XLF,0.01376570744422434,-0.001231914418107103,9,2025Q4
2025-12-29,XLI,0.02707266249646878,-0.0004789321326999395,9,2025Q4
2025-12-29,XLK,-0.0004098421455136503,0.0003483063743205644,9,2025Q4
2025-12-29,XLP,-0.01610453974673698,-0.00280763315213723,9,2025Q4
2025-12-29,XLRE,-0.004034204250274787,-0.002342677403772511,9,2025Q4
2025-12-29,XLU,-0.00459048023436992,-0.0011118849552739635,9,2025Q4
2025-12-29,XLV,0.008876137982781529,-0.002406151354139361,9,2025Q4
2025-12-29,XLY,-0.003936630568245114,-0.0012291329259842033,9,2025Q4
2025-12-30,XLB,0.01703326087747503,-0.0021630031122743818,9,2025Q4
2025-12-30,XLC,-0.013885408002301536,7.868599354748701e-05,9,2025Q4
2025-12-30,XLE,4.0290767445050335e-05,-0.0014199515718921404,9,2025Q4
2025-12-30,XLF,0.004051830484114616,-0.0012569169403465821,9,2025Q4
2025-12-30,XLI,0.01256141511511566,-0.0005543122751883057,9,2025Q4
2025-12-30,XLK,0.003961510824806336,0.0003300204832975607,9,2025Q4
2025-12-30,XLP,-0.023318583147350802,-0.0027478939682453454,9,2025Q4
2025-12-30,XLRE,-0.017984462953828384,-0.0026358137689224013,9,2025Q4
2025-12-30,XLU,-0.029113287501175478,-0.0010391678015779062,9,2025Q4
2025-12-30,XLV,0.021824414053462693,-0.002162098002734956,9,2025Q4
2025-12-30,XLY,0.0007456923562727535,-0.0011951463788432933,9,2025Q4
2025-12-31,XLB,0.036278702924280815,-0.0021880976554423054,9,2025Q4
2025-12-31,XLC,-0.013169073853234958,0.00010551991527026961,9,2025Q4
2025-12-31,XLE,0.030023766357697212,-0.001333280104164337,9,2025Q4
2025-12-31,XLF,0.00950139483083845,-0.0013001867006305816,9,2025Q4
2025-12-31,XLI,0.02142510307939771,-0.0005215702454603749,9,2025Q4
2025-12-31,XLK,-0.009254947163147564,0.00047458037462700634,9,2025Q4
2025-12-31,XLP,-0.0013466097542000899,-0.0026330697652198775,9,2025Q4
2025-12-31,XLRE,-0.008899854598169554,-0.0026458419740851193,9,2025Q4
2025-12-31,XLU,-0.027527620605548475,-0.0011745058303552196,9,2025Q4
2025-12-31,XLV,0.010316690554227792,-0.0021014727190398408,9,2025Q4
2025-12-31,XLY,0.018264185202224725,-0.0011329768076732347,9,2025Q4
2026-01-02,XLB,0.030445660687884457,-0.0011033820998368167,10,2026Q1
2026-01-02,XLC,-0.007315170023385331,0.00048806976691162003,10,2026Q1
2026-01-02,XLE,0.006388887984835501,-0.0005854529940523687,10,2026Q1
2026-01-02,XLF,-0.0013910426208603166,-0.00049149513014023,10,2026Q1
2026-01-02,XLI,0.009048131803323312,0.00022301722425690975,10,2026Q1
2026-01-02,XLK,-0.00313452033375361,0.0010541323835528533,10,2026Q1
2026-01-02,XLP,0.0041247711963579015,-0.0018883942091954197,10,2026Q1
2026-01-02,XLRE,-0.012983264952186158,-0.001217367548824655,10,2026Q1
2026-01-02,XLU,-0.03147147595185795,-0.0008287909416982069,10,2026Q1
2026-01-02,XLV,-0.004380214814609706,-0.0008829519928355862,10,2026Q1
2026-01-02,XLY,0.03524902261252705,-0.0005914583819318949,10,2026Q1
2026-01-05,XLB,0.03083041999104119,-0.0011793460449403463,10,2026Q1
2026-01-05,XLC,-0.012516870108224332,0.00038430835283334683,10,2026Q1
2026-01-05,XLE,-0.022547936175575267,-0.0004409960334144868,10,2026Q1
2026-01-05,XLF,-0.02578361552746844,-0.0004628882285932522,10,2026Q1
2026-01-05,XLI,0.0099511150716185,0.00017306056241651727,10,2026Q1
2026-01-05,XLK,0.004186483963255494,0.0009959867605471382,10,2026Q1
2026-01-05,XLP,0.0257685861614958,-0.0020841005001906005,10,2026Q1
2026-01-05,XLRE,-0.006118875724074879,-0.0012549279286671246,10,2026Q1
2026-01-05,XLU,-0.013628660757448507,-0.0003909662924292362,10,2026Q1
2026-01-05,XLV,0.004274522949166304,-0.0009323490313515473,10,2026Q1
2026-01-05,XLY,0.024260612935758097,-0.0007000398586747546,10,2026Q1
2026-01-06,XLB,0.023061589012498773,-0.001499339858205074,10,2026Q1
2026-01-06,XLC,-0.006583254366723912,0.0003600693742356898,10,2026Q1
2026-01-06,XLE,0.026965274606852718,-0.0007238711981307825,10,2026Q1
2026-01-06,XLF,-0.041308325134570945,-0.00045942205666019983,10,2026Q1
2026-01-06,XLI,0.009449286437767768,0.00014954842156157541,10,2026Q1
2026-01-06,XLK,-0.0039923704685427275,0.000932445885290842,10,2026Q1
2026-01-06,XLP,0.04415278220782737,-0.0021014739449247044,10,2026Q1
2026-01-06,XLRE,0.002817957821499073,-0.0012867735109555734,10,2026Q1
2026-01-06,XLU,-0.004231423289872027,-0.00034362279729140165,10,2026Q1
2026-01-06,XLV,-0.011372587389350874,-0.0010527275833921816,10,2026Q1
2026-01-06,XLY,0.02310226143775962,-0.0006684967967699735,10,2026Q1
2026-01-07,XLB,0.04321334971527313,-0.0020843561617417098,10,2026Q1
2026-01-07,XLC,-0.004974320832792478,-0.00021558530989593011,10,2026Q1
2026-01-07,XLE,0.06379243088438358,-0.001255131461140442,10,2026Q1
2026-01-07,XLF,-0.02738539410704066,-0.0010079247110975518,10,2026Q1
2026-01-07,XLI,0.032208500535956475,-0.000495833829535747,10,2026Q1
2026-01-07,XLK,-0.013620033413233368,0.0005355602624955604,10,2026Q1
2026-01-07,XLP,0.07208735752196982,-0.0027207929049769767,10,2026Q1
2026-01-07,XLRE,0.030009883184890507,-0.0019964797951827792,10,2026Q1
2026-01-07,XLU,0.029917360108564273,-0.0006539668631145375,10,2026Q1
2026-01-07,XLV,-0.012405080451401651,-0.0016706365224175694,10,2026Q1
2026-01-07,XLY,0.010035129809297993,-0.0012174729399693149,10,2026Q1
2026-01-08,XLB,0.026777508665574157,-0.00298871984360453,10,2026Q1
2026-01-08,XLC,-0.014769684137680206,0.00018620287559152843,10,2026Q1
2026-01-08,XLE,0.0188118803089683,-0.0013560721298976565,10,2026Q1
2026-01-08,XLF,-0.03132963755417917,-0.0006352029634765252,10,2026Q1
2026-01-08,XLI,0.031065952194324842,-4.747103900185816e-05,10,2026Q1
2026-01-08,XLK,0.004498791906955457,0.0009140944037988109,10,2026Q1
2026-01-08,XLP,0.04614265534154516,-0.002130838680460072,10,2026Q1
2026-01-08,XLRE,0.027197936589984595,-0.0017547737397451218,10,2026Q1
2026-01-08,XLU,0.03462128099231854,-0.00016427436185469785,10,2026Q1
2026-01-08,XLV,-0.011295533793850399,-0.0013751643673915114,10,2026Q1
2026-01-08,XLY,-0.005749115411703309,-0.0007242366902781536,10,2026Q1
2026-01-09,XLB,0.012175131760179037,-0.0026267401221903124,10,2026Q1
2026-01-09,XLC,-0.019765790680155937,0.00037535039882571924,10,2026Q1
2026-01-09,XLE,0.025327853993357907,-0.0005084176764899117,10,2026Q1
2026-01-09,XLF,-0.01967504517409402,-0.00048434050800720855,10,2026Q1
2026-01-09,XLI,0.03416454668876945,0.0002050036945537331,10,2026Q1
2026-01-09,XLK,-0.00015413897215110772,0.0010767964998366112,10,2026Q1
2026-01-09,XLP,0.039560600324906714,-0.0018326880444414074,10,2026Q1
2026-01-09,XLRE,0.045694494471419045,-0.001446847991848396,10,2026Q1
2026-01-09,XLU,0.02417328377589656,-8.137102960536114e-05,10,2026Q1
2026-01-09,XLV,-0.006508021438426215,-0.0009593146056396278,10,2026Q1
2026-01-09,XLY,-0.013487779193613214,-0.0005595670554216889,10,2026Q1
2026-01-12,XLB,0.018487823024319616,-0.0016642592065846706,10,2026Q1
2026-01-12,XLC,-0.009419492555551412,0.0004357227356691917,10,2026Q1
2026-01-12,XLE,0.0524794743942969,-0.0003875869327642873,10,2026Q1
2026-01-12,XLF,-0.012511545217210318,-0.0004229140303040603,10,2026Q1
2026-01-12,XLI,0.027495429988586784,0.0002422610479646054,10,2026Q1
2026-01-12,XLK,-0.00843250109569016,0.0010862029141034148,10,2026Q1
2026-01-12,XLP,0.05247796721144016,-0.0017775253095522736,10,2026Q1
2026-01-12,XLRE,0.04449150543581215,-0.0015046879721087975,10,2026Q1
2026-01-12,XLU,0.03421351971009856,-4.604110514962265e-05,10,2026Q1
2026-01-12,XLV,0.012708127962027582,-0.0008076456799472867,10,2026Q1
2026-01-12,XLY,-0.018077385397454293,-0.0005443885675659,10,2026Q1
2026-01-13,XLB,0.022530349195228894,-0.0016241125268112427,10,2026Q1
2026-01-13,XLC,-0.007269899914254974,0.00038703311894706493,10,2026Q1
2026-01-13,XLE,0.04929855961215912,-0.000789084108205156,10,2026Q1
2026-01-13,XLF,-0.0021342659024926602,-0.00048790125127068715,10,2026Q1
2026-01-13,XLI,0.026392911669052666,0.000189989869071237,10,2026Q1
2026-01-13,XLK,-0.006163227342998345,0.001043519869857244,10,2026Q1
2026-01-13,XLP,0.02846200195602111,-0.0019101997087506396,10,2026Q1
2026-01-13,XLRE,0.027212330398816098,-0.0015501032632801092,10,2026Q1
2026-01-13,XLU,0.01603184494694898,-0.00012989619597534566,10,2026Q1
2026-01-13,XLV,0.021762105421861522,-0.0008713806134099566,10,2026Q1
2026-01-13,XLY,-0.01055846015703732,-0.0006219833476893942,10,2026Q1
2026-01-14,XLB,0.01779382886075065,-0.0017712215566609616,10,2026Q1
2026-01-14,XLC,-0.0013446643332982733,0.00030600565288009535,10,2026Q1
2026-01-14,XLE,0.01968518261727259,-0.0008905401398056774,10,2026Q1
2026-01-14,XLF,-0.004279897966438906,-0.000606691182582899,10,2026Q1
2026-01-14,XLI,0.009486629799792423,0.00011215620492708164,10,2026Q1
2026-01-14,XLK,0.003242910072098537,0.000947443794605328,10,2026Q1
2026-01-14,XLP,0.0024853975377259196,-0.0019459017476469785,10,2026Q1
2026-01-14,XLRE,-0.004041149239992214,-0.0018295871928111695,10,2026Q1
2026-01-14,XLU,-0.008656590768265415,-0.00041399562594403685,10,2026Q1
2026-01-14,XLV,0.004722889664383612,-0.000959782261180637,10,2026Q1
2026-01-14,XLY,0.005025541932954347,-0.0007990813404653548,10,2026Q1
2026-01-15,XLB,0.02497728790271836,-0.0019500444368048312,10,2026Q1
2026-01-15,XLC,0.010802036512542967,0.000329138213440543,10,2026Q1
2026-01-15,XLE,0.037534508333423755,-0.0012196960100026174,10,2026Q1
2026-01-15,XLF,-0.019562041684796805,-0.0005788599978609108,10,2026Q1
2026-01-15,XLI,-0.005061858591927315,7.521852173557255e-05,10,2026Q1
2026-01-15,XLK,0.0018045483224460312,0.0009256289871432768,10,2026Q1
2026-01-15,XLP,0.010903987808531301,-0.0019387424817731507,10,2026Q1
2026-01-15,XLRE,-0.006443163971076804,-0.0016376938504556607,10,2026Q1
2026-01-15,XLU,-0.019728843613558533,-0.0005004306401931546,10,2026Q1
2026-01-15,XLV,0.007661148908894466,-0.0009407128157124438,10,2026Q1
2026-01-15,XLY,0.007852685412985672,-0.0008005496133035967,10,2026Q1
2026-01-16,XLB,0.026185125321380953,-0.0015167928035031732,10,2026Q1
2026-01-16,XLC,0.021028320572243908,0.000536647891357777,10,2026Q1
2026-01-16,XLE,0.03053519466300858,-0.0006930321334926022,10,2026Q1
2026-01-16,XLF,-0.0204669146922154,-0.0003792445553201646,10,2026Q1
2026-01-16,XLI,-0.016645864456447113,0.0002494582254292339,10,2026Q1
2026-01-16,XLK,0.0016119038809010444,0.001100299051586969,10,2026Q1
2026-01-16,XLP,0.006612782790713423,-0.0017765240201592395,10,2026Q1
2026-01-16,XLRE,-0.02500116064519431,-0.0015448908739306992,10,2026Q1
2026-01-16,XLU,-0.013531331048896367,-0.0003728878625482222,10,2026Q1
2026-01-16,XLV,0.01360645803368743,-0.0007167864859548487,10,2026Q1
2026-01-16,XLY,-0.001383470565049505,-0.0006109771747514935,10,2026Q1
2026-01-20,XLB,0.01071233261988902,-0.0016630952446410531,10,2026Q1
2026-01-20,XLC,0.0037959509674259095,0.0006395362443992089,10,2026Q1
2026-01-20,XLE,0.017055091761312813,-0.0010687019298502983,10,2026Q1
2026-01-20,XLF,-0.030191701692911077,-0.00043451655876388653,10,2026Q1
2026-01-20,XLI,-0.017076221743725917,9.20051370681597e-05,10,2026Q1
2026-01-20,XLK,0.017349422691654404,0.0010757787821045334,10,2026Q1
2026-01-20,XLP,-0.016718850064081803,-0.0017268794210624117,10,2026Q1
2026-01-20,XLRE,-0.030055491602467566,-0.0016988311002118688,10,2026Q1
2026-01-20,XLU,-0.015491893513243982,-0.0005350094099269183,10,2026Q1
2026-01-20,XLV,-0.026110552874920145,-0.0006270236853841904,10,2026Q1
2026-01-20,XLY,0.003537475178077676,-0.0006868913237885036,10,2026Q1
2026-01-21,XLB,-0.0002000290615191691,-0.002479587198976355,10,2026Q1
2026-01-21,XLC,0.0038750854966542736,0.0005331655677254135,10,2026Q1
2026-01-21,XLE,0.012047466199786028,-0.0019398527382276144,10,2026Q1
2026-01-21,XLF,-0.023410820369611618,-0.00031377594723166243,10,2026Q1
2026-01-21,XLI,-0.027963754446202693,0.0001860347455945573,10,2026Q1
2026-01-21,XLK,0.023069416458228797,0.0011423333208604616,10,2026Q1
2026-01-21,XLP,-0.01607480454257204,-0.0017567358177307253,10,2026Q1
2026-01-21,XLRE,-0.031466372548709654,-0.0016016624585204885,10,2026Q1
2026-01-21,XLU,-0.007413249746285544,-0.00034376118895175424,10,2026Q1
2026-01-21,XLV,-0.03957812881264067,-0.0007349358701245057,10,2026Q1
2026-01-21,XLY,-0.011571424519599027,-0.0006498473246699317,10,2026Q1
2026-01-22,XLB,0.0023488633498205402,-0.0026025291338208573,10,2026Q1
2026-01-22,XLC,0.02310742294125334,0.0003431154045329361,10,2026Q1
2026-01-22,XLE,0.025368956633815554,-0.002262747967792884,10,2026Q1
2026-01-22,XLF,-0.012176005609621843,-0.0005065253945169554,10,2026Q1
2026-01-22,XLI,-0.005168963375869806,0.00016026338509492937,10,2026Q1
2026-01-22,XLK,0.006391315283748034,0.0010541674179592518,10,2026Q1
2026-01-22,XLP,-0.009045903830940616,-0.00203319430743146,10,2026Q1
2026-01-22,XLRE,-0.0017535239434991468,-0.001478680470550996,10,2026Q1
2026-01-22,XLU,0.007172316710937654,-0.0005075427726699001,10,2026Q1
2026-01-22,XLV,-0.03558349756194734,-0.0010606633692167038,10,2026Q1
2026-01-22,XLY,-0.01900623530530976,-0.0007338112905135657,10,2026Q1
2026-01-23,XLB,-0.01798385590848428,-0.0031376757450928983,10,2026Q1
2026-01-23,XLC,0.0227003357282487,0.00034913418279416,10,2026Q1
2026-01-23,XLE,0.03383711266371403,-0.002089997139668347,10,2026Q1
2026-01-23,XLF,0.0029964730086697866,-0.0004354930662737755,10,2026Q1
2026-01-23,XLI,0.0034536077144950994,0.00013698497547139795,10,2026Q1
2026-01-23,XLK,-0.012315102116406296,0.0010701681667733061,10,2026Q1
2026-01-23,XLP,0.0032613118893358717,-0.0022012863711479997,10,2026Q1
2026-01-23,XLRE,0.00038818549817776216,-0.0015952406302932745,10,2026Q1
2026-01-23,XLU,0.012236955149578899,-0.00029747437782620624,10,2026Q1
2026-01-23,XLV,-0.021374485663528064,-0.0008923114854495983,10,2026Q1
2026-01-23,XLY,-0.019893586169608568,-0.0007177858159684143,10,2026Q1
2026-01-26,XLB,-0.01146419390725506,-0.0031775185926732437,10,2026Q1
2026-01-26,XLC,0.012264389694897515,0.00036581461766396696,10,2026Q1
2026-01-26,XLE,0.012994312622309545,-0.0021423438957841844,10,2026Q1
2026-01-26,XLF,0.007739561877095014,-0.00039146677098076765,10,2026Q1
2026-01-26,XLI,0.015294164023600398,9.091271957106178e-05,10,2026Q1
2026-01-26,XLK,-0.009482113713969231,0.0011050045242391561,10,2026Q1
2026-01-26,XLP,0.016909214519300608,-0.001977065049247271,10,2026Q1
2026-01-26,XLRE,-0.010176368834225014,-0.0016341354494935876,10,2026Q1
2026-01-26,XLU,-0.009700335031071483,-0.0003943669705082511,10,2026Q1
2026-01-26,XLV,-0.019112267934438987,-0.0009532553494173113,10,2026Q1
2026-01-26,XLY,-0.006730098458703315,-0.0007265665256218258,10,2026Q1
2026-01-27,XLB,0.022975260069088455,-0.002442019519780945,10,2026Q1
2026-01-27,XLC,0.015755126506681316,0.0004265599239916194,10,2026Q1
2026-01-27,XLE,0.04883525174040959,-0.0022342490512135926,10,2026Q1
2026-01-27,XLF,0.018569497764166387,-0.00021915673538075057,10,2026Q1
2026-01-27,XLI,0.03207610142344186,0.000130778573975893,10,2026Q1
2026-01-27,XLK,-0.03175471702813348,0.0012054935816094088,10,2026Q1
2026-01-27,XLP,0.0411572803519491,-0.0018341435220316055,10,2026Q1
2026-01-27,XLRE,-0.002097168902500224,-0.002571433657939822,10,2026Q1
2026-01-27,XLU,0.004194641673906263,-0.0006036695652982102,10,2026Q1
2026-01-27,XLV,-0.00011496669385868685,-0.000782689899404157,10,2026Q1
2026-01-27,XLY,-0.005286562224422808,-0.000670458965890897,10,2026Q1
2026-01-28,XLB,0.05211139355397476,-0.0029486091111143855,10,2026Q1
2026-01-28,XLC,0.013700820239761269,0.0006280742490342725,10,2026Q1
2026-01-28,XLE,0.06881701025959153,-0.0021139509859581383,10,2026Q1
2026-01-28,XLF,0.03157789534544353,-0.00011935034099930057,10,2026Q1
2026-01-28,XLI,0.04525744566188883,0.0002851161062632435,10,2026Q1
2026-01-28,XLK,-0.061176282650004965,0.0013066406783444427,10,2026Q1
2026-01-28,XLP,0.0700023895061952,-0.0012695685948502082,10,2026Q1
2026-01-28,XLRE,0.028205235253691674,-0.0022384397113240743,10,2026Q1
2026-01-28,XLU,0.00750288012478284,-0.00043721724718531936,10,2026Q1
2026-01-28,XLV,0.02441894833836189,-0.0005104255805011812,10,2026Q1
2026-01-28,XLY,-0.00044182485290211737,-0.0005020190291905621,10,2026Q1
2026-01-29,XLB,0.033658578756267654,-0.0029345654193555343,10,2026Q1
2026-01-29,XLC,-0.006227054435150814,0.0012814237480165951,10,2026Q1
2026-01-29,XLE,0.05731528039950662,-0.001904905429621261,10,2026Q1
2026-01-29,XLF,0.018803303312756925,-0.00017912220542652012,10,2026Q1
2026-01-29,XLI,0.03879182366160949,0.00028839172111468997,10,2026Q1
2026-01-29,XLK,-0.052871686103812765,0.0012772807090276764,10,2026Q1
2026-01-29,XLP,0.08198075092234591,-0.001186503294351557,10,2026Q1
2026-01-29,XLRE,0.020274484001614468,-0.0021924330324387263,10,2026Q1
2026-01-29,XLU,0.018350478133142833,-0.0002983656677236574,10,2026Q1
2026-01-29,XLV,0.030289706047907372,-0.0006388104131881766,10,2026Q1
2026-01-29,XLY,-0.006706962955094653,-0.0005036461938030001,10,2026Q1
2026-01-30,XLB,0.04741472268828972,-0.0020809116279149943,10,2026Q1
2026-01-30,XLC,-0.03402506435848929,0.0013047963713239412,10,2026Q1
2026-01-30,XLE,0.0450459565280108,-0.001731120502959495,10,2026Q1
2026-01-30,XLF,0.017295263008096695,-0.00013105614237231646,10,2026Q1
2026-01-30,XLI,0.0487352843194393,0.00023021565879070713,10,2026Q1
2026-01-30,XLK,-0.01716219821624365,0.0015712197585225555,10,2026Q1
2026-01-30,XLP,0.054998490847711246,-0.0011062488025128823,10,2026Q1
2026-01-30,XLRE,0.015467726914462077,-0.0021539865364756487,10,2026Q1
2026-01-30,XLU,0.004263090359174937,-0.0005348719213381853,10,2026Q1
2026-01-30,XLV,0.021144437478078704,-0.0006035600319182375,10,2026Q1
2026-01-30,XLY,-0.024293168200790416,-0.00042559025344168826,10,2026Q1
2026-02-02,XLB,0.05305617775992888,-0.0018500031949310904,10,2026Q1
2026-02-02,XLC,-0.021214632931203847,0.001120190640765377,10,2026Q1
2026-02-02,XLE,0.07382775261005381,-0.0018230884322143512,10,2026Q1
2026-02-02,XLF,0.00043373962692339063,-0.0002883877856865228,10,2026Q1
2026-02-02,XLI,0.038928705498268434,0.00026589868595879566,10,2026Q1
2026-02-02,XLK,-0.011049355687128948,0.0015537807035701252,10,2026Q1
2026-02-02,XLP,0.03677403709479965,-0.0014900375107297272,10,2026Q1
2026-02-02,XLRE,0.03359362150678191,-0.0022597547073846375,10,2026Q1
2026-02-02,XLU,0.022277800919322854,-0.00022297944489221226,10,2026Q1
2026-02-02,XLV,0.00614598354733531,-0.0007831859104136357,10,2026Q1
2026-02-02,XLY,-0.0341389384016485,-0.0005441421641608094,10,2026Q1
2026-02-03,XLB,0.039833561842756326,-0.003120352882002835,10,2026Q1
2026-02-03,XLC,-0.005115108195093088,0.001108122616657551,10,2026Q1
2026-02-03,XLE,0.03320917532675005,-0.0018714432392995385,10,2026Q1
2026-02-03,XLF,-0.0033825594790999336,-0.00021521525063031944,10,2026Q1
2026-02-03,XLI,0.0256625467956908,0.0003759375897038686,10,2026Q1
2026-02-03,XLK,-0.0004481862514915669,0.0014932414924637703,10,2026Q1
2026-02-03,XLP,0.011150071892235047,-0.002769495970155248,10,2026Q1
2026-02-03,XLRE,0.04598652837308159,-0.002253228981147085,10,2026Q1
2026-02-03,XLU,0.01844548337789731,-0.0005128853359068018,10,2026Q1
2026-02-03,XLV,0.0042256482335452095,-0.0006422564505351765,10,2026Q1
2026-02-03,XLY,-0.025741469787320947,-0.0004972900486311376,10,2026Q1
2026-02-04,XLB,0.02493100741546206,-0.002595774895036544,10,2026Q1
2026-02-04,XLC,-0.008922448393322124,0.001446022317589632,10,2026Q1
2026-02-04,XLE,0.032287824153150346,-3.42377671574257e-05,10,2026Q1
2026-02-04,XLF,-0.0310180900152236,6.879243328741617e-05,10,2026Q1
2026-02-04,XLI,0.023765522625976088,0.000649943034825757,10,2026Q1
2026-02-04,XLK,0.02670564351801974,0.0021421369338745513,10,2026Q1
2026-02-04,XLP,0.00780000986435847,-0.0025236292862430504,10,2026Q1
2026-02-04,XLRE,0.023911558968122026,-0.002030169084843286,10,2026Q1
2026-02-04,XLU,0.026642318017687794,-0.00024305864912197697,10,2026Q1
2026-02-04,XLV,-0.0069987645039399915,-0.0003193851242456263,10,2026Q1
2026-02-04,XLY,-0.027892513293576338,-0.00043873172047233157,10,2026Q1
2026-02-05,XLB,0.04075211405323409,-0.0033424129451262476,10,2026Q1
2026-02-05,XLC,-0.01889652476297521,0.0011195167850150307,10,2026Q1
2026-02-05,XLE,0.028515051618777543,-0.0008073329120689091,10,2026Q1
2026-02-05,XLF,-0.03541089462894398,-0.0003255839371108268,10,2026Q1
2026-02-05,XLI,0.020627635726681914,-0.00041995155098936796,10,2026Q1
2026-02-05,XLK,0.021008840455801314,0.002266606777574203,10,2026Q1
2026-02-05,XLP,0.02095956553929379,-0.002723438977272607,10,2026Q1
2026-02-05,XLRE,0.03439036170045817,-0.002406168625690377,10,2026Q1
2026-02-05,XLU,0.04449749091110533,-0.0007763106461133191,10,2026Q1
2026-02-05,XLV,0.002105104428479221,-0.0007300608485493776,10,2026Q1
2026-02-05,XLY,-0.017130181196970184,-0.0006793145004834017,10,2026Q1
2026-02-06,XLB,0.047788202836555604,-0.003060364580293299,10,2026Q1
2026-02-06,XLC,0.002650028097905821,0.0010824712471081068,10,2026Q1
2026-02-06,XLE,0.033500808894178724,-0.000796648298943675,10,2026Q1
2026-02-06,XLF,-0.03525820050068429,-0.0004791335553840606,10,2026Q1
2026-02-06,XLI,0.018560127348694277,-0.0008651478699828947,10,2026Q1
2026-02-06,XLK,0.0017190367525544703,0.001327248188797846,10,2026Q1
2026-02-06,XLP,0.030696613545450835,-0.0028049686590095827,10,2026Q1
2026-02-06,XLRE,0.04880447498055951,-0.002449466644957439,10,2026Q1
2026-02-06,XLU,0.08550789176046514,-0.00039822179556744757,10,2026Q1
2026-02-06,XLV,0.012589901818345739,-0.0008924587385093431,10,2026Q1
2026-02-06,XLY,-0.0024967511759632632,-0.0005648110612863983,10,2026Q1
2026-02-09,XLB,0.02596089274129698,-0.0029185128682666624,10,2026Q1
2026-02-09,XLC,-0.005222954883507325,0.001177760901310331,10,2026Q1
2026-02-09,XLE,0.018046097143313733,-0.0007712500340592656,10,2026Q1
2026-02-09,XLF,-0.01626267579936247,-0.0003914204521913644,10,2026Q1
2026-02-09,XLI,0.023940121013830473,-0.00021324890202485406,10,2026Q1
2026-02-09,XLK,-0.01100147211336966,0.0013336595324175019,10,2026Q1
2026-02-09,XLP,0.02480243435327567,-0.0029938484461077795,10,2026Q1
2026-02-09,XLRE,0.05599538871676646,-0.002408411226369974,10,2026Q1
2026-02-09,XLU,0.08269272082348234,-0.0003903598011767874,10,2026Q1
2026-02-09,XLV,0.022712379504893465,-0.0008085651649660013,10,2026Q1
2026-02-09,XLY,0.0031497910987315914,-0.00032819755198300516,10,2026Q1
2026-02-10,XLB,0.010502396866033492,-0.003313766741256067,10,2026Q1
2026-02-10,XLC,-0.017006100025011572,0.0007973102726221456,10,2026Q1
2026-02-10,XLE,0.03081981136037959,-0.001092622415235668,10,2026Q1
2026-02-10,XLF,-0.009503776081316029,-0.0007300270641774488,10,2026Q1
2026-02-10,XLI,0.014921008495271004,-0.00036882013959656007,10,2026Q1
2026-02-10,XLK,-0.0030813403936071904,0.0010518700343326954,10,2026Q1
2026-02-10,XLP,0.018635672469188402,-0.002979447340346603,10,2026Q1
2026-02-10,XLRE,0.02032815669179311,-0.0028170773024239837,10,2026Q1
2026-02-10,XLU,0.040323847275718916,-0.0010271168442919877,10,2026Q1
2026-02-10,XLV,0.02348809574627919,-0.001134916164879273,10,2026Q1
2026-02-10,XLY,-0.0026473395998528604,-0.0007664473816189368,10,2026Q1
2026-02-11,XLB,-0.003923435063903025,-0.0034680426543830137,10,2026Q1
2026-02-11,XLC,-0.0028957973181739094,0.0007390384129933215,10,2026Q1
2026-02-11,XLE,0.01444755983451651,-0.0010144037669524246,10,2026Q1
2026-02-11,XLF,-0.00037708146987480706,-0.0007624177991004758,10,2026Q1
2026-02-11,XLI,0.019389145880780778,-0.0004398800136130299,10,2026Q1
2026-02-11,XLK,-0.008494875845006966,0.000898199320514553,10,2026Q1
2026-02-11,XLP,0.002551954851050642,-0.0028868270775075085,10,2026Q1
2026-02-11,XLRE,0.0201556677956104,-0.0027461799783426084,10,2026Q1
2026-02-11,XLU,0.044898234022059724,-0.0010541894458766042,10,2026Q1
2026-02-11,XLV,0.017273873403086948,-0.0011845098908817601,10,2026Q1
2026-02-11,XLY,-0.002097735292565295,-0.0007967930644999351,10,2026Q1
2026-02-12,XLB,-0.009516906940520542,-0.0033448122144561316,10,2026Q1
2026-02-12,XLC,0.006863961053158674,0.0006023991428452105,10,2026Q1
2026-02-12,XLE,0.004695211778725339,-0.001169871096986687,10,2026Q1
2026-02-12,XLF,0.003499251393864755,-0.0007068566756859185,10,2026Q1
2026-02-12,XLI,0.013955799797335189,-0.00033197577709235095,10,2026Q1
2026-02-12,XLK,1.863462162954299e-05,0.0009236798691142828,10,2026Q1
2026-02-12,XLP,-0.02677417748678801,-0.002761222853457759,10,2026Q1
2026-02-12,XLRE,0.004117541434033978,-0.002857143614336111,10,2026Q1
2026-02-12,XLU,0.011889773300385542,-0.0008577868212036632,10,2026Q1
2026-02-12,XLV,-0.006721219758121455,-0.001345936472422249,10,2026Q1
2026-02-12,XLY,-0.0006110580692977319,-0.0008963122097459212,10,2026Q1
2026-02-13,XLB,-0.007504132893124238,-0.0034242287860393873,10,2026Q1
2026-02-13,XLC,0.0058687102200649655,0.0006604976252208168,10,2026Q1
2026-02-13,XLE,0.013780650680830009,-0.0009201661017846138,10,2026Q1
2026-02-13,XLF,-0.018750958025779974,-0.0006360019597841941,10,2026Q1
2026-02-13,XLI,0.002850640617065636,-0.0004337457763600929,10,2026Q1
2026-02-13,XLK,-0.008390752517498767,0.0009401824081133369,10,2026Q1
2026-02-13,XLP,-0.006971606034844813,-0.0030011359033478495,10,2026Q1
2026-02-13,XLRE,0.0015899750894630138,-0.002495673169702965,10,2026Q1
2026-02-13,XLU,0.0029322071992146093,-0.0019094235435628988,10,2026Q1
2026-02-13,XLV,0.004579093202442985,-0.0013532926498039913,10,2026Q1
2026-02-13,XLY,-0.011181487345957364,-0.0007575973389715544,10,2026Q1
2026-02-17,XLB,0.0059336920727517395,-0.0037780063681601425,10,2026Q1
2026-02-17,XLC,0.008794588292281746,0.00032935490112697585,10,2026Q1
2026-02-17,XLE,0.01852625197743385,-0.001572953520380565,10,2026Q1
2026-02-17,XLF,-0.029961674601912236,-0.0008969490390188337,10,2026Q1
2026-02-17,XLI,0.00426215476738756,-0.0005303262730850291,10,2026Q1
2026-02-17,XLK,-0.0005676582939395658,0.0007417513257534761,10,2026Q1
2026-02-17,XLP,0.010870290367983815,-0.0034574419525181315,10,2026Q1
2026-02-17,XLRE,-0.01136927151654843,-0.0028102700412277115,10,2026Q1
2026-02-17,XLU,0.011090007405294644,-0.0023516251608821227,10,2026Q1
2026-02-17,XLV,-0.0034128014457681655,-0.0016720167253105526,10,2026Q1
2026-02-17,XLY,-0.0005576244725473689,-0.0010335651123712184,10,2026Q1
2026-02-18,XLB,-0.009241342091390603,-0.003393240847760576,10,2026Q1
2026-02-18,XLC,0.006672346746405378,0.0004815031743076099,10,2026Q1
2026-02-18,XLE,-0.008352839003217483,-0.00111962625441519,10,2026Q1
2026-02-18,XLF,-0.02368659012553076,-0.0008421195506663182,10,2026Q1
2026-02-18,XLI,-0.006796505642518547,-0.00026007771212869786,10,2026Q1
2026-02-18,XLK,0.0049073552761353945,0.0007680499390275148,10,2026Q1
2026-02-18,XLP,0.001021944837444444,-0.0017518208807552095,10,2026Q1
2026-02-18,XLRE,-0.007919649813618701,-0.002847586188420915,10,2026Q1
2026-02-18,XLU,0.028373004395491508,-0.0008488412934869303,10,2026Q1
2026-02-18,XLV,-0.008980996680832298,-0.001438703859937766,10,2026Q1
2026-02-18,XLY,-0.00939758603721974,-0.0009980357893901383,10,2026Q1
2026-02-19,XLB,-0.0038239733469895842,-0.002273277726860907,10,2026Q1
2026-02-19,XLC,0.00668058289183171,0.000515794277213769,10,2026Q1
2026-02-19,XLE,-0.009397768042401444,-0.0008539457331400538,10,2026Q1
2026-02-19,XLF,-0.0003304325862614199,-0.000764786568599609,10,2026Q1
2026-02-19,XLI,-0.005000331264303437,-0.00011758163282775123,10,2026Q1
2026-02-19,XLK,-0.0013361148586343852,0.0008991361235512475,10,2026Q1
2026-02-19,XLP,0.006531786396914319,-0.0014102883451470498,10,2026Q1
2026-02-19,XLRE,0.0029118617214689557,-0.0025138644903523488,10,2026Q1
2026-02-19,XLU,0.01616353646061941,-0.0010701895705280294,10,2026Q1
2026-02-19,XLV,-0.006024418606932702,-0.0013384870166907167,10,2026Q1
2026-02-19,XLY,-7.350061953670384e-05,-0.000941151561179864,10,2026Q1
2026-02-20,XLB,0.013486607965869424,-0.0022211400384833163,10,2026Q1
2026-02-20,XLC,0.015691683908426124,0.0005890790446033018,10,2026Q1
2026-02-20,XLE,0.023940066431689888,-0.000995809246807393,10,2026Q1
2026-02-20,XLF,-0.015204693614233045,-0.0008063089517104218,10,2026Q1
2026-02-20,XLI,0.004481814409848739,-0.00028305084729975225,10,2026Q1
2026-02-20,XLK,-0.010058638915623086,0.0009352038791535514,10,2026Q1
2026-02-20,XLP,0.029110689530335354,-0.001442749680194623,10,2026Q1
2026-02-20,XLRE,0.01141754463273037,-0.00275461980927415,10,2026Q1
2026-02-20,XLU,0.03520763040896291,-0.0020860149981568672,10,2026Q1
2026-02-20,XLV,0.026543002408128236,-0.0013913240527432512,10,2026Q1
2026-02-20,XLY,-3.378510491092168e-05,-0.0009187942037671736,10,2026Q1
2026-02-23,XLB,-0.00037126541958087955,-0.0022763706222267976,10,2026Q1
2026-02-23,XLC,0.015910878799383354,0.0006755517703397614,10,2026Q1
2026-02-23,XLE,0.028423076022188853,-0.0006631548762412113,10,2026Q1
2026-02-23,XLF,0.00538885882088902,-0.00043074861359024275,10,2026Q1
2026-02-23,XLI,0.017432661243402814,-0.0008517032105041951,10,2026Q1
2026-02-23,XLK,0.001516461373718636,0.001127604869450088,10,2026Q1
2026-02-23,XLP,-0.008769429606089951,-0.002561149064426669,10,2026Q1
2026-02-23,XLRE,0.0012613651267820991,-0.0024641660154181002,10,2026Q1
2026-02-23,XLU,0.008934394767279752,-0.001922540590010204,10,2026Q1
2026-02-23,XLV,-0.00591017179981701,-0.001168301502645916,10,2026Q1
2026-02-23,XLY,-0.002107640630455432,-0.000673406654615327,10,2026Q1
2026-02-24,XLB,-0.01639855674112467,-0.002386639697730707,10,2026Q1
2026-02-24,XLC,0.025709005180393874,0.00046837230973621177,10,2026Q1
2026-02-24,XLE,0.03598446227568264,-0.000920153857214618,10,2026Q1
2026-02-24,XLF,0.01472471057774638,-0.00045123652141862495,10,2026Q1
2026-02-24,XLI,0.001511589214262421,-0.0015137449450843446,10,2026Q1
2026-02-24,XLK,-0.009883783910892063,0.0007492981347064864,10,2026Q1
2026-02-24,XLP,-0.012073468338145377,-0.0027073936652949335,10,2026Q1
2026-02-24,XLRE,0.009527109513331133,-0.002997452920268239,10,2026Q1
2026-02-24,XLU,0.007458900123663237,-0.002212269777126382,10,2026Q1
2026-02-24,XLV,0.0030553493583371782,-0.0013219465303448603,10,2026Q1
2026-02-24,XLY,-0.010174047786076779,-0.0010143965712588656,10,2026Q1
2026-02-25,XLB,-0.009914744030479317,-0.002591243401349197,10,2026Q1
2026-02-25,XLC,0.031227019524909472,-6.548506136015687e-05,10,2026Q1
2026-02-25,XLE,0.03562722883743985,-0.001346570227864158,10,2026Q1
2026-02-25,XLF,0.00443714950486096,-0.0013700822744554754,10,2026Q1
2026-02-25,XLI,0.013677428667811298,-0.0011240553942697446,10,2026Q1
2026-02-25,XLK,-0.010595914913781868,0.0003357191988281038,10,2026Q1
2026-02-25,XLP,-0.009213814388240205,-0.002201315282931836,10,2026Q1
2026-02-25,XLRE,0.018936849668998446,-0.0033243793874338026,10,2026Q1
2026-02-25,XLU,0.009670029326556695,-0.0026916693209646575,10,2026Q1
2026-02-25,XLV,0.0066283409336398424,-0.0017833484158336689,10,2026Q1
2026-02-25,XLY,0.005592059879399924,-0.001452577969708458,10,2026Q1
2026-02-26,XLB,-0.029351926619567537,-0.003165209413224464,10,2026Q1
2026-02-26,XLC,0.026327590237416487,-0.0006664807851962626,10,2026Q1
2026-02-26,XLE,0.03756785471129809,-0.0018870228370788042,10,2026Q1
2026-02-26,XLF,-0.012599006583628669,-0.001980110109708985,10,2026Q1
2026-02-26,XLI,-0.014667726771194212,-0.0023842101073901817,10,2026Q1
2026-02-26,XLK,0.005705362238575873,3.985504714601614e-05,10,2026Q1
2026-02-26,XLP,-0.027233648556555634,-0.0037043079707359816,10,2026Q1
2026-02-26,XLRE,0.004944666948126453,-0.00440212893015235,10,2026Q1
2026-02-26,XLU,0.005656751505957347,-0.0034752614747221282,10,2026Q1
2026-02-26,XLV,-0.010705570159382893,-0.0024387295708206513,10,2026Q1
2026-02-26,XLY,0.007319790837091,-0.002039211632100476,10,2026Q1
2026-02-27,XLB,-0.046627014396262045,-0.003672393126727322,10,2026Q1
2026-02-27,XLC,0.014842057104433981,-0.0005315235942801613,10,2026Q1
2026-02-27,XLE,0.03146368756944751,-0.001545796094056165,10,2026Q1
2026-02-27,XLF,0.003118181628764538,-0.0015121041795453135,10,2026Q1
2026-02-27,XLI,-0.020805877510297388,-0.0018881374060113912,10,2026Q1
2026-02-27,XLK,0.009246108282478738,0.0003726375362172271,10,2026Q1
2026-02-27,XLP,-0.027154839000243736,-0.0034061351849196076,10,2026Q1
2026-02-27,XLRE,-0.0018297686714805472,-0.00325987298817906,10,2026Q1
2026-02-27,XLU,-0.0009017325467459703,-0.002825668053019298,10,2026Q1
2026-02-27,XLV,-0.026976540043032515,-0.0019479541565082662,10,2026Q1
2026-02-27,XLY,-0.0008686007757765513,-0.001884424767289281,10,2026Q1
2026-03-02,XLB,-0.04940504493397824,-0.003417712233411632,10,2026Q1
2026-03-02,XLC,0.009185596223563297,0.00046569192846349794,10,2026Q1
2026-03-02,XLE,-0.0008071085545987566,-0.0007998613455512965,10,2026Q1
2026-03-02,XLF,-0.007092769723259784,-0.0007807295205572592,10,2026Q1
2026-03-02,XLI,-0.03267851845631231,-0.0016612574070452254,10,2026Q1
2026-03-02,XLK,0.013392221200692167,0.0007227287656752026,10,2026Q1
2026-03-02,XLP,-0.019071548067308708,-0.0017539460587701213,10,2026Q1
2026-03-02,XLRE,-0.009586937748057855,-0.0014446324732471458,10,2026Q1
2026-03-02,XLU,0.0008382004789680986,-0.0021134076256492484,10,2026Q1
2026-03-02,XLV,-0.015119352647836592,-0.0012847119958411643,10,2026Q1
2026-03-02,XLY,0.0046244842889535676,-0.0009693171187704048,10,2026Q1
2026-03-03,XLB,-0.03503104149987757,-0.0024883676400211086,10,2026Q1
2026-03-03,XLC,-0.00028681501218474903,0.0003643165753042123,10,2026Q1
2026-03-03,XLE,-0.011647317942754642,-0.0009581297741337541,10,2026Q1
2026-03-03,XLF,-0.017826445476812558,-0.0009050585956311545,10,2026Q1
2026-03-03,XLI,-0.02626364687199567,-0.0008122025806268673,10,2026Q1
2026-03-03,XLK,0.021066469614344996,0.000888321091189266,10,2026Q1
2026-03-03,XLP,-0.01839246069628342,-0.0015456186717939455,10,2026Q1
2026-03-03,XLRE,-0.013218864273734865,-0.0027044955345694433,10,2026Q1
2026-03-03,XLU,-0.006204820726926075,-0.002213978120284955,10,2026Q1
2026-03-03,XLV,-0.01827406653701158,-0.001365639443169917,10,2026Q1
2026-03-03,XLY,0.005329651273539238,-0.000976885215150913,10,2026Q1
2026-03-04,XLB,-0.027217355553657896,-0.0023052879195301357,10,2026Q1
2026-03-04,XLC,-0.0022243307404120616,0.00019807026030750153,10,2026Q1
2026-03-04,XLE,0.026903718910019303,-0.001243069189603443,10,2026Q1
2026-03-04,XLF,-0.02327222712605459,-0.0009705588895174283,10,2026Q1
2026-03-04,XLI,-0.02398018098623922,-0.000625222224316744,10,2026Q1
2026-03-04,XLK,0.01706338527980178,0.0005770026075156851,10,2026Q1
2026-03-04,XLP,-0.016641725025242304,-0.0016942574419548414,10,2026Q1
2026-03-04,XLRE,-0.018005813679363936,-0.0025493987634153123,10,2026Q1
2026-03-04,XLU,-0.010426295573991662,-0.0023832317348008903,10,2026Q1
2026-03-04,XLV,-0.013898797725362955,-0.0015020077981695008,10,2026Q1
2026-03-04,XLY,-0.006487279965645687,-0.0012073561306304415,10,2026Q1
2026-03-05,XLB,-0.00024108466581307386,-0.002358219102161729,10,2026Q1
2026-03-05,XLC,-0.004381256828513536,0.00034827633430427416,10,2026Q1
2026-03-05,XLE,0.040619893632675486,-0.00030123437094931857,10,2026Q1
2026-03-05,XLF,-0.024464200540190273,-0.0008818990469371792,10,2026Q1
2026-03-05,XLI,-0.017253986089761253,-0.0004996582542128792,10,2026Q1
2026-03-05,XLK,0.005690526210700431,0.0006231297301688232,10,2026Q1
2026-03-05,XLP,0.008801801895203964,-0.0007798007420104802,10,2026Q1
2026-03-05,XLRE,-0.005304698269289476,-0.0015019078455703596,10,2026Q1
2026-03-05,XLU,0.013854565075139491,-0.002344930667167535,10,2026Q1
2026-03-05,XLV,-0.0019815388479158536,-0.0014808651842919567,10,2026Q1
2026-03-05,XLY,-0.02077409343411607,-0.0012101364299567322,10,2026Q1
2026-03-06,XLB,0.0015687698422115481,-0.001963845154374371,10,2026Q1
2026-03-06,XLC,-0.010619349741251338,0.0007246235141042922,10,2026Q1
2026-03-06,XLE,0.03498164709349483,-0.0004939667218496303,10,2026Q1
2026-03-06,XLF,-0.018214882244021346,-0.0006317676366133125,10,2026Q1
2026-03-06,XLI,-0.016122238442206283,-0.00034228612685040173,10,2026Q1
2026-03-06,XLK,0.011437307859812562,0.000919666948149849,10,2026Q1
2026-03-06,XLP,0.002882356955842935,-0.0002767365617351637,10,2026Q1
2026-03-06,XLRE,8.450197799270143e-05,-0.0010821452339584443,10,2026Q1
2026-03-06,XLU,0.019713284367349204,-0.002027398535207187,10,2026Q1
2026-03-06,XLV,-0.0040505792665306295,-0.000830704884700296,10,2026Q1
2026-03-06,XLY,-0.016276373069650796,-0.0010534324364340072,10,2026Q1
2026-03-09,XLB,0.0018205330658771501,-0.0010350015288793425,10,2026Q1
2026-03-09,XLC,-0.005346143549473159,0.0005245930131785251,10,2026Q1
2026-03-09,XLE,0.04167687081069893,-0.0001326282775336137,10,2026Q1
2026-03-09,XLF,-0.006842037914442489,-0.0005101326512097029,10,2026Q1
2026-03-09,XLI,-0.014925135010056878,-0.00037061967895745003,10,2026Q1
2026-03-09,XLK,0.006610872931217315,0.0006547937771673986,10,2026Q1
2026-03-09,XLP,0.0021072485455324586,-0.0006203167412840442,10,2026Q1
2026-03-09,XLRE,0.004316239280177325,-0.0013702522213833205,10,2026Q1
2026-03-09,XLU,0.022374227582795392,-0.002294556637993846,10,2026Q1
2026-03-09,XLV,-0.007445432664543561,-0.0012638175441929238,10,2026Q1
2026-03-09,XLY,-0.0072340747838715025,-0.0009626744914196867,10,2026Q1
2026-03-10,XLB,0.0022188696919981377,-0.0009768627054073575,10,2026Q1
2026-03-10,XLC,-0.007687679923825352,0.0003829564833407397,10,2026Q1
2026-03-10,XLE,0.061774320760173085,0.00017678248520443452,10,2026Q1
2026-03-10,XLF,-0.0005518231189702849,-0.0004245736162492938,10,2026Q1
2026-03-10,XLI,-0.011267255389564634,-0.00048631969299812604,10,2026Q1
2026-03-10,XLK,0.007862064188784657,0.0005526899006525017,10,2026Q1
2026-03-10,XLP,-0.0024630154557816475,-0.0008087579395105434,10,2026Q1
2026-03-10,XLRE,0.004776359017731213,-0.001636720060104468,10,2026Q1
2026-03-10,XLU,0.021678459305007447,-0.0025372213516211837,10,2026Q1
2026-03-10,XLV,-0.013482515886082846,-0.0012873719007211316,10,2026Q1
2026-03-10,XLY,-0.0015739450522029852,-0.0010606583895933102,10,2026Q1
2026-03-11,XLB,-0.00525665391862451,0.00014057214219592002,10,2026Q1
2026-03-11,XLC,-0.006516343043482031,0.0013297084942519026,10,2026Q1
2026-03-11,XLE,0.04747819095105199,0.0004974810755143553,10,2026Q1
2026-03-11,XLF,0.008533485809731123,0.0003984859086355999,10,2026Q1
2026-03-11,XLI,-0.0033985633595332576,0.000472700083668981,10,2026Q1
2026-03-11,XLK,0.004441831208860103,0.0009792507117564293,10,2026Q1
2026-03-11,XLP,-0.0010217047530050039,0.00032156066103851324,10,2026Q1
2026-03-11,XLRE,0.01283472115077966,-0.000707740529515112,10,2026Q1
2026-03-11,XLU,0.03415975365600632,-0.0002176955720694367,10,2026Q1
2026-03-11,XLV,-0.015326220332260276,-0.00026316470745129067,10,2026Q1
2026-03-11,XLY,-0.009246713154262287,-0.00045679360429977,10,2026Q1
2026-03-12,XLB,-0.014756036689039354,0.0002539006849543988,10,2026Q1
2026-03-12,XLC,-0.004568654743101752,0.0011379491563639496,10,2026Q1
2026-03-12,XLE,0.02539577055809361,0.0007387015855719252,10,2026Q1
2026-03-12,XLF,0.012265642586689163,0.0003764185851640059,10,2026Q1
2026-03-12,XLI,0.009035444476695909,0.0005180028289352554,10,2026Q1
2026-03-12,XLK,0.01026912726216378,0.0008987149383347336,10,2026Q1
2026-03-12,XLP,-0.009711239601924992,0.0005470776342964769,10,2026Q1
2026-03-12,XLRE,0.006550901994759273,-0.0007971750704754456,10,2026Q1
2026-03-12,XLU,0.014344789242081157,-0.0012201807364556312,10,2026Q1
2026-03-12,XLV,-0.010713327977687315,-0.0004660696379929552,10,2026Q1
2026-03-12,XLY,0.0008799013199571881,-0.00026586619475999477,10,2026Q1
