date,ticker,y_true,y_pred,fold_id,fold_quarter
2023-07-03,XLB,-0.010948747060101294,0.00551219462041834,0,2023Q3
2023-07-03,XLC,0.013869807288169222,0.003912026291314052,0,2023Q3
2023-07-03,XLE,0.025735359365338106,0.0032418352442786158,0,2023Q3
2023-07-03,XLF,0.01007655897202453,-0.0032514084376981155,0,2023Q3
2023-07-03,XLI,0.018275467081398156,0.0053591622616853025,0,2023Q3
2023-07-03,XLK,-0.005418557677987823,0.009064531675381696,0,2023Q3
2023-07-03,XLP,-0.013056598751360338,0.0020004134536841783,0,2023Q3
2023-07-03,XLRE,0.012473090895888883,-0.011101845100139451,0,2023Q3
2023-07-03,XLU,0.0028452369343040518,0.00898415053038913,0,2023Q3
2023-07-03,XLV,-0.009081482670104668,0.0065648785526275155,0,2023Q3
2023-07-03,XLY,-0.0002033663427769561,-0.002113913704971872,0,2023Q3
2023-07-05,XLB,0.01776022832813373,-0.0028943298497359294,0,2023Q3
2023-07-05,XLC,0.008827755884380561,0.004163197973067523,0,2023Q3
2023-07-05,XLE,0.03142160570588293,-0.0011522653547110045,0,2023Q3
2023-07-05,XLF,0.009144779946223869,-0.005264693626236197,0,2023Q3
2023-07-05,XLI,0.012492824025744698,0.0005038380917004268,0,2023Q3
2023-07-05,XLK,0.0025258860951580253,0.007489608049517773,0,2023Q3
2023-07-05,XLP,-0.018582897810653032,-0.00415999324925028,0,2023Q3
2023-07-05,XLRE,0.002645315006822635,-0.014002471996789442,0,2023Q3
2023-07-05,XLU,-0.003522388068591953,0.0037442318837365494,0,2023Q3
2023-07-05,XLV,-0.020734754670288513,0.0038070625863126685,0,2023Q3
2023-07-05,XLY,-0.001170773240623868,-0.0053666249217004134,0,2023Q3
2023-07-06,XLB,0.017338572378789552,-0.0004883127652821448,0,2023Q3
2023-07-06,XLC,0.015932355093017714,0.006059945351565272,0,2023Q3
2023-07-06,XLE,0.03526487355052055,0.0005900485898497343,0,2023Q3
2023-07-06,XLF,0.005508837519619725,-0.0017126133513074987,0,2023Q3
2023-07-06,XLI,0.0055120452646695295,0.0016418390335765985,0,2023Q3
2023-07-06,XLK,0.0024302624380909688,0.010432304309288236,0,2023Q3
2023-07-06,XLP,-0.027891576888077974,-0.003129197210838438,0,2023Q3
2023-07-06,XLRE,-0.0009214029693329628,-0.014111055228851938,0,2023Q3
2023-07-06,XLU,-0.0036924415578425407,0.003348712994376417,0,2023Q3
2023-07-06,XLV,-0.028416878815991975,0.0002631791220042522,0,2023Q3
2023-07-06,XLY,0.00887299981271683,0.007609566762081083,0,2023Q3
2023-07-07,XLB,0.0003976052185314938,-0.0001656050545632163,0,2023Q3
2023-07-07,XLC,0.00781586583765903,0.0052766140440726975,0,2023Q3
2023-07-07,XLE,-0.016297665614196433,0.00012322313580614454,0,2023Q3
2023-07-07,XLF,-0.0048182885295933175,-0.0023482952217884264,0,2023Q3
2023-07-07,XLI,-0.0017739614862453124,0.0011739068139001811,0,2023Q3
2023-07-07,XLK,0.0034519364677327857,0.00915826548879703,0,2023Q3
2023-07-07,XLP,-0.013304456065972081,0.0059069705856020565,0,2023Q3
2023-07-07,XLRE,0.0019950334899563327,-0.012352362211181855,0,2023Q3
2023-07-07,XLU,-0.0021394204779130455,0.00519532018175366,0,2023Q3
2023-07-07,XLV,-0.0035367609431715685,0.007178428498975994,0,2023Q3
2023-07-07,XLY,0.00830150150961173,0.006432852173938002,0,2023Q3
2023-07-10,XLB,0.0006732049433602061,0.0006760444295317512,0,2023Q3
2023-07-10,XLC,0.005859792285407561,0.006341832146218497,0,2023Q3
2023-07-10,XLE,-0.0270253996877714,0.0014355738285445037,0,2023Q3
2023-07-10,XLF,-0.0005324748301356319,-0.002351413262652561,0,2023Q3
2023-07-10,XLI,-0.01326645276612548,0.001888627653630656,0,2023Q3
2023-07-10,XLK,0.012902845302346755,0.009445156535405022,0,2023Q3
2023-07-10,XLP,-0.016986474595094503,0.005787588608783281,0,2023Q3
2023-07-10,XLRE,-0.011188234061187519,-0.011000235355403704,0,2023Q3
2023-07-10,XLU,-0.010530875239019188,0.006170968569055113,0,2023Q3
2023-07-10,XLV,-0.017122325992516618,0.008266369617062777,0,2023Q3
2023-07-10,XLY,0.008357827388849826,-0.0017397485386624833,0,2023Q3
2023-07-11,XLB,-0.002492338973840047,0.0006470781555667828,0,2023Q3
2023-07-11,XLC,-0.005907932090545742,0.005564359918553668,0,2023Q3
2023-07-11,XLE,-0.039730435995324886,-0.0026035306010613415,0,2023Q3
2023-07-11,XLF,-0.002199213159869595,-0.004452796399127637,0,2023Q3
2023-07-11,XLI,-0.020546473902100626,0.005518653418856538,0,2023Q3
2023-07-11,XLK,0.02132962189808829,0.011107529529516725,0,2023Q3
2023-07-11,XLP,-0.02066450802083497,0.003217852985263818,0,2023Q3
2023-07-11,XLRE,-0.03198675109134119,-0.012529589672488541,0,2023Q3
2023-07-11,XLU,-0.03182033705860754,0.0026216874979816166,0,2023Q3
2023-07-11,XLV,-0.010978383534384184,0.004585317069040912,0,2023Q3
2023-07-11,XLY,0.002909478035586721,0.0015142726630986967,0,2023Q3
2023-07-12,XLB,-0.015287211168537373,0.0014179672696698802,0,2023Q3
2023-07-12,XLC,-0.009356172288411457,0.0036086142403016427,0,2023Q3
2023-07-12,XLE,-0.03713359657518278,-0.00029533897694273073,0,2023Q3
2023-07-12,XLF,0.0015367060441280334,-0.006038837818966258,0,2023Q3
2023-07-12,XLI,-0.013320339832832984,0.003306316379565269,0,2023Q3
2023-07-12,XLK,0.012927562124490644,0.008741805814224672,0,2023Q3
2023-07-12,XLP,-0.006881548345731847,0.004327510612894512,0,2023Q3
2023-07-12,XLRE,-0.019803422613008825,-0.014532530771099485,0,2023Q3
2023-07-12,XLU,-0.03015141467040028,0.0023425385569276667,0,2023Q3
2023-07-12,XLV,0.002394062009313469,0.00571446875185483,0,2023Q3
2023-07-12,XLY,0.003253659009935017,0.00407705334277944,0,2023Q3
2023-07-13,XLB,-0.005947323618583078,0.0035046941684511693,0,2023Q3
2023-07-13,XLC,-0.028987678709920917,0.0014543392696631991,0,2023Q3
2023-07-13,XLE,-0.007023235001186956,0.0014657274099801748,0,2023Q3
2023-07-13,XLF,0.020274167533545162,-0.002117504429615693,0,2023Q3
2023-07-13,XLI,0.00463751588535688,0.00684164977570362,0,2023Q3
2023-07-13,XLK,-0.005998133399465755,0.004613065797142297,0,2023Q3
2023-07-13,XLP,0.012272849324616697,0.007047309670727622,0,2023Q3
2023-07-13,XLRE,-0.01510866309290504,-0.011243560661114961,0,2023Q3
2023-07-13,XLU,-0.0007616115886566188,0.0066464539877459415,0,2023Q3
2023-07-13,XLV,0.03370965162082684,0.008430974447342539,0,2023Q3
2023-07-13,XLY,-0.02606062539650489,0.00450803386457416,0,2023Q3
2023-07-14,XLB,-0.0005695931222895467,0.002271302097175286,0,2023Q3
2023-07-14,XLC,-0.030133104172102687,0.0030858713997894307,0,2023Q3
2023-07-14,XLE,0.02853601981709719,0.0001768986877443983,0,2023Q3
2023-07-14,XLF,0.023034279015118342,0.0006021249654147832,0,2023Q3
2023-07-14,XLI,0.0022000479183863497,0.0066444709549228305,0,2023Q3
2023-07-14,XLK,-0.005659272335468479,0.008483100587948768,0,2023Q3
2023-07-14,XLP,0.011719702879840144,0.006702924588597816,0,2023Q3
2023-07-14,XLRE,-0.011352941711120335,-0.012112200973402869,0,2023Q3
2023-07-14,XLU,0.017628997553735815,0.006799703606604431,0,2023Q3
2023-07-14,XLV,0.02801751341757064,0.010150002897508413,0,2023Q3
2023-07-14,XLY,-0.02897935474613378,0.0021658746021568044,0,2023Q3
2023-07-17,XLB,0.0005866019938527423,0.0015742179130503646,0,2023Q3
2023-07-17,XLC,-0.025835657263816314,0.00254564614590676,0,2023Q3
2023-07-17,XLE,0.04630539497632857,0.0013596177823462215,0,2023Q3
2023-07-17,XLF,0.02204406411290427,1.5417443640340384e-05,0,2023Q3
2023-07-17,XLI,-0.0002981043347591861,0.007774127962947176,0,2023Q3
2023-07-17,XLK,-0.017551498125103704,-0.0003896576860912837,0,2023Q3
2023-07-17,XLP,0.017662016949044235,0.0035804365335382563,0,2023Q3
2023-07-17,XLRE,0.0058077755636176676,-0.01236116061493113,0,2023Q3
2023-07-17,XLU,0.025840223350633407,0.006110535879072655,0,2023Q3
2023-07-17,XLV,0.029465628056207116,0.007230808549895546,0,2023Q3
2023-07-17,XLY,-0.027551826770142562,-0.004145659742556864,0,2023Q3
2023-07-18,XLB,0.015464302156795284,0.004195644745624723,0,2023Q3
2023-07-18,XLC,-0.024720387302496594,0.0018241282981426741,0,2023Q3
2023-07-18,XLE,0.04596298604619764,0.003568947281765669,0,2023Q3
2023-07-18,XLF,0.008686223567636153,-0.001367153890439614,0,2023Q3
2023-07-18,XLI,-0.002478504458844011,0.008705937483137327,0,2023Q3
2023-07-18,XLK,-0.012737728572666418,-0.0016969938519341176,0,2023Q3
2023-07-18,XLP,0.023200808076522472,0.009536466558110026,0,2023Q3
2023-07-18,XLRE,0.011406211739384053,-0.009067596226484422,0,2023Q3
2023-07-18,XLU,0.040407829515940685,0.012628501412716075,0,2023Q3
2023-07-18,XLV,0.026096185819567186,0.010703435093231824,0,2023Q3
2023-07-18,XLY,-0.029120170328740147,-0.004866200771270974,0,2023Q3
2023-07-19,XLB,0.019548810689384633,0.0032770644436607914,0,2023Q3
2023-07-19,XLC,-0.010154080314991876,0.002480697745820894,0,2023Q3
2023-07-19,XLE,0.04230239270319358,0.0009550890727191342,0,2023Q3
2023-07-19,XLF,0.012416930553942995,-0.0005694299321901241,0,2023Q3
2023-07-19,XLI,0.007075870611258583,0.011472743182817274,0,2023Q3
2023-07-19,XLK,-0.021536366643212346,-0.0018964741504562336,0,2023Q3
2023-07-19,XLP,0.016179679182490858,0.008569728559245758,0,2023Q3
2023-07-19,XLRE,0.006061719257049791,-0.008499961201611776,0,2023Q3
2023-07-19,XLU,0.031927676320012255,0.009958589143116042,0,2023Q3
2023-07-19,XLV,0.0227588359587636,0.010664294319770139,0,2023Q3
2023-07-19,XLY,-0.03068610493989199,0.002690457753979012,0,2023Q3
2023-07-20,XLB,0.010539653227620294,0.0007022851675730833,0,2023Q3
2023-07-20,XLC,0.018341916449482243,0.003643270683069015,0,2023Q3
2023-07-20,XLE,0.02360835284186069,-0.004630612097923776,0,2023Q3
2023-07-20,XLF,-0.007751706755897647,-0.002871840846264703,0,2023Q3
2023-07-20,XLI,-0.006045793005446498,0.00529019790013757,0,2023Q3
2023-07-20,XLK,-0.004487633294099291,-0.00347980389596965,0,2023Q3
2023-07-20,XLP,-0.001348961617592792,0.004443240081309378,0,2023Q3
2023-07-20,XLRE,-0.011874742817882256,-0.014448228423485573,0,2023Q3
2023-07-20,XLU,-0.004540274884792583,0.0026414580304356225,0,2023Q3
2023-07-20,XLV,-0.0013528274807578233,0.002237066189736009,0,2023Q3
2023-07-20,XLY,-0.006886573895287129,0.0005468919261627949,0,2023Q3
2023-07-21,XLB,0.00766670253491708,0.001559343380397227,0,2023Q3
2023-07-21,XLC,0.039090359114739126,0.004301001245939517,0,2023Q3
2023-07-21,XLE,0.00790416291982532,-0.0015892671490462004,0,2023Q3
2023-07-21,XLF,-0.012184196119851998,-0.0005671257492160229,0,2023Q3
2023-07-21,XLI,-0.004914317513176503,0.005414669244051515,0,2023Q3
2023-07-21,XLK,-0.0002060508841568165,-0.006274246457090393,0,2023Q3
2023-07-21,XLP,-0.004268086037097829,0.005320258495706728,0,2023Q3
2023-07-21,XLRE,-0.02887633357984587,-0.011417447183514225,0,2023Q3
2023-07-21,XLU,-0.031224590343373104,0.005663432913694986,0,2023Q3
2023-07-21,XLV,-0.01818953886524599,0.0005733701565149044,0,2023Q3
2023-07-21,XLY,-7.197686024640326e-05,9.57163873215259e-05,0,2023Q3
2023-07-24,XLB,0.012450712630874605,0.00012529771378347538,0,2023Q3
2023-07-24,XLC,0.03944678467206342,0.005267476090476477,0,2023Q3
2023-07-24,XLE,0.013342782588080082,-0.0051471862456079955,0,2023Q3
2023-07-24,XLF,-0.015488276708275905,-0.0019731481607321313,0,2023Q3
2023-07-24,XLI,-0.0022573768085603074,0.010517098899929375,0,2023Q3
2023-07-24,XLK,0.0029212026576608263,0.006781968676418818,0,2023Q3
2023-07-24,XLP,-0.010143206202361865,0.002847297945433322,0,2023Q3
2023-07-24,XLRE,-0.027919403504168883,-0.011132113381074601,0,2023Q3
2023-07-24,XLU,-0.0256251552585941,0.003339873107973982,0,2023Q3
2023-07-24,XLV,-0.021071580975029258,-0.00026039105665040844,0,2023Q3
2023-07-24,XLY,0.0016253363596427928,0.0019869159079081585,0,2023Q3
2023-07-25,XLB,-0.004388276873918517,0.0006930628272661354,0,2023Q3
2023-07-25,XLC,0.0403633295750756,0.0037734118974268793,0,2023Q3
2023-07-25,XLE,0.008865024888712547,-0.015615400287450362,0,2023Q3
2023-07-25,XLF,-0.003414407954334564,1.1195125148146055e-05,0,2023Q3
2023-07-25,XLI,0.007656307910380189,0.010731899756197028,0,2023Q3
2023-07-25,XLK,-0.0012188417095191362,0.005245854015727373,0,2023Q3
2023-07-25,XLP,-0.009661635177333427,0.0038874602702358057,0,2023Q3
2023-07-25,XLRE,-0.016761272347560974,-0.012363664429712796,0,2023Q3
2023-07-25,XLU,-0.03371625459808569,0.0034071749935091714,0,2023Q3
2023-07-25,XLV,-0.02016693261291469,-0.0015518433130840613,0,2023Q3
2023-07-25,XLY,-0.0018758182324674078,0.0024839144642850356,0,2023Q3
2023-07-26,XLB,0.0006646272065329306,0.002350854888373397,0,2023Q3
2023-07-26,XLC,0.01913311292349762,0.0017073532854004463,0,2023Q3
2023-07-26,XLE,0.009373045387240264,-0.016718482862421637,0,2023Q3
2023-07-26,XLF,-0.003647185349473059,-0.0008425204404397158,0,2023Q3
2023-07-26,XLI,0.004204308557756553,0.008760868877006453,0,2023Q3
2023-07-26,XLK,0.001416753390303116,0.012948287680515503,0,2023Q3
2023-07-26,XLP,0.006810279209966907,0.002322253463650386,0,2023Q3
2023-07-26,XLRE,-0.010342591917426702,-0.014656314654357117,0,2023Q3
2023-07-26,XLU,-0.019621811346731688,0.0036045082682834967,0,2023Q3
2023-07-26,XLV,-0.004758766026924488,-0.0031516751668863568,0,2023Q3
2023-07-26,XLY,-0.0054907055909638736,0.0007104240128208895,0,2023Q3
2023-07-27,XLB,-0.002797954191081531,0.0009713436337234102,0,2023Q3
2023-07-27,XLC,0.004509867241479837,-0.0005819525357178974,0,2023Q3
2023-07-27,XLE,0.022203642163941884,-0.018568726026723378,0,2023Q3
2023-07-27,XLF,0.005789220700585296,-0.002469455684547697,0,2023Q3
2023-07-27,XLI,0.002768705324791898,0.008687413065415598,0,2023Q3
2023-07-27,XLK,-0.0034971804705377085,0.01501592593037724,0,2023Q3
2023-07-27,XLP,0.009128611498349204,0.0024720054321571644,0,2023Q3
2023-07-27,XLRE,-0.006670365498045339,-0.01775364583356654,0,2023Q3
2023-07-27,XLU,-0.028397282880801122,0.002456877513448462,0,2023Q3
2023-07-27,XLV,-0.006177903539677176,-0.003881530543790851,0,2023Q3
2023-07-27,XLY,0.003416135189746816,0.0017460783986774382,0,2023Q3
2023-07-28,XLB,0.0021897398771041354,-0.003229218718524823,0,2023Q3
2023-07-28,XLC,-0.0028699551814825863,-0.004847056476704938,0,2023Q3
2023-07-28,XLE,0.03459001092677416,-0.01744076766135208,0,2023Q3
2023-07-28,XLF,0.013887775262030999,-0.0006789615094743063,0,2023Q3
2023-07-28,XLI,0.004697217725885383,0.010570805266834583,0,2023Q3
2023-07-28,XLK,-0.01597631963205981,0.011783051213474602,0,2023Q3
2023-07-28,XLP,0.003072535147349731,0.003199687507288592,0,2023Q3
2023-07-28,XLRE,0.00048481753751761225,-0.017367674413239994,0,2023Q3
2023-07-28,XLU,-0.023368815104642837,0.0023049117589025937,0,2023Q3
2023-07-28,XLV,0.0014887904998446277,0.006522311951795436,0,2023Q3
2023-07-28,XLY,0.015122475529349089,0.0014776723074403585,0,2023Q3
2023-07-31,XLB,-0.0031998158043821112,-0.0036716642003357617,0,2023Q3
2023-07-31,XLC,0.005871188707513353,-0.002496024979001617,0,2023Q3
2023-07-31,XLE,0.010207261736279727,-0.015305744290200806,0,2023Q3
2023-07-31,XLF,0.017446925493155296,-0.0006432255028278784,0,2023Q3
2023-07-31,XLI,0.007767725682105042,0.010358220946894044,0,2023Q3
2023-07-31,XLK,-0.022157045587792523,0.012490320567236948,0,2023Q3
2023-07-31,XLP,0.008996959636111024,0.002921740294281971,0,2023Q3
2023-07-31,XLRE,-0.0015545558453664565,-0.01628638676706792,0,2023Q3
2023-07-31,XLU,-0.030605662322819693,0.000682958171635624,0,2023Q3
2023-07-31,XLV,0.01382565122685031,0.005732266301515195,0,2023Q3
2023-07-31,XLY,0.012990643913022515,0.0017850057044739346,0,2023Q3
2023-08-01,XLB,-0.007790701690875701,-0.001665905892574346,0,2023Q3
2023-08-01,XLC,0.0058713382220813015,-0.001338182212597554,0,2023Q3
2023-08-01,XLE,0.02129823377985607,-0.012519759573662758,0,2023Q3
2023-08-01,XLF,0.009857789938915507,0.001327300744129191,0,2023Q3
2023-08-01,XLI,0.0017646289716024555,0.01176492641051856,0,2023Q3
2023-08-01,XLK,-0.029693554709744774,0.013571584815934252,0,2023Q3
2023-08-01,XLP,0.00870456896372851,0.006167665403870704,0,2023Q3
2023-08-01,XLRE,-0.003265441211897757,-0.014589151726636045,0,2023Q3
2023-08-01,XLU,-0.012801919859267596,0.005795946161965786,0,2023Q3
2023-08-01,XLV,0.028249028485459182,0.007029776749979025,0,2023Q3
2023-08-01,XLY,0.017865407336708494,0.0022034990199634764,0,2023Q3
2023-08-02,XLB,-0.006762121275495914,-0.0028219775697845627,0,2023Q3
2023-08-02,XLC,0.006763603438790233,0.002572003493988044,0,2023Q3
2023-08-02,XLE,0.040220455960497836,-0.012904545500004647,0,2023Q3
2023-08-02,XLF,0.003735660746314373,-0.0025747313161542077,0,2023Q3
2023-08-02,XLI,0.004438068602529488,0.008474545522693477,0,2023Q3
2023-08-02,XLK,-0.025338065205722793,0.015660089467707115,0,2023Q3
2023-08-02,XLP,-0.0005855734609702123,-0.0006803064172233494,0,2023Q3
2023-08-02,XLRE,-0.003968107843426716,-0.018479814696406333,0,2023Q3
2023-08-02,XLU,-0.017892119215874303,-0.0021422944882433037,0,2023Q3
2023-08-02,XLV,0.020064504620952106,-0.008466425132681981,0,2023Q3
2023-08-02,XLY,0.016844162699037102,0.004579177124662829,0,2023Q3
2023-08-03,XLB,-0.0031425484196258013,0.00043901986599964376,0,2023Q3
2023-08-03,XLC,0.009502358674493783,0.001878083604164825,0,2023Q3
2023-08-03,XLE,0.026574021635700218,-0.019430726938599707,0,2023Q3
2023-08-03,XLF,0.0008218045922403494,-0.004019551433348117,0,2023Q3
2023-08-03,XLI,0.004783218759853214,0.008727075481909439,0,2023Q3
2023-08-03,XLK,-0.024477132775111654,0.01840604706403491,0,2023Q3
2023-08-03,XLP,-0.0030211329316456315,-0.0003484581541415928,0,2023Q3
2023-08-03,XLRE,0.003322810481263372,-0.02011202207623718,0,2023Q3
2023-08-03,XLU,-0.0015041898276647592,-0.00236849029404675,0,2023Q3
2023-08-03,XLV,0.02127919931708311,-0.009193222514981543,0,2023Q3
2023-08-03,XLY,0.013683891137748816,0.0034244431933715515,0,2023Q3
2023-08-04,XLB,-0.007574932213886276,-0.003197232400114509,0,2023Q3
2023-08-04,XLC,0.0030433423528815062,0.003539877534138902,0,2023Q3
2023-08-04,XLE,0.03688058127001925,-0.010007588493492522,0,2023Q3
2023-08-04,XLF,0.002882632695926368,-0.00044196681392638464,0,2023Q3
2023-08-04,XLI,0.008601355510351683,0.010508802320303505,0,2023Q3
2023-08-04,XLK,-0.022292810933065565,0.019052412157078986,0,2023Q3
2023-08-04,XLP,0.0046055589153521925,-0.0017500433399753718,0,2023Q3
2023-08-04,XLRE,0.011228499059909636,-0.020997754204663127,0,2023Q3
2023-08-04,XLU,0.011660098059163015,-0.0038816867990714263,0,2023Q3
2023-08-04,XLV,0.027294067018625467,0.001155568516780466,0,2023Q3
2023-08-04,XLY,-0.008071262071657426,0.005202793603417413,0,2023Q3
2023-08-07,XLB,-0.00873441473379677,-0.0022932186831461253,0,2023Q3
2023-08-07,XLC,-0.0018637912530088396,0.0030951530554554872,0,2023Q3
2023-08-07,XLE,0.03449770389853657,-0.013478068480522134,0,2023Q3
2023-08-07,XLF,-0.009768047075004116,-0.002995736086522048,0,2023Q3
2023-08-07,XLI,-7.233878749701717e-05,0.013309084100431669,0,2023Q3
2023-08-07,XLK,-0.006349711233464839,0.01832485832566407,0,2023Q3
2023-08-07,XLP,-0.005259758670662751,0.0020814563956758725,0,2023Q3
2023-08-07,XLRE,-0.0035547122968843103,-0.016280712425350397,0,2023Q3
2023-08-07,XLU,0.007019066835946219,0.0007252439635161681,0,2023Q3
2023-08-07,XLV,0.021821838188441856,0.004525709031316614,0,2023Q3
2023-08-07,XLY,-0.011945246939262355,0.0032729135370284466,0,2023Q3
2023-08-08,XLB,-0.007126533614774333,-0.004393609135380629,0,2023Q3
2023-08-08,XLC,-0.0006300528977312148,0.003987775186277173,0,2023Q3
2023-08-08,XLE,0.01545986803442001,-0.010479651092467743,0,2023Q3
2023-08-08,XLF,-0.01174196027861496,-0.003260580735178138,0,2023Q3
2023-08-08,XLI,-0.0009691928185955323,0.011885029059470678,0,2023Q3
2023-08-08,XLK,-0.0012087658034491966,0.01865323492983608,0,2023Q3
2023-08-08,XLP,-0.0015292986108211837,0.00014804150714013898,0,2023Q3
2023-08-08,XLRE,-0.001399335503574184,-0.018866254358730267,0,2023Q3
2023-08-08,XLU,-0.006543246555373083,-0.0016971699631360335,0,2023Q3
2023-08-08,XLV,0.017652449585805252,0.0038958240872372474,0,2023Q3
2023-08-08,XLY,-0.010264949766593867,0.004707411882314411,0,2023Q3
2023-08-09,XLB,-0.009094067934400374,-0.0014969642259174344,0,2023Q3
2023-08-09,XLC,-0.001171503285797848,0.0033580647282799277,0,2023Q3
2023-08-09,XLE,-0.004926305375475004,-0.011786690401198022,0,2023Q3
2023-08-09,XLF,-0.005247388782241513,-0.0039003359632685235,0,2023Q3
2023-08-09,XLI,-0.005281848573118975,0.00896780062910444,0,2023Q3
2023-08-09,XLK,0.002822152912970055,0.02028676154585735,0,2023Q3
2023-08-09,XLP,-0.004600930177199647,0.0008061270551748454,0,2023Q3
2023-08-09,XLRE,-0.015138918848958127,-0.019198358651939796,0,2023Q3
2023-08-09,XLU,-0.0036786700012519935,-0.0027868560959125343,0,2023Q3
2023-08-09,XLV,0.010964869150768441,0.0038207669112696858,0,2023Q3
2023-08-09,XLY,-0.01013171962049797,0.004213716717257783,0,2023Q3
2023-08-10,XLB,-0.003863150051133135,0.004093912923575051,0,2023Q3
2023-08-10,XLC,-0.007933850361528827,0.005433322007169583,0,2023Q3
2023-08-10,XLE,0.014797262048273807,-0.014766631290414408,0,2023Q3
2023-08-10,XLF,-0.003103327752346341,-0.001458842780441246,0,2023Q3
2023-08-10,XLI,-0.002986897783942788,0.010198577052123002,0,2023Q3
2023-08-10,XLK,0.0011741932517906895,0.020567703278530157,0,2023Q3
2023-08-10,XLP,-0.00426973916125406,0.00288637601185195,0,2023Q3
2023-08-10,XLRE,-0.011384339160909418,-0.01796170749194003,0,2023Q3
2023-08-10,XLU,0.0050680987509710285,-0.0024448148689214647,0,2023Q3
2023-08-10,XLV,0.01156125172607847,0.0053494765757611945,0,2023Q3
2023-08-10,XLY,-0.02111551150100166,0.0036431777848884867,0,2023Q3
2023-08-11,XLB,-0.00231635500359062,0.0014669526215830017,0,2023Q3
2023-08-11,XLC,-0.010159491693441991,-0.00017398625908161537,0,2023Q3
2023-08-11,XLE,0.008407224602376084,-0.01237032026703311,0,2023Q3
2023-08-11,XLF,-0.006386863776336793,-0.00466223723880918,0,2023Q3
2023-08-11,XLI,-0.0038046788901525685,0.002546215469586493,0,2023Q3
2023-08-11,XLK,0.008908080689727038,0.015751233065175348,0,2023Q3
2023-08-11,XLP,-0.0032649839716187845,0.0006445651021925814,0,2023Q3
2023-08-11,XLRE,-0.011562335346704145,-0.01770483844740548,0,2023Q3
2023-08-11,XLU,0.0038057737104227884,-0.001442342817384939,0,2023Q3
2023-08-11,XLV,0.004758239255234442,0.003044292794883337,0,2023Q3
2023-08-11,XLY,-0.021066118523526245,-0.0019372187198462626,0,2023Q3
2023-08-14,XLB,-0.005278128466593479,0.002261826972309071,0,2023Q3
2023-08-14,XLC,-0.011193592324892365,0.0008495848100266008,0,2023Q3
2023-08-14,XLE,0.005384313550932496,-0.009895074482183467,0,2023Q3
2023-08-14,XLF,-0.006540820721700369,-0.006881012486433653,0,2023Q3
2023-08-14,XLI,-0.006317097616777678,0.005021186472643772,0,2023Q3
2023-08-14,XLK,0.011019542280456096,0.016159431639957006,0,2023Q3
2023-08-14,XLP,-0.005956253669685108,0.00237090829321064,0,2023Q3
2023-08-14,XLRE,-0.01565343526495644,-0.016306984945776256,0,2023Q3
2023-08-14,XLU,0.0044290331321339416,-0.00013939018138391595,0,2023Q3
2023-08-14,XLV,0.0018609169682566318,0.005041956454831954,0,2023Q3
2023-08-14,XLY,-0.013969796002441637,-0.00157361062709711,0,2023Q3
2023-08-15,XLB,0.001137747512267473,0.0023310123776319274,0,2023Q3
2023-08-15,XLC,-0.011383824027655698,0.0024115692386105386,0,2023Q3
2023-08-15,XLE,0.009675737709888832,-0.01145235899042957,0,2023Q3
2023-08-15,XLF,-0.006543987420616348,-0.007154005315362141,0,2023Q3
2023-08-15,XLI,-0.0049196623494559555,0.004529153212714644,0,2023Q3
2023-08-15,XLK,0.010881120182009485,0.01826413451997088,0,2023Q3
2023-08-15,XLP,-0.009805513375997221,-0.0070801139884984115,0,2023Q3
2023-08-15,XLRE,-0.011574123528826918,-0.017527826041144313,0,2023Q3
2023-08-15,XLU,0.01466942635995061,-0.0016619757288936531,0,2023Q3
2023-08-15,XLV,-0.006851779780561507,0.004823149141551903,0,2023Q3
2023-08-15,XLY,-0.00805650107009137,0.00422670690269739,0,2023Q3
2023-08-16,XLB,-0.008945422236599776,0.001395691162218782,0,2023Q3
2023-08-16,XLC,-0.0019715400323896404,0.0003707203780446039,0,2023Q3
2023-08-16,XLE,-0.00253248839750575,-0.012037175995960657,0,2023Q3
2023-08-16,XLF,-0.013858395318971595,-0.006794807977537364,0,2023Q3
2023-08-16,XLI,-0.007617343955713007,0.00426836380720394,0,2023Q3
2023-08-16,XLK,0.0203124783966091,0.018508889039103776,0,2023Q3
2023-08-16,XLP,-0.01941790579194025,-0.006868936400970486,0,2023Q3
2023-08-16,XLRE,-0.003310414291360697,-0.016079498694103897,0,2023Q3
2023-08-16,XLU,-0.004235340907245089,-0.012588989532029554,0,2023Q3
2023-08-16,XLV,-0.014771426613328975,0.003639472607750543,0,2023Q3
2023-08-16,XLY,-0.006203377249016873,0.004281401151684302,0,2023Q3
2023-08-17,XLB,-0.004838863935825111,0.004267687368946792,0,2023Q3
2023-08-17,XLC,-0.0035142695035670357,0.0035450884737410057,0,2023Q3
2023-08-17,XLE,-0.014907185675142376,-0.009594767661036096,0,2023Q3
2023-08-17,XLF,-0.006082498913601131,-0.004772711336027502,0,2023Q3
2023-08-17,XLI,-0.0050530894827091055,0.00638461992260081,0,2023Q3
2023-08-17,XLK,0.01258870454545824,0.02024340380482877,0,2023Q3
2023-08-17,XLP,-0.01140959633158034,-0.007411900781679125,0,2023Q3
2023-08-17,XLRE,0.00582897962257789,-0.013509588981359358,0,2023Q3
2023-08-17,XLU,-0.001533560126143363,-0.009596743824217347,0,2023Q3
2023-08-17,XLV,-0.009166661498041462,0.0026131350111910346,0,2023Q3
2023-08-17,XLY,-0.002540661745931705,0.0038544584727938144,0,2023Q3
2023-08-18,XLB,-0.008320748409365253,0.0040615159525606076,0,2023Q3
2023-08-18,XLC,-0.003031062348298752,0.005435871046009841,0,2023Q3
2023-08-18,XLE,-0.02168679084130476,-0.011602567972991995,0,2023Q3
2023-08-18,XLF,-0.0076553083243495745,-0.0052969423360663005,0,2023Q3
2023-08-18,XLI,-0.005125803902896742,0.004686278361226118,0,2023Q3
2023-08-18,XLK,0.014783184621520729,0.02133291033142129,0,2023Q3
2023-08-18,XLP,-0.016166525952970634,-0.007658497153052487,0,2023Q3
2023-08-18,XLRE,-0.0007652940269742281,-0.014337488777179337,0,2023Q3
2023-08-18,XLU,-0.005744527418790613,-0.010563360144966437,0,2023Q3
2023-08-18,XLV,-0.008848273538798468,0.003887354156619269,0,2023Q3
2023-08-18,XLY,0.0043459868010475855,0.0046718217020020845,0,2023Q3
2023-08-21,XLB,-0.0009808412857692517,0.0034369632578476095,0,2023Q3
2023-08-21,XLC,0.0021347171347314564,0.0027037408786075886,0,2023Q3
2023-08-21,XLE,-0.008577605011689471,-0.009966994929800561,0,2023Q3
2023-08-21,XLF,-0.0007131015803718554,-0.0018956240916426074,0,2023Q3
2023-08-21,XLI,0.004467033309278889,0.005203260753491227,0,2023Q3
2023-08-21,XLK,0.003993598619818961,0.019865337775810055,0,2023Q3
2023-08-21,XLP,-0.004751176248598776,-0.007125270303823086,0,2023Q3
2023-08-21,XLRE,0.01618438095980501,-0.013221437487618077,0,2023Q3
2023-08-21,XLU,0.0006162935378442036,-0.0025757236679675765,0,2023Q3
2023-08-21,XLV,-0.0074103483687073535,0.005785225532238662,0,2023Q3
2023-08-21,XLY,-0.0029828479313014356,0.003784059869240481,0,2023Q3
2023-08-22,XLB,-0.0007381367891050594,0.0021919263947151406,0,2023Q3
2023-08-22,XLC,0.007223213997911149,0.0030883961581709804,0,2023Q3
2023-08-22,XLE,-0.015421860193656656,-0.008386617958786204,0,2023Q3
2023-08-22,XLF,0.0007490732049462157,-0.0040413441957085,0,2023Q3
2023-08-22,XLI,-0.0027403209900516146,0.004975176914820674,0,2023Q3
2023-08-22,XLK,0.008101728884444492,0.019387526497443935,0,2023Q3
2023-08-22,XLP,-0.01278783715299725,-0.010358785973374493,0,2023Q3
2023-08-22,XLRE,0.00738064959464646,-0.014700079245065837,0,2023Q3
2023-08-22,XLU,-0.01580326610327165,-0.012026773898352935,0,2023Q3
2023-08-22,XLV,-0.01221546777863125,-0.001881705797312505,0,2023Q3
2023-08-22,XLY,0.003274848051552093,0.0011112895227291574,0,2023Q3
2023-08-23,XLB,0.007080382823899445,-0.0005635798221148955,0,2023Q3
2023-08-23,XLC,-0.0019438454712730202,0.0008055707713680618,0,2023Q3
2023-08-23,XLE,-0.000725546889265738,-0.006306294387462254,0,2023Q3
2023-08-23,XLF,-0.0015174788610112788,-0.006599176353151896,0,2023Q3
2023-08-23,XLI,-0.0014625346005177065,0.003933375860805874,0,2023Q3
2023-08-23,XLK,0.004567377445318321,0.012282022140883779,0,2023Q3
2023-08-23,XLP,-0.010712048739742297,-0.013776083251295092,0,2023Q3
2023-08-23,XLRE,0.003072013127561446,-0.016722254755493014,0,2023Q3
2023-08-23,XLU,-0.01722517056944306,-0.01348271520357742,0,2023Q3
2023-08-23,XLV,-0.008880587694889863,-0.005780823567844369,0,2023Q3
2023-08-23,XLY,0.006612878981246739,0.0006543592362232641,0,2023Q3
2023-08-24,XLB,-0.0018861281701259003,0.002588903468546144,0,2023Q3
2023-08-24,XLC,0.0062453795410923885,0.0005042018015551456,0,2023Q3
2023-08-24,XLE,-0.005794261152791913,-0.00606411387504255,0,2023Q3
2023-08-24,XLF,-0.014550910989532762,-0.0048996161639750175,0,2023Q3
2023-08-24,XLI,-0.006388414813879972,0.0032094792000064995,0,2023Q3
2023-08-24,XLK,0.02098463541537865,0.011323259642681254,0,2023Q3
2023-08-24,XLP,-0.020533746742369408,-0.014154426901378718,0,2023Q3
2023-08-24,XLRE,-0.012376758407706356,-0.013092650786529648,0,2023Q3
2023-08-24,XLU,-0.03381737979670496,-0.011361352448869084,0,2023Q3
2023-08-24,XLV,-0.02499471688632182,-0.005927196844337973,0,2023Q3
2023-08-24,XLY,0.017520978360260564,0.0039870604627314545,0,2023Q3
2023-08-25,XLB,0.011874498868847283,-0.00040002008606728384,0,2023Q3
2023-08-25,XLC,0.0008060006149228638,0.0014165611765831767,0,2023Q3
2023-08-25,XLE,0.010461270721052518,-0.005312435931722198,0,2023Q3
2023-08-25,XLF,-0.004907446315962405,-0.007879059033368729,0,2023Q3
2023-08-25,XLI,-0.004289048685457653,0.0026516277602845898,0,2023Q3
2023-08-25,XLK,0.018893969857496806,0.013030306892458703,0,2023Q3
2023-08-25,XLP,-0.029368074021415946,-0.013482496148200166,0,2023Q3
2023-08-25,XLRE,-0.010412575517603662,-0.015027707141888735,0,2023Q3
2023-08-25,XLU,-0.041060437481930556,-0.01343342361482373,0,2023Q3
2023-08-25,XLV,-0.024302428358393025,-0.00738253715894164,0,2023Q3
2023-08-25,XLY,0.004924594295006024,0.00040204950356018945,0,2023Q3
2023-08-28,XLB,-0.003823329341906545,-0.0023084331981411232,0,2023Q3
2023-08-28,XLC,-0.0008850906677013715,-0.0015867011344745962,0,2023Q3
2023-08-28,XLE,0.019839469202247884,-0.009632496469048717,0,2023Q3
2023-08-28,XLF,-0.009954368366818178,-0.010827310200121672,0,2023Q3
2023-08-28,XLI,-0.01873192126957368,0.000540269277109353,0,2023Q3
2023-08-28,XLK,0.024990611885091996,0.012254789098563508,0,2023Q3
2023-08-28,XLP,-0.03154268492017742,-0.013512815446708577,0,2023Q3
2023-08-28,XLRE,-0.017629480401379904,-0.014950729337634857,0,2023Q3
2023-08-28,XLU,-0.045129023911028354,-0.012692572379575147,0,2023Q3
2023-08-28,XLV,-0.02607728715102753,-0.00850878433907315,0,2023Q3
2023-08-28,XLY,0.01240300241909087,-0.0020646397548522103,0,2023Q3
2023-08-29,XLB,-0.0013103825553730797,-0.015980397406216183,0,2023Q3
2023-08-29,XLC,-0.004836562124638233,-0.0018986613198276473,0,2023Q3
2023-08-29,XLE,0.03866498168971433,-0.01150930418815256,0,2023Q3
2023-08-29,XLF,0.0016165867791327893,-0.015291588973234743,0,2023Q3
2023-08-29,XLI,-0.009346529981407947,-0.007389941230605119,0,2023Q3
2023-08-29,XLK,0.01496053728727842,0.01026969457862088,0,2023Q3
2023-08-29,XLP,-0.014958351878352705,-0.010766209018857,0,2023Q3
2023-08-29,XLRE,-0.009600842275512611,-0.0179760088553452,0,2023Q3
2023-08-29,XLU,-0.025399327727239296,-0.012280800975969815,0,2023Q3
2023-08-29,XLV,-0.01902515687154005,-0.00504360266410407,0,2023Q3
2023-08-29,XLY,-0.0003591399529538908,-0.0021254502246921903,0,2023Q3
2023-08-30,XLB,-0.0009323848519494637,-0.013174653075977419,0,2023Q3
2023-08-30,XLC,0.0003564306087320279,-0.0016387708151213284,0,2023Q3
2023-08-30,XLE,0.03965418242536767,-0.00734534317513983,0,2023Q3
2023-08-30,XLF,0.005544643478353817,-0.016266543094014464,0,2023Q3
2023-08-30,XLI,-0.009888491791434917,-0.004094070476551568,0,2023Q3
2023-08-30,XLK,4.345197898858455e-05,0.01036383085802865,0,2023Q3
2023-08-30,XLP,-0.007126669854289669,-0.010212643300414813,0,2023Q3
2023-08-30,XLRE,0.00212699212230838,-0.019837697608645455,0,2023Q3
2023-08-30,XLU,-0.001128615400631805,-0.011355175194620594,0,2023Q3
2023-08-30,XLV,-0.006813506355862753,-0.005600455071140696,0,2023Q3
2023-08-30,XLY,0.005255366190041744,-0.0015687032451529941,0,2023Q3
2023-08-31,XLB,-0.0024249661022217595,-0.0075760199250373885,0,2023Q3
2023-08-31,XLC,-0.0006436780448548785,-9.263475581482687e-05,0,2023Q3
2023-08-31,XLE,0.045925171610165294,-0.007250538643338168,0,2023Q3
2023-08-31,XLF,0.008398057409035986,-0.01632191327639,0,2023Q3
2023-08-31,XLI,-0.013297922491136593,-0.0033270499594633346,0,2023Q3
2023-08-31,XLK,-0.005613389290081261,0.010347039191351418,0,2023Q3
2023-08-31,XLP,-0.0038434525269667175,-0.009637341943674677,0,2023Q3
2023-08-31,XLRE,-7.997861318864707e-05,-0.01790348196058276,0,2023Q3
2023-08-31,XLU,0.014219273757006046,-0.007791797749834832,0,2023Q3
2023-08-31,XLV,0.0020920061615449237,-0.006733125490996456,0,2023Q3
2023-08-31,XLY,-0.0007564681124581085,-0.0018814790932732512,0,2023Q3
2023-09-01,XLB,-0.013850816279581513,-0.008392174018725851,0,2023Q3
2023-09-01,XLC,0.01903855243010477,0.0009139820235752686,0,2023Q3
2023-09-01,XLE,0.007174879440967952,-0.004468920365444424,0,2023Q3
2023-09-01,XLF,-0.000557323153465128,-0.010791220172562769,0,2023Q3
2023-09-01,XLI,-0.022787464489330778,-0.003609617180496248,0,2023Q3
2023-09-01,XLK,-0.008172346308119582,0.01120157255973205,0,2023Q3
2023-09-01,XLP,0.008567977951022043,-0.009619147131510216,0,2023Q3
2023-09-01,XLRE,-0.003656900101413507,-0.01371987596109056,0,2023Q3
2023-09-01,XLU,0.018844221710053177,0.0028428458328307597,0,2023Q3
2023-09-01,XLV,0.0015808029756247954,-0.005108647132710723,0,2023Q3
2023-09-01,XLY,0.027408363311348105,0.0001695402158171681,0,2023Q3
2023-09-05,XLB,0.0034663596783534034,-0.012293739693075376,0,2023Q3
2023-09-05,XLC,0.009768350061784004,0.001010482769149923,0,2023Q3
2023-09-05,XLE,0.026528454858722128,-0.004517245629438095,0,2023Q3
2023-09-05,XLF,0.017426636078368363,-0.013434252217770816,0,2023Q3
2023-09-05,XLI,-0.008564381711442914,-0.004815814778548353,0,2023Q3
2023-09-05,XLK,-0.028336446904669077,0.011056314528440062,0,2023Q3
2023-09-05,XLP,0.009751218911701276,-0.009691645954564407,0,2023Q3
2023-09-05,XLRE,0.007507440661211451,-0.01389123753256332,0,2023Q3
2023-09-05,XLU,0.037065828196252815,0.0016273221127514354,0,2023Q3
2023-09-05,XLV,0.01184901032542296,-0.01077181419630375,0,2023Q3
2023-09-05,XLY,0.01860142313160007,-0.000430333587812748,0,2023Q3
2023-09-06,XLB,-0.008080772193876817,-0.00869208028177388,0,2023Q3
2023-09-06,XLC,0.008321388231050664,0.00334984500187977,0,2023Q3
2023-09-06,XLE,0.010526953695725316,-0.004367352293479251,0,2023Q3
2023-09-06,XLF,0.010130982145907685,-0.011332892859853888,0,2023Q3
2023-09-06,XLI,-0.018770267920021788,-0.0027554560776808686,0,2023Q3
2023-09-06,XLK,-0.023455116255005515,0.010518850950292388,0,2023Q3
2023-09-06,XLP,0.00606902133702647,-0.009211500241764538,0,2023Q3
2023-09-06,XLRE,-0.008582069936947434,-0.013538755701465895,0,2023Q3
2023-09-06,XLU,0.03914304363127874,6.619673840681313e-05,0,2023Q3
2023-09-06,XLV,0.009618598684942858,-0.009203492757027353,0,2023Q3
2023-09-06,XLY,0.027873985121855904,-0.001519166462827399,0,2023Q3
2023-09-07,XLB,-0.001250612670563589,-0.007868975451080713,0,2023Q3
2023-09-07,XLC,0.01247899114107498,0.002011286848458986,0,2023Q3
2023-09-07,XLE,0.01163486196437069,-0.016498032230537668,0,2023Q3
2023-09-07,XLF,0.010400831327303406,-0.012742771494004004,0,2023Q3
2023-09-07,XLI,-0.017567056675327763,-0.0023398638163395925,0,2023Q3
2023-09-07,XLK,-0.013662077661968475,0.010498009711957431,0,2023Q3
2023-09-07,XLP,0.002136913702610155,-0.010713738010605293,0,2023Q3
2023-09-07,XLRE,-0.010487120003810357,-0.014251799319185243,0,2023Q3
2023-09-07,XLU,0.02896778611918016,-0.010654302305029848,0,2023Q3
2023-09-07,XLV,-0.003450865170039341,-0.00912510304896039,0,2023Q3
2023-09-07,XLY,0.023347135738638558,-0.0025298958709585773,0,2023Q3
2023-09-08,XLB,0.0037255770131634502,-0.008318405533442421,0,2023Q3
2023-09-08,XLC,0.013039680532251907,0.0033584643492827315,0,2023Q3
2023-09-08,XLE,0.00439127506979009,-0.016628956853638764,0,2023Q3
2023-09-08,XLF,0.020277716555672898,-0.012481091100144642,0,2023Q3
2023-09-08,XLI,-0.0011383931997885899,-0.003374838816010489,0,2023Q3
2023-09-08,XLK,-0.017687055390657402,0.009383221648857423,0,2023Q3
2023-09-08,XLP,0.00970727200008592,-0.011333354753209714,0,2023Q3
2023-09-08,XLRE,0.009468093494464203,-0.014694917581726145,0,2023Q3
2023-09-08,XLU,0.03268273825774659,-0.00915345222501954,0,2023Q3
2023-09-08,XLV,0.005810222541775989,-0.008679797298966532,0,2023Q3
2023-09-08,XLY,0.022840636326755703,-0.0013350813017250765,0,2023Q3
2023-09-11,XLB,-0.003494107348996134,-0.007243215206323191,0,2023Q3
2023-09-11,XLC,0.0022149560548846425,0.0030194034458142774,0,2023Q3
2023-09-11,XLE,0.024728757731447226,-0.014581795462102752,0,2023Q3
2023-09-11,XLF,0.019744069774868533,-0.0123377834077522,0,2023Q3
2023-09-11,XLI,0.0015677425262741185,-0.004317172212778253,0,2023Q3
2023-09-11,XLK,-0.014238913430111078,0.009648686350262007,0,2023Q3
2023-09-11,XLP,-3.7265773850103656e-05,-0.012468094815842523,0,2023Q3
2023-09-11,XLRE,-0.0018064526966002914,-0.013117357456538845,0,2023Q3
2023-09-11,XLU,0.02540765326330008,-0.01109429704511823,0,2023Q3
2023-09-11,XLV,-0.0006830174271942324,-0.0097544377508206,0,2023Q3
2023-09-11,XLY,-0.010430239059717628,-0.003290147205554373,0,2023Q3
2023-09-12,XLB,-0.005456702392101942,-0.0082823878167623,0,2023Q3
2023-09-12,XLC,0.010030606967481814,0.000878266095190769,0,2023Q3
2023-09-12,XLE,-0.011251726873507839,-0.009833048817253274,0,2023Q3
2023-09-12,XLF,0.008507495036112811,-0.012864137796844116,0,2023Q3
2023-09-12,XLI,-0.0024290096633485803,-0.004731392842579438,0,2023Q3
2023-09-12,XLK,-0.00015114555352824244,0.00875045947271993,0,2023Q3
2023-09-12,XLP,0.0027519145268563028,-0.010925628029702221,0,2023Q3
2023-09-12,XLRE,-0.01038574968538164,-0.01471924309977175,0,2023Q3
2023-09-12,XLU,0.015225961511036834,-0.010826117242270568,0,2023Q3
2023-09-12,XLV,-0.001982924410483089,-0.010023872011502141,0,2023Q3
2023-09-12,XLY,-0.009824703827241543,-0.004465009819869563,0,2023Q3
2023-09-13,XLB,0.00019799550074095507,-0.006140738089957194,0,2023Q3
2023-09-13,XLC,0.003399147630326893,0.0012285495374333515,0,2023Q3
2023-09-13,XLE,-0.0027471934069376314,-0.010210433910183897,0,2023Q3
2023-09-13,XLF,0.011860234848251827,-0.0116113732088794,0,2023Q3
2023-09-13,XLI,0.01054966235470578,-0.0040762428545998266,0,2023Q3
2023-09-13,XLK,-0.0079344546797806,0.003961337344837201,0,2023Q3
2023-09-13,XLP,0.010951502779597111,-0.010407969983809095,0,2023Q3
2023-09-13,XLRE,0.011835676077563528,-0.008123410814679157,0,2023Q3
2023-09-13,XLU,0.014514197414374208,-0.005900855223181771,0,2023Q3
2023-09-13,XLV,0.008214351845274193,-0.007961107496110056,0,2023Q3
2023-09-13,XLY,-0.016982688537412027,-0.004264216411839725,0,2023Q3
2023-09-14,XLB,-0.008465095821738267,-0.004697974395645241,0,2023Q3
2023-09-14,XLC,0.002367400308211698,0.0024557646652221994,0,2023Q3
2023-09-14,XLE,-0.002865288460462745,-0.010135783713926119,0,2023Q3
2023-09-14,XLF,0.010987896343878978,-0.008643941329311029,0,2023Q3
2023-09-14,XLI,0.00926512101768473,-0.0014270073640020424,0,2023Q3
2023-09-14,XLK,-0.00520408119110527,0.0009262523232633388,0,2023Q3
2023-09-14,XLP,0.012803207002341721,-0.008783849079354573,0,2023Q3
2023-09-14,XLRE,-0.01528404499074254,-0.00663853696986524,0,2023Q3
2023-09-14,XLU,0.014369634824696664,-0.00771503351205332,0,2023Q3
2023-09-14,XLV,0.020957042698340644,-0.002150120737901183,0,2023Q3
2023-09-14,XLY,-0.027966252698722105,-0.0012540148347216428,0,2023Q3
2023-09-15,XLB,-0.011668159127033118,-0.009590916039110896,0,2023Q3
2023-09-15,XLC,0.0012122581410920485,0.00012317467190269276,0,2023Q3
2023-09-15,XLE,-0.00013652584516621324,-0.009888392612000467,0,2023Q3
2023-09-15,XLF,-0.004383620658756526,-0.010050480520200536,0,2023Q3
2023-09-15,XLI,-0.0013633179640351045,-0.0034260103441155253,0,2023Q3
2023-09-15,XLK,0.002624333224326425,-0.0008381114580856268,0,2023Q3
2023-09-15,XLP,0.0026987421132921297,-0.011873901053293622,0,2023Q3
2023-09-15,XLRE,-0.03113437376335948,-0.013004260883317995,0,2023Q3
2023-09-15,XLU,0.0038000416206364074,-0.01051655080309617,0,2023Q3
2023-09-15,XLV,0.01377577835835797,-0.008509771974002375,0,2023Q3
2023-09-15,XLY,-0.03400860747864187,-0.003730875159698196,0,2023Q3
2023-09-18,XLB,0.0011231210360680421,-0.009910021779756513,0,2023Q3
2023-09-18,XLC,0.0018063049343381987,0.0019601849122776053,0,2023Q3
2023-09-18,XLE,0.007458027926175892,-0.008192803272881605,0,2023Q3
2023-09-18,XLF,-0.0039261485066552915,-0.010869107150034163,0,2023Q3
2023-09-18,XLI,0.002867784348451141,-0.0052443578928435645,0,2023Q3
2023-09-18,XLK,-0.0003436541039844032,0.0005583381574681798,0,2023Q3
2023-09-18,XLP,0.0026330697886739474,-0.010804627323164508,0,2023Q3
2023-09-18,XLRE,-0.02046100847963106,-0.014333164408336846,0,2023Q3
2023-09-18,XLU,0.007520920894436678,-0.010586107952843007,0,2023Q3
2023-09-18,XLV,0.02120869128661551,-0.008220847453555296,0,2023Q3
2023-09-18,XLY,-0.01969850022539854,-0.003155889124004604,0,2023Q3
2023-09-19,XLB,0.00019605710394932085,-0.01001386051104727,0,2023Q3
2023-09-19,XLC,0.002576948221930664,0.0015539972011282327,0,2023Q3
2023-09-19,XLE,0.02333092537463055,-0.009507716319299916,0,2023Q3
2023-09-19,XLF,-0.0034468554709531363,-0.011203699083072133,0,2023Q3
2023-09-19,XLI,0.0043467921332783765,-0.005778688431401059,0,2023Q3
2023-09-19,XLK,-0.005053976510934088,-0.0009026420664389539,0,2023Q3
2023-09-19,XLP,0.009992878038828978,-0.009627937163830298,0,2023Q3
2023-09-19,XLRE,-0.020055829698125582,-0.014164965196482988,0,2023Q3
2023-09-19,XLU,-0.004314664830485038,-0.012299605050347346,0,2023Q3
2023-09-19,XLV,0.0242578757321944,-0.007922664051047551,0,2023Q3
2023-09-19,XLY,-0.020051335155019556,-0.0047744095186737475,0,2023Q3
2023-09-20,XLB,0.0009731496289328012,-0.01002758610246916,0,2023Q3
2023-09-20,XLC,0.00915935813851576,0.0018320484765237577,0,2023Q3
2023-09-20,XLE,0.04806075980625546,-0.00797392920760258,0,2023Q3
2023-09-20,XLF,-0.007540036371679881,-0.011744898286389017,0,2023Q3
2023-09-20,XLI,0.006071382002418302,-0.007660667402269346,0,2023Q3
2023-09-20,XLK,0.0024118365201268865,0.001275598856402052,0,2023Q3
2023-09-20,XLP,-0.008251734619415196,-0.00925437923102208,0,2023Q3
2023-09-20,XLRE,-0.03951728121681819,-0.015071269454221901,0,2023Q3
2023-09-20,XLU,-0.03293934515104335,-0.013831044800425131,0,2023Q3
2023-09-20,XLV,0.009929076143801896,-0.00824309210348379,0,2023Q3
2023-09-20,XLY,-0.023544939152018718,-0.0035448703869285477,0,2023Q3
2023-09-21,XLB,0.009584716374245628,-0.011534653518667067,0,2023Q3
2023-09-21,XLC,0.01030588071415306,0.0009224008228256902,0,2023Q3
2023-09-21,XLE,0.04130970944747536,-0.005557092085216781,0,2023Q3
2023-09-21,XLF,-0.006318785435584173,-0.01073413543725897,0,2023Q3
2023-09-21,XLI,0.004499006274647166,-0.008054959883090147,0,2023Q3
2023-09-21,XLK,0.0024471343038577897,-0.0010493945803676048,0,2023Q3
2023-09-21,XLP,-0.014759452608819945,-0.012833853990080685,0,2023Q3
2023-09-21,XLRE,-0.018052631706174327,-0.01584170351433845,0,2023Q3
2023-09-21,XLU,-0.06557544247140668,-0.017008776604918726,0,2023Q3
2023-09-21,XLV,0.001285637719794952,-0.010340997835302084,0,2023Q3
2023-09-21,XLY,-0.008113591967672806,-0.005670622562033433,0,2023Q3
2023-09-22,XLB,0.009127334858266334,-0.007914224638628562,0,2023Q3
2023-09-22,XLC,0.006068574798208326,0.0006116821138374054,0,2023Q3
2023-09-22,XLE,0.018923248397090253,-0.0043068779106635625,0,2023Q3
2023-09-22,XLF,-0.007726800472326656,-0.014283555165163863,0,2023Q3
2023-09-22,XLI,0.0028026370347982166,-0.008614370272440722,0,2023Q3
2023-09-22,XLK,0.003911007172235914,-0.0017658965663111708,0,2023Q3
2023-09-22,XLP,-0.012131538233880246,-0.011948848850453485,0,2023Q3
2023-09-22,XLRE,-0.007632869964402489,-0.014561573118894108,0,2023Q3
2023-09-22,XLU,-0.062058702391897036,-0.015642097375613638,0,2023Q3
2023-09-22,XLV,-0.004003115862334483,-0.008583591245601034,0,2023Q3
2023-09-22,XLY,0.007141231705021456,-0.005635983236793899,0,2023Q3
2023-09-25,XLB,-0.007353720343612036,-0.011105487845794845,0,2023Q3
2023-09-25,XLC,0.015639441538897403,0.0016496741155681933,0,2023Q3
2023-09-25,XLE,-0.008964401314949133,-0.008853145682393794,0,2023Q3
2023-09-25,XLF,-0.013809821087345298,-0.017641725848747757,0,2023Q3
2023-09-25,XLI,-0.007287748148460671,-0.00817391703098239,0,2023Q3
2023-09-25,XLK,0.015929936625919128,-0.002214708409477721,0,2023Q3
2023-09-25,XLP,-0.01079487923995237,-0.011235686784058339,0,2023Q3
2023-09-25,XLRE,-0.01933290598305759,-0.013704385248279414,0,2023Q3
2023-09-25,XLU,-0.09953489293235518,-0.01694332764939889,0,2023Q3
2023-09-25,XLV,-0.006193206871109025,-0.010471596224988809,0,2023Q3
2023-09-25,XLY,0.006380358230901106,-0.006734030643039038,0,2023Q3
2023-09-26,XLB,0.003008391736715521,-0.009457601837664642,0,2023Q3
2023-09-26,XLC,0.011917994892629902,-0.0012298717242986753,0,2023Q3
2023-09-26,XLE,-0.005275421942088521,-0.00946956763678124,0,2023Q3
2023-09-26,XLF,-0.017562666631456003,-0.017873260096725106,0,2023Q3
2023-09-26,XLI,-0.0003496106831424317,-0.008007904955545167,0,2023Q3
2023-09-26,XLK,0.015691584454318286,-0.0017768167215928327,0,2023Q3
2023-09-26,XLP,-0.011838229043072745,-0.010400957153420345,0,2023Q3
2023-09-26,XLRE,-0.021195176504910762,-0.00941551486342257,0,2023Q3
2023-09-26,XLU,-0.06283491151375664,-0.017500120146301958,0,2023Q3
2023-09-26,XLV,-0.007884350716720556,-0.009059480968578,0,2023Q3
2023-09-26,XLY,-0.0011238211370311335,-0.010188870970042648,0,2023Q3
2023-09-27,XLB,0.00801586805731025,-0.0073092927899612884,0,2023Q3
2023-09-27,XLC,0.012002178286299015,-0.0055110777766283325,0,2023Q3
2023-09-27,XLE,-0.06618945259431519,-0.00902658700610877,0,2023Q3
2023-09-27,XLF,-0.015690540719742407,-0.019645665974941065,0,2023Q3
2023-09-27,XLI,-0.011320189636798705,-0.007070621277298114,0,2023Q3
2023-09-27,XLK,0.01984494680956106,0.0004026627322942097,0,2023Q3
2023-09-27,XLP,-0.002696774453265993,-0.008605208527093112,0,2023Q3
2023-09-27,XLRE,-0.008939853080065618,-0.011768701344808962,0,2023Q3
2023-09-27,XLU,-0.052450094778607625,-0.011738283219597936,0,2023Q3
2023-09-27,XLV,-0.005567836186553654,-0.005278941404922211,0,2023Q3
2023-09-27,XLY,0.015449948938241032,-0.002840834108188822,0,2023Q3
2023-09-28,XLB,-0.008666662775333789,-0.008839605843660477,0,2023Q3
2023-09-28,XLC,0.005741453305606936,-0.003985170351580647,0,2023Q3
2023-09-28,XLE,-0.0668248363245324,-0.006561482582514823,0,2023Q3
2023-09-28,XLF,-0.0121242506089978,-0.018319030715468733,0,2023Q3
2023-09-28,XLI,-0.015147916651097049,-0.0069367067098271284,0,2023Q3
2023-09-28,XLK,0.020154217490000237,-0.00028034106870063777,0,2023Q3
2023-09-28,XLP,-0.01916546171600586,-0.007104338952658616,0,2023Q3
2023-09-28,XLRE,-0.005935516385677686,-0.009884037598750117,0,2023Q3
2023-09-28,XLU,-0.031074424154423852,-0.007450564922981733,0,2023Q3
2023-09-28,XLV,0.0012096795432904317,-0.005732627914664557,0,2023Q3
2023-09-28,XLY,0.005384373096607109,-0.0023759215040294766,0,2023Q3
2023-09-29,XLB,-0.011948155956924222,-0.010981612240449337,0,2023Q3
2023-09-29,XLC,0.01561723618234101,-0.004401457044935397,0,2023Q3
2023-09-29,XLE,-0.05637331438173987,-0.011080126077909315,0,2023Q3
2023-09-29,XLF,-0.008738142997816722,-0.01735865056076474,0,2023Q3
2023-09-29,XLI,-0.010737265983936428,-0.007740129780890772,0,2023Q3
2023-09-29,XLK,0.0213507676843514,-0.0003362292955239371,0,2023Q3
2023-09-29,XLP,-0.03591906969266878,-0.011162247305916364,0,2023Q3
2023-09-29,XLRE,-0.019788119995466147,-0.010380866442674278,0,2023Q3
2023-09-29,XLU,-0.033327338694094766,-0.007298385720082659,0,2023Q3
2023-09-29,XLV,0.005045904973642212,-0.005508801618013206,0,2023Q3
2023-09-29,XLY,-0.007117361061970029,-0.0024898410009960526,0,2023Q3
2023-10-02,XLB,0.0012714005221992064,-0.003993233809101204,1,2023Q4
2023-10-02,XLC,0.012750196359311072,-0.0017640496190834752,1,2023Q4
2023-10-02,XLE,-0.015678125480504734,-0.012185001952771203,1,2023Q4
2023-10-02,XLF,-0.004454005538647499,-0.013643941764036617,1,2023Q4
2023-10-02,XLI,0.008879581795468328,-0.006022520382091085,1,2023Q4
2023-10-02,XLK,0.0051696435295378595,0.004710173817865067,1,2023Q4
2023-10-02,XLP,-0.03052822905914354,-0.011220154704814541,1,2023Q4
2023-10-02,XLRE,0.003110094753079995,-0.007789056834243987,1,2023Q4
2023-10-02,XLU,0.02614836098145168,-0.007325794216628033,1,2023Q4
2023-10-02,XLV,0.0026819417639620813,-0.007692116346952434,1,2023Q4
2023-10-02,XLY,-0.008043877330908833,-0.0009273859558603509,1,2023Q4
2023-10-03,XLB,-0.01152389369793827,-0.010540275685408817,1,2023Q4
2023-10-03,XLC,0.018306199395237588,-0.0001264462736662411,1,2023Q4
2023-10-03,XLE,-0.04589589672744032,-0.013228037379234208,1,2023Q4
2023-10-03,XLF,-0.004664212960859171,-0.012026010357085205,1,2023Q4
2023-10-03,XLI,0.004282428020994544,-0.008037175504048168,1,2023Q4
2023-10-03,XLK,0.014422334225316247,0.003574460668567077,1,2023Q4
2023-10-03,XLP,-0.048203713062051845,-0.012478919985461181,1,2023Q4
2023-10-03,XLRE,0.025048660833578262,-0.0090605526700578,1,2023Q4
2023-10-03,XLU,0.0129144653098483,-0.014314639501158903,1,2023Q4
2023-10-03,XLV,-0.010767129389744445,-0.008237553528343678,1,2023Q4
2023-10-03,XLY,0.0027858872240711374,-0.002006617737202746,1,2023Q4
2023-10-04,XLB,-0.024773530174425407,-0.01143535052125517,1,2023Q4
2023-10-04,XLC,0.009814326609486335,-0.0012866804712929668,1,2023Q4
2023-10-04,XLE,0.001080627149635971,-0.0012810380933230246,1,2023Q4
2023-10-04,XLF,-0.004940742102493623,-0.01291470210417799,1,2023Q4
2023-10-04,XLI,0.005303924936475468,-0.006719103531785984,1,2023Q4
2023-10-04,XLK,0.016220921891197726,0.0039468206152172385,1,2023Q4
2023-10-04,XLP,-0.05292321038479275,-0.012679144640365172,1,2023Q4
2023-10-04,XLRE,0.013756860902294443,-0.007179463089114345,1,2023Q4
2023-10-04,XLU,0.011564588056496738,-0.009087692206617518,1,2023Q4
2023-10-04,XLV,-0.010096207447910288,-0.008916830697708272,1,2023Q4
2023-10-04,XLY,-0.014642798339914664,-0.005654906415115393,1,2023Q4
2023-10-05,XLB,-0.011571531063787388,-0.007984636448605883,1,2023Q4
2023-10-05,XLC,0.0043623709870865834,-0.0003603701309547253,1,2023Q4
2023-10-05,XLE,0.034789054256854746,-0.0028398367015083498,1,2023Q4
2023-10-05,XLF,-0.0027537244851729703,-0.01291152669520424,1,2023Q4
2023-10-05,XLI,0.006945940163193942,-0.006267871317203494,1,2023Q4
2023-10-05,XLK,0.004705433567456785,-0.0008981454620014726,1,2023Q4
2023-10-05,XLP,-0.020069940488740112,-0.012958223945202733,1,2023Q4
2023-10-05,XLRE,0.010731070707668877,-0.009219085647490497,1,2023Q4
2023-10-05,XLU,0.03399716855447088,-0.00266494581249614,1,2023Q4
2023-10-05,XLV,-0.004598180355744441,-0.00910397539169119,1,2023Q4
2023-10-05,XLY,-0.01975038072253421,-0.0006204288063887431,1,2023Q4
2023-10-06,XLB,-0.009875383049020359,-0.006165585735923881,1,2023Q4
2023-10-06,XLC,0.003399889606734874,0.0008463104667569556,1,2023Q4
2023-10-06,XLE,0.03689132834687636,0.0016230871464777519,1,2023Q4
2023-10-06,XLF,0.0006060314987563764,-0.010601766437869661,1,2023Q4
2023-10-06,XLI,0.005208870276387723,-0.0031773449082509587,1,2023Q4
2023-10-06,XLK,-0.0030649366759185614,0.0014987573418771161,1,2023Q4
2023-10-06,XLP,-0.0028330822598414684,-0.007427893584931582,1,2023Q4
2023-10-06,XLRE,0.018538569658158366,-0.007057763247209658,1,2023Q4
2023-10-06,XLU,0.03133041480547982,0.004952096603325645,1,2023Q4
2023-10-06,XLV,-0.0062100767052504224,-0.009660071263154074,1,2023Q4
2023-10-06,XLY,-0.009342043282122292,0.001885925514369893,1,2023Q4
2023-10-10,XLB,-0.00023813566733532632,-0.0038038511159582725,1,2023Q4
2023-10-10,XLC,0.0020336761026444883,0.0012349592964787661,1,2023Q4
2023-10-10,XLE,0.023989815403804737,-0.0015828812096080145,1,2023Q4
2023-10-10,XLF,0.009206712120138016,-0.010126608425654554,1,2023Q4
2023-10-10,XLI,-0.001755094510730748,-0.00036934262202054514,1,2023Q4
2023-10-10,XLK,-0.0027563581245975133,0.0037931759354871827,1,2023Q4
2023-10-10,XLP,0.002082899388848647,-0.006669991495201691,1,2023Q4
2023-10-10,XLRE,0.008024345697443369,-0.005426505290874475,1,2023Q4
2023-10-10,XLU,0.016044705206211596,0.003910586787236422,1,2023Q4
2023-10-10,XLV,-0.0040925040933291745,-0.010631870232657476,1,2023Q4
2023-10-10,XLY,-0.0072203461673855385,0.0003700462863029286,1,2023Q4
2023-10-11,XLB,-0.01115136399874328,-0.0037755400792314157,1,2023Q4
2023-10-11,XLC,-0.006829849651631914,0.0007615489625666045,1,2023Q4
2023-10-11,XLE,0.0642547399631086,-0.0023294933400883275,1,2023Q4
2023-10-11,XLF,0.007706632107488676,-0.009893286922880015,1,2023Q4
2023-10-11,XLI,-0.014374894696676743,-0.0005442501393189804,1,2023Q4
2023-10-11,XLK,-0.004718725538986446,0.0019095862431563419,1,2023Q4
2023-10-11,XLP,0.03013492505586135,-0.0073178188533780325,1,2023Q4
2023-10-11,XLRE,-0.01644753614018879,-0.007979644053259086,1,2023Q4
2023-10-11,XLU,0.008462852385529573,0.0030565167245919216,1,2023Q4
2023-10-11,XLV,0.009022640769824175,-0.010427314194222074,1,2023Q4
2023-10-11,XLY,-0.016648796847969827,-0.0006285255394799885,1,2023Q4
2023-10-12,XLB,-0.00527072192586564,-0.0020929523277929715,1,2023Q4
2023-10-12,XLC,0.0064995571772864524,0.0006003752386084316,1,2023Q4
2023-10-12,XLE,0.06389997330396624,0.0011703055308436333,1,2023Q4
2023-10-12,XLF,0.003395040587434117,-0.007888237918973896,1,2023Q4
2023-10-12,XLI,-0.011868767112655942,0.001779509137053524,1,2023Q4
2023-10-12,XLK,-0.008579297174343248,0.0013799020786476293,1,2023Q4
2023-10-12,XLP,0.03645459026429454,-0.004998220276945972,1,2023Q4
2023-10-12,XLRE,-0.024958229338836957,-0.005838276092766793,1,2023Q4
2023-10-12,XLU,0.016672047225937403,0.004763732361123556,1,2023Q4
2023-10-12,XLV,0.010411419617342599,-0.005873131634349286,1,2023Q4
2023-10-12,XLY,-0.028326093346766168,-0.0016641621417812454,1,2023Q4
2023-10-13,XLB,-0.00624570842161265,-0.007030085539739733,1,2023Q4
2023-10-13,XLC,0.015693007478566945,0.0007391819493933335,1,2023Q4
2023-10-13,XLE,0.03137190836017867,-0.001365948381800714,1,2023Q4
2023-10-13,XLF,-0.006519131214229534,-0.011558947506903335,1,2023Q4
2023-10-13,XLI,-0.006082034842173845,-0.0035093459594722973,1,2023Q4
2023-10-13,XLK,-0.003918975144867609,0.0008559818782761553,1,2023Q4
2023-10-13,XLP,0.030929323276968512,-0.01028940311470205,1,2023Q4
2023-10-13,XLRE,-0.022408293859172645,-0.009540735409301776,1,2023Q4
2023-10-13,XLU,0.0024768689949762335,-0.0010740907740271922,1,2023Q4
2023-10-13,XLV,0.007532691546191073,-0.008625229992948092,1,2023Q4
2023-10-13,XLY,-0.021901408917822773,-0.0009877598790384117,1,2023Q4
2023-10-16,XLB,-0.014524435129523838,-0.0038371019819228368,1,2023Q4
2023-10-16,XLC,0.016948568598746827,0.0011625866428542904,1,2023Q4
2023-10-16,XLE,0.020318758717479568,-1.927831621174273e-05,1,2023Q4
2023-10-16,XLF,-0.010753242504678795,-0.00982820873009686,1,2023Q4
2023-10-16,XLI,-0.00890611223876081,0.001938764083919656,1,2023Q4
2023-10-16,XLK,-0.00021646965258403927,0.0007787999302227496,1,2023Q4
2023-10-16,XLP,0.030544713436703952,-0.005553215101616729,1,2023Q4
2023-10-16,XLRE,-0.02826472080851128,-0.0051580176166771624,1,2023Q4
2023-10-16,XLU,-0.0038286720972200428,0.002789579439146474,1,2023Q4
2023-10-16,XLV,0.005922021641795228,-0.009095914146763232,1,2023Q4
2023-10-16,XLY,-0.024130667742662926,0.0041531974411847545,1,2023Q4
2023-10-17,XLB,-0.019960782745311767,-0.006863081160957522,1,2023Q4
2023-10-17,XLC,0.01774205254337735,-0.0013588480456282169,1,2023Q4
2023-10-17,XLE,-0.010868410870707668,-0.0025382900198498556,1,2023Q4
2023-10-17,XLF,-0.01606785806456046,-0.010497628316145346,1,2023Q4
2023-10-17,XLI,-0.012010435556828014,-0.0008624672656137634,1,2023Q4
2023-10-17,XLK,0.0036315177631156548,0.0006415168408795555,1,2023Q4
2023-10-17,XLP,0.02738337467607299,-0.007293631617170663,1,2023Q4
2023-10-17,XLRE,-0.018816558477355194,-0.009799666340826269,1,2023Q4
2023-10-17,XLU,0.016198554478806804,-0.001987886552421563,1,2023Q4
2023-10-17,XLV,0.0029179980723481602,-0.011158874719737555,1,2023Q4
2023-10-17,XLY,-0.02364661933500889,0.002090258069862883,1,2023Q4
2023-10-18,XLB,-0.005064212344044083,-0.003764642656911392,1,2023Q4
2023-10-18,XLC,-0.0074717820410546976,-0.0006443693054566367,1,2023Q4
2023-10-18,XLE,-0.020268030890444155,-0.00291290924265627,1,2023Q4
2023-10-18,XLF,-0.0019545267902385532,-0.00846800405311048,1,2023Q4
2023-10-18,XLI,0.00012091230629285299,-0.003227508808850173,1,2023Q4
2023-10-18,XLK,0.0031336658623719593,0.00115361238731413,1,2023Q4
2023-10-18,XLP,0.028104543141545424,-0.008161737022807525,1,2023Q4
2023-10-18,XLRE,-0.01679473332145298,-0.010417281938299425,1,2023Q4
2023-10-18,XLU,0.03145348923843616,-0.0031906818917866358,1,2023Q4
2023-10-18,XLV,0.003705501992798621,-0.010173291355995168,1,2023Q4
2023-10-18,XLY,-0.0194594324248063,0.0016008955981759302,1,2023Q4
2023-10-19,XLB,0.01628060881210025,-0.005141971147158969,1,2023Q4
2023-10-19,XLC,-0.024346733436835577,0.0009431094622901713,1,2023Q4
2023-10-19,XLE,-0.022897318401235434,-0.001353132301655578,1,2023Q4
2023-10-19,XLF,0.012060008056360871,-0.009654089780545388,1,2023Q4
2023-10-19,XLI,0.008183517065854629,-0.0023422053758327633,1,2023Q4
2023-10-19,XLK,-0.006848632462746473,0.0014933918433982065,1,2023Q4
2023-10-19,XLP,0.032105057691113825,-0.008686012316493085,1,2023Q4
2023-10-19,XLRE,0.031030471156601958,-0.012288033648008803,1,2023Q4
2023-10-19,XLU,0.05335421601577539,-0.001996823653662213,1,2023Q4
2023-10-19,XLV,0.006804574195441115,-0.009216873528593494,1,2023Q4
2023-10-19,XLY,-0.006651110676193284,-0.005132063047801676,1,2023Q4
2023-10-20,XLB,0.020305034678983258,-0.006210127329323655,1,2023Q4
2023-10-20,XLC,-0.026610330518874292,-0.0002847223300968712,1,2023Q4
2023-10-20,XLE,-0.03742225102273333,-0.004015980581971728,1,2023Q4
2023-10-20,XLF,0.001661183582334469,-0.009690210644756335,1,2023Q4
2023-10-20,XLI,0.002055439341992704,-0.00210623368157873,1,2023Q4
2023-10-20,XLK,0.00775169389628827,-0.0014351976219248194,1,2023Q4
2023-10-20,XLP,0.01469593646009515,-0.010410629699094903,1,2023Q4
2023-10-20,XLRE,0.012739368590157785,-0.010812155987014838,1,2023Q4
2023-10-20,XLU,0.03701583522428875,-0.0008515891624881618,1,2023Q4
2023-10-20,XLV,-0.013466381815484652,-0.010720279262050512,1,2023Q4
2023-10-20,XLY,0.011109085051864809,-0.004409534078577972,1,2023Q4
2023-10-23,XLB,0.02850438967060487,-0.0046467542659258615,1,2023Q4
2023-10-23,XLC,-0.02550433255818485,0.002238796627361381,1,2023Q4
2023-10-23,XLE,-0.03222375386374343,-0.00346299274641428,1,2023Q4
2023-10-23,XLF,0.011895052442562837,-0.008154365547854474,1,2023Q4
2023-10-23,XLI,0.005475060585885427,-0.001480898789565221,1,2023Q4
2023-10-23,XLK,0.003783856287076337,3.459249931070927e-05,1,2023Q4
2023-10-23,XLP,0.0187317928357712,-0.008573389474294207,1,2023Q4
2023-10-23,XLRE,0.010966599255005316,-0.008716954781725239,1,2023Q4
2023-10-23,XLU,0.04008446415615341,9.599518292037435e-05,1,2023Q4
2023-10-23,XLV,-0.01537014282696414,-0.009981874023425683,1,2023Q4
2023-10-23,XLY,0.0055905856288406275,-0.005018389856650816,1,2023Q4
2023-10-24,XLB,0.022374465508738672,-0.003593167937756841,1,2023Q4
2023-10-24,XLC,-0.03063476779373764,0.001893595213753656,1,2023Q4
2023-10-24,XLE,-0.01413823602007791,0.0023767188630845777,1,2023Q4
2023-10-24,XLF,0.017162916358575253,-0.00816458095996718,1,2023Q4
2023-10-24,XLI,0.0065538974131280625,-0.00044541201821782337,1,2023Q4
2023-10-24,XLK,0.005253950308952593,-0.0005507337420759934,1,2023Q4
2023-10-24,XLP,0.015033119192602862,-0.006616040255318092,1,2023Q4
2023-10-24,XLRE,0.01950878667533018,-0.007893019912240062,1,2023Q4
2023-10-24,XLU,0.024169873147728782,0.002518283493534685,1,2023Q4
2023-10-24,XLV,-0.011545704820291158,-0.009985366786265798,1,2023Q4
2023-10-24,XLY,0.0037618245504683623,-0.0033459813848813634,1,2023Q4
2023-10-25,XLB,0.009787193132830607,-0.005846843846453101,1,2023Q4
2023-10-25,XLC,0.002283804711271431,0.0012951765751632227,1,2023Q4
2023-10-25,XLE,-0.039701151786842304,-5.869104501681627e-05,1,2023Q4
2023-10-25,XLF,0.002403689225570549,-0.0107327123580201,1,2023Q4
2023-10-25,XLI,-0.002310719328447064,-0.0021986497629714464,1,2023Q4
2023-10-25,XLK,0.011459207551572259,-0.001727432720048173,1,2023Q4
2023-10-25,XLP,-0.014445885761338095,-0.008188845017970372,1,2023Q4
2023-10-25,XLRE,0.021312736848766,-0.007627166652787699,1,2023Q4
2023-10-25,XLU,0.004948128333560398,-0.002038584420994768,1,2023Q4
2023-10-25,XLV,-0.02575477336872023,-0.009184621018450127,1,2023Q4
2023-10-25,XLY,0.01163321271372264,-0.004821008451472918,1,2023Q4
2023-10-26,XLB,-0.009597559551209445,-0.005938698310368082,1,2023Q4
2023-10-26,XLC,0.006712706888340136,0.00031676824398223615,1,2023Q4
2023-10-26,XLE,-0.034337313317553964,0.002545889474210979,1,2023Q4
2023-10-26,XLF,-0.0032409471895153974,-0.011831548557735395,1,2023Q4
2023-10-26,XLI,-0.009093855514476834,-0.002082487328219992,1,2023Q4
2023-10-26,XLK,0.017162099403395414,-0.0012111156447350163,1,2023Q4
2023-10-26,XLP,-0.026806770896456777,-0.00865142223989416,1,2023Q4
2023-10-26,XLRE,-0.0006353886836996114,-0.014762711914397146,1,2023Q4
2023-10-26,XLU,-0.016742843955817488,-0.0011828233423281556,1,2023Q4
2023-10-26,XLV,-0.03200534452996595,-0.009339555663587087,1,2023Q4
2023-10-26,XLY,0.023139009523249543,-0.0007978272542283547,1,2023Q4
2023-10-27,XLB,-0.007229854804667202,-0.007536913909333719,1,2023Q4
2023-10-27,XLC,0.012387154093640884,0.0041643108971809,1,2023Q4
2023-10-27,XLE,-0.034240922169518795,-0.0029560564783091487,1,2023Q4
2023-10-27,XLF,0.01562183964770214,-0.009019488826674511,1,2023Q4
2023-10-27,XLI,-0.004959241103676515,0.0002580093854066372,1,2023Q4
2023-10-27,XLK,0.007573724940319826,-0.0009986287894051733,1,2023Q4
2023-10-27,XLP,-0.02587164082763116,-0.007407732433061425,1,2023Q4
2023-10-27,XLRE,0.026852836077353004,-0.00991766954118865,1,2023Q4
2023-10-27,XLU,-0.005169272274307968,-0.003773696391043623,1,2023Q4
2023-10-27,XLV,-0.02378803234774929,-0.009470419442658848,1,2023Q4
2023-10-27,XLY,0.01259688888403021,0.0023822634381585467,1,2023Q4
2023-10-30,XLB,-0.012971419892266134,-0.005550154592053811,1,2023Q4
2023-10-30,XLC,-0.001929193141927854,0.0046029378752993465,1,2023Q4
2023-10-30,XLE,-0.03906100618739128,-0.001103458864539753,1,2023Q4
2023-10-30,XLF,0.003806221405446175,-0.008702542623445652,1,2023Q4
2023-10-30,XLI,-0.01057308652538902,-0.0007626147763140825,1,2023Q4
2023-10-30,XLK,0.013286851738863126,-9.418524560549893e-05,1,2023Q4
2023-10-30,XLP,-0.030027205205082286,-0.006467816657991682,1,2023Q4
2023-10-30,XLRE,0.018815302254121757,-0.010385060432822413,1,2023Q4
2023-10-30,XLU,-0.005783021733024585,-0.001973422043187044,1,2023Q4
2023-10-30,XLV,-0.012590122475119037,-0.008568145768975445,1,2023Q4
2023-10-30,XLY,0.014300631687606424,-0.0022870292459508113,1,2023Q4
2023-10-31,XLB,-0.034006220767842654,-0.00548338049319951,1,2023Q4
2023-10-31,XLC,0.00187536318757342,0.0057272286507418155,1,2023Q4
2023-10-31,XLE,-0.06110365223508896,0.0037600675287092155,1,2023Q4
2023-10-31,XLF,-0.005541200471264496,-0.007622890320910089,1,2023Q4
2023-10-31,XLI,-0.017133665475831616,-0.000496027093691514,1,2023Q4
2023-10-31,XLK,0.020879544472609313,0.00018109922165369572,1,2023Q4
2023-10-31,XLP,-0.027545803855604678,-0.0046880462768550835,1,2023Q4
2023-10-31,XLRE,-0.007324947516402558,-0.010582400245108366,1,2023Q4
2023-10-31,XLU,-0.018652152172483172,-0.0017630762295673548,1,2023Q4
2023-10-31,XLV,-0.01419460246898474,-0.005682619265541132,1,2023Q4
2023-10-31,XLY,0.021682244841940257,0.0009216206976103032,1,2023Q4
2023-11-01,XLB,-0.021116055358799013,-0.0033831734014012496,1,2023Q4
2023-11-01,XLC,-0.007871078433396406,0.0064327463823898685,1,2023Q4
2023-11-01,XLE,-0.06087551380324152,0.0062743192766791436,1,2023Q4
2023-11-01,XLF,-0.0007460608014380199,-0.0077404093735783126,1,2023Q4
2023-11-01,XLI,-0.00786766810566486,0.0005581136139822289,1,2023Q4
2023-11-01,XLK,0.016862272311817694,0.0018025645285865265,1,2023Q4
2023-11-01,XLP,-0.020210576798686875,-0.0016134329929017696,1,2023Q4
2023-11-01,XLRE,0.003653055886864598,-0.00963963000568258,1,2023Q4
2023-11-01,XLU,-0.027396728831647232,-0.00029761057644097787,1,2023Q4
2023-11-01,XLV,-0.007516266787755743,-0.004607003480509496,1,2023Q4
2023-11-01,XLY,0.016136457425512285,0.00042240328979717954,1,2023Q4
2023-11-02,XLB,-0.021459809012334907,-0.0029486212665759577,1,2023Q4
2023-11-02,XLC,0.005774403440080622,0.006634607263844197,1,2023Q4
2023-11-02,XLE,-0.06493909794118691,-0.00118965997789253,1,2023Q4
2023-11-02,XLF,-0.0014512929896144389,-0.004153694069017902,1,2023Q4
2023-11-02,XLI,-0.0033769430100420994,0.002184541153197787,1,2023Q4
2023-11-02,XLK,0.021906961069825925,0.004619360612097499,1,2023Q4
2023-11-02,XLP,-0.009917009195433923,0.002018324400065144,1,2023Q4
2023-11-02,XLRE,-0.015604963713195641,-0.009401878851974904,1,2023Q4
2023-11-02,XLU,-0.03154039712000789,-0.003091695907027207,1,2023Q4
2023-11-02,XLV,-0.017088629317900117,-0.0006708966797957868,1,2023Q4
2023-11-02,XLY,-0.0023400266352904264,0.0022163091297516735,1,2023Q4
2023-11-03,XLB,-0.03176841218518567,-0.004269535329098291,1,2023Q4
2023-11-03,XLC,-0.00014939224091459202,0.004298492686093385,1,2023Q4
2023-11-03,XLE,-0.0513438662158161,0.004601810217367835,1,2023Q4
2023-11-03,XLF,-0.009770469801601456,-0.005021056014191695,1,2023Q4
2023-11-03,XLI,-0.004268507125088528,0.0011703943487679663,1,2023Q4
2023-11-03,XLK,0.03156041915549346,0.003887229360841803,1,2023Q4
2023-11-03,XLP,-0.010564355371330603,-0.002891417384916415,1,2023Q4
2023-11-03,XLRE,-0.03412587889480223,-0.0077155566678851146,1,2023Q4
2023-11-03,XLU,-0.038513824847861144,-0.003331354113551145,1,2023Q4
2023-11-03,XLV,-0.022566393173415467,0.0012355355765521483,1,2023Q4
2023-11-03,XLY,-0.006254027526662487,0.002700725738552949,1,2023Q4
2023-11-06,XLB,-0.024996811883191694,-0.002161903045346657,1,2023Q4
2023-11-06,XLC,0.003622282682506528,0.006361243783052915,1,2023Q4
2023-11-06,XLE,-0.03004839786180702,0.005489727698614489,1,2023Q4
2023-11-06,XLF,-0.004984026483996207,-0.005816066135325579,1,2023Q4
2023-11-06,XLI,0.002599612307722321,0.0023877196761514195,1,2023Q4
2023-11-06,XLK,0.021946412309140184,0.0024476618716376365,1,2023Q4
2023-11-06,XLP,-0.0056813344578328095,-0.004026780544429563,1,2023Q4
2023-11-06,XLRE,-0.025633093684390262,-0.007686449148336927,1,2023Q4
2023-11-06,XLU,-0.04436410093819776,-0.00016879835023433042,1,2023Q4
2023-11-06,XLV,-0.02015223995181492,-3.465773116432511e-05,1,2023Q4
2023-11-06,XLY,8.172875884771003e-05,0.0029706828810622836,1,2023Q4
2023-11-07,XLB,0.007462688477758217,-0.0028980494326515793,1,2023Q4
2023-11-07,XLC,-0.0020582824747144013,0.009404714592848957,1,2023Q4
2023-11-07,XLE,-0.015550767076445204,0.008755827663771174,1,2023Q4
2023-11-07,XLF,-0.0011368551881936195,-0.004754997549384146,1,2023Q4
2023-11-07,XLI,0.008806602921845208,0.0001817079893435864,1,2023Q4
2023-11-07,XLK,0.014531319070175686,0.004264921100104698,1,2023Q4
2023-11-07,XLP,-0.014548262890413,-0.004782487844666042,1,2023Q4
2023-11-07,XLRE,0.01958628025176057,-0.005450046179664844,1,2023Q4
2023-11-07,XLU,-0.015088246984876541,0.0014316106297772187,1,2023Q4
2023-11-07,XLV,-0.03082430034661854,-0.00021702869403174025,1,2023Q4
2023-11-07,XLY,0.005913674183072759,0.0029755465729266444,1,2023Q4
2023-11-08,XLB,0.007360708786763537,-0.002124305230255024,1,2023Q4
2023-11-08,XLC,0.006428452822725639,0.009050759670934971,1,2023Q4
2023-11-08,XLE,-0.006071177487697144,0.008208776963172302,1,2023Q4
2023-11-08,XLF,0.0018663573380552911,-0.005330487483921894,1,2023Q4
2023-11-08,XLI,0.007205532058337516,-0.00012661368097847286,1,2023Q4
2023-11-08,XLK,0.00855247155105121,0.004124226646216445,1,2023Q4
2023-11-08,XLP,-0.003849429791344283,-0.0030399361653778846,1,2023Q4
2023-11-08,XLRE,0.014421197918373707,-0.004176610217653808,1,2023Q4
2023-11-08,XLU,-0.012144778219132846,0.0029519154724736082,1,2023Q4
2023-11-08,XLV,-0.030066121890983122,0.001087556720043759,1,2023Q4
2023-11-08,XLY,0.008474292676365236,0.003931146551572882,1,2023Q4
2023-11-09,XLB,0.01008926169618185,-0.002380054416906815,1,2023Q4
2023-11-09,XLC,0.001983706610649838,0.008010263723580666,1,2023Q4
2023-11-09,XLE,-0.03232435921076915,0.002757681414328694,1,2023Q4
2023-11-09,XLF,0.000992344961884939,-0.005117615135551788,1,2023Q4
2023-11-09,XLI,0.00030597019866807074,-0.0022845297384535535,1,2023Q4
2023-11-09,XLK,0.009263107338115084,0.0036324704671810543,1,2023Q4
2023-11-09,XLP,-0.02171582055316512,-0.006501786336000303,1,2023Q4
2023-11-09,XLRE,0.021027328795432343,-0.0032245599734007178,1,2023Q4
2023-11-09,XLU,-0.002445571331981311,0.002028224458067795,1,2023Q4
2023-11-09,XLV,-0.013957999630260343,0.0012834465362895125,1,2023Q4
2023-11-09,XLY,0.00801348636517174,0.0007876675649382005,1,2023Q4
2023-11-10,XLB,0.014512006563618174,-0.001026807713733303,1,2023Q4
2023-11-10,XLC,0.00026356571987884436,0.0018776495819214601,1,2023Q4
2023-11-10,XLE,-0.0077584508410089015,0.007249292123821977,1,2023Q4
2023-11-10,XLF,0.00933447598126591,-0.004563651066378851,1,2023Q4
2023-11-10,XLI,0.006734770246882293,-0.00027458359211339196,1,2023Q4
2023-11-10,XLK,-0.004833387888230289,0.005691108310307997,1,2023Q4
2023-11-10,XLP,-0.015418717780575353,-0.001529522921548519,1,2023Q4
2023-11-10,XLRE,0.022839255622635557,-0.0025889589158849717,1,2023Q4
2023-11-10,XLU,0.009554818563870526,0.00668829093715785,1,2023Q4
2023-11-10,XLV,-0.00742364838172338,0.005555272426484541,1,2023Q4
2023-11-10,XLY,0.012459483974945451,0.0013135054934178471,1,2023Q4
2023-11-13,XLB,0.008942678547679161,-0.002801947364008121,1,2023Q4
2023-11-13,XLC,0.005214515628843008,0.0032713698735557474,1,2023Q4
2023-11-13,XLE,-0.02244079444771474,0.00545847142217303,1,2023Q4
2023-11-13,XLF,0.006134580477766383,-0.00591582558555373,1,2023Q4
2023-11-13,XLI,9.030988301539367e-05,-0.0027250528063813063,1,2023Q4
2023-11-13,XLK,0.007146744282259032,0.0046169429440019736,1,2023Q4
2023-11-13,XLP,-0.028205158668868746,-0.0033131406519402093,1,2023Q4
2023-11-13,XLRE,0.031086383052799205,-0.004207854408093192,1,2023Q4
2023-11-13,XLU,0.009982838405197425,0.00423961167497314,1,2023Q4
2023-11-13,XLV,-0.01597921835113092,0.002043965851636691,1,2023Q4
2023-11-13,XLY,0.00449775492559934,0.001673287002655053,1,2023Q4
2023-11-14,XLB,0.004845464518975495,-0.0007112943363362291,1,2023Q4
2023-11-14,XLC,0.007022122469412029,0.00588564372946106,1,2023Q4
2023-11-14,XLE,-0.011769165070732224,0.007339539564031164,1,2023Q4
2023-11-14,XLF,0.00814342700510351,-0.0027394219036870698,1,2023Q4
2023-11-14,XLI,0.0008663205726462397,0.0021585919879640036,1,2023Q4
2023-11-14,XLK,0.00037475695647559704,0.006057348322870944,1,2023Q4
2023-11-14,XLP,-0.013551410223585192,-0.0014788787102815659,1,2023Q4
2023-11-14,XLRE,-0.006500302882874065,-0.0039852279984872166,1,2023Q4
2023-11-14,XLU,-0.006083883347464791,-0.002530331221195047,1,2023Q4
2023-11-14,XLV,0.005133613282213512,0.003786083029415857,1,2023Q4
2023-11-14,XLY,-0.009998075207085177,0.0021620770840024986,1,2023Q4
2023-11-15,XLB,-0.0007333986213262644,-0.0034682180231847505,1,2023Q4
2023-11-15,XLC,0.0086208039595983,0.004117487292338153,1,2023Q4
2023-11-15,XLE,-0.012111517809564876,0.008362376660420357,1,2023Q4
2023-11-15,XLF,0.004844404520399914,-0.0033687418930832347,1,2023Q4
2023-11-15,XLI,-0.0008190684909801238,-0.0017593710132963692,1,2023Q4
2023-11-15,XLK,0.001840804758687531,0.005240443179108996,1,2023Q4
2023-11-15,XLP,-0.016133450437872954,-0.0015166103357755303,1,2023Q4
2023-11-15,XLRE,-0.00743313451055716,-0.004104453660751302,1,2023Q4
2023-11-15,XLU,0.00010093671401212312,-0.0011937221491252052,1,2023Q4
2023-11-15,XLV,0.00742779596830756,0.006068274306319405,1,2023Q4
2023-11-15,XLY,-0.00990789807542547,0.0007573128529638387,1,2023Q4
2023-11-16,XLB,0.00122036699298822,-0.004158083236937485,1,2023Q4
2023-11-16,XLC,0.0012961665356834295,0.0052864047605344355,1,2023Q4
2023-11-16,XLE,0.012608889995103567,0.007163920095609955,1,2023Q4
2023-11-16,XLF,0.004530073693345571,-0.003426437406080086,1,2023Q4
2023-11-16,XLI,0.002080045647295803,-0.0004983438955544295,1,2023Q4
2023-11-16,XLK,-0.0045462042441619666,0.00537831554108174,1,2023Q4
2023-11-16,XLP,0.0006678040581435951,-0.00027385202424124236,1,2023Q4
2023-11-16,XLRE,-0.002652191289831851,-0.0032429954300938688,1,2023Q4
2023-11-16,XLU,-0.002085122294008368,0.00041719278522512823,1,2023Q4
2023-11-16,XLV,0.009126607391164665,0.003041734371493719,1,2023Q4
2023-11-16,XLY,0.002049936347322756,-0.0002300663996731041,1,2023Q4
2023-11-17,XLB,0.0011578361305621954,-0.004051338370031443,1,2023Q4
2023-11-17,XLC,-0.0017634803930608456,0.005565821477643355,1,2023Q4
2023-11-17,XLE,-0.00889409584309342,0.0035093543014639013,1,2023Q4
2023-11-17,XLF,-0.0010448127628985837,-0.005164093026089278,1,2023Q4
2023-11-17,XLI,-0.006954685632962976,-0.00034737138746592704,1,2023Q4
2023-11-17,XLK,0.0005671055574061334,0.005522656162706035,1,2023Q4
2023-11-17,XLP,0.00217557337844565,0.0009685228021311019,1,2023Q4
2023-11-17,XLRE,0.005158824039073195,-0.002871417595570339,1,2023Q4
2023-11-17,XLU,-0.00015865905106560163,0.0014185319728499195,1,2023Q4
2023-11-17,XLV,0.00787674849528841,0.0034450128288560727,1,2023Q4
2023-11-17,XLY,1.1091639122495778e-05,0.00026195826038137625,1,2023Q4
2023-11-20,XLB,0.008100997138925647,-0.005263670697647765,1,2023Q4
2023-11-20,XLC,-0.0038740230642997364,0.007047814749792861,1,2023Q4
2023-11-20,XLE,-0.003361496233642458,0.004422780698874821,1,2023Q4
2023-11-20,XLF,0.001370023959684108,-0.005930071811418242,1,2023Q4
2023-11-20,XLI,-0.005628612650364406,-0.0011968966581358874,1,2023Q4
2023-11-20,XLK,-0.005249528572371487,0.006450368097736681,1,2023Q4
2023-11-20,XLP,0.014222078354607648,0.0012418959693887856,1,2023Q4
2023-11-20,XLRE,0.009559556504933342,-0.0023826830814845145,1,2023Q4
2023-11-20,XLU,0.012856796773687895,0.0029549308273436594,1,2023Q4
2023-11-20,XLV,0.0032526564790105184,0.0016087299161160074,1,2023Q4
2023-11-20,XLY,0.007334597555836542,0.0014397884490397912,1,2023Q4
2023-11-21,XLB,0.007945587687733457,-0.005125654837738185,1,2023Q4
2023-11-21,XLC,-0.00918682495980927,0.004411451300514649,1,2023Q4
2023-11-21,XLE,-0.010046817699939203,0.006826039261408873,1,2023Q4
2023-11-21,XLF,0.007576013203381526,-0.004784584273513472,1,2023Q4
2023-11-21,XLI,-0.002578402119635337,-0.0007552357644709728,1,2023Q4
2023-11-21,XLK,0.0021537888972340546,0.005762895173385046,1,2023Q4
2023-11-21,XLP,0.001494530191559429,0.001112410201618388,1,2023Q4
2023-11-21,XLRE,0.020886233052173298,-0.0018741652182981492,1,2023Q4
2023-11-21,XLU,0.0012217538076313428,0.003239762455413941,1,2023Q4
2023-11-21,XLV,-0.003957759042476416,0.0006834874864082666,1,2023Q4
2023-11-21,XLY,0.00569680483213908,0.0003481196995826401,1,2023Q4
2023-11-22,XLB,0.017271734806324268,-0.0038275087354388997,1,2023Q4
2023-11-22,XLC,-0.023117103384516002,-0.002456185983325455,1,2023Q4
2023-11-22,XLE,-0.0030328337215945744,0.008208133694237035,1,2023Q4
2023-11-22,XLF,0.0148293721190631,-0.0044721420888795375,1,2023Q4
2023-11-22,XLI,0.0061112085106829195,-0.00017905994191363278,1,2023Q4
2023-11-22,XLK,-0.0009221014598639332,0.0060017728830218196,1,2023Q4
2023-11-22,XLP,0.0042373017024965876,0.0020746754853271064,1,2023Q4
2023-11-22,XLRE,0.02598872515071049,-0.004723380453646848,1,2023Q4
2023-11-22,XLU,0.000645400725870493,0.0011552847634548867,1,2023Q4
2023-11-22,XLV,0.003714080331920666,-0.001222907268601644,1,2023Q4
2023-11-22,XLY,0.0011318497624606128,0.001591062692927325,1,2023Q4
2023-11-24,XLB,0.019143992668422705,-0.002893900079248352,1,2023Q4
2023-11-24,XLC,-0.023143214169776827,-0.0016702926425389052,1,2023Q4
2023-11-24,XLE,-0.00728644917822141,0.008134965438392327,1,2023Q4
2023-11-24,XLF,0.013982854036070691,-0.0019231988780665113,1,2023Q4
2023-11-24,XLI,0.01422297252500293,0.0038211166244472338,1,2023Q4
2023-11-24,XLK,-0.002001587077505862,0.0046794480978802075,1,2023Q4
2023-11-24,XLP,-0.000676780251641862,0.0007683943733776428,1,2023Q4
2023-11-24,XLRE,0.038184691605767096,-0.0028203221567631546,1,2023Q4
2023-11-24,XLU,0.005053120832020586,0.0013482630377472883,1,2023Q4
2023-11-24,XLV,-0.0030079314125175394,-0.0015734235311602829,1,2023Q4
2023-11-24,XLY,0.008593940193373228,0.002019723015150289,1,2023Q4
2023-11-27,XLB,0.011923278541841054,-0.0031468334006033443,1,2023Q4
2023-11-27,XLC,-0.023438990642899782,-0.0018920561007297798,1,2023Q4
2023-11-27,XLE,-0.004862700228832839,0.008780361447769213,1,2023Q4
2023-11-27,XLF,0.019811151160844087,-0.0024418347441115414,1,2023Q4
2023-11-27,XLI,0.025211065611908667,0.0026719547584389443,1,2023Q4
2023-11-27,XLK,-0.010719533200633347,0.0019367656574411781,1,2023Q4
2023-11-27,XLP,0.0069589775948391,-0.0003864150176895178,1,2023Q4
2023-11-27,XLRE,0.0436969705530601,-0.003935627152346327,1,2023Q4
2023-11-27,XLU,0.0029410901836532943,0.0006806020413376711,1,2023Q4
2023-11-27,XLV,0.00872029416914133,-0.0018835414750161415,1,2023Q4
2023-11-27,XLY,0.006590625983261544,0.0020416331072162118,1,2023Q4
2023-11-28,XLB,-0.0028086130732318804,-0.0034298887928553017,1,2023Q4
2023-11-28,XLC,-0.029134184846291378,-0.0009769434357962958,1,2023Q4
2023-11-28,XLE,-0.02139091805001614,0.007304430312495645,1,2023Q4
2023-11-28,XLF,0.016187261605050907,-0.004361569671112642,1,2023Q4
2023-11-28,XLI,0.0205020129612683,0.0017352550336548985,1,2023Q4
2023-11-28,XLK,-0.005457091987594032,0.0029430657395495873,1,2023Q4
2023-11-28,XLP,-0.004379812614158651,-0.0009568015964053864,1,2023Q4
2023-11-28,XLRE,0.0348011383188378,-0.0032792737083512987,1,2023Q4
2023-11-28,XLU,-0.006210980151211243,0.002041578783701735,1,2023Q4
2023-11-28,XLV,0.013839133345889154,-0.002933951350994786,1,2023Q4
2023-11-28,XLY,0.0037636111230594516,0.002706716891656108,1,2023Q4
2023-11-29,XLB,-0.006702502166261004,-0.0013746714378767434,1,2023Q4
2023-11-29,XLC,-0.021276091647650763,-0.00014935338544585998,1,2023Q4
2023-11-29,XLE,-0.025443021463720572,0.006603435536231585,1,2023Q4
2023-11-29,XLF,0.0072756806561637966,-0.006157586840522231,1,2023Q4
2023-11-29,XLI,0.024507141952034184,0.000933597996294098,1,2023Q4
2023-11-29,XLK,-0.011309454471765235,0.002433928372480955,1,2023Q4
2023-11-29,XLP,0.0045299668076064226,-0.0018833949671097825,1,2023Q4
2023-11-29,XLRE,0.026748303013650165,-0.0025870405921899924,1,2023Q4
2023-11-29,XLU,0.01855306813675206,0.001175134914470552,1,2023Q4
2023-11-29,XLV,0.01763735098659769,-0.0027889235273560247,1,2023Q4
2023-11-29,XLY,0.01132547224679148,0.0016212080366268184,1,2023Q4
2023-11-30,XLB,-0.013474511434193204,-0.0023732490960995155,1,2023Q4
2023-11-30,XLC,0.0014368262967956458,0.0027229038194827664,1,2023Q4
2023-11-30,XLE,-0.04219833775759363,0.0058788072464418,1,2023Q4
2023-11-30,XLF,-0.0028954345379488267,-0.006506840530605754,1,2023Q4
2023-11-30,XLI,0.010656403238634926,0.0005158760488670919,1,2023Q4
2023-11-30,XLK,-0.004441699426073864,0.002584494419336952,1,2023Q4
2023-11-30,XLP,-0.00485877737709306,-0.004599025879692317,1,2023Q4
2023-11-30,XLRE,0.016135403653015024,-0.0031154673134925737,1,2023Q4
2023-11-30,XLU,0.008259320455651142,-0.0005790970739523518,1,2023Q4
2023-11-30,XLV,0.00010276509128548383,-0.005903033845275515,1,2023Q4
2023-11-30,XLY,0.01743839820108173,0.0020998185730845883,1,2023Q4
2023-12-01,XLB,-0.019432584840034517,-0.0029596761249780614,1,2023Q4
2023-12-01,XLC,0.005757347850011474,0.0020659736992500806,1,2023Q4
2023-12-01,XLE,-0.03521180020373671,0.006366108938138243,1,2023Q4
2023-12-01,XLF,-0.00350188101674076,-0.00422647000682009,1,2023Q4
2023-12-01,XLI,-0.00037281761378538114,0.00371673060235544,1,2023Q4
2023-12-01,XLK,0.003423600469944832,0.001921427306642606,1,2023Q4
2023-12-01,XLP,-0.014235315625801492,-0.005148996432236664,1,2023Q4
2023-12-01,XLRE,-0.005289967428236841,-0.0026397778406918463,1,2023Q4
2023-12-01,XLU,-0.004284863557910024,-0.0002552860122150525,1,2023Q4
2023-12-01,XLV,-0.000575465723010149,-0.006411624615402459,1,2023Q4
2023-12-01,XLY,0.009878249468642686,0.0017460403841434754,1,2023Q4
2023-12-04,XLB,-0.010027193521794375,-0.00305126836703881,1,2023Q4
2023-12-04,XLC,-0.0010576377201991782,0.0017775696381961848,1,2023Q4
2023-12-04,XLE,-0.038782370398579236,0.011146825386200593,1,2023Q4
2023-12-04,XLF,-0.005516123834474751,-0.004574473322396811,1,2023Q4
2023-12-04,XLI,-0.0016897121101335788,-0.00010183526395077973,1,2023Q4
2023-12-04,XLK,0.015505816175474418,0.0028118265876940617,1,2023Q4
2023-12-04,XLP,-0.015265156357171739,-0.004856819382161757,1,2023Q4
2023-12-04,XLRE,-0.016576465704195242,-0.0029047323979115264,1,2023Q4
2023-12-04,XLU,-0.0030717445509280683,0.0003684569201069024,1,2023Q4
2023-12-04,XLV,-0.005094041117158943,-0.006587064051227923,1,2023Q4
2023-12-04,XLY,0.007228360687213664,0.002515775018428758,1,2023Q4
2023-12-05,XLB,0.004989629030627718,-0.0050869637497979,1,2023Q4
2023-12-05,XLC,0.0030255435878372428,0.0035935123308943125,1,2023Q4
2023-12-05,XLE,-0.03987734909046947,0.01536335970237908,1,2023Q4
2023-12-05,XLF,0.0019330761259523932,-0.004701710692676318,1,2023Q4
2023-12-05,XLI,0.006343589102395963,-0.0015175324479980421,1,2023Q4
2023-12-05,XLK,0.01133695995585704,0.003044233965074242,1,2023Q4
2023-12-05,XLP,-0.008905891793610454,-0.005782233533437855,1,2023Q4
2023-12-05,XLRE,-0.01747672773399489,-0.0012001249063877605,1,2023Q4
2023-12-05,XLU,-0.004807102075286895,-0.0005934027547026422,1,2023Q4
2023-12-05,XLV,-0.0042962733620293125,-0.006776958722495709,1,2023Q4
2023-12-05,XLY,0.0037804058302599586,0.0029471760393038737,1,2023Q4
2023-12-06,XLB,0.0014021502225889382,-0.00597930376970867,1,2023Q4
2023-12-06,XLC,-0.0028841127200447403,0.0029475016244464897,1,2023Q4
2023-12-06,XLE,-0.029484084244747688,0.014432781357322105,1,2023Q4
2023-12-06,XLF,0.005365971594647467,-0.003547467018360147,1,2023Q4
2023-12-06,XLI,-0.005031862336575932,-0.00021231540121068049,1,2023Q4
2023-12-06,XLK,0.01105168571524695,0.004152212666464757,1,2023Q4
2023-12-06,XLP,-0.006162161161212154,-0.00568976901313168,1,2023Q4
2023-12-06,XLRE,0.004143939130595964,-0.005628526536053063,1,2023Q4
2023-12-06,XLU,0.0013550400190378564,-0.001478340986125803,1,2023Q4
2023-12-06,XLV,-0.004613935850034112,-0.006922962246306815,1,2023Q4
2023-12-06,XLY,-0.0025630054786782708,0.0030105398578044876,1,2023Q4
2023-12-07,XLB,0.01598926253124544,-0.004300720826029576,1,2023Q4
2023-12-07,XLC,-0.015104308594278137,0.0008781609537056917,1,2023Q4
2023-12-07,XLE,0.01172247973050311,0.017723585975841658,1,2023Q4
2023-12-07,XLF,0.015281132254907792,-0.0038846604743325622,1,2023Q4
2023-12-07,XLI,0.011816920384369656,-0.0012660752538819595,1,2023Q4
2023-12-07,XLK,0.0005091357508768546,0.004187138300976076,1,2023Q4
2023-12-07,XLP,-0.02100707866004159,-0.005979550894160009,1,2023Q4
2023-12-07,XLRE,0.036015179961239596,-0.0029563466804564884,1,2023Q4
2023-12-07,XLU,-0.005359500326056699,-0.002015894788574186,1,2023Q4
2023-12-07,XLV,-0.0038302928671036796,-0.006979356352131837,1,2023Q4
2023-12-07,XLY,0.007282753931664665,0.002138160972014422,1,2023Q4
2023-12-08,XLB,0.019706753515378983,-0.005020518245123899,1,2023Q4
2023-12-08,XLC,-0.012177452334054095,0.001925855583789324,1,2023Q4
2023-12-08,XLE,0.005334094070420736,0.018587719360883468,1,2023Q4
2023-12-08,XLF,0.013927752323235731,-0.004057922068268686,1,2023Q4
2023-12-08,XLI,0.017422179975379537,6.180667550426713e-05,1,2023Q4
2023-12-08,XLK,0.0071617639724794735,0.003784486471825087,1,2023Q4
2023-12-08,XLP,-0.0037216707513263447,-0.0026146871463098844,1,2023Q4
2023-12-08,XLRE,0.03556977062857847,-0.002632772419183901,1,2023Q4
2023-12-08,XLU,-0.011007785744299836,-0.0018573473090049328,1,2023Q4
2023-12-08,XLV,-0.004014259028677358,-0.0038597147526808037,1,2023Q4
2023-12-08,XLY,0.014920312326267116,0.003473774241960114,1,2023Q4
2023-12-11,XLB,0.005061235553383003,-0.005203326899950222,1,2023Q4
2023-12-11,XLC,0.0038481868633810645,0.0004272607921317345,1,2023Q4
2023-12-11,XLE,0.0008683461844087859,0.01868624308868673,1,2023Q4
2023-12-11,XLF,0.004257498204719434,-0.001217452878804215,1,2023Q4
2023-12-11,XLI,0.000215982636381451,-0.00039243512585011755,1,2023Q4
2023-12-11,XLK,-0.0026951940301727095,0.006553828758519287,1,2023Q4
2023-12-11,XLP,-0.012277531196493996,-0.0032650565122543263,1,2023Q4
2023-12-11,XLRE,0.016262644362769585,-0.0025053317052808294,1,2023Q4
2023-12-11,XLU,-0.030846950043599386,0.0001233954038565167,1,2023Q4
2023-12-11,XLV,-0.01528355919383606,-0.004342100242695133,1,2023Q4
2023-12-11,XLY,0.014965609629025822,0.0036387169020154347,1,2023Q4
2023-12-12,XLB,0.006982547020680796,-0.005259029277900197,1,2023Q4
2023-12-12,XLC,0.008468858578163374,0.0025293659415202003,1,2023Q4
2023-12-12,XLE,0.025996366716447783,0.018042268983882156,1,2023Q4
2023-12-12,XLF,0.003080779303926473,-0.0008748710922556283,1,2023Q4
2023-12-12,XLI,0.0019263089851324633,0.0018935285034488748,1,2023Q4
2023-12-12,XLK,-0.007102733464388944,0.00341163793547241,1,2023Q4
2023-12-12,XLP,-0.015114525872745421,-0.002995107766450181,1,2023Q4
2023-12-12,XLRE,0.022097783393695725,-0.002857238585438905,1,2023Q4
2023-12-12,XLU,-0.022669569352647745,0.0015570142874260695,1,2023Q4
2023-12-12,XLV,-0.014378175807810756,-0.004184836680294143,1,2023Q4
2023-12-12,XLY,0.018307428161441708,0.0038516090103472376,1,2023Q4
2023-12-13,XLB,0.00690374981023234,-0.0032680615631353765,1,2023Q4
2023-12-13,XLC,0.0188672546366232,0.00568136044906571,1,2023Q4
2023-12-13,XLE,0.029903610996052543,0.017440312092504247,1,2023Q4
2023-12-13,XLF,-0.0033036234616572457,8.225726707005603e-05,1,2023Q4
2023-12-13,XLI,0.002165349840918429,0.00011180377314000368,1,2023Q4
2023-12-13,XLK,-0.0032930794052152823,0.004470352745066642,1,2023Q4
2023-12-13,XLP,-0.02442306307259723,-0.005388692064931467,1,2023Q4
2023-12-13,XLRE,0.0006999789617914143,0.0009710093750023773,1,2023Q4
2023-12-13,XLU,-0.05072728198392862,-0.0004318675080284569,1,2023Q4
2023-12-13,XLV,-0.01906789309418999,-0.0059330039567479925,1,2023Q4
2023-12-13,XLY,0.013997590123033254,0.0035493205441909405,1,2023Q4
2023-12-14,XLB,-0.005209344853931319,-0.002278069345260433,1,2023Q4
2023-12-14,XLC,0.018201087912582015,0.0057673184199906885,1,2023Q4
2023-12-14,XLE,-0.001697821636322261,0.016277561754777937,1,2023Q4
2023-12-14,XLF,-0.009713097742360066,-0.0028822011216285046,1,2023Q4
2023-12-14,XLI,-0.006586866571722472,-1.3652156694650918e-05,1,2023Q4
2023-12-14,XLK,0.004095469699425536,0.005036807842422567,1,2023Q4
2023-12-14,XLP,-0.009322585822032048,-0.007098961136350819,1,2023Q4
2023-12-14,XLRE,-0.024183493104786513,-0.0017663359928959798,1,2023Q4
2023-12-14,XLU,-0.04278287798258329,0.001716989043410033,1,2023Q4
2023-12-14,XLV,-0.008556652739553305,-0.0056728711080842615,1,2023Q4
2023-12-14,XLY,0.00955359935335287,0.004862592682056525,1,2023Q4
2023-12-15,XLB,-0.004155884750944638,-0.0028395413989084966,1,2023Q4
2023-12-15,XLC,0.013183448873290704,0.005756969584546625,1,2023Q4
2023-12-15,XLE,-0.0011381814094590936,0.014834460549332448,1,2023Q4
2023-12-15,XLF,-0.009472348445336953,-0.0033630686040366465,1,2023Q4
2023-12-15,XLI,-0.008231331762549754,-0.00046427243362254136,1,2023Q4
2023-12-15,XLK,-0.007378841396798341,0.00447876330440693,1,2023Q4
2023-12-15,XLP,-0.00948535198485534,-0.007373422722900355,1,2023Q4
2023-12-15,XLRE,-0.01595461082820182,0.0008903019920315849,1,2023Q4
2023-12-15,XLU,-0.030308253160545084,0.0034252001703690173,1,2023Q4
2023-12-15,XLV,-0.0027943544179451774,-0.00465272166354172,1,2023Q4
2023-12-15,XLY,-0.007697998473980672,0.006021864342570369,1,2023Q4
2023-12-18,XLB,0.007431320647692585,-0.0029035640999381376,1,2023Q4
2023-12-18,XLC,0.008516335411820286,0.006880081807329991,1,2023Q4
2023-12-18,XLE,0.010378232811981247,0.012703666422938782,1,2023Q4
2023-12-18,XLF,-0.002433737553019899,-0.0030150542612478338,1,2023Q4
2023-12-18,XLI,0.00581499389588136,-0.0003859959093331684,1,2023Q4
2023-12-18,XLK,-0.0025847002230967586,0.004609715502949056,1,2023Q4
2023-12-18,XLP,-0.006677284919579307,-0.005764598623059799,1,2023Q4
2023-12-18,XLRE,0.006137528150917282,0.0020510500510235365,1,2023Q4
2023-12-18,XLU,-0.011434619586614514,0.0012857694930671038,1,2023Q4
2023-12-18,XLV,0.003714330938851429,-0.0072011995641439504,1,2023Q4
2023-12-18,XLY,-0.006463772414913249,0.005426544102496567,1,2023Q4
2023-12-19,XLB,0.004905063526566611,-0.003358138000710188,1,2023Q4
2023-12-19,XLC,0.002694205985566356,0.006415167857051434,1,2023Q4
2023-12-19,XLE,-0.0018735887647871596,0.012797507608654125,1,2023Q4
2023-12-19,XLF,-0.0024522948732861316,-0.0028448671034115563,1,2023Q4
2023-12-19,XLI,0.003810650121958803,-0.0005749406341142627,1,2023Q4
2023-12-19,XLK,-0.002166885863654766,0.006719332815168743,1,2023Q4
2023-12-19,XLP,0.0002550292142344812,-0.005360389807245886,1,2023Q4
2023-12-19,XLRE,0.009316443073219771,0.00048068451132780507,1,2023Q4
2023-12-19,XLU,-0.013424192254713363,0.004119405167933873,1,2023Q4
2023-12-19,XLV,0.005467284845601439,-0.004690195394872615,1,2023Q4
2023-12-19,XLY,-0.0065487805440374025,0.005961192599906337,1,2023Q4
2023-12-20,XLB,0.0021920016757366323,-0.005307263738407447,1,2023Q4
2023-12-20,XLC,-0.0011715489509120935,0.006839806131440816,1,2023Q4
2023-12-20,XLE,-0.02238670520266317,0.008844158002068704,1,2023Q4
2023-12-20,XLF,0.004219403275483202,-0.005081728151314913,1,2023Q4
2023-12-20,XLI,0.0061357309455798426,-0.0035351934294590116,1,2023Q4
2023-12-20,XLK,-7.694769667310197e-05,0.008796536843248968,1,2023Q4
2023-12-20,XLP,0.006074684971198119,-0.010470416684968481,1,2023Q4
2023-12-20,XLRE,0.014107272796380244,0.002361903840840283,1,2023Q4
2023-12-20,XLU,-0.00018580450051097763,-0.0007740643423983267,1,2023Q4
2023-12-20,XLV,0.008441843149245454,-0.007744169677981324,1,2023Q4
2023-12-20,XLY,-0.007783840844549195,0.004709720196515672,1,2023Q4
2023-12-21,XLB,3.389485815130655e-06,-0.006334332253028776,1,2023Q4
2023-12-21,XLC,-0.004695026111646294,0.006156840398993352,1,2023Q4
2023-12-21,XLE,-0.016025426128032816,0.007914423999212699,1,2023Q4
2023-12-21,XLF,0.0036035947034436244,-0.005147071785214958,1,2023Q4
2023-12-21,XLI,0.006913024454328731,-0.004330017935260368,1,2023Q4
2023-12-21,XLK,-0.001976112642898764,0.008488207209832566,1,2023Q4
2023-12-21,XLP,0.013578697386648741,-0.010594662938753002,1,2023Q4
2023-12-21,XLRE,0.006861646131496535,0.0021636599176776588,1,2023Q4
2023-12-21,XLU,0.00921975497477101,-0.00026847717684814424,1,2023Q4
2023-12-21,XLV,0.009588315474872156,-0.005965315237490691,1,2023Q4
2023-12-21,XLY,-0.016582807495785,0.0060426794431617855,1,2023Q4
2023-12-22,XLB,-0.00034200743677792467,-0.006309173418771532,1,2023Q4
2023-12-22,XLC,-0.0028467311753017643,0.006222700307970234,1,2023Q4
2023-12-22,XLE,-0.000712930336723816,0.012968581322862709,1,2023Q4
2023-12-22,XLF,0.013359255021360927,-0.005096396931900101,1,2023Q4
2023-12-22,XLI,-0.0004521590198959258,-0.0016946616159516205,1,2023Q4
2023-12-22,XLK,-0.02189290199062044,0.006699837147529194,1,2023Q4
2023-12-22,XLP,0.024857683136331077,-0.009596693354618739,1,2023Q4
2023-12-22,XLRE,0.019730191353655502,-0.00121273990923996,1,2023Q4
2023-12-22,XLU,0.02814128594833376,-0.001672282692118306,1,2023Q4
2023-12-22,XLV,0.029958989854035223,-0.00631649665607186,1,2023Q4
2023-12-22,XLY,-0.01087068425808313,0.0035363683142475774,1,2023Q4
2023-12-26,XLB,-0.003368328285161981,-0.004259118825012322,1,2023Q4
2023-12-26,XLC,0.0019378036051985736,0.005730325276077277,1,2023Q4
2023-12-26,XLE,0.01920594190121583,0.014639040829685711,1,2023Q4
2023-12-26,XLF,0.013088680405527575,-0.002259711390309715,1,2023Q4
2023-12-26,XLI,-0.009890805367172795,0.0007709130861336775,1,2023Q4
2023-12-26,XLK,-0.023534591979682884,0.0063636723345841615,1,2023Q4
2023-12-26,XLP,0.02490894657046483,-0.009146591815160079,1,2023Q4
2023-12-26,XLRE,0.0006792409534744914,-0.0024726892680501,1,2023Q4
2023-12-26,XLU,0.03807316304005015,-0.001606523959662729,1,2023Q4
2023-12-26,XLV,0.03829171612292526,-0.005142533807894814,1,2023Q4
2023-12-26,XLY,-0.022583844547716336,0.0029018332376854654,1,2023Q4
2023-12-27,XLB,-0.003945157926046883,-0.0037076027168671767,1,2023Q4
2023-12-27,XLC,0.003457794223368227,0.006291176755980089,1,2023Q4
2023-12-27,XLE,0.010932173125450584,0.016238213306040486,1,2023Q4
2023-12-27,XLF,0.018838229263665407,-0.0010832047364868432,1,2023Q4
2023-12-27,XLI,-0.005169874572444,0.0009742069149926039,1,2023Q4
2023-12-27,XLK,-0.02558954923200485,0.006122443918165875,1,2023Q4
2023-12-27,XLP,0.023823725762268322,-0.005372537077031387,1,2023Q4
2023-12-27,XLRE,-0.002493351309097669,-0.002323299224012812,1,2023Q4
2023-12-27,XLU,0.040494526235158035,-0.0013076153581331965,1,2023Q4
2023-12-27,XLV,0.044022295023408486,-0.003642644610359398,1,2023Q4
2023-12-27,XLY,-0.02768296641923751,0.004428289015490085,1,2023Q4
2023-12-28,XLB,0.00046570267491319317,-0.004038887835824179,1,2023Q4
2023-12-28,XLC,0.0038970168173204645,0.005264638504159295,1,2023Q4
2023-12-28,XLE,0.02613303343115092,0.013262122705762908,1,2023Q4
2023-12-28,XLF,0.019193034852145185,-0.0018501850047655324,1,2023Q4
2023-12-28,XLI,-0.005259532168086722,0.0007012137839570961,1,2023Q4
2023-12-28,XLK,-0.027958543037532646,0.005978703389517779,1,2023Q4
2023-12-28,XLP,0.020206270650468428,-0.003399881661935048,1,2023Q4
2023-12-28,XLRE,-0.01147884239802821,-0.0038290915605431277,1,2023Q4
2023-12-28,XLU,0.0360605300185981,-0.001175509750376668,1,2023Q4
2023-12-28,XLV,0.03953686698918246,-0.0024747612769278624,1,2023Q4
2023-12-28,XLY,-0.022175887449601084,0.004993143685947254,1,2023Q4
2023-12-29,XLB,-0.008326205300901002,-0.0023530288502208183,1,2023Q4
2023-12-29,XLC,0.008375127228742896,0.002150820061285453,1,2023Q4
2023-12-29,XLE,-0.00017608536236946026,0.013400689571769056,1,2023Q4
2023-12-29,XLF,0.01186610239140684,-0.002264354939399646,1,2023Q4
2023-12-29,XLI,-0.014560277862180282,-0.0007707018094980089,1,2023Q4
2023-12-29,XLK,-0.01793682822531384,0.00413955820758841,1,2023Q4
2023-12-29,XLP,0.008574145139552458,-0.003000717870654575,1,2023Q4
2023-12-29,XLRE,-0.004247625952248146,-0.005395267437802979,1,2023Q4
2023-12-29,XLU,0.027863570903187362,-0.007108834148620244,1,2023Q4
2023-12-29,XLV,0.03060360211838975,-0.003057758544611609,1,2023Q4
2023-12-29,XLY,-0.016681955275890226,0.003217533239462166,1,2023Q4
2024-01-02,XLB,-0.022042563942712756,-0.0005514676548928919,2,2024Q1
2024-01-02,XLC,0.007916682681062381,-0.003580459894267714,2,2024Q1
2024-01-02,XLE,-0.03068825830267541,0.00903397985831913,2,2024Q1
2024-01-02,XLF,-0.0028671789692806815,-0.00015036471460135406,2,2024Q1
2024-01-02,XLI,-0.011730317266194334,0.00017726821350792186,2,2024Q1
2024-01-02,XLK,0.0059337164132868825,0.004208165732032134,2,2024Q1
2024-01-02,XLP,-0.0041125077139637645,0.00020444636714941357,2,2024Q1
2024-01-02,XLRE,-0.02436836379595342,-0.00347274128507659,2,2024Q1
2024-01-02,XLU,0.0008217760528124174,0.002591106389390652,2,2024Q1
2024-01-02,XLV,0.00856640784413698,0.0037029695555491674,2,2024Q1
2024-01-02,XLY,-0.015246999886151968,-0.0008484240022291428,2,2024Q1
2024-01-03,XLB,-0.026637329804886756,-0.001020532439142771,2,2024Q1
2024-01-03,XLC,0.0071820134199338526,-0.0009095227837693042,2,2024Q1
2024-01-03,XLE,-0.06964007564929331,-0.003511867638312283,2,2024Q1
2024-01-03,XLF,-0.006692107002880476,0.0003176484943309475,2,2024Q1
2024-01-03,XLI,-0.00559941471056602,0.00039773723344188063,2,2024Q1
2024-01-03,XLK,0.01102202946731956,0.00507991366332929,2,2024Q1
2024-01-03,XLP,-0.012285115592464368,-0.0008071453872071784,2,2024Q1
2024-01-03,XLRE,-0.013027587915571903,0.002779826931373666,2,2024Q1
2024-01-03,XLU,-0.01703977403666168,0.0019473633319821704,2,2024Q1
2024-01-03,XLV,0.000892032913900831,0.002697883267851885,2,2024Q1
2024-01-03,XLY,-0.0007884474778434569,0.0009236884587714877,2,2024Q1
2024-01-04,XLB,-0.029267685917510833,-0.0014526608299002882,2,2024Q1
2024-01-04,XLC,0.0044258709820084174,-0.0017615774130066418,2,2024Q1
2024-01-04,XLE,-0.05309416543889167,-0.004403092302363264,2,2024Q1
2024-01-04,XLF,-0.01728197814032506,8.744573022784153e-05,2,2024Q1
2024-01-04,XLI,-0.012042728440234018,-0.00026258245409412,2,2024Q1
2024-01-04,XLK,0.021041552797055996,0.0051931502877743275,2,2024Q1
2024-01-04,XLP,-0.013867734562222456,-0.0008277339414430124,2,2024Q1
2024-01-04,XLRE,-0.022712210336250815,0.0035280300531936796,2,2024Q1
2024-01-04,XLU,-0.040097713453811856,0.001824472124260797,2,2024Q1
2024-01-04,XLV,-0.007703797527124134,0.0020516660906720204,2,2024Q1
2024-01-04,XLY,0.0022318038105533233,0.002992387190150061,2,2024Q1
2024-01-05,XLB,-0.029273674406400385,-0.0010229297398010426,2,2024Q1
2024-01-05,XLC,0.005848534594817156,-0.004407913983754088,2,2024Q1
2024-01-05,XLE,-0.04233947673673455,0.009472776383156665,2,2024Q1
2024-01-05,XLF,-0.022694658848119165,0.0004402443917448911,2,2024Q1
2024-01-05,XLI,-0.012618663048778567,0.0005877997098767504,2,2024Q1
2024-01-05,XLK,0.02538052390772827,0.004080889301813304,2,2024Q1
2024-01-05,XLP,-0.0077504504002492425,-0.0019659075103559847,2,2024Q1
2024-01-05,XLRE,-0.012358206689859763,0.005342917155145477,2,2024Q1
2024-01-05,XLU,-0.0374721174561079,0.0017511853145091947,2,2024Q1
2024-01-05,XLV,-0.008657894170238656,0.002362096915156152,2,2024Q1
2024-01-05,XLY,-0.010958433122431499,0.0036915681234154446,2,2024Q1
2024-01-08,XLB,-0.026787412105191755,-0.0005482707769787948,2,2024Q1
2024-01-08,XLC,0.002448472046443717,-0.0053876750102809625,2,2024Q1
2024-01-08,XLE,-0.03641814197052573,0.011598107773018264,2,2024Q1
2024-01-08,XLF,-0.017805088104561384,0.00048559547456266923,2,2024Q1
2024-01-08,XLI,-0.011216007112829551,0.0016952871521877572,2,2024Q1
2024-01-08,XLK,0.020391887541667986,0.0060468224196735185,2,2024Q1
2024-01-08,XLP,-0.0026252920486434794,0.002615873771397971,2,2024Q1
2024-01-08,XLRE,-0.014001875226349214,0.006769564131784823,2,2024Q1
2024-01-08,XLU,-0.03715686083827674,0.0009502670328034068,2,2024Q1
2024-01-08,XLV,-0.005469102212862231,0.0051242730740997736,2,2024Q1
2024-01-08,XLY,-0.010948227366485486,0.0016387436582334654,2,2024Q1
2024-01-09,XLB,-0.01862011729208224,-0.0003680885577984309,2,2024Q1
2024-01-09,XLC,0.0023965070468219274,-0.0054478037239479755,2,2024Q1
2024-01-09,XLE,-0.024813734266831644,0.014317601924079871,2,2024Q1
2024-01-09,XLF,-0.009359951970404068,0.0003425809843869633,2,2024Q1
2024-01-09,XLI,-0.01077583546718286,0.0011997808768986944,2,2024Q1
2024-01-09,XLK,0.017796667883693273,0.00489931611019317,2,2024Q1
2024-01-09,XLP,-0.0018695242521721278,0.0014794220457078437,2,2024Q1
2024-01-09,XLRE,-0.021170636743639393,0.004845361078335754,2,2024Q1
2024-01-09,XLU,-0.03930021886388191,0.0006706102576994396,2,2024Q1
2024-01-09,XLV,-0.0032719559836501544,0.004232860602235091,2,2024Q1
2024-01-09,XLY,-0.011909713607514694,0.0021757530597181626,2,2024Q1
2024-01-10,XLB,-0.017432640412632705,0.00019065704908881494,2,2024Q1
2024-01-10,XLC,0.0020467367424655825,-0.00498860626474621,2,2024Q1
2024-01-10,XLE,-0.01996347572481183,0.014938549407711981,2,2024Q1
2024-01-10,XLF,-0.012548168202009657,0.00023172365595287934,2,2024Q1
2024-01-10,XLI,-0.005726045110083788,0.0017725996333468855,2,2024Q1
2024-01-10,XLK,0.02642540686617567,0.006318016307561323,2,2024Q1
2024-01-10,XLP,-0.004262042062909477,0.0015897870656579854,2,2024Q1
2024-01-10,XLRE,-0.0321681859350762,0.0052075448704352895,2,2024Q1
2024-01-10,XLU,-0.052599002906911996,0.0014987278408511368,2,2024Q1
2024-01-10,XLV,-0.011132109514512822,0.004152763534730561,2,2024Q1
2024-01-10,XLY,-0.0173790625967869,0.0017065568419825164,2,2024Q1
2024-01-11,XLB,-0.026437707599692217,-0.0010825659249380178,2,2024Q1
2024-01-11,XLC,0.006024567202253861,-0.005277210970778737,2,2024Q1
2024-01-11,XLE,-0.03221088657902349,0.014851722528894334,2,2024Q1
2024-01-11,XLF,-0.005861680085512244,9.904271289697553e-06,2,2024Q1
2024-01-11,XLI,-0.009820449089975813,0.001102150252392221,2,2024Q1
2024-01-11,XLK,0.03185583539252357,0.006046424634620564,2,2024Q1
2024-01-11,XLP,-0.019929219536176324,0.0014581564956086333,2,2024Q1
2024-01-11,XLRE,-0.02652519204231729,0.0054590888371460426,2,2024Q1
2024-01-11,XLU,-0.04421226290717395,-0.0034408206344605646,2,2024Q1
2024-01-11,XLV,-0.022772952518988143,0.002554182274975779,2,2024Q1
2024-01-11,XLY,-0.019522015838006612,0.0012859508922718477,2,2024Q1
2024-01-12,XLB,-0.02594595895024454,-0.0011520097114812618,2,2024Q1
2024-01-12,XLC,0.0016491107025464746,-0.005655906716028237,2,2024Q1
2024-01-12,XLE,-0.04093195968129659,0.012496484922191494,2,2024Q1
2024-01-12,XLF,-0.0006385701456348425,-0.0006049971827471622,2,2024Q1
2024-01-12,XLI,-0.0034094287438581894,0.000531182841063569,2,2024Q1
2024-01-12,XLK,0.031625731569419946,0.005825489555136015,2,2024Q1
2024-01-12,XLP,-0.029312290042758926,0.00041431426008029133,2,2024Q1
2024-01-12,XLRE,-0.03089435744424962,0.005605733281599511,2,2024Q1
2024-01-12,XLU,-0.056053315915180923,-0.002938944050218691,2,2024Q1
2024-01-12,XLV,-0.017404791051571,0.00074163633537409,2,2024Q1
2024-01-12,XLY,-0.013282648265819041,-0.0006272447843679442,2,2024Q1
2024-01-16,XLB,-0.017877674003304866,-0.000616791017743033,2,2024Q1
2024-01-16,XLC,0.010839850189323874,-0.004505646829810549,2,2024Q1
2024-01-16,XLE,-0.02177564707623214,0.013192793542003778,2,2024Q1
2024-01-16,XLF,0.001319829152845342,-0.0008647250998910387,2,2024Q1
2024-01-16,XLI,-0.0006344211581832404,-8.616994188039159e-05,2,2024Q1
2024-01-16,XLK,0.026517973586669408,0.006077534907121705,2,2024Q1
2024-01-16,XLP,-0.019803372011903297,-0.004659280991962056,2,2024Q1
2024-01-16,XLRE,-0.0369388787387388,0.005143290767275896,2,2024Q1
2024-01-16,XLU,-0.050446904183219066,-0.0031809852638167964,2,2024Q1
2024-01-16,XLV,-0.018832170275337345,0.0022642103119136178,2,2024Q1
2024-01-16,XLY,-0.021253648254997204,-0.0005673552582587334,2,2024Q1
2024-01-17,XLB,-0.031034301240986162,0.00011576928917770147,2,2024Q1
2024-01-17,XLC,0.016819974909686897,-0.006271198898054973,2,2024Q1
2024-01-17,XLE,-0.0058731274012362444,0.01184534880898415,2,2024Q1
2024-01-17,XLF,0.0004355977639514119,-0.0006055972483097417,2,2024Q1
2024-01-17,XLI,-0.0068717322446911755,-1.4479240095523725e-06,2,2024Q1
2024-01-17,XLK,0.03212618263764844,0.0069368428076235136,2,2024Q1
2024-01-17,XLP,-0.038241687419775516,-0.003130597841624012,2,2024Q1
2024-01-17,XLRE,-0.03914206835844025,-0.0005564863140585844,2,2024Q1
2024-01-17,XLU,-0.05641509556167956,-0.0018086062555488557,2,2024Q1
2024-01-17,XLV,-0.032830452182174286,0.001566482870318316,2,2024Q1
2024-01-17,XLY,-0.023092513527959158,-0.0013482945676049668,2,2024Q1
2024-01-18,XLB,-0.020201724399588672,0.0004002276117365004,2,2024Q1
2024-01-18,XLC,0.02454189999983747,-0.0040188996717232675,2,2024Q1
2024-01-18,XLE,0.022333605021908287,0.014598038067592809,2,2024Q1
2024-01-18,XLF,0.00739119877952521,-0.0001382649599727605,2,2024Q1
2024-01-18,XLI,-0.007301473162854011,0.002296227568932615,2,2024Q1
2024-01-18,XLK,0.018917285939747508,0.005967908881536007,2,2024Q1
2024-01-18,XLP,-0.023941988095355526,0.0009003630170289539,2,2024Q1
2024-01-18,XLRE,-0.01560932209643262,0.0063261538117323005,2,2024Q1
2024-01-18,XLU,-0.024710086409038712,0.001531316345210747,2,2024Q1
2024-01-18,XLV,-0.030675933851812887,0.002703968851167628,2,2024Q1
2024-01-18,XLY,-0.03761213898570703,-0.0019579756284303623,2,2024Q1
2024-01-19,XLB,-0.006917657820133538,0.00024826817021478644,2,2024Q1
2024-01-19,XLC,0.02776358788936384,-0.004404951583205309,2,2024Q1
2024-01-19,XLE,0.04056911368546734,0.016827580734254166,2,2024Q1
2024-01-19,XLF,0.008659594758823275,0.002915142481578436,2,2024Q1
2024-01-19,XLI,-0.0016077566855365877,0.002968616811103956,2,2024Q1
2024-01-19,XLK,-0.0024294504201618494,0.005477563190022934,2,2024Q1
2024-01-19,XLP,-0.0022727758211906757,2.4326979086648206e-05,2,2024Q1
2024-01-19,XLRE,-0.01574909771221178,0.0070006373800133755,2,2024Q1
2024-01-19,XLU,-0.006551012687511681,0.002030105674402558,2,2024Q1
2024-01-19,XLV,-0.011685138943227869,0.0035404115046847786,2,2024Q1
2024-01-19,XLY,-0.02867713531369842,-0.00074765670805095,2,2024Q1
2024-01-22,XLB,-0.01071887628935353,0.002003375724333213,2,2024Q1
2024-01-22,XLC,0.028503175018423255,-0.00385718914299738,2,2024Q1
2024-01-22,XLE,0.029307382680377803,0.01731079789870343,2,2024Q1
2024-01-22,XLF,0.0006180865851499462,0.0034924652475378038,2,2024Q1
2024-01-22,XLI,-0.008674523479738294,0.003099729806415299,2,2024Q1
2024-01-22,XLK,-0.0034919938499524683,0.003393637540023278,2,2024Q1
2024-01-22,XLP,0.002653045946347188,0.0015948784763372156,2,2024Q1
2024-01-22,XLRE,-0.0190046240434939,0.008058346861773324,2,2024Q1
2024-01-22,XLU,-0.0008465778501292043,0.008344997279329013,2,2024Q1
2024-01-22,XLV,-0.014890334186658638,0.005499187188638669,2,2024Q1
2024-01-22,XLY,-0.015773384342195218,-0.0007581622694101505,2,2024Q1
2024-01-23,XLB,-0.005668390121927436,0.003770286158169204,2,2024Q1
2024-01-23,XLC,0.015033045302733417,0.0031805032731607886,2,2024Q1
2024-01-23,XLE,0.041630880686226446,0.020432181864436707,2,2024Q1
2024-01-23,XLF,0.015595906614509047,0.0036697190579206337,2,2024Q1
2024-01-23,XLI,-0.0037816295296706492,0.004498390236775838,2,2024Q1
2024-01-23,XLK,-0.012139343923317503,0.0009913401600735972,2,2024Q1
2024-01-23,XLP,0.0010843916711942292,0.002702099130447149,2,2024Q1
2024-01-23,XLRE,-0.01916013794517235,0.006533511656760365,2,2024Q1
2024-01-23,XLU,0.0007256447846923919,0.01099397444240658,2,2024Q1
2024-01-23,XLV,-0.008149946781337514,0.007554381084174664,2,2024Q1
2024-01-23,XLY,-0.010191329199454868,-0.00016717597356977296,2,2024Q1
2024-01-24,XLB,0.012399719964381939,0.008703935605689089,2,2024Q1
2024-01-24,XLC,0.0011023240983678573,0.007575217668482207,2,2024Q1
2024-01-24,XLE,0.024977921878134746,0.017343147949115248,2,2024Q1
2024-01-24,XLF,0.016653354225500294,0.005282316695242138,2,2024Q1
2024-01-24,XLI,0.008370246422375827,0.005960485339595721,2,2024Q1
2024-01-24,XLK,-0.022233574518526034,0.0039769106998923075,2,2024Q1
2024-01-24,XLP,0.02374911321727713,0.013594015127910737,2,2024Q1
2024-01-24,XLRE,0.004908907603725754,0.0036440041183925203,2,2024Q1
2024-01-24,XLU,0.030191950237138387,0.013311009629590233,2,2024Q1
2024-01-24,XLV,0.01735654909198958,0.00875942255180498,2,2024Q1
2024-01-24,XLY,-0.007080403014550374,0.0017239062225445178,2,2024Q1
2024-01-25,XLB,0.010939172837496791,0.0037471239012397983,2,2024Q1
2024-01-25,XLC,-0.012341859572114977,0.007411025541048945,2,2024Q1
2024-01-25,XLE,-0.0051476028579041655,0.010324030705781678,2,2024Q1
2024-01-25,XLF,0.005652463577100919,0.003913770853039562,2,2024Q1
2024-01-25,XLI,0.008165056885661048,0.004409404946167254,2,2024Q1
2024-01-25,XLK,-0.021652660628819986,0.004406639811380023,2,2024Q1
2024-01-25,XLP,0.027071339103290404,0.004012684396989848,2,2024Q1
2024-01-25,XLRE,0.0012239204168063011,0.002454878599220244,2,2024Q1
2024-01-25,XLU,0.023655367334391553,0.008630255178203637,2,2024Q1
2024-01-25,XLV,0.0244656913191581,0.0034892159353432685,2,2024Q1
2024-01-25,XLY,0.01697065788924834,0.003557149595736017,2,2024Q1
2024-01-26,XLB,-0.007209075111228147,0.0033382061325648504,2,2024Q1
2024-01-26,XLC,0.012280526436304395,0.007176341270866342,2,2024Q1
2024-01-26,XLE,-0.022903214514167103,0.009968513703034467,2,2024Q1
2024-01-26,XLF,-0.005700363085573867,0.0019360275200159185,2,2024Q1
2024-01-26,XLI,0.004715895142084259,0.003259595982844098,2,2024Q1
2024-01-26,XLK,-0.011809777635814145,0.005664848643681542,2,2024Q1
2024-01-26,XLP,0.006964833406454929,0.0010601270208507407,2,2024Q1
2024-01-26,XLRE,-0.018915065447740353,0.0007835366791320354,2,2024Q1
2024-01-26,XLU,-0.009664110141760274,0.007285004740798452,2,2024Q1
2024-01-26,XLV,0.005291882472046927,0.002388952173531636,2,2024Q1
2024-01-26,XLY,0.018613291247708608,0.0027145330634034933,2,2024Q1
2024-01-29,XLB,-0.02600153626849655,0.0018212423580425993,2,2024Q1
2024-01-29,XLC,0.001096793315254585,0.007293974912748242,2,2024Q1
2024-01-29,XLE,-0.0123523122853757,0.006914398957932968,2,2024Q1
2024-01-29,XLF,-0.0026054918883711142,0.00308925789543268,2,2024Q1
2024-01-29,XLI,0.004226425427911629,0.0056222239507594165,2,2024Q1
2024-01-29,XLK,-0.0070259241084104085,0.007436012545403825,2,2024Q1
2024-01-29,XLP,0.006429415709164665,0.0018964345045964827,2,2024Q1
2024-01-29,XLRE,-0.034073121498894854,0.0006207457246747978,2,2024Q1
2024-01-29,XLU,-0.02517042695330618,0.006527644729705482,2,2024Q1
2024-01-29,XLV,0.01293818012588921,0.003265751124527376,2,2024Q1
2024-01-29,XLY,0.0010112484526358934,0.0011755616423354243,2,2024Q1
2024-01-30,XLB,-0.016978962947398535,0.0014539968259989823,2,2024Q1
2024-01-30,XLC,0.0011603236155557362,0.0075110093696428544,2,2024Q1
2024-01-30,XLE,-0.023000571590856,0.006425124924236487,2,2024Q1
2024-01-30,XLF,-0.016743211154326643,0.001676097079440154,2,2024Q1
2024-01-30,XLI,0.009203078032902212,0.004371731674223342,2,2024Q1
2024-01-30,XLK,-0.007037557700672159,0.007732001356632023,2,2024Q1
2024-01-30,XLP,-0.0005772920149362815,0.001398850153238028,2,2024Q1
2024-01-30,XLRE,-0.013844806394905151,0.0010518190989754748,2,2024Q1
2024-01-30,XLU,-0.024969583684163577,0.006568161129506251,2,2024Q1
2024-01-30,XLV,0.017963687371603587,0.0007690210579508453,2,2024Q1
2024-01-30,XLY,0.003987348788393463,0.001491272572763709,2,2024Q1
2024-01-31,XLB,-0.021058203550057497,0.0018193438228534232,2,2024Q1
2024-01-31,XLC,0.006699021300068164,0.0026558709238347724,2,2024Q1
2024-01-31,XLE,-0.027442968175044324,0.005337314828986247,2,2024Q1
2024-01-31,XLF,-0.022231292328587893,0.0032821948030090147,2,2024Q1
2024-01-31,XLI,0.0026733588195337887,0.002153270062759503,2,2024Q1
2024-01-31,XLK,0.0026774634802810837,0.006606807759027259,2,2024Q1
2024-01-31,XLP,-0.019314061689471806,7.67520558193804e-05,2,2024Q1
2024-01-31,XLRE,-0.03230600008655127,0.000918460453187379,2,2024Q1
2024-01-31,XLU,-0.0474671431675745,0.0009559306864760548,2,2024Q1
2024-01-31,XLV,-0.003096365767025766,0.003436734352433221,2,2024Q1
2024-01-31,XLY,0.00902606631837033,0.0018245016284534205,2,2024Q1
2024-02-01,XLB,-0.026060724523603307,0.002558636534836765,2,2024Q1
2024-02-01,XLC,0.012925280501834502,0.006002976223922286,2,2024Q1
2024-02-01,XLE,-0.004134288644309647,0.008362733376745854,2,2024Q1
2024-02-01,XLF,-0.014778694294441674,0.005345552245689451,2,2024Q1
2024-02-01,XLI,-0.0015709982784313237,0.005823552901719922,2,2024Q1
2024-02-01,XLK,0.005886468292629843,0.007948761952971325,2,2024Q1
2024-02-01,XLP,-0.02697489534185682,0.002862238335329473,2,2024Q1
2024-02-01,XLRE,-0.0312715479090625,-0.0007540285792963872,2,2024Q1
2024-02-01,XLU,-0.0598435762126579,0.0033790084280673517,2,2024Q1
2024-02-01,XLV,-0.005140572225039719,0.004112553062143516,2,2024Q1
2024-02-01,XLY,0.006728995930372683,0.0017805585207650203,2,2024Q1
2024-02-02,XLB,-0.013254822215794881,0.001683904708346865,2,2024Q1
2024-02-02,XLC,-0.021004811099814558,0.011571490886444626,2,2024Q1
2024-02-02,XLE,-0.016370947162708704,0.008852764943360986,2,2024Q1
2024-02-02,XLF,-0.011291161183456078,0.008645939155597923,2,2024Q1
2024-02-02,XLI,-0.002003317536614979,0.007750209776423033,2,2024Q1
2024-02-02,XLK,0.013833294071104785,0.007427683033237735,2,2024Q1
2024-02-02,XLP,-0.028148071863807078,0.005675631289049586,2,2024Q1
2024-02-02,XLRE,-0.01124629482560402,0.001206689509635823,2,2024Q1
2024-02-02,XLU,-0.03369720383840402,0.00462455974363662,2,2024Q1
2024-02-02,XLV,0.0003697746219724074,0.005451659134740993,2,2024Q1
2024-02-02,XLY,0.0006933868162526391,0.0022769648937893167,2,2024Q1
2024-02-05,XLB,0.01770839948424907,0.004011656136781982,2,2024Q1
2024-02-05,XLC,-0.006939485848684868,0.010398182024757521,2,2024Q1
2024-02-05,XLE,-0.0060719216384139685,0.008610890327728424,2,2024Q1
2024-02-05,XLF,-0.003953723381611818,0.005044362276153781,2,2024Q1
2024-02-05,XLI,0.0017627592405662362,0.006409774583964745,2,2024Q1
2024-02-05,XLK,0.000447887134485514,0.0071030182460888065,2,2024Q1
2024-02-05,XLP,-0.0182003481228602,0.003860567806775398,2,2024Q1
2024-02-05,XLRE,0.0025920435527981844,0.00011349468992755325,2,2024Q1
2024-02-05,XLU,-0.004492525745381615,0.008760456552906895,2,2024Q1
2024-02-05,XLV,-0.004687856504164589,0.0061001153525563215,2,2024Q1
2024-02-05,XLY,0.011085421028675713,0.0030201337934079057,2,2024Q1
2024-02-06,XLB,0.002345797091926727,0.003350327539431071,2,2024Q1
2024-02-06,XLC,-0.0012231058835338038,0.009011397759771046,2,2024Q1
2024-02-06,XLE,-0.0025953543114228816,0.007818604629291657,2,2024Q1
2024-02-06,XLF,-0.0027777657000067624,0.0032879571987716625,2,2024Q1
2024-02-06,XLI,-0.000719767919878489,0.003594582530604039,2,2024Q1
2024-02-06,XLK,0.004704139449719369,0.006619961596730723,2,2024Q1
2024-02-06,XLP,-0.014279318774986338,0.002554219295472157,2,2024Q1
2024-02-06,XLRE,-0.014105900094854351,0.0017969545985893542,2,2024Q1
2024-02-06,XLU,-0.007980031255950926,0.009716569471510046,2,2024Q1
2024-02-06,XLV,-0.007981295520387843,0.003086561050082444,2,2024Q1
2024-02-06,XLY,0.0014464141440104772,0.0013843920955998032,2,2024Q1
2024-02-07,XLB,1.945759118826551e-05,0.0014523982165236702,2,2024Q1
2024-02-07,XLC,0.00883046870313331,0.007389071078333641,2,2024Q1
2024-02-07,XLE,-0.0063167199537346175,0.007743465876091968,2,2024Q1
2024-02-07,XLF,-0.001454833069138961,0.0034449246678362492,2,2024Q1
2024-02-07,XLI,0.00856390902130455,0.0027997726086696996,2,2024Q1
2024-02-07,XLK,0.0012086350750737385,0.0035574728524527637,2,2024Q1
2024-02-07,XLP,-0.015982198279488213,0.001796014742239277,2,2024Q1
2024-02-07,XLRE,-0.007767732607003586,0.003082066224421838,2,2024Q1
2024-02-07,XLU,-0.003920268277931349,0.009547968478567264,2,2024Q1
2024-02-07,XLV,-0.0028137802641517995,0.0012747748373952148,2,2024Q1
2024-02-07,XLY,6.850321353280009e-05,0.002000325298133228,2,2024Q1
2024-02-08,XLB,0.013810162996269248,0.002886521636299862,2,2024Q1
2024-02-08,XLC,0.006757992641821975,0.007908894724010794,2,2024Q1
2024-02-08,XLE,0.004532242873343195,0.006937671979551922,2,2024Q1
2024-02-08,XLF,0.01312373135449274,0.003422405086889701,2,2024Q1
2024-02-08,XLI,0.009465891204157417,0.003328492145177435,2,2024Q1
2024-02-08,XLK,-0.010476852311537499,0.0027956624029629503,2,2024Q1
2024-02-08,XLP,-0.01580710292151488,0.002964778262659921,2,2024Q1
2024-02-08,XLRE,0.004080371494318502,0.004553999947107741,2,2024Q1
2024-02-08,XLU,0.01358112892897756,0.011123899011039976,2,2024Q1
2024-02-08,XLV,-0.0002580583054372365,0.001646701275746736,2,2024Q1
2024-02-08,XLY,0.0007684387531807779,0.0032765795335201395,2,2024Q1
2024-02-09,XLB,0.02778855404234548,0.0029362175114795194,2,2024Q1
2024-02-09,XLC,0.0005930770571495048,0.008102146184093368,2,2024Q1
2024-02-09,XLE,0.03049950314899008,0.009599752781828199,2,2024Q1
2024-02-09,XLF,0.017445602406833682,0.002614054245764441,2,2024Q1
2024-02-09,XLI,0.012606623112652704,0.004548883111124266,2,2024Q1
2024-02-09,XLK,-0.021984135687898032,0.0034681635869423274,2,2024Q1
2024-02-09,XLP,0.0056971707240607294,-0.00021098921559295426,2,2024Q1
2024-02-09,XLRE,0.001809814217292316,0.005680919052943621,2,2024Q1
2024-02-09,XLU,0.01930022997071834,0.006944784410619292,2,2024Q1
2024-02-09,XLV,0.014551686604188152,0.002387660385639775,2,2024Q1
2024-02-09,XLY,-0.0015196990258399268,0.004092213968019393,2,2024Q1
2024-02-12,XLB,0.022623967286648172,0.004094246947621876,2,2024Q1
2024-02-12,XLC,0.0009946307302658441,0.00953179790697313,2,2024Q1
2024-02-12,XLE,0.01507195250271609,0.007654834126736048,2,2024Q1
2024-02-12,XLF,0.015046006515970545,0.005573481158668853,2,2024Q1
2024-02-12,XLI,0.013034145697383925,0.006861653227255326,2,2024Q1
2024-02-12,XLK,-0.0194539462858363,0.005500209885924671,2,2024Q1
2024-02-12,XLP,0.014127686618649715,0.00275215657105745,2,2024Q1
2024-02-12,XLRE,0.00842348995967912,0.0004225860752658998,2,2024Q1
2024-02-12,XLU,0.012031821926220099,0.0027351971092387413,2,2024Q1
2024-02-12,XLV,0.01487286582653069,0.006759833432339984,2,2024Q1
2024-02-12,XLY,-0.005039653294841018,0.003037867005982994,2,2024Q1
2024-02-13,XLB,0.028039237047886356,0.005224304069776607,2,2024Q1
2024-02-13,XLC,-0.0007155939607195183,0.00912546292217016,2,2024Q1
2024-02-13,XLE,0.02964484480659757,0.003850919704013269,2,2024Q1
2024-02-13,XLF,0.017160991457733976,0.0007120050763120649,2,2024Q1
2024-02-13,XLI,0.012729865849057997,0.0027248931649711387,2,2024Q1
2024-02-13,XLK,-0.023646113203848906,0.005537451285556666,2,2024Q1
2024-02-13,XLP,0.013983499838527536,0.0008594209857095876,2,2024Q1
2024-02-13,XLRE,0.019735757024247125,0.002313322288053622,2,2024Q1
2024-02-13,XLU,0.027687675311174775,0.0015085977713569711,2,2024Q1
2024-02-13,XLV,0.011794630930567873,0.0034233716637913788,2,2024Q1
2024-02-13,XLY,0.0076855418573116285,0.0018467606555288025,2,2024Q1
2024-02-14,XLB,0.020212646412877566,0.005475862208044491,2,2024Q1
2024-02-14,XLC,-0.013260063315967408,0.00879967895307631,2,2024Q1
2024-02-14,XLE,0.020864284097416474,0.0002842609786651289,2,2024Q1
2024-02-14,XLF,0.007664221463667298,0.004357376635735961,2,2024Q1
2024-02-14,XLI,-0.0032327940686538437,0.006756545056830479,2,2024Q1
2024-02-14,XLK,-0.013567219859105473,0.00757384436892619,2,2024Q1
2024-02-14,XLP,0.007535816534325113,0.0023933065357150604,2,2024Q1
2024-02-14,XLRE,0.00402323478128408,0.005588498794724785,2,2024Q1
2024-02-14,XLU,0.00249016715921635,0.0033507860797692534,2,2024Q1
2024-02-14,XLV,0.003324027189656853,0.006376069815450332,2,2024Q1
2024-02-14,XLY,0.005006259710331973,0.005078980591765305,2,2024Q1
2024-02-15,XLB,0.013272336895951975,0.005098063614743645,2,2024Q1
2024-02-15,XLC,-0.017618271804205055,0.008497976692442254,2,2024Q1
2024-02-15,XLE,-0.007662199592769259,0.0003588582024780286,2,2024Q1
2024-02-15,XLF,0.0016933937139205213,0.0025797262260398414,2,2024Q1
2024-02-15,XLI,0.0008309731144904298,0.006919975243405043,2,2024Q1
2024-02-15,XLK,-0.007524650391851795,0.010222609381444196,2,2024Q1
2024-02-15,XLP,0.010370318971145709,0.0024150148948576585,2,2024Q1
2024-02-15,XLRE,-0.012407427946108385,0.005088576448142649,2,2024Q1
2024-02-15,XLU,-0.000866513353675602,0.0031052924030442594,2,2024Q1
2024-02-15,XLV,0.00703710662880308,0.006576042281318639,2,2024Q1
2024-02-15,XLY,-0.0049698993985543005,0.0038214197168353267,2,2024Q1
2024-02-16,XLB,0.00041228145745564326,0.0013078527067157918,2,2024Q1
2024-02-16,XLC,-0.01791254859781588,0.008753262959548943,2,2024Q1
2024-02-16,XLE,-0.0049091395766283075,-0.004100146386748393,2,2024Q1
2024-02-16,XLF,-0.0011130110132204774,0.0016845879239083112,2,2024Q1
2024-02-16,XLI,0.004056855494712908,0.005394383148335203,2,2024Q1
2024-02-16,XLK,0.0014420569438990949,0.010883538613119376,2,2024Q1
2024-02-16,XLP,0.0034028325925345992,-0.0006659282092401048,2,2024Q1
2024-02-16,XLRE,-0.014798006609710979,0.006558995146472834,2,2024Q1
2024-02-16,XLU,-0.020975326357148272,0.00279788848208458,2,2024Q1
2024-02-16,XLV,-0.002809274170956666,0.004486898890120614,2,2024Q1
2024-02-16,XLY,0.002835576317589572,0.00427372596616738,2,2024Q1
2024-02-20,XLB,-0.001176275044971753,0.001508499073564644,2,2024Q1
2024-02-20,XLC,-0.015779018303735848,0.010122451696028226,2,2024Q1
2024-02-20,XLE,-0.007499434880305467,-0.006572311197411286,2,2024Q1
2024-02-20,XLF,-0.003013148685262035,-0.00020219210196255745,2,2024Q1
2024-02-20,XLI,0.0012849438079645115,0.003656697185221829,2,2024Q1
2024-02-20,XLK,0.005261714482486246,0.011876099004340388,2,2024Q1
2024-02-20,XLP,-0.01453073172768593,-0.0037047511849933254,2,2024Q1
2024-02-20,XLRE,-0.01995033326533102,0.005658553920025922,2,2024Q1
2024-02-20,XLU,-0.009032885113841482,-2.0977773437500934e-05,2,2024Q1
2024-02-20,XLV,-0.00937916047812326,0.0027768730763459,2,2024Q1
2024-02-20,XLY,0.008400060316185565,0.0032589899934687295,2,2024Q1
2024-02-21,XLB,-0.001351576432580881,0.0013197000523115505,2,2024Q1
2024-02-21,XLC,-0.019217566763204186,0.011208207136042186,2,2024Q1
2024-02-21,XLE,-0.02584222229082045,-0.0011521451567347222,2,2024Q1
2024-02-21,XLF,-3.8093490029700305e-05,0.0002564482203246618,2,2024Q1
2024-02-21,XLI,0.002961560639154426,0.003438574470055145,2,2024Q1
2024-02-21,XLK,0.009151007414345491,0.01056409028717976,2,2024Q1
2024-02-21,XLP,-0.014837732653697477,-0.003372585652106493,2,2024Q1
2024-02-21,XLRE,-0.012238380909577184,0.004942759941698686,2,2024Q1
2024-02-21,XLU,-0.01691124215055506,-0.006106276131075864,2,2024Q1
2024-02-21,XLV,-0.014351444414940184,0.002768201766375142,2,2024Q1
2024-02-21,XLY,0.007156697696027781,0.0005020130414588217,2,2024Q1
2024-02-22,XLB,0.013222295776512683,0.0027493289370999828,2,2024Q1
2024-02-22,XLC,-0.008149864149864183,0.01024585622889526,2,2024Q1
2024-02-22,XLE,-0.005649964504465754,0.001133055888361541,2,2024Q1
2024-02-22,XLF,0.004842180263626705,0.0023957818214012357,2,2024Q1
2024-02-22,XLI,0.010647426325660403,0.002613133749618472,2,2024Q1
2024-02-22,XLK,0.004737494706294809,0.012931698584789205,2,2024Q1
2024-02-22,XLP,-0.002484238765928848,-0.0008985255644375308,2,2024Q1
2024-02-22,XLRE,0.010235472311500127,0.004514054146236575,2,2024Q1
2024-02-22,XLU,0.008284971205647418,0.0020189309429244845,2,2024Q1
2024-02-22,XLV,-0.017043917213528492,0.004500324212066019,2,2024Q1
2024-02-22,XLY,0.011486872141641236,0.0022621173418612512,2,2024Q1
2024-02-23,XLB,0.003168508476574461,0.0030077569281466107,2,2024Q1
2024-02-23,XLC,-0.006082255700405881,0.011810298432260927,2,2024Q1
2024-02-23,XLE,0.003881888230994779,0.005463405863024585,2,2024Q1
2024-02-23,XLF,-0.010093565757068101,0.0028390348848172913,2,2024Q1
2024-02-23,XLI,0.0009680817683741516,0.0028758564536630715,2,2024Q1
2024-02-23,XLK,0.016799806772768155,0.012090517210518716,2,2024Q1
2024-02-23,XLP,-0.01412464584177664,-6.767877023514481e-05,2,2024Q1
2024-02-23,XLRE,0.011332259151161317,0.004742761601008911,2,2024Q1
2024-02-23,XLU,-0.013718893551995515,0.004163493740600123,2,2024Q1
2024-02-23,XLV,-0.020125421388728415,0.0046914706816097275,2,2024Q1
2024-02-23,XLY,0.0107293429067441,-0.00045217440796301543,2,2024Q1
2024-02-26,XLB,0.01406166522236596,0.0024869657800541956,2,2024Q1
2024-02-26,XLC,-0.007251661248950381,0.011743138124164934,2,2024Q1
2024-02-26,XLE,-0.013050245125763027,0.001980330335121585,2,2024Q1
2024-02-26,XLF,-0.00523868198631261,0.00255975821754539,2,2024Q1
2024-02-26,XLI,0.0035240662580380278,0.002687260816791921,2,2024Q1
2024-02-26,XLK,0.01317541465198846,0.010580092293293876,2,2024Q1
2024-02-26,XLP,-0.011933545257779565,0.0007173179857488706,2,2024Q1
2024-02-26,XLRE,0.03220024420917045,0.005012941925898098,2,2024Q1
2024-02-26,XLU,0.02078590094227306,0.004865726863733227,2,2024Q1
2024-02-26,XLV,-0.019132736788125104,0.00528703136055193,2,2024Q1
2024-02-26,XLY,-0.00878624694798047,-0.0004933864524790364,2,2024Q1
2024-02-27,XLB,0.016821853155436495,0.0053526929148224565,2,2024Q1
2024-02-27,XLC,-0.01147801322159736,0.011376988058973785,2,2024Q1
2024-02-27,XLE,0.010683922234959065,0.002548433655718997,2,2024Q1
2024-02-27,XLF,0.00423202800137612,0.0008874971786780497,2,2024Q1
2024-02-27,XLI,0.005662217063284514,0.0033821265031602093,2,2024Q1
2024-02-27,XLK,-0.000930758941056542,0.009587470361345364,2,2024Q1
2024-02-27,XLP,0.0023260056216887204,-0.0006989372130907177,2,2024Q1
2024-02-27,XLRE,0.030047164159100692,0.0056798246150417415,2,2024Q1
2024-02-27,XLU,0.010655647672364044,0.006873467893307969,2,2024Q1
2024-02-27,XLV,-0.012146429013701221,0.003198102649355542,2,2024Q1
2024-02-27,XLY,-0.012551262845819644,0.0005026494475394411,2,2024Q1
2024-02-28,XLB,0.01474037115157123,0.005953657577179828,2,2024Q1
2024-02-28,XLC,-0.0096905381792598,0.012187937704307919,2,2024Q1
2024-02-28,XLE,0.009438553528212212,0.0014963752616153074,2,2024Q1
2024-02-28,XLF,-0.0006994392544295014,0.0028505418048980465,2,2024Q1
2024-02-28,XLI,0.0010645283596009136,0.005137548869269001,2,2024Q1
2024-02-28,XLK,0.005368155615967707,0.010982327654367597,2,2024Q1
2024-02-28,XLP,0.003298075136968004,0.0018433699720887705,2,2024Q1
2024-02-28,XLRE,0.016302185299839955,0.005658886284437023,2,2024Q1
2024-02-28,XLU,0.010825381176128523,0.006469445365283951,2,2024Q1
2024-02-28,XLV,-0.006825202529125329,0.006914661171466021,2,2024Q1
2024-02-28,XLY,-0.026329188068035858,0.0011013596725692656,2,2024Q1
2024-02-29,XLB,0.01313596402734829,0.005934734907629887,2,2024Q1
2024-02-29,XLC,-0.008835663262325877,0.011330124098411203,2,2024Q1
2024-02-29,XLE,0.006721549255555681,0.00560929473033453,2,2024Q1
2024-02-29,XLF,-0.00804019440487247,0.003356210957688034,2,2024Q1
2024-02-29,XLI,-0.00027073890882012286,0.003406272256761015,2,2024Q1
2024-02-29,XLK,0.0036639008415768615,0.009053672151808861,2,2024Q1
2024-02-29,XLP,0.004349756292907125,0.0021234961509481037,2,2024Q1
2024-02-29,XLRE,0.0018397103221052813,0.005218579525038005,2,2024Q1
2024-02-29,XLU,0.010747613255777111,0.008023373856105754,2,2024Q1
2024-02-29,XLV,-0.00026431314917085835,0.0076466588023235815,2,2024Q1
2024-02-29,XLY,-0.03184580453020547,0.0010559596822920687,2,2024Q1
2024-03-01,XLB,0.01800601086856335,0.005877894364266917,2,2024Q1
2024-03-01,XLC,-0.0031702832798184977,0.008814896657364022,2,2024Q1
2024-03-01,XLE,0.014023432980122541,0.003405079337667361,2,2024Q1
2024-03-01,XLF,0.010393991325394536,0.0016912415871755497,2,2024Q1
2024-03-01,XLI,0.008622069816897282,0.0010894041707773558,2,2024Q1
2024-03-01,XLK,-0.013976167403777162,0.00462307231950558,2,2024Q1
2024-03-01,XLP,0.011604393988280393,-0.0015011270201487495,2,2024Q1
2024-03-01,XLRE,0.018136605475989498,0.0026143178935951737,2,2024Q1
2024-03-01,XLU,0.03509384641037716,0.0071816691159894116,2,2024Q1
2024-03-01,XLV,0.0028183794560965314,0.004972216341937648,2,2024Q1
2024-03-01,XLY,-0.023253334076950738,7.955056745206782e-05,2,2024Q1
2024-03-04,XLB,0.021855580705612554,0.004487161300093955,2,2024Q1
2024-03-04,XLC,0.007942648086402104,0.011890783343318025,2,2024Q1
2024-03-04,XLE,0.03528182241734423,0.0018592029011416052,2,2024Q1
2024-03-04,XLF,0.009418601970626272,0.001343229901075573,2,2024Q1
2024-03-04,XLI,-0.00038680791012724036,0.0029682027866910175,2,2024Q1
2024-03-04,XLK,-0.01689301783082464,0.006273671009111734,2,2024Q1
2024-03-04,XLP,0.01608119801985486,-0.0018500476684199202,2,2024Q1
2024-03-04,XLRE,0.001490895854941554,0.00044468293273769487,2,2024Q1
2024-03-04,XLU,0.022864188508888827,0.004100643134404107,2,2024Q1
2024-03-04,XLV,0.0035650696132730753,0.005264830727185779,2,2024Q1
2024-03-04,XLY,-0.012801878522084698,0.003323568909403031,2,2024Q1
2024-03-05,XLB,0.006261868963701067,0.0037742730113863626,2,2024Q1
2024-03-05,XLC,0.004179175096174381,0.010856701286836471,2,2024Q1
2024-03-05,XLE,0.0051362878120280175,0.003935315570060087,2,2024Q1
2024-03-05,XLF,-0.007542052560869372,0.0047689460677294545,2,2024Q1
2024-03-05,XLI,-0.008594196465736115,0.0017364277969006874,2,2024Q1
2024-03-05,XLK,0.007533526891228881,0.009599632602578668,2,2024Q1
2024-03-05,XLP,-0.0020607212952128418,-0.0005099124031315571,2,2024Q1
2024-03-05,XLRE,-0.00904977172184318,-0.001536147540450016,2,2024Q1
2024-03-05,XLU,-0.005025985997357818,0.0015358039950818072,2,2024Q1
2024-03-05,XLV,-0.005137940881687841,0.006383153862996083,2,2024Q1
2024-03-05,XLY,-0.012714598941721,0.0009370171256050628,2,2024Q1
2024-03-06,XLB,0.015506883622481427,0.004134490845778001,2,2024Q1
2024-03-06,XLC,0.011255359850583124,0.012067685514915546,2,2024Q1
2024-03-06,XLE,0.024988022811376354,0.004492072837889884,2,2024Q1
2024-03-06,XLF,0.0013414023681763698,0.003471211140398463,2,2024Q1
2024-03-06,XLI,-0.004388917305083284,0.0018236922114537482,2,2024Q1
2024-03-06,XLK,-0.004818246310738239,0.009136431215145605,2,2024Q1
2024-03-06,XLP,-0.001316622424516689,0.0001751708689504796,2,2024Q1
2024-03-06,XLRE,-0.014217173183377785,-0.0028907994216837074,2,2024Q1
2024-03-06,XLU,-0.001122604309351738,0.001322374247469734,2,2024Q1
2024-03-06,XLV,-0.009188773981998466,0.007239671926281289,2,2024Q1
2024-03-06,XLY,-0.004518745986584083,0.0026055952288078434,2,2024Q1
2024-03-07,XLB,0.009631248512310897,0.0054563680508063536,2,2024Q1
2024-03-07,XLC,0.00449533640564348,0.013181512092735152,2,2024Q1
2024-03-07,XLE,0.03876743584372999,0.005717401881556419,2,2024Q1
2024-03-07,XLF,0.006633110497639372,0.004910831935292824,2,2024Q1
2024-03-07,XLI,-0.004759176775331997,0.002232578486340215,2,2024Q1
2024-03-07,XLK,-0.008348721880329646,0.007442659620158738,2,2024Q1
2024-03-07,XLP,-0.002911860512117004,0.0010654717546149815,2,2024Q1
2024-03-07,XLRE,-0.01639285179042127,-0.0011972712617338485,2,2024Q1
2024-03-07,XLU,-0.003731608458512725,0.0015323353864056314,2,2024Q1
2024-03-07,XLV,-0.005452585752876549,0.008272080112098254,2,2024Q1
2024-03-07,XLY,-0.006570983557211196,0.003918909996203245,2,2024Q1
2024-03-08,XLB,0.019921741705153262,0.002219167175146258,2,2024Q1
2024-03-08,XLC,-7.589166109223111e-05,0.012358931661509313,2,2024Q1
2024-03-08,XLE,0.04214187794676649,0.0032505168620691615,2,2024Q1
2024-03-08,XLF,0.00787855656999159,0.001229342188743862,2,2024Q1
2024-03-08,XLI,0.0015675062232202164,-0.0005054714634620931,2,2024Q1
2024-03-08,XLK,-0.004601727030345004,0.009940490412388939,2,2024Q1
2024-03-08,XLP,0.00861625738563554,-0.0036995406550729163,2,2024Q1
2024-03-08,XLRE,-0.024437019513779523,-0.0031119163496694975,2,2024Q1
2024-03-08,XLU,-0.0008555935154488381,-0.0020636563629519347,2,2024Q1
2024-03-08,XLV,-0.0036138196905736164,0.005707903868221412,2,2024Q1
2024-03-08,XLY,-0.008840543182742855,0.0018080763564914488,2,2024Q1
2024-03-11,XLB,8.433035361354868e-06,-0.004648446281900653,2,2024Q1
2024-03-11,XLC,0.012770743979567012,0.01132603373152905,2,2024Q1
2024-03-11,XLE,0.02003499743584447,0.0028484362393128198,2,2024Q1
2024-03-11,XLF,0.0013334081138844933,-0.0007746705301556069,2,2024Q1
2024-03-11,XLI,-0.0013643031006314033,-0.002868058138318474,2,2024Q1
2024-03-11,XLK,-0.005411590880752715,0.00870021049861267,2,2024Q1
2024-03-11,XLP,-0.004545887286456773,-0.005284960692618954,2,2024Q1
2024-03-11,XLRE,-0.03311280009843098,-0.0036188769912317157,2,2024Q1
2024-03-11,XLU,-0.016200943426154635,-0.008531734025939194,2,2024Q1
2024-03-11,XLV,-0.013544673371339244,0.003289580588769245,2,2024Q1
2024-03-11,XLY,-0.0075391765485474105,0.0007206659534475366,2,2024Q1
2024-03-12,XLB,0.005390934151374038,0.004437018328227486,2,2024Q1
2024-03-12,XLC,0.00868394006838491,0.011498110747758061,2,2024Q1
2024-03-12,XLE,0.03849956685912215,0.0035366515675375786,2,2024Q1
2024-03-12,XLF,0.007210014298980605,0.001885867638604588,2,2024Q1
2024-03-12,XLI,0.007962011805499492,-0.00022786541560965016,2,2024Q1
2024-03-12,XLK,-0.015226425114031938,0.005153968473531069,2,2024Q1
2024-03-12,XLP,-0.000825747625333717,-0.002782676748963945,2,2024Q1
2024-03-12,XLRE,-0.02551915285108508,-0.0035417447994322065,2,2024Q1
2024-03-12,XLU,0.007429063604167396,0.002470641116785085,2,2024Q1
2024-03-12,XLV,-0.006431152761833703,0.006342056749549087,2,2024Q1
2024-03-12,XLY,-0.0023403592366894044,0.003087889835288906,2,2024Q1
2024-03-13,XLB,-0.005233584595184526,0.0050191923035082155,2,2024Q1
2024-03-13,XLC,0.007950761207220713,0.010260839698417198,2,2024Q1
2024-03-13,XLE,0.009962147649493547,-3.7954904293626725e-05,2,2024Q1
2024-03-13,XLF,0.0009773547188514087,0.000225001853244141,2,2024Q1
2024-03-13,XLI,0.006519504895156736,-0.00022427949189904046,2,2024Q1
2024-03-13,XLK,-0.004189702043491561,0.007165586775106736,2,2024Q1
2024-03-13,XLP,-0.01110457400986753,-0.0008649784060122856,2,2024Q1
2024-03-13,XLRE,-0.02615626500869639,0.004783936263363625,2,2024Q1
2024-03-13,XLU,-0.008897361783726243,0.001907974390443859,2,2024Q1
2024-03-13,XLV,-0.01563689910581323,0.005596319080396624,2,2024Q1
2024-03-13,XLY,0.0038013111347863227,0.0016591798872124773,2,2024Q1
2024-03-14,XLB,-0.0010777146313332153,0.005205847021137624,2,2024Q1
2024-03-14,XLC,0.005399050352264734,0.010070245520422693,2,2024Q1
2024-03-14,XLE,0.00027083722813414646,0.0019228768332109954,2,2024Q1
2024-03-14,XLF,0.01212718411630398,0.0012508795138846177,2,2024Q1
2024-03-14,XLI,0.015588230861349972,0.0024774975453884223,2,2024Q1
2024-03-14,XLK,-0.009001922133533569,0.008500459875488541,2,2024Q1
2024-03-14,XLP,-0.008123504772161505,-0.0013168043223296794,2,2024Q1
2024-03-14,XLRE,-0.0135670040295921,0.0046964019472969035,2,2024Q1
2024-03-14,XLU,-0.007766901719998387,-0.0034366472526019117,2,2024Q1
2024-03-14,XLV,-0.016134676103512824,0.006796964429977715,2,2024Q1
2024-03-14,XLY,0.010887600210987003,0.0030887471497914832,2,2024Q1
2024-03-15,XLB,-0.01604363283917487,0.005820173867538853,2,2024Q1
2024-03-15,XLC,0.009587019264322816,0.010310841373524884,2,2024Q1
2024-03-15,XLE,-0.013146853952217041,0.0018102753743758403,2,2024Q1
2024-03-15,XLF,-0.006876203878332099,-0.00015530674279733364,2,2024Q1
2024-03-15,XLI,0.0036539242555595486,-0.000382963262486838,2,2024Q1
2024-03-15,XLK,-0.0015070823307021808,0.007906138968904578,2,2024Q1
2024-03-15,XLP,-0.0208647909284716,-0.0030324276462178885,2,2024Q1
2024-03-15,XLRE,-0.033079362600134,-0.0004270397654866692,2,2024Q1
2024-03-15,XLU,-0.016017982771353134,-0.009534268427715495,2,2024Q1
2024-03-15,XLV,-0.021770808146296394,0.002203087764720804,2,2024Q1
2024-03-15,XLY,0.003907421596605731,0.0038121356816096692,2,2024Q1
2024-03-18,XLB,-0.005088643478953436,0.006692852263974753,2,2024Q1
2024-03-18,XLC,-0.003064540610298483,0.006131378043070088,2,2024Q1
2024-03-18,XLE,0.0097874547267498,0.002543828762041108,2,2024Q1
2024-03-18,XLF,-0.003931010867338047,0.0011088495959467443,2,2024Q1
2024-03-18,XLI,0.007202612284315402,0.00024973039297330714,2,2024Q1
2024-03-18,XLK,-0.002712434913718642,0.008096516690088177,2,2024Q1
2024-03-18,XLP,-0.013871024165435397,-0.003810113182798347,2,2024Q1
2024-03-18,XLRE,-0.021211404250889965,0.00574533173209767,2,2024Q1
2024-03-18,XLU,0.0012347455856684952,-0.00858600068745392,2,2024Q1
2024-03-18,XLV,-0.01057331063066469,0.003311961342280435,2,2024Q1
2024-03-18,XLY,0.003843038406230459,0.0036257521148764377,2,2024Q1
2024-03-19,XLB,0.0014902486435492968,0.0041897651219113645,2,2024Q1
2024-03-19,XLC,0.002666197096764966,0.007570623232502726,2,2024Q1
2024-03-19,XLE,-0.002105727812979463,0.0016525429688868758,2,2024Q1
2024-03-19,XLF,0.0020239318027150954,-0.0019807189174297795,2,2024Q1
2024-03-19,XLI,0.0022862747408503026,-0.000741334204756342,2,2024Q1
2024-03-19,XLK,-0.004612663777262771,0.0052863934717800355,2,2024Q1
2024-03-19,XLP,-0.009575957326274143,-0.0011574546462212996,2,2024Q1
2024-03-19,XLRE,-0.017875974237909875,0.00995512492168177,2,2024Q1
2024-03-19,XLU,-0.011654648079158503,-0.005900078354835403,2,2024Q1
2024-03-19,XLV,-0.006079726801697993,0.003933802317358586,2,2024Q1
2024-03-19,XLY,0.003846542638226591,0.0036380412441344287,2,2024Q1
2024-03-20,XLB,0.006627237726724022,0.004204820980583026,2,2024Q1
2024-03-20,XLC,-0.0030854833413718197,0.006150901738652031,2,2024Q1
2024-03-20,XLE,0.009497636243684937,0.0001417649013361437,2,2024Q1
2024-03-20,XLF,0.002772021058816909,-0.00197669554645749,2,2024Q1
2024-03-20,XLI,0.007129740601893753,-0.0017349594787587001,2,2024Q1
2024-03-20,XLK,-0.009794182472487867,0.005020394794918869,2,2024Q1
2024-03-20,XLP,-0.0013510098777400614,0.00015566274261924798,2,2024Q1
2024-03-20,XLRE,0.0038221895827117436,0.009991283335704829,2,2024Q1
2024-03-20,XLU,0.01565524165262122,-0.0027128340447042406,2,2024Q1
2024-03-20,XLV,0.010369679383137376,0.004075969788782448,2,2024Q1
2024-03-20,XLY,0.001379767596052961,0.004285942746438796,2,2024Q1
2024-03-21,XLB,0.008666797414296212,0.001920519252970754,2,2024Q1
2024-03-21,XLC,-0.0015435543673512075,0.004139137383492838,2,2024Q1
2024-03-21,XLE,0.01788040794346557,0.00016438344608993077,2,2024Q1
2024-03-21,XLF,0.0035845683170794285,0.0012527477867406037,2,2024Q1
2024-03-21,XLI,0.0008809312253852397,-0.003706185617830955,2,2024Q1
2024-03-21,XLK,-0.009147919306176089,0.007513461391999642,2,2024Q1
2024-03-21,XLP,0.0029386289403048327,-0.0013805196157506419,2,2024Q1
2024-03-21,XLRE,0.00984881300944318,0.008430419991625823,2,2024Q1
2024-03-21,XLU,0.02781491881220255,-0.006905754573879067,2,2024Q1
2024-03-21,XLV,0.012684424830573748,0.0010274557596696013,2,2024Q1
2024-03-21,XLY,-0.004053051615108716,0.003918449641165901,2,2024Q1
2024-03-22,XLB,0.012405182889344335,0.0016395135151068834,2,2024Q1
2024-03-22,XLC,0.003921634956464581,0.00318656726464868,2,2024Q1
2024-03-22,XLE,0.027506322492508506,0.0006556897973243256,2,2024Q1
2024-03-22,XLF,0.00952449344114803,0.002283826236151385,2,2024Q1
2024-03-22,XLI,-0.003579729995588421,-0.0030375794320582944,2,2024Q1
2024-03-22,XLK,-0.006872465076932066,0.005620074243376086,2,2024Q1
2024-03-22,XLP,-0.00036842482962096135,-0.0016745059510053849,2,2024Q1
2024-03-22,XLRE,0.0038738484586882116,0.010092579329138106,2,2024Q1
2024-03-22,XLU,0.01994368208458175,-0.006270418059350072,2,2024Q1
2024-03-22,XLV,0.005259276359323994,0.000238229588889851,2,2024Q1
2024-03-22,XLY,-0.002917252764691791,0.0032771562325717082,2,2024Q1
2024-03-25,XLB,0.011964307643394845,0.0022395451188250864,2,2024Q1
2024-03-25,XLC,0.009392883058986001,0.0035949275399893748,2,2024Q1
2024-03-25,XLE,0.03588747296882322,8.210424098210531e-05,2,2024Q1
2024-03-25,XLF,0.01172623791213967,0.0029812207522879157,2,2024Q1
2024-03-25,XLI,0.0018696387908896384,-0.0029608909767816697,2,2024Q1
2024-03-25,XLK,-0.006267528185313065,0.007648792565960601,2,2024Q1
2024-03-25,XLP,0.0008612402117679219,0.0053497271271822555,2,2024Q1
2024-03-25,XLRE,0.00022959606331229843,0.010071007671557098,2,2024Q1
2024-03-25,XLU,0.02049249483406168,-0.003002973814929622,2,2024Q1
2024-03-25,XLV,-0.005440160445942865,0.0007218583779797478,2,2024Q1
2024-03-25,XLY,-0.010784874010464462,0.003741875925639622,2,2024Q1
2024-03-26,XLB,0.015814929571674963,0.0015433343825922443,2,2024Q1
2024-03-26,XLC,0.016540447161133454,0.0036188167685733703,2,2024Q1
2024-03-26,XLE,0.04811949601860843,-2.101115068069018e-05,2,2024Q1
2024-03-26,XLF,0.0048821545999870875,0.002887569293825846,2,2024Q1
2024-03-26,XLI,0.007718053444970785,-0.0039456769440129776,2,2024Q1
2024-03-26,XLK,-0.0024566949966920992,0.007144732713691822,2,2024Q1
2024-03-26,XLP,-0.013611772986813597,0.0045381558151736225,2,2024Q1
2024-03-26,XLRE,0.0019758486822072374,0.010225659212552191,2,2024Q1
2024-03-26,XLU,0.025171743107535782,-0.0055291055323641695,2,2024Q1
2024-03-26,XLV,-0.013093105214710188,-5.5250397873880335e-05,2,2024Q1
2024-03-26,XLY,-0.01426315575370174,0.0034191023412319735,2,2024Q1
2024-03-27,XLB,0.011749257045109762,0.00045576527974931563,2,2024Q1
2024-03-27,XLC,0.01808274495097073,0.001718555179856902,2,2024Q1
2024-03-27,XLE,0.058277551046803655,0.00039344190598073294,2,2024Q1
2024-03-27,XLF,0.002356235763531278,0.0013927236197533012,2,2024Q1
2024-03-27,XLI,0.0035042131431283208,-0.0032560507466395106,2,2024Q1
2024-03-27,XLK,-0.0027816182100022235,0.0076252808703005884,2,2024Q1
2024-03-27,XLP,-0.0075763321242035,0.0061358236253587104,2,2024Q1
2024-03-27,XLRE,-0.009971597437476554,0.007385592105530282,2,2024Q1
2024-03-27,XLU,0.015777780943941,0.0007355589737047777,2,2024Q1
2024-03-27,XLV,-0.019689940378680548,0.003203098870503036,2,2024Q1
2024-03-27,XLY,-0.016528938919510572,0.005087014906586972,2,2024Q1
2024-03-28,XLB,0.007578855065742407,0.0026201113587423683,2,2024Q1
2024-03-28,XLC,0.019402177598586978,0.0036026567753077096,2,2024Q1
2024-03-28,XLE,0.047743706383139295,-0.0039006630480979544,2,2024Q1
2024-03-28,XLF,-0.00418722408290384,-0.0005415274107341879,2,2024Q1
2024-03-28,XLI,0.0065683874454397495,-0.003086331191819467,2,2024Q1
2024-03-28,XLK,0.00013204909010067212,0.006241807756377525,2,2024Q1
2024-03-28,XLP,-0.01771389362493936,-0.00029949134172358913,2,2024Q1
2024-03-28,XLRE,-0.020221123348947545,0.007098886480503641,2,2024Q1
2024-03-28,XLU,0.0014068823362848315,0.000495256831220337,2,2024Q1
2024-03-28,XLV,-0.021657961521375224,0.002276640405648392,2,2024Q1
2024-03-28,XLY,-0.018591364073898275,0.004512909609043124,2,2024Q1
2024-04-01,XLB,0.00842248538410939,0.0036932074871723363,3,2024Q2
2024-04-01,XLC,0.009504533762864198,0.002695450323924925,3,2024Q2
2024-04-01,XLE,0.0312962515708185,0.0025301961510805784,3,2024Q2
2024-04-01,XLF,0.0032459325812023154,-0.00039390796711168217,3,2024Q2
2024-04-01,XLI,0.010268313421562092,-0.002924357438994726,3,2024Q2
2024-04-01,XLK,-0.006052632187052764,0.0036114994239855656,3,2024Q2
2024-04-01,XLP,-0.013610000803972011,-0.0025263833163730624,3,2024Q2
2024-04-01,XLRE,0.0032409541164427624,0.002818973483709341,3,2024Q2
2024-04-01,XLU,0.011798746967356943,0.003386053117253833,3,2024Q2
2024-04-01,XLV,-0.018741399995642394,-0.002837423274223342,3,2024Q2
2024-04-01,XLY,-0.004260107234733468,0.0011874902469562643,3,2024Q2
2024-04-02,XLB,0.006981281916053739,0.0028806744654912603,3,2024Q2
2024-04-02,XLC,0.004673690849717582,0.0027308624868964677,3,2024Q2
2024-04-02,XLE,0.009962457808362357,0.00195784930998147,3,2024Q2
2024-04-02,XLF,-0.004764833523055234,0.0008060003235803607,3,2024Q2
2024-04-02,XLI,0.005103313605835158,-0.0023362087844769302,3,2024Q2
2024-04-02,XLK,0.0010570677718340082,0.00459128854009761,3,2024Q2
2024-04-02,XLP,-0.011275459169818758,0.002070038394639184,3,2024Q2
2024-04-02,XLRE,0.019642419832630598,0.0024209894093010433,3,2024Q2
2024-04-02,XLU,0.008101787086096657,-0.001954124984521303,3,2024Q2
2024-04-02,XLV,-0.007305610911394589,-0.0025758798987585802,3,2024Q2
2024-04-02,XLY,0.007749718891131074,0.0015510235270462889,3,2024Q2
2024-04-03,XLB,-0.0034889247143379265,0.0035512316184808028,3,2024Q2
2024-04-03,XLC,4.0930112475634495e-05,0.0029764840805781806,3,2024Q2
2024-04-03,XLE,0.017290708773963215,0.002813736747147269,3,2024Q2
2024-04-03,XLF,-0.008062666355697301,0.0005178584213209577,3,2024Q2
2024-04-03,XLI,0.0025077033355618283,-0.001487265638280764,3,2024Q2
2024-04-03,XLK,-0.0027378805756250735,0.0033665845784901075,3,2024Q2
2024-04-03,XLP,0.007232801086613061,0.005016574778273617,3,2024Q2
2024-04-03,XLRE,-0.011673290933397196,0.0037938458084045674,3,2024Q2
2024-04-03,XLU,0.005883557295053299,-0.0012302061770963879,3,2024Q2
2024-04-03,XLV,-0.006756282523264101,-0.00237392878257408,3,2024Q2
2024-04-03,XLY,0.002571829718793772,0.0012716500571163672,3,2024Q2
2024-04-04,XLB,-0.013959488782668394,0.003318103722973132,3,2024Q2
2024-04-04,XLC,0.0026325751097193706,0.0038250431581879707,3,2024Q2
2024-04-04,XLE,-0.0026014056857135426,0.0016355414288745772,3,2024Q2
2024-04-04,XLF,-0.023693332348741825,-0.002790492463267492,3,2024Q2
2024-04-04,XLI,-0.007349849913184547,-0.00032145690319850505,3,2024Q2
2024-04-04,XLK,0.013368980778465822,0.007457786952647424,3,2024Q2
2024-04-04,XLP,-0.01068684713643031,0.00410081596280586,3,2024Q2
2024-04-04,XLRE,-0.02272185966263829,0.0035585247643255386,3,2024Q2
2024-04-04,XLU,-0.013918506697899735,-0.0033384494233791567,3,2024Q2
2024-04-04,XLV,-0.01623087532410017,-0.0023348796809408764,3,2024Q2
2024-04-04,XLY,0.002648695075856411,0.0016255936338280398,3,2024Q2
2024-04-05,XLB,-0.016100070845361025,0.0025428229861143275,3,2024Q2
2024-04-05,XLC,0.00020032096795752352,0.0020500074917017656,3,2024Q2
2024-04-05,XLE,-0.005260661746994577,-0.004940441648947856,3,2024Q2
2024-04-05,XLF,-0.021703204858105285,-0.0028210557721994457,3,2024Q2
2024-04-05,XLI,-0.00742078820003822,-0.0025983772420177737,3,2024Q2
2024-04-05,XLK,0.00963196597630267,0.005273190955477333,3,2024Q2
2024-04-05,XLP,0.0018402252634251992,0.004653979344330414,3,2024Q2
2024-04-05,XLRE,-0.015081902843371742,0.0034213765641420402,3,2024Q2
2024-04-05,XLU,-0.00011189755554996683,-0.00320388271246037,3,2024Q2
2024-04-05,XLV,-0.01547249489796887,-0.0009780162615491174,3,2024Q2
2024-04-05,XLY,0.004947616324156856,0.000922429629964069,3,2024Q2
2024-04-08,XLB,-0.008573559985657897,0.003117796200566506,3,2024Q2
2024-04-08,XLC,0.0004895472739691042,0.0021337822690551994,3,2024Q2
2024-04-08,XLE,0.0046288426527318904,-0.0056371586809268875,3,2024Q2
2024-04-08,XLF,-0.017759436401718398,-0.0019180352567852764,3,2024Q2
2024-04-08,XLI,0.00016845432937417915,-0.00188386577213831,3,2024Q2
2024-04-08,XLK,0.00476621981700176,0.004517464194896389,3,2024Q2
2024-04-08,XLP,0.01215028336650592,0.0057303047034947974,3,2024Q2
2024-04-08,XLRE,-0.027256185605454952,0.004004912974660135,3,2024Q2
2024-04-08,XLU,-0.002677503910548884,-0.0019913139089578623,3,2024Q2
2024-04-08,XLV,-0.0014196475009544685,-0.0016404598033456924,3,2024Q2
2024-04-08,XLY,-0.00782840448084754,4.474324734231208e-05,3,2024Q2
2024-04-09,XLB,-0.015371772927479932,0.00515724083031987,3,2024Q2
2024-04-09,XLC,-0.0009431966159944016,0.0032920758650814897,3,2024Q2
2024-04-09,XLE,-0.0012904133289585173,-0.003789666853933503,3,2024Q2
2024-04-09,XLF,-0.015848769529480777,-0.002998957389761264,3,2024Q2
2024-04-09,XLI,0.003080121220544574,-0.0017118931312196566,3,2024Q2
2024-04-09,XLK,0.003915398507113421,0.0030204843095157944,3,2024Q2
2024-04-09,XLP,0.01069476707240602,0.006098510147679974,3,2024Q2
2024-04-09,XLRE,-0.050462201748911695,-1.3469501626242174e-05,3,2024Q2
2024-04-09,XLU,-0.017813202042888276,-0.0037366171747369187,3,2024Q2
2024-04-09,XLV,-0.001632266689803985,-0.0008127892557720621,3,2024Q2
2024-04-09,XLY,-0.014911575687803102,-0.001652739303831162,3,2024Q2
2024-04-10,XLB,-0.00209572343964215,0.002761396990646133,3,2024Q2
2024-04-10,XLC,0.0018734497626006208,0.003129470511345867,3,2024Q2
2024-04-10,XLE,-0.011032523746397516,-0.005559615576962948,3,2024Q2
2024-04-10,XLF,-0.0029524125704057935,-0.004070833062361585,3,2024Q2
2024-04-10,XLI,0.0023797880954895545,-0.00046927908119959616,3,2024Q2
2024-04-10,XLK,-0.0022312449311138183,0.0060467150025130985,3,2024Q2
2024-04-10,XLP,0.013879476761558207,0.008416407832301975,3,2024Q2
2024-04-10,XLRE,-0.02308662896902436,0.008081651384138197,3,2024Q2
2024-04-10,XLU,0.014978386484169048,-0.0045435345964003416,3,2024Q2
2024-04-10,XLV,0.004147282191686363,-0.0007613998987782756,3,2024Q2
2024-04-10,XLY,-0.008657738512179103,-0.0019310554700165397,3,2024Q2
2024-04-11,XLB,0.008255968443864448,0.002924639469967315,3,2024Q2
2024-04-11,XLC,0.007377211532490269,0.0011927427515806654,3,2024Q2
2024-04-11,XLE,-0.004029604717283641,-0.005900743232603324,3,2024Q2
2024-04-11,XLF,0.01671015843429635,-0.002645877207530939,3,2024Q2
2024-04-11,XLI,0.007180143195598454,-0.0019454143872734294,3,2024Q2
2024-04-11,XLK,-0.022849228538883604,-0.00035699195489676525,3,2024Q2
2024-04-11,XLP,0.030144851447967747,0.008180257668599497,3,2024Q2
2024-04-11,XLRE,-0.014550207927832126,0.009982644777677114,3,2024Q2
2024-04-11,XLU,0.031811090732098646,-0.005897617460886018,3,2024Q2
2024-04-11,XLV,0.01737910096466244,-0.00039994942934369246,3,2024Q2
2024-04-11,XLY,-0.013038427529345697,-0.0012016203152831174,3,2024Q2
2024-04-12,XLB,0.020037360104243174,-0.0034783013516862284,3,2024Q2
2024-04-12,XLC,0.007843726942391771,0.0017543863793361373,3,2024Q2
2024-04-12,XLE,0.018646524073704818,-0.002055199619920105,3,2024Q2
2024-04-12,XLF,0.03870153466091364,-0.0007620670694899389,3,2024Q2
2024-04-12,XLI,0.01094134418990722,-0.004505177234832278,3,2024Q2
2024-04-12,XLK,-0.032035972164234705,0.0023882343677646568,3,2024Q2
2024-04-12,XLP,0.0451588696450822,0.007585969744732794,3,2024Q2
2024-04-12,XLRE,-0.00580635441846411,0.010285913346781748,3,2024Q2
2024-04-12,XLU,0.04987239519254616,-0.009330343753224064,3,2024Q2
2024-04-12,XLV,0.031001472918525952,0.0008265639806659026,3,2024Q2
2024-04-12,XLY,-0.010786116308569849,-0.000551683019675279,3,2024Q2
2024-04-15,XLB,0.004459798241510438,-0.001055203242523623,3,2024Q2
2024-04-15,XLC,0.0004101726267600192,0.002072407233699117,3,2024Q2
2024-04-15,XLE,0.013156870043736668,-0.002285800566801007,3,2024Q2
2024-04-15,XLF,0.03471523411531996,0.0013273164373267556,3,2024Q2
2024-04-15,XLI,0.0041315069199969745,-0.004988142539575814,3,2024Q2
2024-04-15,XLK,-0.0266992750231555,0.003926250204153716,3,2024Q2
2024-04-15,XLP,0.03770167186913331,0.00636298053197043,3,2024Q2
2024-04-15,XLRE,-0.0021019973344098553,0.004021357658394949,3,2024Q2
2024-04-15,XLU,0.047420881368522516,-0.009587419772488247,3,2024Q2
2024-04-15,XLV,0.015507977700049191,0.001216882715836388,3,2024Q2
2024-04-15,XLY,-0.011581191292763249,-9.343079600175196e-05,3,2024Q2
2024-04-16,XLB,-0.010066131311141535,-0.001036600764715417,3,2024Q2
2024-04-16,XLC,0.005286163380151088,0.004847130700840851,3,2024Q2
2024-04-16,XLE,0.014010063527765126,-0.0019510649387886182,3,2024Q2
2024-04-16,XLF,0.03468843634062235,0.0006930695860947864,3,2024Q2
2024-04-16,XLI,0.0067146465095573316,-0.005275916659922036,3,2024Q2
2024-04-16,XLK,-0.027158332552827402,0.00109919154313233,3,2024Q2
2024-04-16,XLP,0.026565268245986262,0.006058639272900835,3,2024Q2
2024-04-16,XLRE,0.00883440952944925,0.0064718019471280905,3,2024Q2
2024-04-16,XLU,0.05266402755570687,-0.01115238286032723,3,2024Q2
2024-04-16,XLV,0.01468213873565749,-0.0025789475655446856,3,2024Q2
2024-04-16,XLY,-0.007848318996314774,0.000344489615916464,3,2024Q2
2024-04-17,XLB,-0.017125050085355586,-0.0016118579661490344,3,2024Q2
2024-04-17,XLC,0.0012961830030988608,0.00402653441937686,3,2024Q2
2024-04-17,XLE,0.012175307894344956,-0.0006245086291060422,3,2024Q2
2024-04-17,XLF,0.02631990675714002,-0.00327120131969332,3,2024Q2
2024-04-17,XLI,-0.001617502392154302,-0.005044324228009887,3,2024Q2
2024-04-17,XLK,-0.013833031088483105,0.005903411548144512,3,2024Q2
2024-04-17,XLP,0.025041293497839234,0.0031961872756274727,3,2024Q2
2024-04-17,XLRE,0.015759473982481564,0.008353124936178775,3,2024Q2
2024-04-17,XLU,0.03180129198705384,-0.006806137486014227,3,2024Q2
2024-04-17,XLV,0.007771177217917868,-0.0023812547732461444,3,2024Q2
2024-04-17,XLY,0.0010839257690444803,0.0008138796970571164,3,2024Q2
2024-04-18,XLB,-0.008621559860444772,-0.0019867348876707034,3,2024Q2
2024-04-18,XLC,-0.037692495934865344,0.003054564932473931,3,2024Q2
2024-04-18,XLE,0.021783828075975897,-0.0014237694867009266,3,2024Q2
2024-04-18,XLF,0.018414408939787963,-0.002524838051912077,3,2024Q2
2024-04-18,XLI,0.006718042659257684,-0.0041649830521839635,3,2024Q2
2024-04-18,XLK,-0.0027589024888046154,0.00933952213606997,3,2024Q2
2024-04-18,XLP,0.019588995343288618,0.002718767873302585,3,2024Q2
2024-04-18,XLRE,0.011358469883746336,0.008194177659120533,3,2024Q2
2024-04-18,XLU,0.03053778306255328,-0.005726792462738816,3,2024Q2
2024-04-18,XLV,0.0028159330869936827,-0.0030023537268484635,3,2024Q2
2024-04-18,XLY,0.010036721554221861,0.0008667303310718414,3,2024Q2
2024-04-19,XLB,-0.020161130970818952,-0.0033100674165301037,3,2024Q2
2024-04-19,XLC,-0.018402741532878908,0.00038999695333154444,3,2024Q2
2024-04-19,XLE,-0.018348271476378075,-0.011286960063439848,3,2024Q2
2024-04-19,XLF,-0.015559611591968503,0.0018060108823988602,3,2024Q2
2024-04-19,XLI,-0.00827729529842558,-0.005155347929699341,3,2024Q2
2024-04-19,XLK,0.011460073909145496,0.00905299734754015,3,2024Q2
2024-04-19,XLP,-0.011007411496103181,0.0004792108802634165,3,2024Q2
2024-04-19,XLRE,-0.01029110057373206,0.002840698233953167,3,2024Q2
2024-04-19,XLU,-0.01484062808839326,-0.012273884331586386,3,2024Q2
2024-04-19,XLV,-0.0191872932723558,-0.005735347167282924,3,2024Q2
2024-04-19,XLY,0.009771520457519944,0.0012562105394373722,3,2024Q2
2024-04-22,XLB,-0.006991418844187747,-0.0014087836031145744,3,2024Q2
2024-04-22,XLC,-0.025717975828715822,0.0013358806137626984,3,2024Q2
2024-04-22,XLE,-0.012322511025674387,-0.006551438422183113,3,2024Q2
2024-04-22,XLF,-0.023383048018022934,0.0012778079358333205,3,2024Q2
2024-04-22,XLI,-0.003390549226597983,-0.004070960255733889,3,2024Q2
2024-04-22,XLK,0.012461565864271273,0.01253459714963559,3,2024Q2
2024-04-22,XLP,-0.011643017761270524,0.0035064660556935407,3,2024Q2
2024-04-22,XLRE,-0.0013385322709111858,0.005531878699611753,3,2024Q2
2024-04-22,XLU,-0.004638278186958278,-0.0055411667879693115,3,2024Q2
2024-04-22,XLV,-0.0138805749573645,-0.005339425496551722,3,2024Q2
2024-04-22,XLY,0.03496497244368535,0.0005569252154547896,3,2024Q2
2024-04-23,XLB,0.011222642678736072,-0.00018505313284107155,3,2024Q2
2024-04-23,XLC,-0.029008879938903664,0.0011259760400238374,3,2024Q2
2024-04-23,XLE,-0.019791536659468534,-9.87077639659252e-05,3,2024Q2
2024-04-23,XLF,-0.011463143358243055,-0.0013824336327999912,3,2024Q2
2024-04-23,XLI,-0.005336473666211594,-0.005028159150739592,3,2024Q2
2024-04-23,XLK,0.002895381413885567,0.009601423184035174,3,2024Q2
2024-04-23,XLP,0.009115734241289974,0.0025069033490341206,3,2024Q2
2024-04-23,XLRE,-0.0012351659128561066,0.006357321398036943,3,2024Q2
2024-04-23,XLU,0.013287529541445187,-0.000998331296376654,3,2024Q2
2024-04-23,XLV,0.0003931581620260083,-0.004489250731599277,3,2024Q2
2024-04-23,XLY,0.02510891788903402,0.00023749552306692517,3,2024Q2
2024-04-24,XLB,0.018501598979324463,4.311391778853821e-05,3,2024Q2
2024-04-24,XLC,-0.017944783508739293,0.001724900173611654,3,2024Q2
2024-04-24,XLE,-0.03323606515952526,-0.004123069391500192,3,2024Q2
2024-04-24,XLF,-0.008470816581706453,-0.0008332753263239852,3,2024Q2
2024-04-24,XLI,0.002885782954324956,-0.0042363979908061145,3,2024Q2
2024-04-24,XLK,-0.009025845877075334,0.00893254163378693,3,2024Q2
2024-04-24,XLP,-0.001973049080306377,0.004005187100133703,3,2024Q2
2024-04-24,XLRE,-0.0017241341695949375,0.003667923103162033,3,2024Q2
2024-04-24,XLU,0.021548982650811066,-0.004442863346234983,3,2024Q2
2024-04-24,XLV,0.00802388439633217,-0.0025157717055642043,3,2024Q2
2024-04-24,XLY,0.011906156726432693,-0.00023720657876291585,3,2024Q2
2024-04-25,XLB,-0.006880163488188207,-0.0006974979220973952,3,2024Q2
2024-04-25,XLC,0.01502754743160084,0.0066213261662386785,3,2024Q2
2024-04-25,XLE,-0.04517807522801609,-0.005100142903744376,3,2024Q2
2024-04-25,XLF,-0.013332623221421369,-0.0011700384987511467,3,2024Q2
2024-04-25,XLI,-0.007468253754399301,-0.002056503056500173,3,2024Q2
2024-04-25,XLK,-0.005791444140948787,0.00866746531561885,3,2024Q2
2024-04-25,XLP,-0.004378782631882849,0.00436594531014058,3,2024Q2
2024-04-25,XLRE,0.005176320558919256,0.004072796805836491,3,2024Q2
2024-04-25,XLU,0.011137404372352444,-0.006200950709758967,3,2024Q2
2024-04-25,XLV,0.0009436364024733024,-0.001105232758794806,3,2024Q2
2024-04-25,XLY,0.010592834984163302,-0.0009959220997728959,3,2024Q2
2024-04-26,XLB,-0.005849808878506613,0.001680186324784848,3,2024Q2
2024-04-26,XLC,-0.00471323214961461,0.0032137529315185696,3,2024Q2
2024-04-26,XLE,-0.03907202338446791,0.002479622645435478,3,2024Q2
2024-04-26,XLF,-0.012575920463227419,-0.0002456112270097044,3,2024Q2
2024-04-26,XLI,-0.005064727890744747,-0.003373644846323231,3,2024Q2
2024-04-26,XLK,0.007650054074708645,0.005138376546834642,3,2024Q2
2024-04-26,XLP,-0.002125029451938154,0.005178348979306186,3,2024Q2
2024-04-26,XLRE,0.009397782101018715,0.003415584308322868,3,2024Q2
2024-04-26,XLU,0.02757829387926769,-0.0017366395540822782,3,2024Q2
2024-04-26,XLV,0.0002545459722727017,0.001470096166071186,3,2024Q2
2024-04-26,XLY,0.005407934527428049,-0.001440242756076679,3,2024Q2
2024-04-29,XLB,-0.014978779824637578,-0.0007580958335902927,3,2024Q2
2024-04-29,XLC,0.014011233660488509,0.005040240487748738,3,2024Q2
2024-04-29,XLE,-0.04482047168028758,-0.003162147748135733,3,2024Q2
2024-04-29,XLF,-0.00515770874499677,-0.0009197241827378294,3,2024Q2
2024-04-29,XLI,-0.008471011261199202,-0.005118759334993971,3,2024Q2
2024-04-29,XLK,0.008363907136541782,0.002772140260555239,3,2024Q2
2024-04-29,XLP,-0.011576338972183464,0.00136113211376036,3,2024Q2
2024-04-29,XLRE,-0.008423632861584762,0.0019309921471720626,3,2024Q2
2024-04-29,XLU,0.01212873187619512,-0.0018839838731139135,3,2024Q2
2024-04-29,XLV,-0.00585584835083508,-0.002767582513123693,3,2024Q2
2024-04-29,XLY,-0.013818759884458132,-0.004204532364763674,3,2024Q2
2024-04-30,XLB,-0.0018804244432708561,-0.004449586575696404,3,2024Q2
2024-04-30,XLC,0.015137379378636684,0.009842961540625299,3,2024Q2
2024-04-30,XLE,-0.033515205364174516,-0.004209991003959329,3,2024Q2
2024-04-30,XLF,-0.009139950493765259,-0.00020872115316707747,3,2024Q2
2024-04-30,XLI,-0.006912058793589582,-0.004207555518655978,3,2024Q2
2024-04-30,XLK,0.01050882069444481,0.0042815472955003275,3,2024Q2
2024-04-30,XLP,-0.01364411499996443,-0.0014833952470853392,3,2024Q2
2024-04-30,XLRE,0.003786882915745471,0.0004959925291328948,3,2024Q2
2024-04-30,XLU,0.011753444373466815,-0.00635749456642035,3,2024Q2
2024-04-30,XLV,-0.014238031987500621,-0.006755435066261089,3,2024Q2
2024-04-30,XLY,-0.013687480755799397,-0.00634871231424811,3,2024Q2
2024-05-01,XLB,-0.01536033542935944,0.0008957488603486553,3,2024Q2
2024-05-01,XLC,0.00044892983158151267,0.008532545709795846,3,2024Q2
2024-05-01,XLE,-0.02202979700583607,0.007571591734744993,3,2024Q2
2024-05-01,XLF,-0.00887943355409404,0.0003561067269784296,3,2024Q2
2024-05-01,XLI,-0.007835618845063008,-0.0022271380868123043,3,2024Q2
2024-05-01,XLK,0.02080665021152539,0.010319285799764906,3,2024Q2
2024-05-01,XLP,-0.013661772403146255,0.0017021211035887103,3,2024Q2
2024-05-01,XLRE,-0.009906095283150007,-0.0006147303794781836,3,2024Q2
2024-05-01,XLU,0.007226391681355304,-0.01488317317858058,3,2024Q2
2024-05-01,XLV,-0.02298635939903959,-0.007194916297895381,3,2024Q2
2024-05-01,XLY,-0.014575532859292917,-0.003698069275714053,3,2024Q2
2024-05-02,XLB,0.004998453010530923,0.002878867118534432,3,2024Q2
2024-05-02,XLC,-0.0010002137723430504,0.007558263262544136,3,2024Q2
2024-05-02,XLE,-0.010639609863579702,0.008425331159387501,3,2024Q2
2024-05-02,XLF,-7.233704464471025e-05,-0.0013318685772861789,3,2024Q2
2024-05-02,XLI,0.00012328891301027767,0.00044367232939725144,3,2024Q2
2024-05-02,XLK,0.009197468393366215,0.007758667882054853,3,2024Q2
2024-05-02,XLP,-0.009753698022611612,0.0007517966429308254,3,2024Q2
2024-05-02,XLRE,0.003236938171663928,0.0016896095871598298,3,2024Q2
2024-05-02,XLU,0.02114873773113435,-0.006818238732518722,3,2024Q2
2024-05-02,XLV,-0.009904385233074464,-0.005817932796531018,3,2024Q2
2024-05-02,XLY,-0.016737131474120037,-0.004323023534847195,3,2024Q2
2024-05-03,XLB,0.007123162126624116,0.0013513092734604867,3,2024Q2
2024-05-03,XLC,0.0010200467606755748,0.007852185167590087,3,2024Q2
2024-05-03,XLE,-0.00506692406050413,0.007864006148961038,3,2024Q2
2024-05-03,XLF,0.012887722717946026,-0.0009410984896493239,3,2024Q2
2024-05-03,XLI,0.0050246137817751,0.00027858894304245963,3,2024Q2
2024-05-03,XLK,-0.0039164580098340895,0.003436382339470479,3,2024Q2
2024-05-03,XLP,0.004252698372282593,0.0016541573427284512,3,2024Q2
2024-05-03,XLRE,0.002661571092637427,0.0029395803593317295,3,2024Q2
2024-05-03,XLU,0.023128508175758178,-0.010393211805541154,3,2024Q2
2024-05-03,XLV,0.000919851773510727,-0.004597647044582563,3,2024Q2
2024-05-03,XLY,-0.017610289514925492,-0.003229963781476405,3,2024Q2
2024-05-06,XLB,0.01058366180011494,0.0015232327324180106,3,2024Q2
2024-05-06,XLC,-0.0042195300865837115,0.005766558943980866,3,2024Q2
2024-05-06,XLE,-0.005400500095640748,0.005903864367287538,3,2024Q2
2024-05-06,XLF,0.005964145161417855,-0.0005960184147879636,3,2024Q2
2024-05-06,XLI,0.0007912351246890381,0.0013277327295264292,3,2024Q2
2024-05-06,XLK,-0.000691622168066619,0.0027337005152983313,3,2024Q2
2024-05-06,XLP,0.011092632518709511,0.002014840008311443,3,2024Q2
2024-05-06,XLRE,0.015362943350897051,0.003652734930113632,3,2024Q2
2024-05-06,XLU,0.028102209361177133,-0.006372768612444306,3,2024Q2
2024-05-06,XLV,0.0060963064522625565,-0.0041013820088396736,3,2024Q2
2024-05-06,XLY,-0.019190738249251993,-0.002889812037870674,3,2024Q2
2024-05-07,XLB,-0.0039020125451720844,0.00219841635251111,3,2024Q2
2024-05-07,XLC,-0.004294024575124622,0.005141272498198783,3,2024Q2
2024-05-07,XLE,-0.006654721340724423,0.004836941825947615,3,2024Q2
2024-05-07,XLF,0.004103862190848462,-0.002143139382603117,3,2024Q2
2024-05-07,XLI,-0.0057194685831925,-0.0020224777762472487,3,2024Q2
2024-05-07,XLK,0.008062874229808115,0.005391759828808925,3,2024Q2
2024-05-07,XLP,-0.005397010039809302,0.002518055793905974,3,2024Q2
2024-05-07,XLRE,0.008398326634999176,0.0036585920718067723,3,2024Q2
2024-05-07,XLU,0.015698340607862127,-0.006836419333515668,3,2024Q2
2024-05-07,XLV,-0.0014606614971537368,-0.005461431744830264,3,2024Q2
2024-05-07,XLY,-0.011015409897926043,-0.0010038596074847994,3,2024Q2
2024-05-08,XLB,-0.009903049473049208,0.0016827817488541553,3,2024Q2
2024-05-08,XLC,-0.008714239065886309,0.005936291651276309,3,2024Q2
2024-05-08,XLE,-0.015642762512261044,0.0037733866167956624,3,2024Q2
2024-05-08,XLF,-0.00451716598432883,-0.0020148306431683593,3,2024Q2
2024-05-08,XLI,-0.01155659499973516,-0.0013745408484001414,3,2024Q2
2024-05-08,XLK,0.015639340561139248,0.0015755152401469943,3,2024Q2
2024-05-08,XLP,-0.014149671259747754,0.0024937237740160524,3,2024Q2
2024-05-08,XLRE,0.023134660060703638,0.002688118944710663,3,2024Q2
2024-05-08,XLU,0.007818577413821304,-0.013213758850822875,3,2024Q2
2024-05-08,XLV,0.004654663001329773,-0.005216486470499852,3,2024Q2
2024-05-08,XLY,-0.018158097397528383,-0.0019322915547442632,3,2024Q2
2024-05-09,XLB,-0.020303821838587366,0.00019171357857718544,3,2024Q2
2024-05-09,XLC,-0.00658374207607082,0.006776548893535269,3,2024Q2
2024-05-09,XLE,-0.02379844451610602,0.004099315251712259,3,2024Q2
2024-05-09,XLF,-0.004140239748004371,-0.0020808844687480415,3,2024Q2
2024-05-09,XLI,-0.01956422758230192,-0.0008101689541656819,3,2024Q2
2024-05-09,XLK,0.02029424264546975,0.0029305403316056923,3,2024Q2
2024-05-09,XLP,-0.0005720566874898303,0.0018811617869762159,3,2024Q2
2024-05-09,XLRE,0.004964612891452447,-0.005811380157435882,3,2024Q2
2024-05-09,XLU,-0.0032029219663956,-0.012711744231470057,3,2024Q2
2024-05-09,XLV,0.0026716814532192767,-0.004958746536566265,3,2024Q2
2024-05-09,XLY,-0.023471855287341525,-0.0001822122327958212,3,2024Q2
2024-05-10,XLB,-0.013155552863278741,0.0005874531349119267,3,2024Q2
2024-05-10,XLC,-0.00650531289289491,0.006286488669250934,3,2024Q2
2024-05-10,XLE,-0.004487931811639978,0.003613381055611372,3,2024Q2
2024-05-10,XLF,-0.0007528387499895484,-0.0016109215339653908,3,2024Q2
2024-05-10,XLI,-0.019315838817097752,-0.0007613327769606574,3,2024Q2
2024-05-10,XLK,0.014022675117134176,0.00234135387044685,3,2024Q2
2024-05-10,XLP,-0.008929854674928128,0.0018953996252207741,3,2024Q2
2024-05-10,XLRE,0.008594639737354859,-0.004908962150855685,3,2024Q2
2024-05-10,XLU,-0.0015176588116547762,-0.01218463254000855,3,2024Q2
2024-05-10,XLV,0.0024118349130384242,-0.004745884785092309,3,2024Q2
2024-05-10,XLY,-0.013162094523505585,-0.00018611364376205377,3,2024Q2
2024-05-13,XLB,-0.012117604390616599,0.0012859454179844176,3,2024Q2
2024-05-13,XLC,-0.0027442482759529874,0.005837886874011449,3,2024Q2
2024-05-13,XLE,-0.009444020910863271,0.0023233211702279113,3,2024Q2
2024-05-13,XLF,-0.011564454217379838,-0.0018050343245336275,3,2024Q2
2024-05-13,XLI,-0.014209441538403755,-0.0007469051625122099,3,2024Q2
2024-05-13,XLK,0.0202051536402299,0.0018032713037846747,3,2024Q2
2024-05-13,XLP,-0.014077042277981233,0.0005103727114039844,3,2024Q2
2024-05-13,XLRE,-0.001474673141777183,-0.0067804960493888875,3,2024Q2
2024-05-13,XLU,-0.004235822677444601,-0.00996672321602795,3,2024Q2
2024-05-13,XLV,0.00021081428009361858,-0.004300157391008447,3,2024Q2
2024-05-13,XLY,-0.020376456143085142,0.0005538939441351825,3,2024Q2
2024-05-14,XLB,-0.010939427011694036,0.0026621197658407095,3,2024Q2
2024-05-14,XLC,-0.006500901427219485,0.005255577051223539,3,2024Q2
2024-05-14,XLE,-0.01348123037427107,0.0030280298858401996,3,2024Q2
2024-05-14,XLF,-0.007998385801994967,-0.0009920792097144317,3,2024Q2
2024-05-14,XLI,-0.015082561826066598,0.00012027369301349767,3,2024Q2
2024-05-14,XLK,0.014932774358367151,0.0011651471819503114,3,2024Q2
2024-05-14,XLP,-0.004010669160178004,0.0010237822166087064,3,2024Q2
2024-05-14,XLRE,-0.007282820661921541,-0.00915741403321036,3,2024Q2
2024-05-14,XLU,0.004329063299287617,-0.010300694533694001,3,2024Q2
2024-05-14,XLV,-0.00020025575368198822,-0.001855951655065596,3,2024Q2
2024-05-14,XLY,-0.016353676456402177,0.0009884991563079738,3,2024Q2
2024-05-15,XLB,-0.007157293065833681,0.003680452490790791,3,2024Q2
2024-05-15,XLC,0.0036618310643332652,0.005936140595153457,3,2024Q2
2024-05-15,XLE,-0.019581121424665282,0.0037982885175436706,3,2024Q2
2024-05-15,XLF,-0.005784279225489408,0.0003117427600608253,3,2024Q2
2024-05-15,XLI,-0.005096760885454743,0.0022840756285305666,3,2024Q2
2024-05-15,XLK,0.009810329458306066,0.003591228941605867,3,2024Q2
2024-05-15,XLP,0.0066326587174239116,0.0031318803481047777,3,2024Q2
2024-05-15,XLRE,-0.01734907877299363,-0.00942690769165052,3,2024Q2
2024-05-15,XLU,-0.007263825924074263,-0.011593292801872643,3,2024Q2
2024-05-15,XLV,0.002026004238188772,-0.0011293436440622984,3,2024Q2
2024-05-15,XLY,-0.012947130964156117,0.0031146373827539045,3,2024Q2
2024-05-16,XLB,-0.0035919025421666806,0.0039764466476686355,3,2024Q2
2024-05-16,XLC,-0.0017478976998273055,0.005792677427613267,3,2024Q2
2024-05-16,XLE,-0.020570409870928175,0.005271254758282011,3,2024Q2
2024-05-16,XLF,-0.014276786604814795,0.0005006976764869724,3,2024Q2
2024-05-16,XLI,-0.005699780979112723,0.002558710182802817,3,2024Q2
2024-05-16,XLK,0.010345297739446924,0.004157620662194404,3,2024Q2
2024-05-16,XLP,-0.013968946541335625,0.0059085822901891434,3,2024Q2
2024-05-16,XLRE,-0.031214002458439194,-0.0066132914646015745,3,2024Q2
2024-05-16,XLU,-0.015450571288633475,-0.0071568875611519745,3,2024Q2
2024-05-16,XLV,-0.0025059503999221855,-0.0014938506620273526,3,2024Q2
2024-05-16,XLY,-0.01733474671145152,0.003700462921664971,3,2024Q2
2024-05-17,XLB,-0.00855409131405993,0.006154866032332228,3,2024Q2
2024-05-17,XLC,0.004134612013350636,0.00639167643093676,3,2024Q2
2024-05-17,XLE,-0.037786504219102235,0.003332189713706393,3,2024Q2
2024-05-17,XLF,-0.020691867947085996,0.0014223982907065763,3,2024Q2
2024-05-17,XLI,-0.006922786455901164,0.0031479859825259697,3,2024Q2
2024-05-17,XLK,0.015928622205178766,0.0031783916674138464,3,2024Q2
2024-05-17,XLP,-0.014173670971566077,0.00798940267020635,3,2024Q2
2024-05-17,XLRE,-0.03635882145353819,-0.005067809760885401,3,2024Q2
2024-05-17,XLU,-0.011592945485992656,-0.007913015642881849,3,2024Q2
2024-05-17,XLV,-0.012898889797334556,9.544471588952071e-05,3,2024Q2
2024-05-17,XLY,-0.017664380522216305,0.0037442925893765105,3,2024Q2
2024-05-20,XLB,-0.01329081735248916,0.005483615337189615,3,2024Q2
2024-05-20,XLC,0.003368446167866468,0.005468121339516658,3,2024Q2
2024-05-20,XLE,-0.021046269208878643,0.002965848366248625,3,2024Q2
2024-05-20,XLF,-0.017662452154788566,3.6582928343764556e-06,3,2024Q2
2024-05-20,XLI,-0.020472848391946186,0.0024195859152508136,3,2024Q2
2024-05-20,XLK,0.008824031448969594,0.0050851824358952415,3,2024Q2
2024-05-20,XLP,-0.0145920864508704,0.005103050915006784,3,2024Q2
2024-05-20,XLRE,-0.03561350585166623,-0.00357255360036883,3,2024Q2
2024-05-20,XLU,-0.010467153397399342,-0.007944782521275706,3,2024Q2
2024-05-20,XLV,-0.022336574458616587,0.0015047362496880107,3,2024Q2
2024-05-20,XLY,-0.01227008161531462,0.004506338444712151,3,2024Q2
2024-05-21,XLB,-0.01795089490412327,0.003286390661788711,3,2024Q2
2024-05-21,XLC,0.008811382026478576,0.005294737367788826,3,2024Q2
2024-05-21,XLE,-0.024186940550937397,0.003126764542979031,3,2024Q2
2024-05-21,XLF,-0.02234364231582886,7.073217084194216e-05,3,2024Q2
2024-05-21,XLI,-0.021740374669113605,0.0019084717671919906,3,2024Q2
2024-05-21,XLK,0.010225223852805887,0.0033783735102879413,3,2024Q2
2024-05-21,XLP,-0.018003087489241953,0.00708398178850014,3,2024Q2
2024-05-21,XLRE,-0.03452799715924759,-0.004952227489379804,3,2024Q2
2024-05-21,XLU,-0.02248731483929811,-0.004026694199071646,3,2024Q2
2024-05-21,XLV,-0.022169249299330618,0.002101402147034935,3,2024Q2
2024-05-21,XLY,-0.015589641367193319,0.0035520509445070765,3,2024Q2
2024-05-22,XLB,0.0033402976207052015,0.0040305970217215615,3,2024Q2
2024-05-22,XLC,0.00807413942974311,0.006241508400530223,3,2024Q2
2024-05-22,XLE,0.0012464737759187994,0.0001544422830429804,3,2024Q2
2024-05-22,XLF,-0.007832215029859313,0.0002978641680250291,3,2024Q2
2024-05-22,XLI,-0.012548073349295752,0.0014775741418873358,3,2024Q2
2024-05-22,XLK,-0.011054590239374384,0.003397967609887754,3,2024Q2
2024-05-22,XLP,-0.007832766539174751,0.004759843287884715,3,2024Q2
2024-05-22,XLRE,-0.008647620685737767,-0.002961124403160909,3,2024Q2
2024-05-22,XLU,0.005989184358518251,-0.004449404961123988,3,2024Q2
2024-05-22,XLV,-0.01968129416228015,0.00041374308562558177,3,2024Q2
2024-05-22,XLY,0.004229899502769308,0.004620111730679621,3,2024Q2
2024-05-23,XLB,0.007918724041221514,0.004047467457251602,3,2024Q2
2024-05-23,XLC,0.01392480437654986,0.0032885612586034322,3,2024Q2
2024-05-23,XLE,0.01880099399627322,0.0024998186398805565,3,2024Q2
2024-05-23,XLF,0.004089013689695387,0.0008157255971522478,3,2024Q2
2024-05-23,XLI,-0.005265000228743655,0.0020084618685537623,3,2024Q2
2024-05-23,XLK,-0.01781741656853897,0.0027434434238701177,3,2024Q2
2024-05-23,XLP,0.00304090428588788,0.005086623833587998,3,2024Q2
2024-05-23,XLRE,0.016060820970397627,0.0020166218933270114,3,2024Q2
2024-05-23,XLU,0.02458292558700892,-0.006225650241664615,3,2024Q2
2024-05-23,XLV,-0.011030822580319288,-0.0007364282215489092,3,2024Q2
2024-05-23,XLY,0.009863062562348368,0.005086174942122166,3,2024Q2
2024-05-24,XLB,-0.000952299862551742,0.00225186625824971,3,2024Q2
2024-05-24,XLC,0.010813103831569082,0.0027037610695340992,3,2024Q2
2024-05-24,XLE,-0.003578539338043085,0.0023203758661561784,3,2024Q2
2024-05-24,XLF,-0.002429904851922071,-0.0004002990074561334,3,2024Q2
2024-05-24,XLI,-0.016667773897774296,0.0018806319556900152,3,2024Q2
2024-05-24,XLK,-0.017814139833077447,0.003052050585764421,3,2024Q2
2024-05-24,XLP,0.0058213479803346235,0.0041952879208263525,3,2024Q2
2024-05-24,XLRE,0.017823181514210473,0.0018355744710987485,3,2024Q2
2024-05-24,XLU,0.008552158026319479,-0.005115708732285054,3,2024Q2
2024-05-24,XLV,0.005105644700288403,-0.0013765813602269967,3,2024Q2
2024-05-24,XLY,0.005091460127886638,0.0037083826322957965,3,2024Q2
2024-05-28,XLB,-0.008637231532589995,0.002908906660599008,3,2024Q2
2024-05-28,XLC,0.012549023057105702,0.003213879253573628,3,2024Q2
2024-05-28,XLE,-0.02353580515476017,0.0027410632538623415,3,2024Q2
2024-05-28,XLF,0.0036522595745653863,-0.00023553116399296242,3,2024Q2
2024-05-28,XLI,-0.007406014809149375,0.0020716172099743656,3,2024Q2
2024-05-28,XLK,-0.020318405642192783,0.0037331044829260985,3,2024Q2
2024-05-28,XLP,0.022026611340383084,0.00487635246002121,3,2024Q2
2024-05-28,XLRE,0.033113817746421415,0.005352745891664172,3,2024Q2
2024-05-28,XLU,0.00870008571403269,-0.005352257414948769,3,2024Q2
2024-05-28,XLV,0.019922793901629765,0.0021241822414305284,3,2024Q2
2024-05-28,XLY,0.008162474400129183,0.003968628525971246,3,2024Q2
2024-05-29,XLB,-0.006368822676443342,0.0023585054444879485,3,2024Q2
2024-05-29,XLC,0.011296528128256877,0.003682160599655536,3,2024Q2
2024-05-29,XLE,-0.02511191079299724,-0.00025529023971244133,3,2024Q2
2024-05-29,XLF,-0.004285759121062993,-0.0003230006103908258,3,2024Q2
2024-05-29,XLI,-0.002015751375555652,0.0013830006155118395,3,2024Q2
2024-05-29,XLK,-0.01121353663631508,0.005464518708274198,3,2024Q2
2024-05-29,XLP,0.008200117150072517,-0.0009976184419970328,3,2024Q2
2024-05-29,XLRE,0.02259014722409236,0.004232460968563046,3,2024Q2
2024-05-29,XLU,-0.00295823641969184,-0.002912098828551036,3,2024Q2
2024-05-29,XLV,0.013591643639164763,0.0020436096154925784,3,2024Q2
2024-05-29,XLY,0.001760447697559231,0.0023087314736670054,3,2024Q2
2024-05-30,XLB,-0.020182512634484562,0.003234706792710164,3,2024Q2
2024-05-30,XLC,0.008503711730678543,0.006040463817247821,3,2024Q2
2024-05-30,XLE,-0.029545140928657565,0.0002825617586053493,3,2024Q2
2024-05-30,XLF,-0.016965728844945405,-0.001132899494338599,3,2024Q2
2024-05-30,XLI,-0.021664246721305513,0.0009221435362138236,3,2024Q2
2024-05-30,XLK,0.0020582229682692965,0.0007264812910246202,3,2024Q2
2024-05-30,XLP,0.0018934083099721999,-0.0014303477660074259,3,2024Q2
2024-05-30,XLRE,0.002673020415113303,-0.0026960458513847685,3,2024Q2
2024-05-30,XLU,-0.03355272881057447,-0.005980287354513144,3,2024Q2
2024-05-30,XLV,0.009704073824311044,0.0015166630428762391,3,2024Q2
2024-05-30,XLY,-0.0036276650825717294,4.0596624578662826e-05,3,2024Q2
2024-05-31,XLB,-0.03160094126940616,0.00201131034606269,3,2024Q2
2024-05-31,XLC,0.0011012683367974674,0.005093113933621298,3,2024Q2
2024-05-31,XLE,-0.047032840752162186,0.004825924248400568,3,2024Q2
2024-05-31,XLF,-0.016433239840196623,-0.0010755937574178874,3,2024Q2
2024-05-31,XLI,-0.022144662943064053,0.0025142169922403364,3,2024Q2
2024-05-31,XLK,0.0132942593032217,0.0029063965102180287,3,2024Q2
2024-05-31,XLP,-0.008453206319286366,-0.0004669575124934286,3,2024Q2
2024-05-31,XLRE,-0.014693277381174097,-0.0036220777090178917,3,2024Q2
2024-05-31,XLU,-0.05081960354861348,-0.005994599405767709,3,2024Q2
2024-05-31,XLV,0.0064071316510025955,0.0017535780585582945,3,2024Q2
2024-05-31,XLY,-0.0029868709089801992,0.001221103491793581,3,2024Q2
2024-06-03,XLB,-0.029069386677081255,0.0005684140533915549,3,2024Q2
2024-06-03,XLC,-0.002689587990172715,0.0030822722081382953,3,2024Q2
2024-06-03,XLE,-0.015883630814255034,0.00043361201382890796,3,2024Q2
2024-06-03,XLF,-0.016341980380913168,-0.003491150483254133,3,2024Q2
2024-06-03,XLI,-0.00907233241602956,0.00039796072572799944,3,2024Q2
2024-06-03,XLK,0.011022846656012497,0.0010270428476926825,3,2024Q2
2024-06-03,XLP,-0.011140872740166285,-0.002636549491717985,3,2024Q2
2024-06-03,XLRE,-0.008031846235831308,-0.0047363075140298035,3,2024Q2
2024-06-03,XLU,-0.02949765206421684,-0.0057760318793870485,3,2024Q2
2024-06-03,XLV,0.0007254372329348335,-0.0032688908812162267,3,2024Q2
2024-06-03,XLY,-0.001588235145846495,-0.0012023335209047433,3,2024Q2
2024-06-04,XLB,-0.019645365235079648,-0.0034788171428136692,3,2024Q2
2024-06-04,XLC,-0.00595107879703094,-0.002084412799311371,3,2024Q2
2024-06-04,XLE,-0.009525330402553323,-0.0019533412279371435,3,2024Q2
2024-06-04,XLF,-0.024454585875462453,-0.0069907379884560136,3,2024Q2
2024-06-04,XLI,-0.013652907858903829,-0.003960638763011528,3,2024Q2
2024-06-04,XLK,0.026617066428610503,-0.0009131402434928606,3,2024Q2
2024-06-04,XLP,-0.021586151597738357,-0.006498726595130717,3,2024Q2
2024-06-04,XLRE,-0.02195028587319081,-0.011586435365811734,3,2024Q2
2024-06-04,XLU,-0.03637827931865589,-0.006976243707900228,3,2024Q2
2024-06-04,XLV,-0.007724994987203582,-0.006863542453713912,3,2024Q2
2024-06-04,XLY,-0.006601700028523005,-0.005095182069491506,3,2024Q2
2024-06-05,XLB,-0.02090091179180864,-0.00018745994294663062,3,2024Q2
2024-06-05,XLC,-0.016515687653192,0.00035856588252531827,3,2024Q2
2024-06-05,XLE,-0.01651773127444489,0.0008197145859546915,3,2024Q2
2024-06-05,XLF,-0.02461599769535494,-0.0034547363319237393,3,2024Q2
2024-06-05,XLI,-0.01056006022585887,-0.0011627475669295207,3,2024Q2
2024-06-05,XLK,0.03020839501954553,0.0020174261935360185,3,2024Q2
2024-06-05,XLP,-0.026649391206060913,-0.003149505414965917,3,2024Q2
2024-06-05,XLRE,-0.009895274882270266,-0.006177331870979224,3,2024Q2
2024-06-05,XLU,-0.03350609270993943,-0.0046803764037198214,3,2024Q2
2024-06-05,XLV,-0.01072900375692143,-0.0030277785644611307,3,2024Q2
2024-06-05,XLY,0.0016603929174949794,-0.002483896201328833,3,2024Q2
2024-06-06,XLB,-0.024382576015810287,-0.0004836316443005354,3,2024Q2
2024-06-06,XLC,-0.027749578771241734,0.00132360288818536,3,2024Q2
2024-06-06,XLE,-0.03283232033366257,0.001078940988864799,3,2024Q2
2024-06-06,XLF,-0.026921666104656627,-0.003417546087538398,3,2024Q2
2024-06-06,XLI,-0.013097012017304399,-0.0007732809216857533,3,2024Q2
2024-06-06,XLK,0.03991627834130784,0.0022766150227802383,3,2024Q2
2024-06-06,XLP,-0.03045725886901185,-0.0033315329222378945,3,2024Q2
2024-06-06,XLRE,-0.00856007765866651,-0.007751269739678119,3,2024Q2
2024-06-06,XLU,-0.02305536985657819,-0.0024006275035071073,3,2024Q2
2024-06-06,XLV,-0.016894475556079924,-0.0042751674777385534,3,2024Q2
2024-06-06,XLY,-0.006946261381663321,-0.003598825680328525,3,2024Q2
2024-06-07,XLB,-0.025443962543188148,-0.0010331699614703847,3,2024Q2
2024-06-07,XLC,-0.019621965561288923,0.00337335626132596,3,2024Q2
2024-06-07,XLE,-0.038091987770180746,0.0031130669078492275,3,2024Q2
2024-06-07,XLF,-0.03643255663013023,-0.004141399219852094,3,2024Q2
2024-06-07,XLI,-0.026068952830205938,-0.001457178196282188,3,2024Q2
2024-06-07,XLK,0.03956038898328651,0.0019138754658654946,3,2024Q2
2024-06-07,XLP,-0.02556532908658371,-0.003639727066379189,3,2024Q2
2024-06-07,XLRE,-0.0016744277820242015,-0.005845349702978205,3,2024Q2
2024-06-07,XLU,-0.01642291342858737,-0.004374658942102334,3,2024Q2
2024-06-07,XLV,-0.020178974345066325,-0.005114822720724818,3,2024Q2
2024-06-07,XLY,-0.012651664976487842,-0.001860681564867481,3,2024Q2
2024-06-10,XLB,-0.02202572714659412,-5.350156533480671e-05,3,2024Q2
2024-06-10,XLC,-0.02230234554009658,0.0044257265918773835,3,2024Q2
2024-06-10,XLE,-0.04782644591320451,0.0017555736201059114,3,2024Q2
2024-06-10,XLF,-0.028859250961051464,-0.004063129834894581,3,2024Q2
2024-06-10,XLI,-0.02314967574443838,-0.0015807105757977033,3,2024Q2
2024-06-10,XLK,0.04790062927163086,0.0034869423204017948,3,2024Q2
2024-06-10,XLP,-0.0203259029904721,-0.003326306303077166,3,2024Q2
2024-06-10,XLRE,-0.016901904200785856,-0.005944040509209004,3,2024Q2
2024-06-10,XLU,-0.04493108266064527,-0.0024323482365892573,3,2024Q2
2024-06-10,XLV,-0.029793926831511497,-0.004745888084408595,3,2024Q2
2024-06-10,XLY,-0.0032341803177529105,-0.0012436856956617728,3,2024Q2
2024-06-11,XLB,-0.022941519241180375,0.00216200569686135,3,2024Q2
2024-06-11,XLC,-0.030221262371257107,0.0015181013617702934,3,2024Q2
2024-06-11,XLE,-0.04193600699242128,0.003189279457842326,3,2024Q2
2024-06-11,XLF,-0.01121024126136061,-0.004137646062503478,3,2024Q2
2024-06-11,XLI,-0.01214826257450019,-0.00045070358656938583,3,2024Q2
2024-06-11,XLK,0.029559701226054003,0.0036354622632644223,3,2024Q2
2024-06-11,XLP,-0.018655245342380278,-0.002761147687433378,3,2024Q2
2024-06-11,XLRE,-0.009924987190081058,-0.006175185728107657,3,2024Q2
2024-06-11,XLU,-0.03867681794971001,-0.004122714798955334,3,2024Q2
2024-06-11,XLV,-0.02449804487967533,-0.0029345046230045,3,2024Q2
2024-06-11,XLY,-0.004108770710388843,-0.0008525899634151065,3,2024Q2
2024-06-12,XLB,-0.012755694868805123,0.0015503329903058033,3,2024Q2
2024-06-12,XLC,-0.012782551667041009,0.00033672771642683695,3,2024Q2
2024-06-12,XLE,-0.002040189913913526,0.0036932565330440514,3,2024Q2
2024-06-12,XLF,0.006244376700614174,-0.002965792085044476,3,2024Q2
2024-06-12,XLI,-0.009931074392981909,-0.001104485451765956,3,2024Q2
2024-06-12,XLK,0.006334371319883125,0.005856062190424616,3,2024Q2
2024-06-12,XLP,0.0013142930225873428,-0.002739255315670596,3,2024Q2
2024-06-12,XLRE,-0.008591006834995474,-0.00793608785460669,3,2024Q2
2024-06-12,XLU,-0.012562594848882558,-0.007161537211943979,3,2024Q2
2024-06-12,XLV,-0.008021766424216592,-0.003089296345139551,3,2024Q2
2024-06-12,XLY,-0.0022338064673843583,-0.0049793977826536676,3,2024Q2
2024-06-13,XLB,-0.005690470010279225,-0.0017387213053742037,3,2024Q2
2024-06-13,XLC,0.009081022171602005,-8.670873699970943e-05,3,2024Q2
2024-06-13,XLE,0.008040069986032572,0.002616176173185385,3,2024Q2
2024-06-13,XLF,0.009689418402177186,-0.005021164881771989,3,2024Q2
2024-06-13,XLI,0.0010234641601660766,-0.0016508334525089296,3,2024Q2
2024-06-13,XLK,0.003212378817107009,0.0026488313457445024,3,2024Q2
2024-06-13,XLP,0.007398873763549529,-0.004629500347206735,3,2024Q2
2024-06-13,XLRE,-0.004317065550358823,-0.011255832615392957,3,2024Q2
2024-06-13,XLU,-0.014067161410852513,-0.009862043053128653,3,2024Q2
2024-06-13,XLV,0.002232703463605379,-0.005006194254180548,3,2024Q2
2024-06-13,XLY,0.012113402451736643,-0.006145841727597776,3,2024Q2
2024-06-14,XLB,0.009176863934445834,-0.0017650452524410592,3,2024Q2
2024-06-14,XLC,0.010414833396823697,-0.0010713068231940526,3,2024Q2
2024-06-14,XLE,0.03687514856752627,0.0020163610799356774,3,2024Q2
2024-06-14,XLF,0.02319792592524106,-0.004236599410411953,3,2024Q2
2024-06-14,XLI,0.01592181684553684,-0.0022043084017782594,3,2024Q2
2024-06-14,XLK,-0.022985996976051637,0.0027958135288816298,3,2024Q2
2024-06-14,XLP,0.012549328211193478,-0.0062396997546448375,3,2024Q2
2024-06-14,XLRE,-0.004597989718836293,-0.011446611070975613,3,2024Q2
2024-06-14,XLU,-0.0027858992547323824,-0.011374263637486105,3,2024Q2
2024-06-14,XLV,0.008368183303712806,-0.006417404627471687,3,2024Q2
2024-06-14,XLY,0.017513272992803364,-0.006026014435350438,3,2024Q2
2024-06-17,XLB,-0.0068950266428535745,4.99392613701209e-05,3,2024Q2
2024-06-17,XLC,0.020947919731547415,-0.0003411387752731999,3,2024Q2
2024-06-17,XLE,0.04062813499656692,0.00338886993813661,3,2024Q2
2024-06-17,XLF,0.010732910122495998,-0.0034146892902497516,3,2024Q2
2024-06-17,XLI,0.0003121021416943037,-0.0005553670116502999,3,2024Q2
2024-06-17,XLK,-0.015840465720034724,0.0027373862701121484,3,2024Q2
2024-06-17,XLP,0.0006733519177325453,-0.00474456405200497,3,2024Q2
2024-06-17,XLRE,-0.009417247014033014,-0.010254580119055291,3,2024Q2
2024-06-17,XLU,0.0028480079503405697,-0.009915712041358283,3,2024Q2
2024-06-17,XLV,0.010324954634069128,-0.00455732318586757,3,2024Q2
2024-06-17,XLY,1.600777366173034e-05,-0.006219558156845641,3,2024Q2
2024-06-18,XLB,-0.005176685194883901,-0.0002175191136953955,3,2024Q2
2024-06-18,XLC,0.028401085765639822,0.0008083139112390286,3,2024Q2
2024-06-18,XLE,0.027432195615096466,0.004617651726435573,3,2024Q2
2024-06-18,XLF,-0.0006245708667931282,-0.004392115386052723,3,2024Q2
2024-06-18,XLI,-0.00642236267796592,-0.0007424969351358699,3,2024Q2
2024-06-18,XLK,-0.01690820085095679,0.00314067311036639,3,2024Q2
2024-06-18,XLP,-0.0013809928837985597,-0.003523242145119102,3,2024Q2
2024-06-18,XLRE,-0.013277920568846469,-0.00928030951522115,3,2024Q2
2024-06-18,XLU,-0.0004917573491572957,-0.00900124713952584,3,2024Q2
2024-06-18,XLV,0.006735181475505669,-0.0039055214037304583,3,2024Q2
2024-06-18,XLY,0.01914611998347726,-0.005310639389515587,3,2024Q2
2024-06-20,XLB,-0.013240765764433449,-0.0017478130698813594,3,2024Q2
2024-06-20,XLC,0.02556221192067043,-0.0003054970348913857,3,2024Q2
2024-06-20,XLE,0.007023011809584423,-0.0016567316351516442,3,2024Q2
2024-06-20,XLF,-0.011381403769900378,-0.006584190298503244,3,2024Q2
2024-06-20,XLI,-0.010290282242995996,-0.002763663956267643,3,2024Q2
2024-06-20,XLK,-0.00959954160733223,0.0011102836207391815,3,2024Q2
2024-06-20,XLP,-0.007738870134670006,-0.004772852360704508,3,2024Q2
2024-06-20,XLRE,-0.006143729642857476,-0.010511231433866754,3,2024Q2
2024-06-20,XLU,-0.011598979586491587,-0.010981439590713436,3,2024Q2
2024-06-20,XLV,-0.002468481833348357,-0.005034632369508303,3,2024Q2
2024-06-20,XLY,0.01976229561489462,-0.005933756564458791,3,2024Q2
2024-06-21,XLB,-0.014304537349740132,-0.0016582164412210425,3,2024Q2
2024-06-21,XLC,0.00900916063083812,-0.00039605660552386113,3,2024Q2
2024-06-21,XLE,0.01613147472704124,-0.0011365129603246758,3,2024Q2
2024-06-21,XLF,-0.004790420986985566,-0.006494032467802776,3,2024Q2
2024-06-21,XLI,-0.00841268227118952,-0.002868442134635937,3,2024Q2
2024-06-21,XLK,-0.009011651686768651,0.001020732717976978,3,2024Q2
2024-06-21,XLP,-0.013501143524665249,-0.0045303189270555835,3,2024Q2
2024-06-21,XLRE,-0.0012865378859576726,-0.012594475195125843,3,2024Q2
2024-06-21,XLU,-0.017481534139319632,-0.010940683741854336,3,2024Q2
2024-06-21,XLV,-0.0066876276733289775,-0.005224552829955615,3,2024Q2
2024-06-21,XLY,-0.00061740285260381,-0.007205199572740486,3,2024Q2
2024-06-24,XLB,-0.0364198648147509,-0.0005817201744692383,3,2024Q2
2024-06-24,XLC,-0.0012610956605807466,-0.0014791052694975416,3,2024Q2
2024-06-24,XLE,-0.005666931614594084,-0.0035770742480673054,3,2024Q2
2024-06-24,XLF,-0.014167761572918214,-0.006941791131878978,3,2024Q2
2024-06-24,XLI,-0.025185404638254694,-0.0039488668010585325,3,2024Q2
2024-06-24,XLK,0.020027404632981582,0.0013202195301961098,3,2024Q2
2024-06-24,XLP,-0.02879256107693573,-0.006952155866659678,3,2024Q2
2024-06-24,XLRE,-0.01287394940703368,-0.013912810882498395,3,2024Q2
2024-06-24,XLU,-0.03447218221737136,-0.00945478571949219,3,2024Q2
2024-06-24,XLV,-0.019475394229284015,-0.006553173044573885,3,2024Q2
2024-06-24,XLY,0.003917605449493156,-0.006342219660668389,3,2024Q2
2024-06-25,XLB,-0.02504380431555775,-0.0012707454925174728,3,2024Q2
2024-06-25,XLC,-0.006392304063079557,-0.0004037923659577299,3,2024Q2
2024-06-25,XLE,-0.011606974176782914,-0.0022471273572710177,3,2024Q2
2024-06-25,XLF,0.002017804572281845,-0.005740819145830355,3,2024Q2
2024-06-25,XLI,-0.014228420153871824,-0.002207996464049461,3,2024Q2
2024-06-25,XLK,0.003718610568482994,0.0008361654548250253,3,2024Q2
2024-06-25,XLP,-0.018523429108441736,-0.005674203474803261,3,2024Q2
2024-06-25,XLRE,0.0026426136441610737,-0.01368494156899892,3,2024Q2
2024-06-25,XLU,-0.02301664599171993,-0.00948379942056126,3,2024Q2
2024-06-25,XLV,-0.022880465449769072,-0.006140090497994926,3,2024Q2
2024-06-25,XLY,0.02481086587783854,-0.004812224305439717,3,2024Q2
2024-06-26,XLB,-0.020276227705690042,0.0008774370955523981,3,2024Q2
2024-06-26,XLC,-0.00939489311529118,3.364871332854321e-05,3,2024Q2
2024-06-26,XLE,-0.0005308031936355206,-0.0003187904782078442,3,2024Q2
2024-06-26,XLF,0.002013302140220663,-0.0034802021173958187,3,2024Q2
2024-06-26,XLI,-0.011153752495294045,-0.0005906920641448608,3,2024Q2
2024-06-26,XLK,0.015303878820999595,0.0007797563809944828,3,2024Q2
2024-06-26,XLP,-0.021392661325386753,-0.0041718128871029055,3,2024Q2
2024-06-26,XLRE,-0.0003140040931999266,-0.012875408787363752,3,2024Q2
2024-06-26,XLU,-0.016140543228519544,-0.007293294933364598,3,2024Q2
2024-06-26,XLV,-0.03013930984728108,-0.00456556817505443,3,2024Q2
2024-06-26,XLY,0.013311397724583562,-0.00278979397427127,3,2024Q2
2024-06-27,XLB,-0.020117019141324355,0.004421303982177747,3,2024Q2
2024-06-27,XLC,1.700481286803779e-05,0.0018980782538075235,3,2024Q2
2024-06-27,XLE,-0.022845514073300266,0.009534063393182227,3,2024Q2
2024-06-27,XLF,-0.0012236439824742096,-0.0009665642853458102,3,2024Q2
2024-06-27,XLI,-0.020061562594372306,0.0030030763744507173,3,2024Q2
2024-06-27,XLK,0.013712864485498688,0.0026137064213117116,3,2024Q2
2024-06-27,XLP,-0.009156023762410426,-0.0010708015061376011,3,2024Q2
2024-06-27,XLRE,-0.009886919139957762,-0.011048061176108813,3,2024Q2
2024-06-27,XLU,-0.020360468457394476,-0.0048275742177085485,3,2024Q2
2024-06-27,XLV,-0.02514517501695024,-0.0010627227879484963,3,2024Q2
2024-06-27,XLY,0.011158125751252745,0.0004896155346838349,3,2024Q2
2024-06-28,XLB,-0.022021225512950937,0.005594702754108561,3,2024Q2
2024-06-28,XLC,-0.005029644716701975,0.0025174789492027096,3,2024Q2
2024-06-28,XLE,-0.03787614689801588,0.009923479300390932,3,2024Q2
2024-06-28,XLF,-0.012538669466675145,-0.0018248043110760525,3,2024Q2
2024-06-28,XLI,-0.02442539604847105,0.0033845033068461,3,2024Q2
2024-06-28,XLK,0.0161004455964453,0.0033886943516988053,3,2024Q2
2024-06-28,XLP,-0.011443060599167776,-0.0004102947812941271,3,2024Q2
2024-06-28,XLRE,-0.020843361363644286,-0.009608588604409324,3,2024Q2
2024-06-28,XLU,-0.01327834311209597,-0.0022036370873738547,3,2024Q2
2024-06-28,XLV,-0.030614258825935048,-0.000308880349881428,3,2024Q2
2024-06-28,XLY,0.017999704792373006,-0.0006739064101200849,3,2024Q2
2024-07-01,XLB,-0.01565210158576469,0.007992078050704187,4,2024Q3
2024-07-01,XLC,0.003525890104761009,-0.002274619112382828,4,2024Q3
2024-07-01,XLE,-0.04597175494573158,0.0028850194992000064,4,2024Q3
2024-07-01,XLF,-0.005867854417712648,-0.007044550790063792,4,2024Q3
2024-07-01,XLI,-0.01689487395759426,-0.0004570650299769742,4,2024Q3
2024-07-01,XLK,0.008596968125436755,0.004617873755297951,4,2024Q3
2024-07-01,XLP,-0.005803376345364208,-0.00766908199132435,4,2024Q3
2024-07-01,XLRE,-0.00975364658334299,-0.008353122390858517,4,2024Q3
2024-07-01,XLU,-0.0022231322437129553,-0.007506610510504231,4,2024Q3
2024-07-01,XLV,-0.019079371326779615,-0.005507226461344765,4,2024Q3
2024-07-01,XLY,0.0190298171190606,-0.00368261893929974,4,2024Q3
2024-07-02,XLB,-0.007268923596605248,0.007876737157599333,4,2024Q3
2024-07-02,XLC,-0.0023199238611755213,-0.00025035462613219936,4,2024Q3
2024-07-02,XLE,-0.04184498069210951,0.005433952402786989,4,2024Q3
2024-07-02,XLF,-0.01690394393733552,-0.0061911532656943255,4,2024Q3
2024-07-02,XLI,-0.016647553453004837,-0.00048566821854329975,4,2024Q3
2024-07-02,XLK,0.015119292126338557,0.0046685209273426434,4,2024Q3
2024-07-02,XLP,-0.01158242362937112,-0.007705283805057083,4,2024Q3
2024-07-02,XLRE,-0.010118513180936706,-0.008591774136915394,4,2024Q3
2024-07-02,XLU,-0.001104918472881744,-0.010633561745127388,4,2024Q3
2024-07-02,XLV,-0.00912577921043578,-0.004849438416196343,4,2024Q3
2024-07-02,XLY,0.0036792261209868116,-0.001256716683688306,4,2024Q3
2024-07-03,XLB,0.012318952051074694,0.007140498357031452,4,2024Q3
2024-07-03,XLC,-0.003295232633859335,-0.0007715297640839313,4,2024Q3
2024-07-03,XLE,-0.022650578887618456,0.0034907035150473693,4,2024Q3
2024-07-03,XLF,0.007503390081936789,-0.00493485761437264,4,2024Q3
2024-07-03,XLI,0.0057744194227462575,-0.0007875042622899589,4,2024Q3
2024-07-03,XLK,-0.010998271140101323,0.001637662451784004,4,2024Q3
2024-07-03,XLP,-0.0003380636336789422,-0.007781374260143933,4,2024Q3
2024-07-03,XLRE,0.03125328601697008,-0.00830924217197868,4,2024Q3
2024-07-03,XLU,0.02465401595538186,-0.011723882720550886,4,2024Q3
2024-07-03,XLV,0.019159278488525944,-0.0030243402767300386,4,2024Q3
2024-07-03,XLY,-0.0024460276422202387,-0.0008987915631016245,4,2024Q3
2024-07-05,XLB,0.01993317068440037,0.006139852633151822,4,2024Q3
2024-07-05,XLC,-0.02616823007452107,-0.0013169517869603008,4,2024Q3
2024-07-05,XLE,-0.0049844092009248,0.005451432648849362,4,2024Q3
2024-07-05,XLF,0.010575576841438838,-0.005195693243384042,4,2024Q3
2024-07-05,XLI,0.014772516365839206,0.0007967860347278235,4,2024Q3
2024-07-05,XLK,-0.005695363974257628,1.691612934111449e-05,4,2024Q3
2024-07-05,XLP,-0.008741269918848493,-0.008693807638274723,4,2024Q3
2024-07-05,XLRE,0.03447942993342856,-0.008591340934530334,4,2024Q3
2024-07-05,XLU,0.029887291017084205,-0.011413930667571725,4,2024Q3
2024-07-05,XLV,0.017083554431724712,-0.0039799923821832554,4,2024Q3
2024-07-05,XLY,0.001923041756015209,-0.0010585079394214816,4,2024Q3
2024-07-08,XLB,0.012678174036754086,0.0055172637905446294,4,2024Q3
2024-07-08,XLC,-0.015279958990739084,-0.0003547043027033277,4,2024Q3
2024-07-08,XLE,0.014875070497278209,0.00512499203182897,4,2024Q3
2024-07-08,XLF,0.026639662222498472,-0.004513709083719382,4,2024Q3
2024-07-08,XLI,0.019229710136936307,0.0008861433225499133,4,2024Q3
2024-07-08,XLK,-0.01232181725534165,0.000797616581396728,4,2024Q3
2024-07-08,XLP,-0.01462084292955057,-0.008541765266204981,4,2024Q3
2024-07-08,XLRE,0.03485017393842238,-0.0044782838893480045,4,2024Q3
2024-07-08,XLU,0.0020058570444119184,-0.010698241682898778,4,2024Q3
2024-07-08,XLV,0.013007848773407549,-0.004064588721561328,4,2024Q3
2024-07-08,XLY,-0.001328976295638773,-0.0014164450799165245,4,2024Q3
2024-07-09,XLB,0.03828536360675816,0.004811515247496649,4,2024Q3
2024-07-09,XLC,-0.020734684622994215,-0.0004649170201351304,4,2024Q3
2024-07-09,XLE,0.023618571890559714,0.0048675522581378555,4,2024Q3
2024-07-09,XLF,0.025412388493496252,-0.008009921779837819,4,2024Q3
2024-07-09,XLI,0.04455997217419849,-0.0012495041341483797,4,2024Q3
2024-07-09,XLK,-0.019849711516829682,0.0006583690240858891,4,2024Q3
2024-07-09,XLP,-0.007439965454201447,-0.009784690274405353,4,2024Q3
2024-07-09,XLRE,0.039464908453576086,-0.00714224876579094,4,2024Q3
2024-07-09,XLU,0.001899066401847005,-0.011147947036668033,4,2024Q3
2024-07-09,XLV,0.017609491355726536,-0.007950894379578157,4,2024Q3
2024-07-09,XLY,0.00836472820939127,-0.0019493557623130806,4,2024Q3
2024-07-10,XLB,0.04625152603289595,0.0007272555075416385,4,2024Q3
2024-07-10,XLC,-0.01782630704818311,-0.0029562225016102946,4,2024Q3
2024-07-10,XLE,0.05099909657891066,0.003164712885565016,4,2024Q3
2024-07-10,XLF,0.05337688442501576,-0.005857399691122164,4,2024Q3
2024-07-10,XLI,0.04577875748633753,5.18507223133244e-05,4,2024Q3
2024-07-10,XLK,-0.04823870108739936,0.00023099316034567237,4,2024Q3
2024-07-10,XLP,0.025115697200268405,-0.00926087086244744,4,2024Q3
2024-07-10,XLRE,0.06547047816341722,-0.00442904646317608,4,2024Q3
2024-07-10,XLU,0.017015645461169182,-0.009078574930184935,4,2024Q3
2024-07-10,XLV,0.03664393236640473,-0.00807954332398757,4,2024Q3
2024-07-10,XLY,0.007803035701560601,-0.002081934805273159,4,2024Q3
2024-07-11,XLB,0.02114391692384532,-0.002131292660303607,4,2024Q3
2024-07-11,XLC,-0.0058389681007459115,-0.002615188629091955,4,2024Q3
2024-07-11,XLE,0.04119839061165831,0.002570002369231404,4,2024Q3
2024-07-11,XLF,0.0317225318887554,-0.004918927460618959,4,2024Q3
2024-07-11,XLI,0.023791766134100167,-0.003584725784336345,4,2024Q3
2024-07-11,XLK,-0.024853370268143493,5.260823588211245e-05,4,2024Q3
2024-07-11,XLP,0.02294550069954504,-0.00901796478276935,4,2024Q3
2024-07-11,XLRE,0.028527045857154598,-0.009430809061246343,4,2024Q3
2024-07-11,XLU,-0.002889451494697437,-0.011490879749246636,4,2024Q3
2024-07-11,XLV,0.005303667943911683,-0.0066759804540685724,4,2024Q3
2024-07-11,XLY,0.009403991161944236,-0.002008866885515803,4,2024Q3
2024-07-12,XLB,0.01533381564923375,-0.0041518639126947796,4,2024Q3
2024-07-12,XLC,0.005739836346821958,-0.002364809862978054,4,2024Q3
2024-07-12,XLE,0.04008068029622125,0.0006565750494796274,4,2024Q3
2024-07-12,XLF,0.030733344771435078,-0.0031542471689207834,4,2024Q3
2024-07-12,XLI,0.025199658228487243,-0.003954603178781532,4,2024Q3
2024-07-12,XLK,-0.035660470443143466,0.0001034000328195082,4,2024Q3
2024-07-12,XLP,0.02790660365361375,-0.007365611273436733,4,2024Q3
2024-07-12,XLRE,0.032646458727130234,-0.00873838365599002,4,2024Q3
2024-07-12,XLU,0.0037857843949209435,-0.010309673752439017,4,2024Q3
2024-07-12,XLV,0.01694542683936129,-0.006108709551369841,4,2024Q3
2024-07-12,XLY,0.000425494195695042,-0.0021555894447499425,4,2024Q3
2024-07-15,XLB,0.013803142264320667,-0.0013264714085465142,4,2024Q3
2024-07-15,XLC,-0.0010241401717032694,-0.003882675622343996,4,2024Q3
2024-07-15,XLE,0.011163981717883131,-0.0021341744989982546,4,2024Q3
2024-07-15,XLF,0.014345262673120307,-0.00309535359945753,4,2024Q3
2024-07-15,XLI,0.02080744850021976,-0.0046857271251013535,4,2024Q3
2024-07-15,XLK,-0.022416021192376956,-6.368321983965487e-05,4,2024Q3
2024-07-15,XLP,0.027057434222501064,-0.005402336908112579,4,2024Q3
2024-07-15,XLRE,0.03092753822208716,-0.008864185794576826,4,2024Q3
2024-07-15,XLU,0.02936715384273414,-0.013454154458568051,4,2024Q3
2024-07-15,XLV,0.018817383241333308,-0.005982133252954701,4,2024Q3
2024-07-15,XLY,0.0049850255311766345,-0.002152904727596036,4,2024Q3
2024-07-16,XLB,0.006031476464427699,-0.00442221096463946,4,2024Q3
2024-07-16,XLC,0.00234432277440233,-0.0024852843157876676,4,2024Q3
2024-07-16,XLE,-0.0017279653451747201,0.0006085481613886084,4,2024Q3
2024-07-16,XLF,0.012257466605533396,-0.0010537861548558843,4,2024Q3
2024-07-16,XLI,0.0017513719771927727,-0.0005872506064811232,4,2024Q3
2024-07-16,XLK,-0.015682669475476696,0.0019209349120088927,4,2024Q3
2024-07-16,XLP,0.021159086836710195,-0.005461622527958252,4,2024Q3
2024-07-16,XLRE,0.02701557860991488,-0.008757795243400347,4,2024Q3
2024-07-16,XLU,0.022612482938935585,-0.009775102927685441,4,2024Q3
2024-07-16,XLV,0.01140781945881486,-0.0039007177458221165,4,2024Q3
2024-07-16,XLY,-0.00950624578996262,-0.0006272389192585084,4,2024Q3
2024-07-17,XLB,0.004032600221209326,-0.005946052919744874,4,2024Q3
2024-07-17,XLC,-8.315168243011595e-05,-0.002590368930792854,4,2024Q3
2024-07-17,XLE,-0.002686951403093496,-0.001192040365573173,4,2024Q3
2024-07-17,XLF,-8.987461757392623e-05,0.0021319363388063992,4,2024Q3
2024-07-17,XLI,0.001656935949198246,-0.0043515781736999095,4,2024Q3
2024-07-17,XLK,-0.009588692249372754,-0.0016418449250846193,4,2024Q3
2024-07-17,XLP,0.016142682265613995,-0.006695936275883949,4,2024Q3
2024-07-17,XLRE,0.013048782190283159,-0.004648289864601196,4,2024Q3
2024-07-17,XLU,0.04190047490229443,-0.00893199924943686,4,2024Q3
2024-07-17,XLV,0.023757062048644695,-0.0025085083005424204,4,2024Q3
2024-07-17,XLY,-0.02480874698642188,-0.001605629029687215,4,2024Q3
2024-07-18,XLB,0.014125787263578493,-0.005327074352971766,4,2024Q3
2024-07-18,XLC,-0.013167535970198707,-0.0037630552980679874,4,2024Q3
2024-07-18,XLE,0.009829789237994158,0.0001160505858123288,4,2024Q3
2024-07-18,XLF,0.013079375526449666,0.00033320580559783805,4,2024Q3
2024-07-18,XLI,0.014793626842484975,-0.004897056260242702,4,2024Q3
2024-07-18,XLK,-0.022392811162423087,0.0018722096607533475,4,2024Q3
2024-07-18,XLP,0.01748828102023081,-0.004425771616519991,4,2024Q3
2024-07-18,XLRE,0.013456972057892314,-0.0044998918339854985,4,2024Q3
2024-07-18,XLU,0.0319228607510913,-0.005816018027124395,4,2024Q3
2024-07-18,XLV,0.03937873298404537,-0.004072663353307529,4,2024Q3
2024-07-18,XLY,-0.02123408142552974,-0.000932794465871365,4,2024Q3
2024-07-19,XLB,0.021826954836398182,-0.004754661785883894,4,2024Q3
2024-07-19,XLC,-0.008278848954034301,-0.004160934443063171,4,2024Q3
2024-07-19,XLE,0.006339262319269956,-0.002887453454042223,4,2024Q3
2024-07-19,XLF,0.021356791764607252,-0.004021986989847619,4,2024Q3
2024-07-19,XLI,0.01973985694352509,-0.005188705658352782,4,2024Q3
2024-07-19,XLK,-0.01249350819747641,0.0004401363764921424,4,2024Q3
2024-07-19,XLP,0.013410241745204332,-0.005673998499118593,4,2024Q3
2024-07-19,XLRE,0.013718704794710379,-0.004229667526584977,4,2024Q3
2024-07-19,XLU,0.02311754912454289,-0.0054878640268135786,4,2024Q3
2024-07-19,XLV,0.02242198361095704,-0.0011897080341032643,4,2024Q3
2024-07-19,XLY,-0.019399609615992963,-0.002947965262181624,4,2024Q3
2024-07-22,XLB,0.029776645876368746,-0.005008032964098009,4,2024Q3
2024-07-22,XLC,0.0057800525843434425,-0.003307685903428989,4,2024Q3
2024-07-22,XLE,0.013582235786897101,0.00018027059357119562,4,2024Q3
2024-07-22,XLF,0.023864947206717724,-0.0038147732253329377,4,2024Q3
2024-07-22,XLI,0.017355402672457165,-0.0053548295192930705,4,2024Q3
2024-07-22,XLK,-0.029846953940495857,0.00394370167176115,4,2024Q3
2024-07-22,XLP,0.022694130926627643,-0.006427496588747733,4,2024Q3
2024-07-22,XLRE,0.01978657673508677,-0.0047425318576871595,4,2024Q3
2024-07-22,XLU,0.02871907368512916,-0.007391085739061649,4,2024Q3
2024-07-22,XLV,0.026774044732181923,-0.002139526206446175,4,2024Q3
2024-07-22,XLY,-0.004393498246464511,-0.0024542495365274617,4,2024Q3
2024-07-23,XLB,0.02589906469643677,-0.004543995287659934,4,2024Q3
2024-07-23,XLC,0.014593602136611428,-0.002404586855822301,4,2024Q3
2024-07-23,XLE,0.04883757809121003,0.0012064699339402146,4,2024Q3
2024-07-23,XLF,0.03702366467190221,-0.0038311373103898086,4,2024Q3
2024-07-23,XLI,0.02564053173035541,-0.005334768417729624,4,2024Q3
2024-07-23,XLK,-0.04662321899797084,0.0019729823600255934,4,2024Q3
2024-07-23,XLP,0.022941648763493694,-0.006806836755088694,4,2024Q3
2024-07-23,XLRE,0.03229059447156657,-0.004701004896792615,4,2024Q3
2024-07-23,XLU,0.04375348782609034,-0.007103148741763608,4,2024Q3
2024-07-23,XLV,0.03170056630507356,-0.004904442153920476,4,2024Q3
2024-07-23,XLY,-0.00200474329669742,-0.0016262938727810959,4,2024Q3
2024-07-24,XLB,0.010533032977167567,-0.007151041411179221,4,2024Q3
2024-07-24,XLC,0.014421809805942987,-0.0004558392880624089,4,2024Q3
2024-07-24,XLE,0.014068450035570557,0.0016558072270011514,4,2024Q3
2024-07-24,XLF,0.009542413902359437,-0.005213767836771941,4,2024Q3
2024-07-24,XLI,0.02020849806834457,-0.00541549252074357,4,2024Q3
2024-07-24,XLK,-0.0041743901290365315,0.0032321876511409624,4,2024Q3
2024-07-24,XLP,-0.01692911574433742,-0.006330799102150262,4,2024Q3
2024-07-24,XLRE,0.00489143389067026,-0.009291493340356671,4,2024Q3
2024-07-24,XLU,0.006501068376943753,-0.006939051273980067,4,2024Q3
2024-07-24,XLV,-0.01930181097980954,-0.005174128660012693,4,2024Q3
2024-07-24,XLY,0.016441882460554336,-0.005797506887565082,4,2024Q3
2024-07-25,XLB,0.012711611105848064,-0.008906433816465668,4,2024Q3
2024-07-25,XLC,0.03989838937025203,0.0028650246423603466,4,2024Q3
2024-07-25,XLE,-0.02116609056380281,-0.0031075846753494027,4,2024Q3
2024-07-25,XLF,0.00034729375303976795,-0.004206403585358211,4,2024Q3
2024-07-25,XLI,0.002005527875575064,-0.006981993562954554,4,2024Q3
2024-07-25,XLK,-0.022262830206672746,0.0016597534143442886,4,2024Q3
2024-07-25,XLP,0.002653236302313955,-0.009157754218331744,4,2024Q3
2024-07-25,XLRE,0.035640049518782746,-0.011371256681477149,4,2024Q3
2024-07-25,XLU,0.04281841364115757,-0.00873911323448384,4,2024Q3
2024-07-25,XLV,0.005136582616132479,-0.004202336898114818,4,2024Q3
2024-07-25,XLY,0.004192357000856628,-0.005681472316417573,4,2024Q3
2024-07-26,XLB,0.0070714883089607605,-0.004996170341851826,4,2024Q3
2024-07-26,XLC,0.0336214199510253,0.002820400083347218,4,2024Q3
2024-07-26,XLE,-0.019914658142330954,-0.004370312996017589,4,2024Q3
2024-07-26,XLF,-0.00990273375882944,-0.0033568125945253055,4,2024Q3
2024-07-26,XLI,-0.007069941857492101,-0.0029739558221379644,4,2024Q3
2024-07-26,XLK,-0.032253141079754855,0.0024477509458097997,4,2024Q3
2024-07-26,XLP,0.03100625829690673,-0.008461982266390522,4,2024Q3
2024-07-26,XLRE,0.04893976927537802,-0.01031875184667414,4,2024Q3
2024-07-26,XLU,0.06405122698750343,-0.007241689732134961,4,2024Q3
2024-07-26,XLV,0.027197691823445003,-0.005515532521141175,4,2024Q3
2024-07-26,XLY,-0.014125084880647787,-0.0038197469789921492,4,2024Q3
2024-07-29,XLB,0.012442324444807862,-0.005147201409936673,4,2024Q3
2024-07-29,XLC,0.025035653404352765,0.0021257234575674864,4,2024Q3
2024-07-29,XLE,-0.003896883987054456,-0.007287930614266389,4,2024Q3
2024-07-29,XLF,-0.007640142134694883,-0.0013392897914110012,4,2024Q3
2024-07-29,XLI,0.006796198242005058,-0.004163377629772621,4,2024Q3
2024-07-29,XLK,-0.03064217703417449,0.003295983187166668,4,2024Q3
2024-07-29,XLP,0.0398174660621603,-0.006879035025519579,4,2024Q3
2024-07-29,XLRE,0.04196595922122126,-0.00869727910847622,4,2024Q3
2024-07-29,XLU,0.06103140241311855,-0.004272629369155297,4,2024Q3
2024-07-29,XLV,0.028801151751579823,-0.005640211904127334,4,2024Q3
2024-07-29,XLY,-0.02773136319200087,-0.004912258808221864,4,2024Q3
2024-07-30,XLB,0.006905445384095321,-0.004570375127738681,4,2024Q3
2024-07-30,XLC,0.018930764148405888,0.0012721042763006844,4,2024Q3
2024-07-30,XLE,-0.02629385844601806,-0.006215839718536878,4,2024Q3
2024-07-30,XLF,-0.016968173957680244,-0.004259481277377099,4,2024Q3
2024-07-30,XLI,0.0018272540376649271,0.0007558388683496657,4,2024Q3
2024-07-30,XLK,-0.007776364708051764,0.0017173524293944663,4,2024Q3
2024-07-30,XLP,0.03982915540785115,-0.009516450807475554,4,2024Q3
2024-07-30,XLRE,0.04292054043088256,-0.008750326349318839,4,2024Q3
2024-07-30,XLU,0.05067872338895962,-0.009522344827049755,4,2024Q3
2024-07-30,XLV,0.018844950634883784,-0.005146707474019615,4,2024Q3
2024-07-30,XLY,-0.02598809367013666,-0.0033616016046663826,4,2024Q3
2024-07-31,XLB,0.0056227628724949685,-0.004299883506214169,4,2024Q3
2024-07-31,XLC,0.02398229233972038,0.0011657557299301804,4,2024Q3
2024-07-31,XLE,-0.004714775706131991,-0.00478472843999634,4,2024Q3
2024-07-31,XLF,0.008299997342733567,0.0010181414213284363,4,2024Q3
2024-07-31,XLI,0.008313837068410934,0.0002207705258132279,4,2024Q3
2024-07-31,XLK,-0.039711854308497774,0.001785854257580056,4,2024Q3
2024-07-31,XLP,0.06440583557231416,-0.00944991448714325,4,2024Q3
2024-07-31,XLRE,0.0598252486872507,-0.007803112765069926,4,2024Q3
2024-07-31,XLU,0.06510027836235699,-0.006880269324477516,4,2024Q3
2024-07-31,XLV,0.034175575025113814,-0.003939243477640568,4,2024Q3
2024-07-31,XLY,-0.03464970986067195,-0.00451810377255198,4,2024Q3
2024-08-01,XLB,-0.011453962970083942,-0.005258958555381872,4,2024Q3
2024-08-01,XLC,0.0036071475747236903,0.0017665146666791573,4,2024Q3
2024-08-01,XLE,0.0059006496157547605,-0.005414744252230259,4,2024Q3
2024-08-01,XLF,0.0018900265916238501,-0.0027612981078260234,4,2024Q3
2024-08-01,XLI,0.012960433934357973,-0.0032361879016194793,4,2024Q3
2024-08-01,XLK,-0.005390286009886669,0.0015878105030578368,4,2024Q3
2024-08-01,XLP,0.02861666365208526,-0.006747763481128411,4,2024Q3
2024-08-01,XLRE,0.017263565658001245,-0.007698473505495894,4,2024Q3
2024-08-01,XLU,0.012775507025976518,-0.005748563819829709,4,2024Q3
2024-08-01,XLV,0.01006023879351492,-0.002410751847541871,4,2024Q3
2024-08-01,XLY,-0.027158705621774137,-0.004836988616551214,4,2024Q3
2024-08-02,XLB,-0.016606026270178376,-0.008856536182105204,4,2024Q3
2024-08-02,XLC,0.005377489932779422,0.002856058393886248,4,2024Q3
2024-08-02,XLE,0.011256452145648854,-0.0040028196855141085,4,2024Q3
2024-08-02,XLF,0.007914802745847105,-0.0008067784376048873,4,2024Q3
2024-08-02,XLI,0.012460461756563124,-0.00519671992131382,4,2024Q3
2024-08-02,XLK,0.004276208519656599,0.0063642860795138255,4,2024Q3
2024-08-02,XLP,-0.001556724717712732,-0.008019156422901701,4,2024Q3
2024-08-02,XLRE,-0.001363344937063693,-0.007536932213916493,4,2024Q3
2024-08-02,XLU,-0.008387696167242553,-0.005404341760288642,4,2024Q3
2024-08-02,XLV,-0.006002110076494871,-0.0037979858634740364,4,2024Q3
2024-08-02,XLY,-0.010500404023773391,-0.004298367277901763,4,2024Q3
2024-08-05,XLB,-0.029122068813521862,-0.01181052349715075,4,2024Q3
2024-08-05,XLC,-0.002647802032031077,-0.002916529823562418,4,2024Q3
2024-08-05,XLE,0.008616656226780872,-0.010648655652867487,4,2024Q3
2024-08-05,XLF,0.0020985339037200568,-0.011704287584331834,4,2024Q3
2024-08-05,XLI,-0.005422220145166801,-0.005701686115204172,4,2024Q3
2024-08-05,XLK,0.01683683157283067,0.005806570158252534,4,2024Q3
2024-08-05,XLP,-0.017198922220376556,-0.012903218540346699,4,2024Q3
2024-08-05,XLRE,-0.008326211871651168,-0.014651245481785476,4,2024Q3
2024-08-05,XLU,-0.010230841490878717,-0.01364913748048018,4,2024Q3
2024-08-05,XLV,-0.013141094727283864,-0.010944110304244315,4,2024Q3
2024-08-05,XLY,-0.01628317997971296,-0.006668426725866316,4,2024Q3
2024-08-06,XLB,-0.03165036833900192,-0.011064268522445835,4,2024Q3
2024-08-06,XLC,-0.008793750953784762,-0.0028044826698492903,4,2024Q3
2024-08-06,XLE,-0.015098710478305799,-0.007614178625884963,4,2024Q3
2024-08-06,XLF,-0.013273225046119608,-0.008645048421549166,4,2024Q3
2024-08-06,XLI,-0.014331748365122632,-0.008971641382678544,4,2024Q3
2024-08-06,XLK,0.027164988248757016,0.007113738075584012,4,2024Q3
2024-08-06,XLP,-0.026972870252712777,-0.014650798807827294,4,2024Q3
2024-08-06,XLRE,-0.03087228554805499,-0.009980574685260141,4,2024Q3
2024-08-06,XLU,-0.02025251313300802,-0.011661669816906814,4,2024Q3
2024-08-06,XLV,-0.012941664923179053,-0.0103286140033754,4,2024Q3
2024-08-06,XLY,-0.009606918286754196,-0.00601274442713598,4,2024Q3
2024-08-07,XLB,-0.028095097735287178,-0.009952924992290552,4,2024Q3
2024-08-07,XLC,-0.019523861055388725,-0.001389838058129324,4,2024Q3
2024-08-07,XLE,-0.023526381120170248,-0.007595524328082141,4,2024Q3
2024-08-07,XLF,-0.01227357473945978,-0.011124256848463476,4,2024Q3
2024-08-07,XLI,-0.015442005046773843,-0.008912269114651606,4,2024Q3
2024-08-07,XLK,0.04035545269729002,0.006654580947732671,4,2024Q3
2024-08-07,XLP,-0.03369130741444315,-0.014699261758511583,4,2024Q3
2024-08-07,XLRE,-0.030192839590132747,-0.011260145459465774,4,2024Q3
2024-08-07,XLU,-0.036911775675881,-0.0100075156192085,4,2024Q3
2024-08-07,XLV,-0.008993793447589438,-0.010036071756033965,4,2024Q3
2024-08-07,XLY,-0.0072102943494281035,-0.005462034172846713,4,2024Q3
2024-08-08,XLB,-0.021602434427498318,-0.00834434371060524,4,2024Q3
2024-08-08,XLC,-0.024378133160651405,-0.004124280392101926,4,2024Q3
2024-08-08,XLE,-0.027005142969360296,-0.009187362705345503,4,2024Q3
2024-08-08,XLF,-0.013116958398982081,-0.007212930078522837,4,2024Q3
2024-08-08,XLI,-0.018992385169899872,-0.007203034111706327,4,2024Q3
2024-08-08,XLK,0.037472463648789534,0.004674819255278805,4,2024Q3
2024-08-08,XLP,-0.026306758001972685,-0.012564085322476817,4,2024Q3
2024-08-08,XLRE,-0.03551930143727966,-0.011399495433595547,4,2024Q3
2024-08-08,XLU,-0.03202651559716552,-0.01175522272916586,4,2024Q3
2024-08-08,XLV,-0.018998931563251276,-0.006225015248728423,4,2024Q3
2024-08-08,XLY,0.009200205575045084,-0.007393010920005493,4,2024Q3
2024-08-09,XLB,-0.017304273518353952,-0.008085619004805637,4,2024Q3
2024-08-09,XLC,-0.02767825312365857,-0.0044722896444906474,4,2024Q3
2024-08-09,XLE,-0.028145253335153386,-0.008904473689913164,4,2024Q3
2024-08-09,XLF,-0.007689429728406472,-0.00825743661931852,4,2024Q3
2024-08-09,XLI,-0.018356077164809914,-0.006987280503419341,4,2024Q3
2024-08-09,XLK,0.03669039380516148,0.0029411562509278556,4,2024Q3
2024-08-09,XLP,-0.02281818573264971,-0.01226552498834287,4,2024Q3
2024-08-09,XLRE,-0.03880486433148511,-0.011633898695952098,4,2024Q3
2024-08-09,XLU,-0.028725108586642012,-0.011364282115359595,4,2024Q3
2024-08-09,XLV,-0.020731514585003552,-0.0057676289495719145,4,2024Q3
2024-08-09,XLY,0.010417971554274708,-0.008616689092670698,4,2024Q3
2024-08-12,XLB,-0.017296280285785004,-0.009883041073697321,4,2024Q3
2024-08-12,XLC,-0.018431417932014194,-0.002667305592022073,4,2024Q3
2024-08-12,XLE,-0.035703882991364067,-0.010749491406542754,4,2024Q3
2024-08-12,XLF,-0.006007874708237049,-0.008311057449208237,4,2024Q3
2024-08-12,XLI,-0.016316131333560024,-0.008902187501224769,4,2024Q3
2024-08-12,XLK,0.03617896582915403,0.0030611444043017228,4,2024Q3
2024-08-12,XLP,-0.023615587684370887,-0.014513998142205097,4,2024Q3
2024-08-12,XLRE,-0.036159486732601165,-0.01411679895187332,4,2024Q3
2024-08-12,XLU,-0.033255584068061284,-0.011962124745447495,4,2024Q3
2024-08-12,XLV,-0.020011128664076283,-0.007162329776380005,4,2024Q3
2024-08-12,XLY,0.018156303412023345,-0.008236997602848042,4,2024Q3
2024-08-13,XLB,-0.012543712108697092,-0.010477164637896656,4,2024Q3
2024-08-13,XLC,-0.013703541206371739,-0.003184093287212811,4,2024Q3
2024-08-13,XLE,-0.03410728322707668,-0.008756093027569111,4,2024Q3
2024-08-13,XLF,0.0007714323485692454,-0.00836613736699592,4,2024Q3
2024-08-13,XLI,-0.011207927935398487,-0.007468439868529032,4,2024Q3
2024-08-13,XLK,0.01877755184243557,0.002346820635364608,4,2024Q3
2024-08-13,XLP,-0.00456964122139536,-0.007751882007587375,4,2024Q3
2024-08-13,XLRE,-0.023567280278486313,-0.010828798582603735,4,2024Q3
2024-08-13,XLU,-0.022646214993514047,-0.007617570378134157,4,2024Q3
2024-08-13,XLV,-0.009574516999274252,-0.004828999645636224,4,2024Q3
2024-08-13,XLY,0.009769878917679886,-0.01021388333662696,4,2024Q3
2024-08-14,XLB,-0.0011544282883826362,-0.009877851469121597,4,2024Q3
2024-08-14,XLC,-0.0038048250777815706,-0.003549954620051174,4,2024Q3
2024-08-14,XLE,-0.038511320875875055,-0.009140234895992552,4,2024Q3
2024-08-14,XLF,-0.013603684568865404,-0.0063960675925790154,4,2024Q3
2024-08-14,XLI,-0.009504483912993411,-0.007290575228071626,4,2024Q3
2024-08-14,XLK,0.018916532518009177,0.0021537626678507474,4,2024Q3
2024-08-14,XLP,-0.0025868829269775073,-0.00830811116806239,4,2024Q3
2024-08-14,XLRE,-0.02412052545155996,-0.007950079722826336,4,2024Q3
2024-08-14,XLU,-0.015105157836624139,-0.007432023925821839,4,2024Q3
2024-08-14,XLV,-0.011784380661540528,-0.006214625112203284,4,2024Q3
2024-08-14,XLY,0.02827999363774758,-0.008371489637334105,4,2024Q3
2024-08-15,XLB,0.006022404774002066,-0.007947485173101445,4,2024Q3
2024-08-15,XLC,0.004653355624692823,-0.002748232252081753,4,2024Q3
2024-08-15,XLE,-0.0223676688430835,-0.0067438543680401085,4,2024Q3
2024-08-15,XLF,0.008113494249682551,-0.006746566940025919,4,2024Q3
2024-08-15,XLI,0.0009895361110254797,-0.0051648437459876516,4,2024Q3
2024-08-15,XLK,-0.00859101612743185,0.0015127867607265446,4,2024Q3
2024-08-15,XLP,0.010744921952568154,-0.006589027247291216,4,2024Q3
2024-08-15,XLRE,0.010302608195715157,-0.007559661001478052,4,2024Q3
2024-08-15,XLU,0.009147319656788389,-0.00273617444432552,4,2024Q3
2024-08-15,XLV,0.0078596228617267,-0.003910838928660423,4,2024Q3
2024-08-15,XLY,0.0031167789517889677,-0.00941177402705924,4,2024Q3
2024-08-16,XLB,0.00974132730324695,-0.008245387299093028,4,2024Q3
2024-08-16,XLC,0.0002675156058333794,-0.00303281284295127,4,2024Q3
2024-08-16,XLE,-0.01499190033397202,-0.0071808446462348074,4,2024Q3
2024-08-16,XLF,0.0009711918054478019,-0.0055612578115289985,4,2024Q3
2024-08-16,XLI,0.004085644696831148,-0.00496160532294505,4,2024Q3
2024-08-16,XLK,-0.0025448470104119103,0.0018065458209661311,4,2024Q3
2024-08-16,XLP,0.002412057690502678,-0.005151948737898576,4,2024Q3
2024-08-16,XLRE,0.02196499372424321,-0.007540927478734386,4,2024Q3
2024-08-16,XLU,-0.0009426642323600021,-0.0029697419161597146,4,2024Q3
2024-08-16,XLV,0.002769455800089471,-0.004127563924264452,4,2024Q3
2024-08-16,XLY,0.011775623029505633,-0.008828025034028306,4,2024Q3
2024-08-19,XLB,0.021407872162147568,-0.007004429295949145,4,2024Q3
2024-08-19,XLC,0.0031641992829862797,-0.0020659545232374578,4,2024Q3
2024-08-19,XLE,-0.0007910882976824851,-0.005740460646034671,4,2024Q3
2024-08-19,XLF,0.010615769468204306,-0.005011755201096367,4,2024Q3
2024-08-19,XLI,0.008851150662260165,-0.004340294944028971,4,2024Q3
2024-08-19,XLK,-0.019438093691594438,0.0016512980302743406,4,2024Q3
2024-08-19,XLP,0.018193443609763937,-0.004685503432078252,4,2024Q3
2024-08-19,XLRE,0.027100602609093194,-0.007685497293284774,4,2024Q3
2024-08-19,XLU,0.010970262261038144,-0.00274880563615474,4,2024Q3
2024-08-19,XLV,0.008099451064389473,-0.002920213396186205,4,2024Q3
2024-08-19,XLY,0.003447543570682887,-0.012005649907353833,4,2024Q3
2024-08-20,XLB,0.02223290927952415,-0.007807326171417691,4,2024Q3
2024-08-20,XLC,-0.0014484596673536299,-0.00505741839288489,4,2024Q3
2024-08-20,XLE,0.013712728312285538,-0.0065305346733776385,4,2024Q3
2024-08-20,XLF,0.016079970725620063,-0.005455077326379934,4,2024Q3
2024-08-20,XLI,0.009246308487570687,-0.0041866251670655275,4,2024Q3
2024-08-20,XLK,-0.013011650943202557,0.0017790696946893031,4,2024Q3
2024-08-20,XLP,0.012619332890694723,-0.0033486485520877974,4,2024Q3
2024-08-20,XLRE,0.025723203819407292,-0.006127650202576899,4,2024Q3
2024-08-20,XLU,0.0021031216092097793,-0.0023387172836712594,4,2024Q3
2024-08-20,XLV,0.0025872293552855474,-0.0020313948395385495,4,2024Q3
2024-08-20,XLY,-0.001285539998245211,-0.011783838057530317,4,2024Q3
2024-08-21,XLB,0.015478369254570246,-0.007083239222884001,4,2024Q3
2024-08-21,XLC,-0.0030576125832455503,-0.002859139210367037,4,2024Q3
2024-08-21,XLE,0.01472028606272835,-0.005159790596153746,4,2024Q3
2024-08-21,XLF,0.02948074123414257,-0.005773245229229094,4,2024Q3
2024-08-21,XLI,0.011941022047509464,-0.003593217252593592,4,2024Q3
2024-08-21,XLK,-0.02316910992578991,0.002801661289014704,4,2024Q3
2024-08-21,XLP,0.010745396488915593,-0.0004007016204384294,4,2024Q3
2024-08-21,XLRE,0.028020990070455443,-0.005034583802694276,4,2024Q3
2024-08-21,XLU,0.0042710776055520094,-0.004331164998145504,4,2024Q3
2024-08-21,XLV,0.011314380988863726,-0.0017215568135947527,4,2024Q3
2024-08-21,XLY,-0.014150180930905698,-0.005001931782724508,4,2024Q3
2024-08-22,XLB,0.015182817748574218,-0.00769896466277979,4,2024Q3
2024-08-22,XLC,-0.005555740648949814,-0.0016626503543648921,4,2024Q3
2024-08-22,XLE,0.017279944459724916,-0.003616157660452413,4,2024Q3
2024-08-22,XLF,0.024774439237187806,-0.0039280770594102045,4,2024Q3
2024-08-22,XLI,0.012342454986336238,-0.0037450816762158714,4,2024Q3
2024-08-22,XLK,-0.017214782325928324,0.0015006115802886281,4,2024Q3
2024-08-22,XLP,-0.0007660699340166222,-0.0013178642667884745,4,2024Q3
2024-08-22,XLRE,0.00980160231301097,-0.005968083217423007,4,2024Q3
2024-08-22,XLU,0.002951593149479459,-0.0040844359853749535,4,2024Q3
2024-08-22,XLV,0.004828029269189349,-0.00012183126349972115,4,2024Q3
2024-08-22,XLY,-0.003666650766200208,-0.004935381068572403,4,2024Q3
2024-08-23,XLB,0.013957825359336873,-0.007531212174344151,4,2024Q3
2024-08-23,XLC,-0.004814512148943795,-0.005908161413941111,4,2024Q3
2024-08-23,XLE,0.0070888526354035974,-0.0025153515138088643,4,2024Q3
2024-08-23,XLF,0.02672721319750826,-0.004464807326938923,4,2024Q3
2024-08-23,XLI,0.014105254470575534,-0.004134143411585493,4,2024Q3
2024-08-23,XLK,-0.01896562076527819,0.0020940989211762047,4,2024Q3
2024-08-23,XLP,0.005429336475550217,-0.0038128141729918694,4,2024Q3
2024-08-23,XLRE,0.0013929650406869776,-0.009608928358278073,4,2024Q3
2024-08-23,XLU,0.008778032458398144,-0.0061910253789060465,4,2024Q3
2024-08-23,XLV,0.008500269820453932,-0.0012775753149146167,4,2024Q3
2024-08-23,XLY,-0.006749491503968752,-0.005569117947806206,4,2024Q3
2024-08-26,XLB,0.004795135032654496,-0.006443614760064146,4,2024Q3
2024-08-26,XLC,-0.007045306239774396,-0.006974235142741208,4,2024Q3
2024-08-26,XLE,-0.008481497201785926,-0.0027429968046394954,4,2024Q3
2024-08-26,XLF,0.034154052436275895,-0.0054172659263311915,4,2024Q3
2024-08-26,XLI,0.010962975545049547,-0.004366293554093143,4,2024Q3
2024-08-26,XLK,-0.03393702571898671,0.00168346327162061,4,2024Q3
2024-08-26,XLP,0.023660755572834424,-0.002826683054503729,4,2024Q3
2024-08-26,XLRE,0.022684406424376635,-0.006070208624056654,4,2024Q3
2024-08-26,XLU,0.019088504323566124,-0.006999284188078225,4,2024Q3
2024-08-26,XLV,0.025379121592738474,-0.0020821713216925067,4,2024Q3
2024-08-26,XLY,0.005553655221141485,-0.007002245698619514,4,2024Q3
2024-08-27,XLB,0.003971627309048431,-0.0052909512115998075,4,2024Q3
2024-08-27,XLC,-0.006134775574165974,-0.006570220569174962,4,2024Q3
2024-08-27,XLE,-0.009551140504199918,-0.00126013901813327,4,2024Q3
2024-08-27,XLF,0.03340272442583403,-0.0050049992024150045,4,2024Q3
2024-08-27,XLI,0.014714876182528092,-0.004271455534865698,4,2024Q3
2024-08-27,XLK,-0.03872677136209879,0.0035318387017942428,4,2024Q3
2024-08-27,XLP,0.029302897766775415,-0.0027593280104845734,4,2024Q3
2024-08-27,XLRE,0.025798283771551467,-0.004256505415053954,4,2024Q3
2024-08-27,XLU,0.03907703845166999,-0.006795197338558594,4,2024Q3
2024-08-27,XLV,0.025448644514517116,-0.0014487737757344116,4,2024Q3
2024-08-27,XLY,0.014106790690894266,-0.0035822440281969292,4,2024Q3
2024-08-28,XLB,-0.0028715493172621898,-0.008774350475187926,4,2024Q3
2024-08-28,XLC,-8.146319537682967e-05,-0.005935106459755069,4,2024Q3
2024-08-28,XLE,-0.014177567362179122,-0.005337854404489846,4,2024Q3
2024-08-28,XLF,0.016455778594026027,-0.005450948397219036,4,2024Q3
2024-08-28,XLI,0.00023528488991853003,-0.004385877648925087,4,2024Q3
2024-08-28,XLK,-0.030328611442084874,-0.0034385986171278802,4,2024Q3
2024-08-28,XLP,0.026383146531689494,-0.0029137537417286592,4,2024Q3
2024-08-28,XLRE,0.023186355477842424,-0.004727881561632888,4,2024Q3
2024-08-28,XLU,0.03322544563728491,-0.008777246278479664,4,2024Q3
2024-08-28,XLV,0.007156352988851977,-0.002948534768627259,4,2024Q3
2024-08-28,XLY,0.03191314225561914,-0.004962874629269686,4,2024Q3
2024-08-29,XLB,-0.0039156013299426196,-0.0067785399494142366,4,2024Q3
2024-08-29,XLC,-0.002020324509703686,-0.005599912230454888,4,2024Q3
2024-08-29,XLE,-0.021991634333535792,-0.003993231625340344,4,2024Q3
2024-08-29,XLF,0.009708346887150499,-0.0033408777372220732,4,2024Q3
2024-08-29,XLI,8.339187124717373e-05,-0.004217592830137506,4,2024Q3
2024-08-29,XLK,-0.029958138378525567,-0.005601103403238384,4,2024Q3
2024-08-29,XLP,0.04602398943818342,-0.005507672988494204,4,2024Q3
2024-08-29,XLRE,0.04381279253230119,-0.007233857807786421,4,2024Q3
2024-08-29,XLU,0.034729178318635756,-0.008436870287867704,4,2024Q3
2024-08-29,XLV,0.018320369295709238,-0.0026190519728885734,4,2024Q3
2024-08-29,XLY,0.021695902052731197,-0.005102556879851799,4,2024Q3
2024-08-30,XLB,-0.006697645486457793,-0.0012804643605484661,4,2024Q3
2024-08-30,XLC,-0.005894344396595974,-0.0034720913153066016,4,2024Q3
2024-08-30,XLE,-0.020304205393230412,-0.003224336138093227,4,2024Q3
2024-08-30,XLF,0.013366415848578783,-0.00463442171068761,4,2024Q3
2024-08-30,XLI,0.002948919726356136,-0.0011525182139921304,4,2024Q3
2024-08-30,XLK,-0.028682160132701195,0.0007510377389322676,4,2024Q3
2024-08-30,XLP,0.044212062839095956,-0.0032884759253584664,4,2024Q3
2024-08-30,XLRE,0.044415218118886046,-0.004800802501892453,4,2024Q3
2024-08-30,XLU,0.03575002296576091,-0.006714512582436909,4,2024Q3
2024-08-30,XLV,0.01683387936345604,-0.0009184806890136864,4,2024Q3
2024-08-30,XLY,0.01962897241446515,-0.0031841919152557096,4,2024Q3
2024-09-03,XLB,-0.008583805343751583,-0.004980270246048168,4,2024Q3
2024-09-03,XLC,-0.012822799931001883,-0.003282376881961558,4,2024Q3
2024-09-03,XLE,-0.03751897960598016,-0.0066181170655027505,4,2024Q3
2024-09-03,XLF,-0.014084771599850887,-0.0009286353920265302,4,2024Q3
2024-09-03,XLI,0.00199195337560365,-0.0032433179151497645,4,2024Q3
2024-09-03,XLK,0.0066728534057287625,-0.004213711094235851,4,2024Q3
2024-09-03,XLP,0.012217555424133941,0.000768679564825251,4,2024Q3
2024-09-03,XLRE,0.03528345079394035,-0.005274960252945743,4,2024Q3
2024-09-03,XLU,0.01724833350826871,-0.0005571765316485378,4,2024Q3
2024-09-03,XLV,-0.0014339628409399952,-4.485372431652307e-05,4,2024Q3
2024-09-03,XLY,0.02021016178376933,-0.00290602867865222,4,2024Q3
2024-09-04,XLB,-0.014362728307995787,-0.006805708148821079,4,2024Q3
2024-09-04,XLC,-0.01626187411777491,-0.002898835125945735,4,2024Q3
2024-09-04,XLE,-0.04537317230655524,-0.002483523533006159,4,2024Q3
2024-09-04,XLF,-0.03204078643638919,-0.002767798257462964,4,2024Q3
2024-09-04,XLI,-0.009484410500380847,-0.002482310440737387,4,2024Q3
2024-09-04,XLK,0.03123696214258942,-0.00365825068116489,4,2024Q3
2024-09-04,XLP,-0.014084508297794396,-0.0007367135898603194,4,2024Q3
2024-09-04,XLRE,0.017930359249608063,-0.006691606563671746,4,2024Q3
2024-09-04,XLU,-0.0004411251036022801,-0.0017064262683428374,4,2024Q3
2024-09-04,XLV,-0.014917250677335403,-0.001269526395036408,4,2024Q3
2024-09-04,XLY,0.015427994382134935,-0.0036126630628062328,4,2024Q3
2024-09-05,XLB,-0.008241564580911298,-0.005178307018647245,4,2024Q3
2024-09-05,XLC,-0.011638496281170196,-0.003636060384971538,4,2024Q3
2024-09-05,XLE,-0.04009589640966793,-0.0020746408060936497,4,2024Q3
2024-09-05,XLF,-0.02992935085388393,-0.005105935822879224,4,2024Q3
2024-09-05,XLI,-0.0008938216948755073,-0.00279425951943278,4,2024Q3
2024-09-05,XLK,0.030470536184576513,0.0007788964007788725,4,2024Q3
2024-09-05,XLP,-0.015084092293386142,-0.0006205104443745074,4,2024Q3
2024-09-05,XLRE,0.011630617093796092,-0.006925536705364914,4,2024Q3
2024-09-05,XLU,-0.006679700929704602,-0.002568501485424322,4,2024Q3
2024-09-05,XLV,-0.008444865819877023,-0.0030268660435853103,4,2024Q3
2024-09-05,XLY,0.00439411381977961,-0.0036930270332384456,4,2024Q3
2024-09-06,XLB,-0.008916699670625583,-0.008277892337989437,4,2024Q3
2024-09-06,XLC,-0.0030597939062246837,-0.003244504208459498,4,2024Q3
2024-09-06,XLE,-0.044949035126319425,-0.005657348738625724,4,2024Q3
2024-09-06,XLF,-0.03509862077180559,-0.004374504221971049,4,2024Q3
2024-09-06,XLI,-0.0028905702244639286,-0.004431039033573939,4,2024Q3
2024-09-06,XLK,0.04094627962742314,0.001414917220273169,4,2024Q3
2024-09-06,XLP,-0.028739216141232315,-0.0007969095384581166,4,2024Q3
2024-09-06,XLRE,-0.003852267519143693,-0.007925127140469064,4,2024Q3
2024-09-06,XLU,-0.005419590343411551,-0.003503708403931486,4,2024Q3
2024-09-06,XLV,-0.0257105718389512,-0.004437942813260004,4,2024Q3
2024-09-06,XLY,0.0151972758901473,-0.005246474563888128,4,2024Q3
2024-09-09,XLB,0.00067141847041019,-0.008151173780335207,4,2024Q3
2024-09-09,XLC,0.013316241324000666,-0.0020713929685737525,4,2024Q3
2024-09-09,XLE,-0.030761596524695345,-0.008052038934031693,4,2024Q3
2024-09-09,XLF,-0.02695442406262294,-0.004269821013873639,4,2024Q3
2024-09-09,XLI,-0.00331261965504126,-0.004991113121016763,4,2024Q3
2024-09-09,XLK,0.029469747798055668,0.0011022979392472999,4,2024Q3
2024-09-09,XLP,-0.02253581393647397,-0.000751272965939877,4,2024Q3
2024-09-09,XLRE,-0.002662427292586589,-0.0061235558128485265,4,2024Q3
2024-09-09,XLU,0.0020123813427916915,-0.00217854796864844,4,2024Q3
2024-09-09,XLV,-0.0158136903842514,-0.0023830976353818156,4,2024Q3
2024-09-09,XLY,0.008242903034610505,-0.004510695258374122,4,2024Q3
2024-09-10,XLB,0.0062478401622536595,-0.00904756745789462,4,2024Q3
2024-09-10,XLC,0.01761245499169073,-0.0054403583656031426,4,2024Q3
2024-09-10,XLE,0.004517055209974918,-0.0036883426396750016,4,2024Q3
2024-09-10,XLF,-0.0071402349682268,-0.004161375975487556,4,2024Q3
2024-09-10,XLI,0.004594550372581718,-0.006118426888772812,4,2024Q3
2024-09-10,XLK,0.015859703357966604,-0.0008799069960622209,4,2024Q3
2024-09-10,XLP,-0.02781492607937497,-0.0003598696924631728,4,2024Q3
2024-09-10,XLRE,-0.024462903226140087,-0.006868503926370107,4,2024Q3
2024-09-10,XLU,0.00045886847410936404,-0.0009945587177141043,4,2024Q3
2024-09-10,XLV,-0.02679139726553892,-0.0014572726221186226,4,2024Q3
2024-09-10,XLY,0.005766701838898269,-0.0022776225734417363,4,2024Q3
2024-09-11,XLB,0.012789304159059212,-0.010073232120085438,4,2024Q3
2024-09-11,XLC,0.025890020314475848,-0.0054581916257336474,4,2024Q3
2024-09-11,XLE,0.02961536439165724,-0.0006574909571620138,4,2024Q3
2024-09-11,XLF,0.00796130542862139,-0.009251408911822887,4,2024Q3
2024-09-11,XLI,0.015320144186832918,-0.006002013631794449,4,2024Q3
2024-09-11,XLK,-0.014290570042847062,-0.004054403251921346,4,2024Q3
2024-09-11,XLP,-0.00884712807886956,-0.0030683372539688013,4,2024Q3
2024-09-11,XLRE,-0.01125074658180436,-0.008104279104164495,4,2024Q3
2024-09-11,XLU,0.0029382168954585897,-0.0033004851690098275,4,2024Q3
2024-09-11,XLV,-0.012074535063735015,-0.003547305174776248,4,2024Q3
2024-09-11,XLY,0.00698180850502661,-0.004738822963428626,4,2024Q3
2024-09-12,XLB,0.01008535623210327,-0.009804298639842408,4,2024Q3
2024-09-12,XLC,0.011973652077366559,-0.004073042877625128,4,2024Q3
2024-09-12,XLE,0.023968876241287962,-0.0036885857217431807,4,2024Q3
2024-09-12,XLF,0.008251099564507314,-0.009127210244953117,4,2024Q3
2024-09-12,XLI,0.01633193715654979,-0.006175596105882271,4,2024Q3
2024-09-12,XLK,-0.0017536165379972157,-0.0037351098645931795,4,2024Q3
2024-09-12,XLP,-0.029546038899656457,-0.002364529275547538,4,2024Q3
2024-09-12,XLRE,-0.024162669168254935,-0.009106955933982221,4,2024Q3
2024-09-12,XLU,-0.013907114416455757,-0.00415115897542863,4,2024Q3
2024-09-12,XLV,-0.020753354224081644,-0.0025306037877262655,4,2024Q3
2024-09-12,XLY,0.009908107833778823,-0.002008749659369871,4,2024Q3
2024-09-13,XLB,0.003785332184379042,-0.008973593448637818,4,2024Q3
2024-09-13,XLC,0.01226524612554969,-0.004074837940495193,4,2024Q3
2024-09-13,XLE,0.025934031752433473,-0.005264513750177677,4,2024Q3
2024-09-13,XLF,0.014733885301781546,-0.009299576575485712,4,2024Q3
2024-09-13,XLI,0.008886272497429237,-0.0041653943968703025,4,2024Q3
2024-09-13,XLK,-0.001621967360451837,0.0010506540432463512,4,2024Q3
2024-09-13,XLP,-0.021587933200724163,-0.0024732944915200946,4,2024Q3
2024-09-13,XLRE,-0.022826075401834234,-0.010884156483063949,4,2024Q3
2024-09-13,XLU,0.008504837852651326,-0.006346414452262238,4,2024Q3
2024-09-13,XLV,-0.016738251186242836,-0.0023893139454048496,4,2024Q3
2024-09-13,XLY,0.010769397042911022,-0.004775744281540508,4,2024Q3
2024-09-16,XLB,-0.002300574155478463,-0.006652250673169387,4,2024Q3
2024-09-16,XLC,-0.00017316486893692584,-0.0028969581987110856,4,2024Q3
2024-09-16,XLE,0.017321044259058338,-0.007642521709047497,4,2024Q3
2024-09-16,XLF,-0.004372634085739957,-0.00601431866009278,4,2024Q3
2024-09-16,XLI,0.006152220232174432,-0.0027832385372390045,4,2024Q3
2024-09-16,XLK,-0.0007960895427674419,0.0016042828719964731,4,2024Q3
2024-09-16,XLP,-0.02602047957154907,-0.0016993111101150627,4,2024Q3
2024-09-16,XLRE,-0.02315781504656944,-0.011451488253737947,4,2024Q3
2024-09-16,XLU,0.002901756565188096,-0.005968905850751451,4,2024Q3
2024-09-16,XLV,-0.030196449300500916,-0.001010500704914092,4,2024Q3
2024-09-16,XLY,0.021796936738783357,-0.0050995062164511575,4,2024Q3
2024-09-17,XLB,0.007041653769603862,-0.006328961674400512,4,2024Q3
2024-09-17,XLC,0.002130111556068792,-0.0039021294678073604,4,2024Q3
2024-09-17,XLE,-0.0013954200548345064,-0.009688536129159318,4,2024Q3
2024-09-17,XLF,-0.020572620244855178,-0.007029750351030454,4,2024Q3
2024-09-17,XLI,0.005389762515979557,-0.0026572488542236255,4,2024Q3
2024-09-17,XLK,0.005641947095674338,0.0006206749370497807,4,2024Q3
2024-09-17,XLP,-0.021445918906336403,-0.0038574788171212154,4,2024Q3
2024-09-17,XLRE,-0.017727411038296004,-0.007236442847786943,4,2024Q3
2024-09-17,XLU,-0.006017412724352189,-0.006594875041447499,4,2024Q3
2024-09-17,XLV,-0.024447941104411397,-0.004958762469578889,4,2024Q3
2024-09-17,XLY,0.023078517035482804,-0.00501741520319079,4,2024Q3
2024-09-18,XLB,0.0037891602139132896,-0.008709059626613218,4,2024Q3
2024-09-18,XLC,-0.0010245734426899133,-0.004685045971874272,4,2024Q3
2024-09-18,XLE,-0.02392154881010078,-0.01025187721060038,4,2024Q3
2024-09-18,XLF,-0.024241612010185598,-0.008256949459629244,4,2024Q3
2024-09-18,XLI,0.0006887813242235641,-0.0034554628878656498,4,2024Q3
2024-09-18,XLK,0.017211091821292657,-0.00016525561839238418,4,2024Q3
2024-09-18,XLP,-0.020922932368038438,-0.005285194342851533,4,2024Q3
2024-09-18,XLRE,-0.019847417338089812,-0.00614060080361066,4,2024Q3
2024-09-18,XLU,0.006271473638606473,-0.0009349115340645627,4,2024Q3
2024-09-18,XLV,-0.033219653345670674,-0.005036001711312822,4,2024Q3
2024-09-18,XLY,0.02061509187934374,-0.005815104708842653,4,2024Q3
2024-09-19,XLB,0.02249291395666675,-0.005758611760224994,4,2024Q3
2024-09-19,XLC,0.004099883763084788,-0.0025149990131931865,4,2024Q3
2024-09-19,XLE,-0.04176775002639643,-0.010057217189630364,4,2024Q3
2024-09-19,XLF,-0.016975855045991972,-0.005667594289905773,4,2024Q3
2024-09-19,XLI,0.0015653101881218934,-0.0020414990504259724,4,2024Q3
2024-09-19,XLK,0.013786924157519032,-0.0013342732589660875,4,2024Q3
2024-09-19,XLP,0.0003500122066482092,-0.006812177717402675,4,2024Q3
2024-09-19,XLRE,-0.014152744175849108,-0.01019176745230569,4,2024Q3
2024-09-19,XLU,0.018323919652472043,-0.005792110229530311,4,2024Q3
2024-09-19,XLV,-0.020398012824880074,-0.005469708311489792,4,2024Q3
2024-09-19,XLY,0.014934811988108754,-0.005551118681518485,4,2024Q3
2024-09-20,XLB,0.0246300676298985,-0.006541373342415502,4,2024Q3
2024-09-20,XLC,0.0068194192399948506,-0.0023362175059884927,4,2024Q3
2024-09-20,XLE,-0.023354667831928855,-0.009528841138181381,4,2024Q3
2024-09-20,XLF,-0.016836033815232687,-0.0064130728242680814,4,2024Q3
2024-09-20,XLI,0.006722727617181956,-0.0028246700258956117,4,2024Q3
2024-09-20,XLK,0.005882484610991279,0.0005907976566976402,4,2024Q3
2024-09-20,XLP,-0.006027748193395799,-0.004682605851973405,4,2024Q3
2024-09-20,XLRE,-0.014395257707839781,-0.008811647676840548,4,2024Q3
2024-09-20,XLU,-0.0014207657718436906,-0.012219459032312701,4,2024Q3
2024-09-20,XLV,-0.020220873443667076,-0.0046740935674718384,4,2024Q3
2024-09-20,XLY,0.01543267160373496,-0.001918949139464887,4,2024Q3
2024-09-23,XLB,0.013038463438714398,-0.006187291320370197,4,2024Q3
2024-09-23,XLC,0.010494613959329824,-0.002469141199015811,4,2024Q3
2024-09-23,XLE,-0.02199108532991434,-0.009267536609783208,4,2024Q3
2024-09-23,XLF,-0.009820440274663556,-0.007018763026199616,4,2024Q3
2024-09-23,XLI,0.006289426046881541,-0.003030345565036757,4,2024Q3
2024-09-23,XLK,0.009345237070962575,0.0008282040497517244,4,2024Q3
2024-09-23,XLP,-0.008262758039720652,-0.004723313343926061,4,2024Q3
2024-09-23,XLRE,-0.011414994223411745,-0.007494974302888945,4,2024Q3
2024-09-23,XLU,-0.0015777030095440736,-0.010215659709556115,4,2024Q3
2024-09-23,XLV,-0.009640735100614028,-0.005184827998096755,4,2024Q3
2024-09-23,XLY,0.00137730820342008,-0.0017641747521958235,4,2024Q3
2024-09-24,XLB,0.008659309455738562,-0.004586322232603987,4,2024Q3
2024-09-24,XLC,0.01836052327459936,-0.002784735806289289,4,2024Q3
2024-09-24,XLE,0.014814790020667878,-0.00782944662333956,4,2024Q3
2024-09-24,XLF,0.005134908128407778,-0.007805793070997489,4,2024Q3
2024-09-24,XLI,0.011451828147217125,-0.0027986036670472445,4,2024Q3
2024-09-24,XLK,-0.010290385414085224,0.0005235378744410594,4,2024Q3
2024-09-24,XLP,0.0026401446417854135,-0.00613263808693067,4,2024Q3
2024-09-24,XLRE,-0.005563068453665609,-0.007555205294599973,4,2024Q3
2024-09-24,XLU,0.025628868927805692,-0.011908453927991277,4,2024Q3
2024-09-24,XLV,-0.0010198926597020375,-0.00616624669892863,4,2024Q3
2024-09-24,XLY,0.00044975016339898755,-0.0019528508604753371,4,2024Q3
2024-09-25,XLB,0.008903503680469771,-0.0046361362941801775,4,2024Q3
2024-09-25,XLC,0.015782517528609374,-0.0029605622491189116,4,2024Q3
2024-09-25,XLE,0.04291445422104945,-0.005860463480977872,4,2024Q3
2024-09-25,XLF,0.00966101030281441,-0.00725187831498225,4,2024Q3
2024-09-25,XLI,0.011699051596027688,-0.002442836506135671,4,2024Q3
2024-09-25,XLK,-0.008453938611517331,0.0008551471435891774,4,2024Q3
2024-09-25,XLP,-0.005912553280960631,-0.006345538637865668,4,2024Q3
2024-09-25,XLRE,-0.007556117129119078,-0.0062406601698969414,4,2024Q3
2024-09-25,XLU,0.018158830372872026,-0.00682406528171152,4,2024Q3
2024-09-25,XLV,0.004101618088649839,-0.006883618609521132,4,2024Q3
2024-09-25,XLY,-0.007044096723368809,-0.0017624632160030504,4,2024Q3
2024-09-26,XLB,-0.016685275934733346,-0.003007154838376437,4,2024Q3
2024-09-26,XLC,0.012410603839204226,-0.00225014072623323,4,2024Q3
2024-09-26,XLE,0.0882259557101106,0.002423977840763215,4,2024Q3
2024-09-26,XLF,0.004940456696474138,-0.007665051708447673,4,2024Q3
2024-09-26,XLI,0.007308157273467453,-0.0021067966512041676,4,2024Q3
2024-09-26,XLK,-0.01158044056750629,0.0018367862107926754,4,2024Q3
2024-09-26,XLP,-0.012323983167132901,-0.0061390298182056645,4,2024Q3
2024-09-26,XLRE,-0.0016677551134249846,-0.007482571512440473,4,2024Q3
2024-09-26,XLU,0.030558189041756334,-0.01001499980644981,4,2024Q3
2024-09-26,XLV,-0.0024919900482920365,-0.008212235122256984,4,2024Q3
2024-09-26,XLY,-0.016905158100038897,-0.003578335260628775,4,2024Q3
2024-09-27,XLB,-0.02069843719863118,-0.0037238102678807945,4,2024Q3
2024-09-27,XLC,0.007023284279282116,-0.001920609369510144,4,2024Q3
2024-09-27,XLE,0.06605823062000526,-0.008631874993300558,4,2024Q3
2024-09-27,XLF,0.0084318886880701,-0.00918347741561132,4,2024Q3
2024-09-27,XLI,0.0024010795373976546,-0.0028597219635517696,4,2024Q3
2024-09-27,XLK,-0.0017982391301063494,-5.657502199679686e-05,4,2024Q3
2024-09-27,XLP,-0.021312508384457418,-0.007111465281110041,4,2024Q3
2024-09-27,XLRE,-0.02002772274738218,-0.008722192698366852,4,2024Q3
2024-09-27,XLU,0.008424590348759198,-0.010642388638814679,4,2024Q3
2024-09-27,XLV,-0.011660737396172904,-0.008167325628947,4,2024Q3
2024-09-27,XLY,-0.01593647294170064,-0.004542195310142966,4,2024Q3
2024-09-30,XLB,-0.005072020412785427,-0.0044727769536841485,4,2024Q3
2024-09-30,XLC,0.002201777808488292,-0.004336877952609921,4,2024Q3
2024-09-30,XLE,0.07542178708137326,-0.007220528286373424,4,2024Q3
2024-09-30,XLF,0.005312596451139684,-0.008373200347284355,4,2024Q3
2024-09-30,XLI,0.008467949290227428,-0.002874294583508579,4,2024Q3
2024-09-30,XLK,0.0014400635908683457,0.0008039431072778438,4,2024Q3
2024-09-30,XLP,-0.017805152567884397,-0.007959446370363901,4,2024Q3
2024-09-30,XLRE,-0.022520373424446904,-0.010278027649391303,4,2024Q3
2024-09-30,XLU,-0.006200645905433677,-0.00995806803920955,4,2024Q3
2024-09-30,XLV,-0.00941500451951649,-0.007677576713154234,4,2024Q3
2024-09-30,XLY,-0.015963631670700806,0.0006883152700652847,4,2024Q3
2024-10-01,XLB,-0.0255803602979916,-0.0017921836563107563,5,2024Q4
2024-10-01,XLC,-0.008222896746750807,-0.001852223369498206,5,2024Q4
2024-10-01,XLE,0.006140709986017789,-0.0027389408757761253,5,2024Q4
2024-10-01,XLF,-0.0020124767268390187,-0.004039047133423443,5,2024Q4
2024-10-01,XLI,-0.008223214865064388,0.00047052521301470176,5,2024Q4
2024-10-01,XLK,0.02677525264131675,-0.0014236543855349487,5,2024Q4
2024-10-01,XLP,-0.028069527248670734,-0.005005395015814566,5,2024Q4
2024-10-01,XLRE,-0.03210092808858234,-0.0056014682284039816,5,2024Q4
2024-10-01,XLU,-0.03194877728863588,-0.00019672899937043264,5,2024Q4
2024-10-01,XLV,-0.017270153511381392,-0.006248214854879377,5,2024Q4
2024-10-01,XLY,-0.020880161320611657,0.0020083051416252503,5,2024Q4
2024-10-02,XLB,-0.02207343854627808,-0.002004802592071787,5,2024Q4
2024-10-02,XLC,-0.011339992559157963,-0.001384822470725021,5,2024Q4
2024-10-02,XLE,-0.004634791722124332,-0.0026052722833676168,5,2024Q4
2024-10-02,XLF,-0.00037417248809479275,-0.004914686554063875,5,2024Q4
2024-10-02,XLI,-0.003983195384441807,-0.0006741275262640314,5,2024Q4
2024-10-02,XLK,0.024112381730759358,-0.00032139424730784415,5,2024Q4
2024-10-02,XLP,-0.020285736323324866,-0.006809061161250668,5,2024Q4
2024-10-02,XLRE,-0.0346729673299202,-0.00624722491461538,5,2024Q4
2024-10-02,XLU,-0.047328226446367916,-0.0012264024251605371,5,2024Q4
2024-10-02,XLV,-0.011677728801032572,-0.006333190033272582,5,2024Q4
2024-10-02,XLY,-0.011876900337609353,0.0011934916284105962,5,2024Q4
2024-10-03,XLB,-0.008722133116156883,-0.004002391970870213,5,2024Q4
2024-10-03,XLC,-0.015413735716125032,-0.003682696850737754,5,2024Q4
2024-10-03,XLE,-0.01550147064326457,-0.0020977670654282687,5,2024Q4
2024-10-03,XLF,0.001849820959972881,-0.00435623616080367,5,2024Q4
2024-10-03,XLI,-0.004082790513255441,-0.00035916704809036977,5,2024Q4
2024-10-03,XLK,0.019474860116122983,-0.0006075427205751223,5,2024Q4
2024-10-03,XLP,-0.01475807222610781,-0.005739251257965286,5,2024Q4
2024-10-03,XLRE,-0.033352107373401885,-0.005453286154887282,5,2024Q4
2024-10-03,XLU,-0.049998377277062356,0.0009802411985681736,5,2024Q4
2024-10-03,XLV,-0.006385183508300418,-0.006635765640910688,5,2024Q4
2024-10-03,XLY,-0.005227004597022189,-0.0007124912993512364,5,2024Q4
2024-10-04,XLB,-0.0039533173894996665,-0.0027634489199950445,5,2024Q4
2024-10-04,XLC,-0.016470311164168083,-0.0020224923202672444,5,2024Q4
2024-10-04,XLE,-0.015489535843646651,0.0005988356973404277,5,2024Q4
2024-10-04,XLF,0.007320265675842208,-0.00379074308251858,5,2024Q4
2024-10-04,XLI,0.009955703274244332,0.0007226380374199505,5,2024Q4
2024-10-04,XLK,0.01298302663862616,0.003077935845468346,5,2024Q4
2024-10-04,XLP,-0.009432068991727549,-0.00549456509868282,5,2024Q4
2024-10-04,XLRE,-0.013586741363008414,-0.002301488782457595,5,2024Q4
2024-10-04,XLU,-0.03685386378663036,-0.00113909537788846,5,2024Q4
2024-10-04,XLV,0.0033190470173662945,-0.006115550019071717,5,2024Q4
2024-10-04,XLY,-0.019542140897424565,0.0006656619630439635,5,2024Q4
2024-10-07,XLB,-0.005818127001283813,-0.0033681001621046246,5,2024Q4
2024-10-07,XLC,-0.005595967137250524,-0.0042170078381226755,5,2024Q4
2024-10-07,XLE,-0.06098776046201593,0.0015812812931534572,5,2024Q4
2024-10-07,XLF,0.019042959831969908,-0.0028777230008200866,5,2024Q4
2024-10-07,XLI,0.0010936535325996033,0.00018734004158384596,5,2024Q4
2024-10-07,XLK,0.0009802205567883693,-0.00018970143493247417,5,2024Q4
2024-10-07,XLP,0.0015888469265579186,-0.004850445003063839,5,2024Q4
2024-10-07,XLRE,0.0039010214864387827,-0.0016747617110794062,5,2024Q4
2024-10-07,XLU,-0.006370881836823994,-0.004018703812923245,5,2024Q4
2024-10-07,XLV,-0.008646173320476347,-0.006723557768476627,5,2024Q4
2024-10-07,XLY,-0.006849145103340115,-0.00020383130232281242,5,2024Q4
2024-10-08,XLB,0.01202234047747952,-0.003191286961430904,5,2024Q4
2024-10-08,XLC,-0.009958807251319701,-0.0017792119124593491,5,2024Q4
2024-10-08,XLE,-0.02537224188991971,-0.007279551150289866,5,2024Q4
2024-10-08,XLF,0.031039069955808962,-0.00418125725536324,5,2024Q4
2024-10-08,XLI,0.011898029027869184,-0.0006371149928270278,5,2024Q4
2024-10-08,XLK,-0.009479325055419485,0.0015646835127565845,5,2024Q4
2024-10-08,XLP,0.0009721044374608745,-0.0044678327025978355,5,2024Q4
2024-10-08,XLRE,0.016150434217312437,-0.0015009833569236766,5,2024Q4
2024-10-08,XLU,0.018419307209091018,-0.0006700048601950098,5,2024Q4
2024-10-08,XLV,-0.006112763079924033,-0.005324909130694278,5,2024Q4
2024-10-08,XLY,-0.00618226885593165,0.0006233670884609299,5,2024Q4
2024-10-09,XLB,0.014013232585130098,-0.0035623245654999736,5,2024Q4
2024-10-09,XLC,-0.008143099114273467,-0.0014274821832279357,5,2024Q4
2024-10-09,XLE,-0.01972362691998919,-0.004425141824157922,5,2024Q4
2024-10-09,XLF,0.031173732612885807,-0.0028613607577681758,5,2024Q4
2024-10-09,XLI,0.006774907703350319,0.0016280631493103613,5,2024Q4
2024-10-09,XLK,-0.010676077028892728,0.002221829297432797,5,2024Q4
2024-10-09,XLP,-0.0027734404073347374,-0.005501604733989497,5,2024Q4
2024-10-09,XLRE,0.015886222397448746,-0.001647800958789537,5,2024Q4
2024-10-09,XLU,0.02498287987202419,-0.0016833476735977476,5,2024Q4
2024-10-09,XLV,-0.015222655221682979,-0.0058563743046763156,5,2024Q4
2024-10-09,XLY,-0.00736396596062705,0.0009413428176243978,5,2024Q4
2024-10-10,XLB,0.010087515619174203,-0.003578897229291742,5,2024Q4
2024-10-10,XLC,0.0011269710259309562,-0.0038523608038881552,5,2024Q4
2024-10-10,XLE,-0.03528262471599031,-0.0049714599187097135,5,2024Q4
2024-10-10,XLF,0.028927473135444304,-0.0024063576168707555,5,2024Q4
2024-10-10,XLI,0.009435234684798344,0.0008321695456412004,5,2024Q4
2024-10-10,XLK,-0.012514141157909053,0.0013186759807751241,5,2024Q4
2024-10-10,XLP,-0.0017515586899961022,-0.006036013508268223,5,2024Q4
2024-10-10,XLRE,0.026022955334796816,-0.0031305441371995146,5,2024Q4
2024-10-10,XLU,0.028467545300066233,0.0013640506027945926,5,2024Q4
2024-10-10,XLV,-0.012327702258028372,-0.0074093683652137554,5,2024Q4
2024-10-10,XLY,-0.004097619150263743,0.0005614434377714988,5,2024Q4
2024-10-11,XLB,0.003336511196101233,-0.0024683762560821164,5,2024Q4
2024-10-11,XLC,-0.0021221768323258505,-0.003275271076578939,5,2024Q4
2024-10-11,XLE,-0.03651049951092211,-0.002950900175892197,5,2024Q4
2024-10-11,XLF,0.008707730578914497,0.0018299549049044963,5,2024Q4
2024-10-11,XLI,-0.004387038531242338,0.0009222693542214835,5,2024Q4
2024-10-11,XLK,-0.0018753886279703202,0.0014821651066400292,5,2024Q4
2024-10-11,XLP,-0.008090219549242272,-0.005278957201331272,5,2024Q4
2024-10-11,XLRE,0.0019921489989056518,-0.0033519966785350735,5,2024Q4
2024-10-11,XLU,0.023043726976012202,0.0014304604705057005,5,2024Q4
2024-10-11,XLV,-0.02362307771651151,-0.0026716808803230957,5,2024Q4
2024-10-11,XLY,3.222396538204997e-05,0.0013698812663974387,5,2024Q4
2024-10-15,XLB,-0.009738730832114961,-0.002534148673488553,5,2024Q4
2024-10-15,XLC,-0.006654913074737423,-0.002684545068239551,5,2024Q4
2024-10-15,XLE,-0.0005365951754341403,-0.009398369152792569,5,2024Q4
2024-10-15,XLF,-0.0007752738502901924,-0.002395460583236927,5,2024Q4
2024-10-15,XLI,-0.013921656569780061,0.00022851996871672681,5,2024Q4
2024-10-15,XLK,0.007319108929829454,0.001520548180893713,5,2024Q4
2024-10-15,XLP,-0.01192465139324217,-0.003244049172434091,5,2024Q4
2024-10-15,XLRE,-0.01491335233128821,-0.0018189039420414374,5,2024Q4
2024-10-15,XLU,0.0029501841380921157,0.00236042105249926,5,2024Q4
2024-10-15,XLV,-0.017489473774543685,-0.002032946095932763,5,2024Q4
2024-10-15,XLY,-0.009693978739664821,-0.0005122976016407807,5,2024Q4
2024-10-16,XLB,-0.006605938812930479,-0.0007549555828429448,5,2024Q4
2024-10-16,XLC,-7.166573835837298e-05,-0.0035971875274050393,5,2024Q4
2024-10-16,XLE,0.002967584766005671,-0.010525130205089694,5,2024Q4
2024-10-16,XLF,-0.000391071862863801,-0.0019154280765183449,5,2024Q4
2024-10-16,XLI,-0.010910704810460525,0.0013835757481535688,5,2024Q4
2024-10-16,XLK,0.0032166705570255694,0.0015066756796542806,5,2024Q4
2024-10-16,XLP,0.0003654097797766154,-0.005344142353680553,5,2024Q4
2024-10-16,XLRE,-0.0015428608469836291,0.0013878403086493578,5,2024Q4
2024-10-16,XLU,0.006306925652489137,0.002377313065712729,5,2024Q4
2024-10-16,XLV,-0.011387461068823268,-0.0038247529423988394,5,2024Q4
2024-10-16,XLY,-0.0169812037514121,-0.0005403452403813728,5,2024Q4
2024-10-17,XLB,-0.02222024360722019,-0.0006225898125873498,5,2024Q4
2024-10-17,XLC,0.006002975181889192,-0.0028173063633251936,5,2024Q4
2024-10-17,XLE,-0.003927000585250862,-0.009705700031376024,5,2024Q4
2024-10-17,XLF,-0.004321404736514434,-0.0017019778509034342,5,2024Q4
2024-10-17,XLI,-0.01691380017245392,0.0009177568948117166,5,2024Q4
2024-10-17,XLK,0.0010377668373897642,0.0022931636045199428,5,2024Q4
2024-10-17,XLP,0.0014408453432551704,-0.004953383909011875,5,2024Q4
2024-10-17,XLRE,0.005115357863504588,-8.021504483454018e-05,5,2024Q4
2024-10-17,XLU,0.0066904555581787095,0.0008731888109733291,5,2024Q4
2024-10-17,XLV,-0.01421465790431764,-0.00375266745505699,5,2024Q4
2024-10-17,XLY,0.012636762718613137,-0.000333520310999568,5,2024Q4
2024-10-18,XLB,-0.028097071150245734,-0.0002790358826783621,5,2024Q4
2024-10-18,XLC,0.005328536781523119,-0.0016308728102062357,5,2024Q4
2024-10-18,XLE,0.0031843358308039083,-0.01156842240945308,5,2024Q4
2024-10-18,XLF,-0.011295750923449366,-0.0017162238496871728,5,2024Q4
2024-10-18,XLI,-0.01829391712800066,0.0014469105625233296,5,2024Q4
2024-10-18,XLK,0.00680880448576715,0.0023381652527401033,5,2024Q4
2024-10-18,XLP,-0.004854415742370888,-0.0040374452011962825,5,2024Q4
2024-10-18,XLRE,-0.0054815802153571624,0.002914182680923802,5,2024Q4
2024-10-18,XLU,-0.009664189900002507,0.0055962420066407136,5,2024Q4
2024-10-18,XLV,-0.020154178208635742,-0.004661123165988275,5,2024Q4
2024-10-18,XLY,0.016009797396941083,0.0008993551484509942,5,2024Q4
2024-10-21,XLB,-0.01729162239579951,-0.00236129773476911,5,2024Q4
2024-10-21,XLC,0.010960210037481266,-0.002118408046868161,5,2024Q4
2024-10-21,XLE,-0.0048615938933327385,-0.0028492757418620545,5,2024Q4
2024-10-21,XLF,0.004162505059903898,-0.002601460109136677,5,2024Q4
2024-10-21,XLI,-0.016675274604399326,0.003277436852317428,5,2024Q4
2024-10-21,XLK,-0.0028320791105793663,0.0020494711383719447,5,2024Q4
2024-10-21,XLP,0.0006283387614038904,-0.004740982975980296,5,2024Q4
2024-10-21,XLRE,0.013697605739267038,-0.0027906733353807844,5,2024Q4
2024-10-21,XLU,-0.002797686747515127,0.0013554484385975435,5,2024Q4
2024-10-21,XLV,-0.01185478907267945,-0.0027344975568041907,5,2024Q4
2024-10-21,XLY,0.02156862495959544,9.380364555212212e-05,5,2024Q4
2024-10-22,XLB,-0.01671981484619567,-0.003091457150140183,5,2024Q4
2024-10-22,XLC,0.01683302776904938,-0.0015818302054512665,5,2024Q4
2024-10-22,XLE,-0.024369823433801896,-0.008049443391562806,5,2024Q4
2024-10-22,XLF,-0.002220845187262621,-0.0018793204165653567,5,2024Q4
2024-10-22,XLI,-0.008137836523477993,0.0031469506645096855,5,2024Q4
2024-10-22,XLK,0.009431745125048074,0.002148492655744803,5,2024Q4
2024-10-22,XLP,-0.016852612282887702,-0.003067402820541617,5,2024Q4
2024-10-22,XLRE,0.00083446492838124,-0.00022768145587976794,5,2024Q4
2024-10-22,XLU,-0.022668589374564507,0.0018094959989982831,5,2024Q4
2024-10-22,XLV,-0.01527675180350585,-0.0031926370037475373,5,2024Q4
2024-10-22,XLY,0.018228313351796865,0.0010525367163910083,5,2024Q4
2024-10-23,XLB,-0.014881060480424035,-0.0020749175891262833,5,2024Q4
2024-10-23,XLC,0.024630475876877167,-0.003099697327643413,5,2024Q4
2024-10-23,XLE,-0.023203143174284402,-0.006472204697385799,5,2024Q4
2024-10-23,XLF,-0.003070331838879836,-0.0019519559322610299,5,2024Q4
2024-10-23,XLI,-0.013077898683089617,0.0038552785380685335,5,2024Q4
2024-10-23,XLK,0.0016708261211071385,0.001857420852056858,5,2024Q4
2024-10-23,XLP,-0.022676299597567673,-0.002915170829625845,5,2024Q4
2024-10-23,XLRE,-0.011391982066820128,0.0005797739666251371,5,2024Q4
2024-10-23,XLU,-0.04039209372871844,0.0059849464726472795,5,2024Q4
2024-10-23,XLV,-0.01865444462154786,-0.002480542336908417,5,2024Q4
2024-10-23,XLY,0.02685656754621779,-0.0013995001839634158,5,2024Q4
2024-10-24,XLB,0.005926744724489397,-0.003581657768436939,5,2024Q4
2024-10-24,XLC,0.03396967123077932,-0.0028689840087543837,5,2024Q4
2024-10-24,XLE,0.004825453643350297,-0.004693261317369628,5,2024Q4
2024-10-24,XLF,0.004089872984551435,-0.0016800051693297794,5,2024Q4
2024-10-24,XLI,0.0040835771759042405,0.0024182039118457736,5,2024Q4
2024-10-24,XLK,-0.011643415048801287,0.003194985376535622,5,2024Q4
2024-10-24,XLP,-0.001519096925213237,-0.003372748929891313,5,2024Q4
2024-10-24,XLRE,-0.009165264637004622,-0.00022829923202756616,5,2024Q4
2024-10-24,XLU,-0.0022909175002160387,0.0025205249814043663,5,2024Q4
2024-10-24,XLV,0.0012996403814168334,-0.002100127248964502,5,2024Q4
2024-10-24,XLY,0.0018646328586710004,0.0007013072337910787,5,2024Q4
2024-10-25,XLB,0.0049824250729118,-0.0018231134075166828,5,2024Q4
2024-10-25,XLC,0.03087706097109033,-0.0021115190068556433,5,2024Q4
2024-10-25,XLE,-0.005566896064835181,-0.007762501573632627,5,2024Q4
2024-10-25,XLF,0.014030425476804997,-0.0013427138055788093,5,2024Q4
2024-10-25,XLI,0.0035500923853793998,0.0029337155893046822,5,2024Q4
2024-10-25,XLK,-0.013888227790587737,0.005896831013839592,5,2024Q4
2024-10-25,XLP,0.0025897191038851686,-0.0018780045564370065,5,2024Q4
2024-10-25,XLRE,-0.016363289004976078,0.0023013381046410788,5,2024Q4
2024-10-25,XLU,-0.01417606655757353,0.0029719932409742788,5,2024Q4
2024-10-25,XLV,0.008095532471474876,-0.0027471174789085377,5,2024Q4
2024-10-25,XLY,0.010230492451963613,0.002359393558974082,5,2024Q4
2024-10-28,XLB,0.006306604740042854,-0.002372660775105394,5,2024Q4
2024-10-28,XLC,0.02619148640735447,-0.0015601028276951805,5,2024Q4
2024-10-28,XLE,0.0231208312613409,-0.006695949274421404,5,2024Q4
2024-10-28,XLF,-0.0007263670691790569,-0.0030914290444471327,5,2024Q4
2024-10-28,XLI,0.004687134912846558,0.0023775012860516188,5,2024Q4
2024-10-28,XLK,-0.009174140637248418,0.004386682037579591,5,2024Q4
2024-10-28,XLP,0.00862929544902269,-0.0025245157175409648,5,2024Q4
2024-10-28,XLRE,-0.0034202745291026515,-0.002068154598316606,5,2024Q4
2024-10-28,XLU,-0.028058381513696995,0.00414378716079475,5,2024Q4
2024-10-28,XLV,0.005264093066580489,-0.003249084361173042,5,2024Q4
2024-10-28,XLY,0.009632626623044094,0.0012394676495044244,5,2024Q4
2024-10-29,XLB,0.003934161649774892,-0.004320446250006257,5,2024Q4
2024-10-29,XLC,0.017599820491689844,-0.00302287281712388,5,2024Q4
2024-10-29,XLE,0.03524028510381272,-0.0058537156232511016,5,2024Q4
2024-10-29,XLF,0.00423908086825775,-0.0008170741224996521,5,2024Q4
2024-10-29,XLI,0.01225408518112081,0.0009144585301103543,5,2024Q4
2024-10-29,XLK,-0.018843933447942107,0.0024656816953312934,5,2024Q4
2024-10-29,XLP,0.014559828341803582,-0.0024712928538354545,5,2024Q4
2024-10-29,XLRE,0.008714784193065928,-0.003129314266873572,5,2024Q4
2024-10-29,XLU,-0.0028896557665708533,-0.00042908837702074556,5,2024Q4
2024-10-29,XLV,0.005008584732149379,0.0005005194199830357,5,2024Q4
2024-10-29,XLY,0.02219927702630775,-0.002116677102459562,5,2024Q4
2024-10-30,XLB,-0.015530015783824291,-0.003944710943905352,5,2024Q4
2024-10-30,XLC,0.008446737548589711,-0.0018942063845019822,5,2024Q4
2024-10-30,XLE,0.04368185978337924,0.001072807363613956,5,2024Q4
2024-10-30,XLF,0.03233042365106531,-0.0006997124225773946,5,2024Q4
2024-10-30,XLI,0.025594948526723726,-0.0008738322533441678,5,2024Q4
2024-10-30,XLK,-0.002728424324190737,0.00022125745546989302,5,2024Q4
2024-10-30,XLP,-0.02798552336696214,-0.0003544402688144435,5,2024Q4
2024-10-30,XLRE,-0.049264809794418274,0.0015289080678129357,5,2024Q4
2024-10-30,XLU,-0.03848840167951639,0.0021268912045185663,5,2024Q4
2024-10-30,XLV,-0.019557016120989035,-6.804925727845444e-05,5,2024Q4
2024-10-30,XLY,0.028344926958623784,-0.002827989371494522,5,2024Q4
2024-10-31,XLB,-0.026548773401284587,-0.001977583208958696,5,2024Q4
2024-10-31,XLC,0.0026579654389211615,0.0011497347404786896,5,2024Q4
2024-10-31,XLE,0.0038183658184436364,0.0028008581913191665,5,2024Q4
2024-10-31,XLF,0.0014092566907231152,0.0017344258211012863,5,2024Q4
2024-10-31,XLI,0.0030081684295217848,0.0036169055933819257,5,2024Q4
2024-10-31,XLK,0.020875582345083687,0.002400812485865684,5,2024Q4
2024-10-31,XLP,-0.05079889837444185,0.0020736438216921458,5,2024Q4
2024-10-31,XLRE,-0.048123397736509754,0.004289776441695363,5,2024Q4
2024-10-31,XLU,-0.07521020720271476,0.007046942133639226,5,2024Q4
2024-10-31,XLV,-0.03217737025945144,-0.0026136177024664686,5,2024Q4
2024-10-31,XLY,0.029873093536112894,0.0005296600114436431,5,2024Q4
2024-11-01,XLB,-0.03315634127609646,-0.003067247018235816,5,2024Q4
2024-11-01,XLC,-0.006635739575638677,-0.000979863686098772,5,2024Q4
2024-11-01,XLE,0.017433017976022258,0.003946788158490349,5,2024Q4
2024-11-01,XLF,0.007129269000690552,-0.0025354448001187898,5,2024Q4
2024-11-01,XLI,0.012749177425127822,0.0012412257963712522,5,2024Q4
2024-11-01,XLK,0.011630731124845584,0.00119073050192747,5,2024Q4
2024-11-01,XLP,-0.03918550422147349,0.0005975299348507514,5,2024Q4
2024-11-01,XLRE,-0.020170005964374127,0.005755511786942719,5,2024Q4
2024-11-01,XLU,-0.034105690589682824,0.003610234538909762,5,2024Q4
2024-11-01,XLV,-0.03102933028167021,-0.0020589881451209668,5,2024Q4
2024-11-01,XLY,0.02757136722630027,-0.0012295438755302117,5,2024Q4
2024-11-04,XLB,-0.05908802590972051,-0.00476374730188524,5,2024Q4
2024-11-04,XLC,0.007512674481612525,-0.0008960801604788744,5,2024Q4
2024-11-04,XLE,-0.0005398186421987639,-0.00574477420294622,5,2024Q4
2024-11-04,XLF,0.02722015315815063,-0.0009456185231781724,5,2024Q4
2024-11-04,XLI,0.012968818445391106,0.0007825085236705323,5,2024Q4
2024-11-04,XLK,0.007924002908435535,0.0022937173452104572,5,2024Q4
2024-11-04,XLP,-0.04430712522771607,-0.0024496668640246414,5,2024Q4
2024-11-04,XLRE,-0.0530951479064915,-0.000405260068239032,5,2024Q4
2024-11-04,XLU,-0.03083231861761404,0.0006096914047679345,5,2024Q4
2024-11-04,XLV,-0.044476141510646494,-0.004736994795366817,5,2024Q4
2024-11-04,XLY,0.03836555999230895,-0.0013561098594258737,5,2024Q4
2024-11-05,XLB,-0.04620437522776388,-0.004000419579545435,5,2024Q4
2024-11-05,XLC,0.008396800337422183,1.2267796600404614e-05,5,2024Q4
2024-11-05,XLE,0.012601569364796728,-0.004782345482521971,5,2024Q4
2024-11-05,XLF,0.02998085913708093,-0.0013928056311188805,5,2024Q4
2024-11-05,XLI,0.009731099453973435,0.0007401328410597211,5,2024Q4
2024-11-05,XLK,0.0016689043485695887,0.00171954015520286,5,2024Q4
2024-11-05,XLP,-0.035653378125859114,-0.0003097830461082267,5,2024Q4
2024-11-05,XLRE,-0.04671439920171716,0.0008136057609090049,5,2024Q4
2024-11-05,XLU,-0.03565735429610306,0.0014913002973296527,5,2024Q4
2024-11-05,XLV,-0.042428622169482066,-0.004228190903516724,5,2024Q4
2024-11-05,XLY,0.04060488953871033,0.0014683861481784876,5,2024Q4
2024-11-06,XLB,-0.03602376978077437,-0.005481808322220606,5,2024Q4
2024-11-06,XLC,0.01380651977993641,0.00040961043676418973,5,2024Q4
2024-11-06,XLE,0.010093345216455107,-0.0029597771511068165,5,2024Q4
2024-11-06,XLF,-0.002092017791963219,0.0022938150587916923,5,2024Q4
2024-11-06,XLI,-0.015009262886807817,0.004094501673883681,5,2024Q4
2024-11-06,XLK,0.0011484167423727598,0.003123118014118963,5,2024Q4
2024-11-06,XLP,0.01004336962388952,-0.0011990945834622693,5,2024Q4
2024-11-06,XLRE,0.0028927607874844607,-0.0023300630685493652,5,2024Q4
2024-11-06,XLU,0.002925935535241564,-0.0009038810704941978,5,2024Q4
2024-11-06,XLV,-0.02768572238703393,0.0026177858644910548,5,2024Q4
2024-11-06,XLY,0.02407368073381,-0.0029339070695774184,5,2024Q4
2024-11-07,XLB,-0.026029977879512445,-0.005075913870923237,5,2024Q4
2024-11-07,XLC,0.0010345395482986852,-0.0010215250365778847,5,2024Q4
2024-11-07,XLE,0.03373474239765528,-0.003911824605923418,5,2024Q4
2024-11-07,XLF,0.039528815749765744,-0.0011125394247191345,5,2024Q4
2024-11-07,XLI,0.006097777304642782,0.0021348575238596874,5,2024Q4
2024-11-07,XLK,-0.02013158483861044,0.0030722591201275086,5,2024Q4
2024-11-07,XLP,0.017932039743471906,-0.003562259940803534,5,2024Q4
2024-11-07,XLRE,0.012153252235216683,-0.0029474029290243297,5,2024Q4
2024-11-07,XLU,0.036634261126031076,-0.0023867937169620396,5,2024Q4
2024-11-07,XLV,-0.03220149520635174,0.0010645237350291005,5,2024Q4
2024-11-07,XLY,0.02282478820721101,-0.0013292841571731283,5,2024Q4
2024-11-08,XLB,-0.009467755161824631,-0.005331721058656973,5,2024Q4
2024-11-08,XLC,0.015848219483735493,-0.0012357619089406501,5,2024Q4
2024-11-08,XLE,0.040677298294299,-0.0021184249075183914,5,2024Q4
2024-11-08,XLF,0.033657313202478334,-0.0011596234220578754,5,2024Q4
2024-11-08,XLI,-0.005525838684611206,0.0013620637274911755,5,2024Q4
2024-11-08,XLK,-0.015725733133148068,0.0029563662026666337,5,2024Q4
2024-11-08,XLP,0.013072012473957506,-0.0024190451742513203,5,2024Q4
2024-11-08,XLRE,0.004258344373400225,-0.0027340911601090793,5,2024Q4
2024-11-08,XLU,0.026382348391124633,-0.0023687883269471453,5,2024Q4
2024-11-08,XLV,-0.03808352738155674,0.0029598934865312045,5,2024Q4
2024-11-08,XLY,0.018132049750850254,-0.0059357145858286355,5,2024Q4
2024-11-12,XLB,0.0027292029077916613,-0.003948754551639315,5,2024Q4
2024-11-12,XLC,0.006528515899458909,-0.0001855000599472213,5,2024Q4
2024-11-12,XLE,0.028118335577636544,-0.0034886701919185385,5,2024Q4
2024-11-12,XLF,0.01005190131589262,-0.00037361303862893584,5,2024Q4
2024-11-12,XLI,-0.011202662993324952,0.0021535208433319892,5,2024Q4
2024-11-12,XLK,-0.00935362737826706,0.0023984802516474057,5,2024Q4
2024-11-12,XLP,0.011057128497235724,-0.003915711986497209,5,2024Q4
2024-11-12,XLRE,0.024086444458147782,-0.005913840027301723,5,2024Q4
2024-11-12,XLU,0.0360284624251247,-0.0036021440726471963,5,2024Q4
2024-11-12,XLV,-0.029766129212314585,0.004401814028271536,5,2024Q4
2024-11-12,XLY,0.006623562709584974,-0.010389332709447634,5,2024Q4
2024-11-13,XLB,0.00861290941752868,-0.002436840325080661,5,2024Q4
2024-11-13,XLC,0.012642794095282017,-0.000839639209478724,5,2024Q4
2024-11-13,XLE,0.03056549524433172,-0.0029850960433181303,5,2024Q4
2024-11-13,XLF,0.0065812070913601195,0.00010297528254278382,5,2024Q4
2024-11-13,XLI,-0.012064792257648671,0.0024725580431762552,5,2024Q4
2024-11-13,XLK,-0.006644813412885919,0.0025742576196506645,5,2024Q4
2024-11-13,XLP,0.0031648736814285927,-0.003101264521556688,5,2024Q4
2024-11-13,XLRE,0.014665068755291166,-0.004042057943723525,5,2024Q4
2024-11-13,XLU,0.038515802464922144,-0.003199820130913462,5,2024Q4
2024-11-13,XLV,-0.015699394415885193,0.00604088285261374,5,2024Q4
2024-11-13,XLY,-0.006015229050840398,-0.012694724349917553,5,2024Q4
2024-11-14,XLB,0.01741108095138877,-0.0030303631475848713,5,2024Q4
2024-11-14,XLC,-0.0005393106935196457,-0.0003240218060996931,5,2024Q4
2024-11-14,XLE,0.023177354216356916,-0.002147120530260667,5,2024Q4
2024-11-14,XLF,0.010137562795601962,-0.003040613601902988,5,2024Q4
2024-11-14,XLI,0.005395195240986084,0.0013925285420888578,5,2024Q4
2024-11-14,XLK,-0.005016349878272153,0.002979752740245184,5,2024Q4
2024-11-14,XLP,0.004667085736379972,-0.003780221957438187,5,2024Q4
2024-11-14,XLRE,0.01879448851449328,-0.005272856337512847,5,2024Q4
2024-11-14,XLU,0.04825679586385734,-0.0022336373524645056,5,2024Q4
2024-11-14,XLV,-0.003929844875639854,0.012821654951218597,5,2024Q4
2024-11-14,XLY,-0.0018399424289340383,-0.006926837148041079,5,2024Q4
2024-11-15,XLB,0.01412200101520078,-0.003058542129573319,5,2024Q4
2024-11-15,XLC,0.0015194195475884964,-0.00019442709474074747,5,2024Q4
2024-11-15,XLE,0.010150648974764254,-0.00029227423430625476,5,2024Q4
2024-11-15,XLF,0.0005824379408656544,-0.0017716432527296795,5,2024Q4
2024-11-15,XLI,0.008785088965511667,0.001062818623473087,5,2024Q4
2024-11-15,XLK,0.004718389263107525,0.0011675361379918645,5,2024Q4
2024-11-15,XLP,0.006849357243709608,-0.002689087586938369,5,2024Q4
2024-11-15,XLRE,0.009163566931149836,-0.005661670507577031,5,2024Q4
2024-11-15,XLU,0.011097853731701024,-0.003049456566358698,5,2024Q4
2024-11-15,XLV,-0.00030594065340605603,0.015230546918718767,5,2024Q4
2024-11-15,XLY,0.0051704349489787305,-0.005015374999128826,5,2024Q4
2024-11-18,XLB,0.017424880233027906,-0.004125847740650735,5,2024Q4
2024-11-18,XLC,-0.0025233983623222933,0.0010871861139524958,5,2024Q4
2024-11-18,XLE,-0.022615673688769822,-0.0007307997745984782,5,2024Q4
2024-11-18,XLF,0.004843370821355997,-0.0019805062772145286,5,2024Q4
2024-11-18,XLI,0.017308238027367473,0.0008330573219102245,5,2024Q4
2024-11-18,XLK,0.0020948341497315504,0.0023460603531791197,5,2024Q4
2024-11-18,XLP,0.00603380373909812,-0.0030067826043682164,5,2024Q4
2024-11-18,XLRE,0.014494491922731001,-0.005122613189574984,5,2024Q4
2024-11-18,XLU,0.004817261675322149,-0.003065729285808916,5,2024Q4
2024-11-18,XLV,0.008357732302351817,0.012198693029472511,5,2024Q4
2024-11-18,XLY,0.0068918527609231894,-0.008662228076625277,5,2024Q4
2024-11-19,XLB,0.011477339687658183,-0.0019773924856803186,5,2024Q4
2024-11-19,XLC,-0.0069875518567545924,0.0022350572349892337,5,2024Q4
2024-11-19,XLE,-0.019210958088169416,-0.0010075872808604134,5,2024Q4
2024-11-19,XLF,0.012049959622606021,-0.0031488912862596345,5,2024Q4
2024-11-19,XLI,0.017841182205501793,0.0007762684990405351,5,2024Q4
2024-11-19,XLK,-0.002706154576875841,0.00260264140480928,5,2024Q4
2024-11-19,XLP,0.007271205712745532,-0.0029188320192957773,5,2024Q4
2024-11-19,XLRE,0.01370218781960486,-0.005124742687151898,5,2024Q4
2024-11-19,XLU,0.012920240385086101,-0.0013652946825269791,5,2024Q4
2024-11-19,XLV,0.01759153358398513,0.01240947988955354,5,2024Q4
2024-11-19,XLY,0.00825862853337278,-0.00846864907440479,5,2024Q4
2024-11-20,XLB,0.006014470424736462,-0.0031386886020261405,5,2024Q4
2024-11-20,XLC,-0.008661856700685311,0.0017811918172270182,5,2024Q4
2024-11-20,XLE,-0.02677017274235327,-0.0008587178977539656,5,2024Q4
2024-11-20,XLF,0.02061272940519321,-0.0037097265950236055,5,2024Q4
2024-11-20,XLI,0.01633591600728712,-0.00013383563421345216,5,2024Q4
2024-11-20,XLK,-0.012159732988018757,0.0025354310082604118,5,2024Q4
2024-11-20,XLP,0.018054866475363696,-0.0034703183810585975,5,2024Q4
2024-11-20,XLRE,0.02592091599859514,-0.006921376377225241,5,2024Q4
2024-11-20,XLU,0.015834918406723242,-0.0013724485647436536,5,2024Q4
2024-11-20,XLV,0.01437875308282588,0.013922900365115868,5,2024Q4
2024-11-20,XLY,0.011147247944913286,-0.0038681909988307664,5,2024Q4
2024-11-21,XLB,-0.0020263097037427347,-0.0036299379078574452,5,2024Q4
2024-11-21,XLC,-0.0014651691422371549,0.0018023064413682341,5,2024Q4
2024-11-21,XLE,-0.03132930401735001,-0.0009585648052545282,5,2024Q4
2024-11-21,XLF,0.008362904746329614,-0.0028410474512120497,5,2024Q4
2024-11-21,XLI,0.008498020022101205,0.0017366425201916853,5,2024Q4
2024-11-21,XLK,-0.01388704931597462,0.0019411404551335984,5,2024Q4
2024-11-21,XLP,0.011309305776758816,-0.0034773852197291515,5,2024Q4
2024-11-21,XLRE,0.01337857541486831,-0.005847933365043859,5,2024Q4
2024-11-21,XLU,-0.0022578414755829446,0.0037917764432999178,5,2024Q4
2024-11-21,XLV,0.00850952835340002,0.010896111301164127,5,2024Q4
2024-11-21,XLY,0.01899568353101988,-0.005811022155814976,5,2024Q4
2024-11-22,XLB,-0.006939654495532022,-0.002243105525313577,5,2024Q4
2024-11-22,XLC,0.010415000231362548,0.0016347277442044813,5,2024Q4
2024-11-22,XLE,-0.04190719206761506,0.004159645489668686,5,2024Q4
2024-11-22,XLF,-0.011664151177066762,-0.0019542268937873487,5,2024Q4
2024-11-22,XLI,-0.011672525235477682,0.004248508230749015,5,2024Q4
2024-11-22,XLK,-0.0035754398555123412,0.003632281039797917,5,2024Q4
2024-11-22,XLP,0.0020049023424282275,0.0006559543729120865,5,2024Q4
2024-11-22,XLRE,-0.008418768958188272,-0.0021987735254495495,5,2024Q4
2024-11-22,XLU,-0.01731861261466361,0.004755893789463348,5,2024Q4
2024-11-22,XLV,0.007105472144852687,0.010473676564961247,5,2024Q4
2024-11-22,XLY,0.014516852388211543,-0.005940669517827828,5,2024Q4
2024-11-25,XLB,-0.01740987811282535,-0.0017490689789700846,5,2024Q4
2024-11-25,XLC,0.01633031092669235,0.0008702586169590557,5,2024Q4
2024-11-25,XLE,-0.019486936832452617,0.0010678542303241129,5,2024Q4
2024-11-25,XLF,-0.022624017507665184,-0.00733817422838532,5,2024Q4
2024-11-25,XLI,-0.021197003928305036,0.0026115225215448184,5,2024Q4
2024-11-25,XLK,0.0030647384582207504,0.002432659593489239,5,2024Q4
2024-11-25,XLP,-0.005816430228204883,0.0011079908125993382,5,2024Q4
2024-11-25,XLRE,-0.024553742959246505,0.0009462136077011294,5,2024Q4
2024-11-25,XLU,-0.02477042542453345,0.0045780950239750215,5,2024Q4
2024-11-25,XLV,-0.0008416736156731108,0.00980402183384393,5,2024Q4
2024-11-25,XLY,0.006297250023079348,-0.009102235419622254,5,2024Q4
2024-11-26,XLB,-0.020679699094749315,-0.000414252895380895,5,2024Q4
2024-11-26,XLC,0.0139073741663569,-0.00034167839803971386,5,2024Q4
2024-11-26,XLE,-0.043071656269315195,0.0033190141334703696,5,2024Q4
2024-11-26,XLF,-0.029262558733121113,-0.005774170546808627,5,2024Q4
2024-11-26,XLI,-0.01904665557178875,0.002626213137893341,5,2024Q4
2024-11-26,XLK,0.015463404308534656,-0.00197406954392641,5,2024Q4
2024-11-26,XLP,-0.013728054239195542,0.0008414724417621601,5,2024Q4
2024-11-26,XLRE,-0.03305153641090741,0.0010234494816851215,5,2024Q4
2024-11-26,XLU,-0.041344996478985374,0.007596133181284756,5,2024Q4
2024-11-26,XLV,-0.007771121090734523,0.00969458593337876,5,2024Q4
2024-11-26,XLY,0.011030888171393416,-0.00941214573440945,5,2024Q4
2024-11-27,XLB,-0.03460253857694828,-0.000992071806904442,5,2024Q4
2024-11-27,XLC,0.008790243048123925,-2.1530642592143957e-06,5,2024Q4
2024-11-27,XLE,-0.039673478716634514,0.0004039190861219882,5,2024Q4
2024-11-27,XLF,-0.029657627535614073,-0.009242326975541015,5,2024Q4
2024-11-27,XLI,-0.02885982463960901,0.0028834673078915103,5,2024Q4
2024-11-27,XLK,0.022894793824553394,0.0012938980447229447,5,2024Q4
2024-11-27,XLP,-0.013196270166437873,-0.0009363341850453354,5,2024Q4
2024-11-27,XLRE,-0.04359971752482039,0.0019059299861386493,5,2024Q4
2024-11-27,XLU,-0.03973412206879412,0.004746455986107429,5,2024Q4
2024-11-27,XLV,-0.025664813313487578,0.008946476395189364,5,2024Q4
2024-11-27,XLY,0.023099743645719206,-0.010998583137525733,5,2024Q4
2024-11-29,XLB,-0.03901021593726406,0.0011705480460278339,5,2024Q4
2024-11-29,XLC,0.016981816102701774,-0.0020017971133956276,5,2024Q4
2024-11-29,XLE,-0.05593986644030391,0.004425161064679637,5,2024Q4
2024-11-29,XLF,-0.02703887649027792,-0.005029698078842804,5,2024Q4
2024-11-29,XLI,-0.03255066469852819,0.0018124348828068015,5,2024Q4
2024-11-29,XLK,0.021690149044714335,-0.00040990590287264504,5,2024Q4
2024-11-29,XLP,-0.01882329348047762,0.0009738028370182331,5,2024Q4
2024-11-29,XLRE,-0.036062899344452504,-0.00013552947124856698,5,2024Q4
2024-11-29,XLU,-0.04779866042809755,0.006423356692685995,5,2024Q4
2024-11-29,XLV,-0.029962860902917665,0.010139158743826844,5,2024Q4
2024-11-29,XLY,0.03850390227498046,-0.01215644749029061,5,2024Q4
2024-12-02,XLB,-0.03161700995296024,0.0013731534099415462,5,2024Q4
2024-12-02,XLC,-0.006073716669126039,-0.002019783655505955,5,2024Q4
2024-12-02,XLE,-0.04035564205999309,0.0005703358713396466,5,2024Q4
2024-12-02,XLF,-0.023773707922078224,-0.006035599461291699,5,2024Q4
2024-12-02,XLI,-0.02685666640215767,0.0019232473811300692,5,2024Q4
2024-12-02,XLK,0.012331301537964912,0.0019339009746056224,5,2024Q4
2024-12-02,XLP,-0.012206271164364235,0.003358844961523791,5,2024Q4
2024-12-02,XLRE,-0.01211853754101766,0.0012010585316072392,5,2024Q4
2024-12-02,XLU,-0.03205370907120986,0.0006863285708759651,5,2024Q4
2024-12-02,XLV,-0.01838915336931246,0.010531345162854805,5,2024Q4
2024-12-02,XLY,0.03313387381298538,-0.011724095568757774,5,2024Q4
2024-12-03,XLB,-0.03491266619161748,0.00106289808059411,5,2024Q4
2024-12-03,XLC,0.0050377022538509175,-0.0018564513763133423,5,2024Q4
2024-12-03,XLE,-0.04323657305906847,0.001964169001757577,5,2024Q4
2024-12-03,XLF,-0.013028181940682892,-0.005855647814453572,5,2024Q4
2024-12-03,XLI,-0.019495498865240046,0.0007887323130254073,5,2024Q4
2024-12-03,XLK,-0.0017515048051728321,0.0030344913002773757,5,2024Q4
2024-12-03,XLP,0.0012333541846066831,0.00504219099910176,5,2024Q4
2024-12-03,XLRE,-0.018815631886180295,-0.00028399704281151976,5,2024Q4
2024-12-03,XLU,-0.02712406603171935,0.004928637344065036,5,2024Q4
2024-12-03,XLV,-0.016688064142401315,0.010781819333402755,5,2024Q4
2024-12-03,XLY,0.03919242040099469,-0.006753955515897305,5,2024Q4
2024-12-04,XLB,-0.03036605574359874,0.005632557696849266,5,2024Q4
2024-12-04,XLC,0.01758771083159405,0.0004116170393293106,5,2024Q4
2024-12-04,XLE,-0.019512568675405406,0.002298095197845554,5,2024Q4
2024-12-04,XLF,-0.008823276058921636,-0.002622774970686092,5,2024Q4
2024-12-04,XLI,-0.027501222591142627,0.0044076458453872315,5,2024Q4
2024-12-04,XLK,-0.00696983593982714,0.0023894085306123054,5,2024Q4
2024-12-04,XLP,-0.0051280599433336516,0.010720267672708334,5,2024Q4
2024-12-04,XLRE,-0.020153344681601126,0.007900464036230518,5,2024Q4
2024-12-04,XLU,-0.03460373779711723,0.008866767395450842,5,2024Q4
2024-12-04,XLV,-0.031018830960268584,0.014565213744547615,5,2024Q4
2024-12-04,XLY,0.046183652757573634,-0.006876062228869504,5,2024Q4
2024-12-05,XLB,-0.020761010819712045,0.005062212356204859,5,2024Q4
2024-12-05,XLC,0.025338551761149186,0.00030501794418532176,5,2024Q4
2024-12-05,XLE,-0.027696181486554283,0.002684390699585216,5,2024Q4
2024-12-05,XLF,-0.012624285559562298,-0.0023924410820241144,5,2024Q4
2024-12-05,XLI,-0.018370482104127395,0.002771823173420197,5,2024Q4
2024-12-05,XLK,-0.0039955703891383365,0.002597843754274333,5,2024Q4
2024-12-05,XLP,-0.00268182532905592,0.011271758887834762,5,2024Q4
2024-12-05,XLRE,-0.014867945499231983,0.009555966393486003,5,2024Q4
2024-12-05,XLU,-0.03457793769041373,0.007548838735138629,5,2024Q4
2024-12-05,XLV,-0.024346755380087126,0.01510352873573167,5,2024Q4
2024-12-05,XLY,0.032612631370732115,-0.008574547590170139,5,2024Q4
2024-12-06,XLB,-0.023236056313094333,0.004895269892388639,5,2024Q4
2024-12-06,XLC,0.00602198210824012,0.0005031695836934856,5,2024Q4
2024-12-06,XLE,-0.013852969895475242,0.0009428703040850111,5,2024Q4
2024-12-06,XLF,-0.011140588524557238,0.0009900306090589316,5,2024Q4
2024-12-06,XLI,-0.016345167035908714,0.002932285346075701,5,2024Q4
2024-12-06,XLK,-0.0015094166736544512,0.0028783058431440973,5,2024Q4
2024-12-06,XLP,0.0017956881954048765,0.007340368749693843,5,2024Q4
2024-12-06,XLRE,-0.015552993193987397,0.00876411986368782,5,2024Q4
2024-12-06,XLU,-0.019801779608260572,0.010549763408282195,5,2024Q4
2024-12-06,XLV,-0.01687997974357147,0.014835719537690346,5,2024Q4
2024-12-06,XLY,0.01747788635680414,-0.010961740197092156,5,2024Q4
2024-12-09,XLB,-0.04103433959484293,0.005151008581596029,5,2024Q4
2024-12-09,XLC,0.02232549333126954,-0.00018992036564792594,5,2024Q4
2024-12-09,XLE,-0.043216531610279274,0.0022888538158592595,5,2024Q4
2024-12-09,XLF,-0.00871978491324299,0.00010075950932220221,5,2024Q4
2024-12-09,XLI,-0.016335724262574236,0.0023331798160774165,5,2024Q4
2024-12-09,XLK,0.005579803344365031,0.0027659889986954914,5,2024Q4
2024-12-09,XLP,-0.011270603979939287,0.003927505096042567,5,2024Q4
2024-12-09,XLRE,-0.031989220966565646,0.008266889286270836,5,2024Q4
2024-12-09,XLU,-0.024711967709181937,0.008527357516023648,5,2024Q4
2024-12-09,XLV,-0.04073893065098899,0.014754152846179768,5,2024Q4
2024-12-09,XLY,0.02503765609429487,-0.010887570401421496,5,2024Q4
2024-12-10,XLB,-0.035456954954212194,0.008254995763892391,5,2024Q4
2024-12-10,XLC,-7.969222468307002e-05,0.0027044762666743145,5,2024Q4
2024-12-10,XLE,-0.04280420824701714,0.006008409316432289,5,2024Q4
2024-12-10,XLF,-0.01454423288236395,0.0007789503571162145,5,2024Q4
2024-12-10,XLI,-0.021968201152415934,0.004323813009112557,5,2024Q4
2024-12-10,XLK,0.014608091532444467,0.0017197915350549966,5,2024Q4
2024-12-10,XLP,-0.016629591111116837,0.0057271080836082825,5,2024Q4
2024-12-10,XLRE,-0.019389527127556816,0.011877287712219884,5,2024Q4
2024-12-10,XLU,-0.020648961613171646,0.011178771304110964,5,2024Q4
2024-12-10,XLV,-0.03640656579727164,0.017577979928137873,5,2024Q4
2024-12-10,XLY,0.02760047844185398,-0.010674951405277208,5,2024Q4
2024-12-11,XLB,-0.02228897401751706,0.012773175351607826,5,2024Q4
2024-12-11,XLC,-0.007008568025490436,0.0014988763719769303,5,2024Q4
2024-12-11,XLE,-0.03537686956481201,0.0018738297838362008,5,2024Q4
2024-12-11,XLF,-0.008707803921708446,0.0016776002002213725,5,2024Q4
2024-12-11,XLI,-0.010129180225886936,0.003498962761829833,5,2024Q4
2024-12-11,XLK,0.005079970310953419,0.0026728780363518933,5,2024Q4
2024-12-11,XLP,0.013161823104871129,0.010261166073138,5,2024Q4
2024-12-11,XLRE,-0.018107484428120824,0.011018779344425002,5,2024Q4
2024-12-11,XLU,-0.00042913986447479235,0.013317619875723384,5,2024Q4
2024-12-11,XLV,0.0009562639157028041,0.01714694654649964,5,2024Q4
2024-12-11,XLY,0.0015500718227711152,-0.010363528245601956,5,2024Q4
2024-12-12,XLB,-0.03061213979852806,0.01076052336806931,5,2024Q4
2024-12-12,XLC,-0.01613428371221448,0.0018884818138637204,5,2024Q4
2024-12-12,XLE,-0.04064957335118413,0.004006842572198321,5,2024Q4
2024-12-12,XLF,-0.005735935235756329,0.0013235212108623144,5,2024Q4
2024-12-12,XLI,-0.009895324354736612,0.002080652839470165,5,2024Q4
2024-12-12,XLK,0.006891260799902654,0.0005786713393316836,5,2024Q4
2024-12-12,XLP,-0.001323723722877923,0.0022797669697773846,5,2024Q4
2024-12-12,XLRE,-0.03842306232300541,0.008514918586927319,5,2024Q4
2024-12-12,XLU,-0.0002506527798686875,0.010134935803717951,5,2024Q4
2024-12-12,XLV,-0.0033780823242747227,0.013447602681755785,5,2024Q4
2024-12-12,XLY,0.003605269630000185,-0.007899013892347791,5,2024Q4
2024-12-13,XLB,-0.019290523640834056,0.013817541616396754,5,2024Q4
2024-12-13,XLC,-0.007907487200297658,0.0022446784658411005,5,2024Q4
2024-12-13,XLE,-0.035322904892240325,0.00836358194939797,5,2024Q4
2024-12-13,XLF,0.0008237216328756958,0.0019346408286818658,5,2024Q4
2024-12-13,XLI,-0.004652916806112795,0.002700646180787451,5,2024Q4
2024-12-13,XLK,0.008688835332752665,0.0010784034448259867,5,2024Q4
2024-12-13,XLP,-0.003982268217777696,0.0026504687315107673,5,2024Q4
2024-12-13,XLRE,-0.026015164364859622,0.01000765411099436,5,2024Q4
2024-12-13,XLU,0.006030251277996168,0.01214387184965611,5,2024Q4
2024-12-13,XLV,0.00040782359276625435,0.012459042284663694,5,2024Q4
2024-12-13,XLY,-0.006326737095900814,-0.011265755157370569,5,2024Q4
2024-12-16,XLB,-0.018163928890684744,0.016760379311372656,5,2024Q4
2024-12-16,XLC,-0.010553423153399466,0.0007775827597775841,5,2024Q4
2024-12-16,XLE,-0.018220814259436113,0.00834174113408271,5,2024Q4
2024-12-16,XLF,-0.0008881193182692648,-0.00010840886547536189,5,2024Q4
2024-12-16,XLI,-0.01226546936911943,0.0017047493330618808,5,2024Q4
2024-12-16,XLK,0.0059830818535338,0.0020413913828732306,5,2024Q4
2024-12-16,XLP,-0.013020645851712809,0.005133208475833791,5,2024Q4
2024-12-16,XLRE,-0.0286391445004599,0.01100154222253973,5,2024Q4
2024-12-16,XLU,0.007476706016975254,0.013349398003094983,5,2024Q4
2024-12-16,XLV,0.015921189075062347,0.01495079134667887,5,2024Q4
2024-12-16,XLY,-0.019903141780029387,-0.012777223554955686,5,2024Q4
2024-12-17,XLB,-0.022567678431035465,0.02075683222436344,5,2024Q4
2024-12-17,XLC,-0.008972696830140015,0.005625872446716799,5,2024Q4
2024-12-17,XLE,-0.01779768592905029,0.013879286121721943,5,2024Q4
2024-12-17,XLF,0.002707629586272131,0.0024977128224566727,5,2024Q4
2024-12-17,XLI,-0.010680483905400329,0.0068030119550281775,5,2024Q4
2024-12-17,XLK,0.007239813106657111,0.0045815604583758504,5,2024Q4
2024-12-17,XLP,-0.0199691919643743,0.00746288166465541,5,2024Q4
2024-12-17,XLRE,-0.033005839927685354,0.012049074178757408,5,2024Q4
2024-12-17,XLU,0.002079637329297168,0.012282733292168472,5,2024Q4
2024-12-17,XLV,0.00573812857159961,0.01807672472836538,5,2024Q4
2024-12-17,XLY,-0.01576791139858391,-0.007394736087538068,5,2024Q4
2024-12-18,XLB,-0.026272522374613083,0.008323902415101444,5,2024Q4
2024-12-18,XLC,-0.011971929391352054,0.0010339142908271663,5,2024Q4
2024-12-18,XLE,-0.019500591292046066,0.004955054939922265,5,2024Q4
2024-12-18,XLF,0.005385468376454927,0.0049919365852775415,5,2024Q4
2024-12-18,XLI,-0.011945312985692125,0.00487113458528946,5,2024Q4
2024-12-18,XLK,0.010697389504040977,9.0314997117486e-05,5,2024Q4
2024-12-18,XLP,-0.03241803425032286,0.0012332355978241383,5,2024Q4
2024-12-18,XLRE,-0.022988660627848434,0.003455699267224858,5,2024Q4
2024-12-18,XLU,-0.0068597710336764095,0.007552189940452984,5,2024Q4
2024-12-18,XLV,-0.009083831124217179,0.010508221689960842,5,2024Q4
2024-12-18,XLY,-0.003993892914884611,-0.007110092853091353,5,2024Q4
2024-12-19,XLB,-0.010351834939132498,0.01057102547703524,5,2024Q4
2024-12-19,XLC,-0.0077096251675219385,0.001253920924494085,5,2024Q4
2024-12-19,XLE,-0.0003198027466682074,0.003762002648970883,5,2024Q4
2024-12-19,XLF,0.004672293059790444,0.0018441749054278868,5,2024Q4
2024-12-19,XLI,-0.007717493521669727,0.007085423090267371,5,2024Q4
2024-12-19,XLK,0.006304117418637123,-0.0001474820576715507,5,2024Q4
2024-12-19,XLP,-0.019721390555827,0.0014423653725110903,5,2024Q4
2024-12-19,XLRE,-0.0032201569680967435,0.004795932572703131,5,2024Q4
2024-12-19,XLU,-0.003903499892033313,0.007282432129222139,5,2024Q4
2024-12-19,XLV,0.00438983250909053,0.01421171841139468,5,2024Q4
2024-12-19,XLY,-0.009026911295940021,-0.007976246024374932,5,2024Q4
2024-12-20,XLB,-0.0158428113260608,0.011953883291288651,5,2024Q4
2024-12-20,XLC,-0.003516405223956909,-0.0024573099886850097,5,2024Q4
2024-12-20,XLE,0.009829271831618414,0.0034967383449421,5,2024Q4
2024-12-20,XLF,0.00021515038008312892,-0.004303083021183971,5,2024Q4
2024-12-20,XLI,-0.009241735819549235,0.003509375097191786,5,2024Q4
2024-12-20,XLK,-0.0013581887625777611,-0.003581200645631031,5,2024Q4
2024-12-20,XLP,-0.01468328896168869,-0.0016322983022883054,5,2024Q4
2024-12-20,XLRE,-0.005830516751984649,0.009364330685779701,5,2024Q4
2024-12-20,XLU,-0.0038097504504849278,0.004998123098089931,5,2024Q4
2024-12-20,XLV,-0.0005508055411522772,0.008166249409850522,5,2024Q4
2024-12-20,XLY,-0.007537552436805872,-0.009003668419076533,5,2024Q4
2024-12-23,XLB,0.0035459579592785895,0.011090232885820043,5,2024Q4
2024-12-23,XLC,-7.80574616298102e-05,0.00039819675431096115,5,2024Q4
2024-12-23,XLE,0.0350905465712793,0.006661148554720029,5,2024Q4
2024-12-23,XLF,0.012619395403971945,-0.0008886625419617776,5,2024Q4
2024-12-23,XLI,0.004261785309605304,0.007886853151425325,5,2024Q4
2024-12-23,XLK,-0.008834339658487345,-0.003841496353508017,5,2024Q4
2024-12-23,XLP,0.010550103080278705,0.0006495452871968432,5,2024Q4
2024-12-23,XLRE,0.01768484088624389,0.011568199128871089,5,2024Q4
2024-12-23,XLU,0.009613550869183807,0.008206082612525731,5,2024Q4
2024-12-23,XLV,0.005973626958946987,0.009636095200946541,5,2024Q4
2024-12-23,XLY,-0.006554289883146991,-0.003066153743182695,5,2024Q4
2024-12-24,XLB,0.0005816502375721733,0.013324752285732839,5,2024Q4
2024-12-24,XLC,0.00864845270459591,0.0006737626292672102,5,2024Q4
2024-12-24,XLE,0.05157242012187202,0.008995656641311528,5,2024Q4
2024-12-24,XLF,0.011785018966356642,-0.0021582805376285812,5,2024Q4
2024-12-24,XLI,0.006388806165452898,0.009861048988089345,5,2024Q4
2024-12-24,XLK,-0.007881440708617626,-0.0025640688411642095,5,2024Q4
2024-12-24,XLP,0.014237350627852474,0.0032538126782093247,5,2024Q4
2024-12-24,XLRE,0.014964660616691106,0.014281116490075942,5,2024Q4
2024-12-24,XLU,0.024960819723235494,0.010579615129978438,5,2024Q4
2024-12-24,XLV,0.015432733814031763,0.013287794602878135,5,2024Q4
2024-12-24,XLY,-0.02803610332033113,-0.006618288851182532,5,2024Q4
2024-12-26,XLB,-0.010263093922402433,0.012743869248246848,5,2024Q4
2024-12-26,XLC,0.0039026867996959647,7.114547129701015e-05,5,2024Q4
2024-12-26,XLE,0.04990624600054183,0.010574389159637963,5,2024Q4
2024-12-26,XLF,0.005026651365740764,-0.0028051982710199427,5,2024Q4
2024-12-26,XLI,0.004144844674838666,0.009043607383708753,5,2024Q4
2024-12-26,XLK,-0.004909199678268306,-0.0027797216877272083,5,2024Q4
2024-12-26,XLP,-0.0014510050405143193,0.0024213649803275982,5,2024Q4
2024-12-26,XLRE,0.014881091473801789,0.011619433556308921,5,2024Q4
2024-12-26,XLU,0.025837930936330467,0.01168283445696552,5,2024Q4
2024-12-26,XLV,0.011030598997482599,0.012481883350018852,5,2024Q4
2024-12-26,XLY,-0.017432818987366594,-0.006782105234983052,5,2024Q4
2024-12-27,XLB,-0.014598114741623536,0.012151885069269197,5,2024Q4
2024-12-27,XLC,0.007357984860972389,-0.0002677973729158772,5,2024Q4
2024-12-27,XLE,0.029094839871115274,0.010815513101205374,5,2024Q4
2024-12-27,XLF,-0.006947199766950685,-0.0002524823261612914,5,2024Q4
2024-12-27,XLI,-0.0068166510420749615,0.00833075776253729,5,2024Q4
2024-12-27,XLK,0.004717261138825535,-0.00552419336465482,5,2024Q4
2024-12-27,XLP,-0.023160734865731558,0.0010211246046919918,5,2024Q4
2024-12-27,XLRE,-0.007001644253560868,0.009948185891397055,5,2024Q4
2024-12-27,XLU,0.0012519428359774043,0.007334624459192983,5,2024Q4
2024-12-27,XLV,-8.444707044463762e-05,0.012336710872284036,5,2024Q4
2024-12-27,XLY,-0.01351588275976534,-0.004091569834676961,5,2024Q4
2024-12-30,XLB,-0.0018903355449053638,0.011520256709091369,5,2024Q4
2024-12-30,XLC,0.006612772879279305,0.0027184453160543176,5,2024Q4
2024-12-30,XLE,0.03939760044642315,0.00924148076921993,5,2024Q4
2024-12-30,XLF,0.0003386073953417501,0.001739918863781137,5,2024Q4
2024-12-30,XLI,0.0021835155342908585,0.009710878011733431,5,2024Q4
2024-12-30,XLK,-0.0028721364744990208,-0.00506060590806121,5,2024Q4
2024-12-30,XLP,-0.015115800819931913,0.0006430571000074332,5,2024Q4
2024-12-30,XLRE,-0.009866782682570241,0.00941644120651403,5,2024Q4
2024-12-30,XLU,0.002866867833178244,0.010384532146622102,5,2024Q4
2024-12-30,XLV,0.017300650195803513,0.01271262375173187,5,2024Q4
2024-12-30,XLY,-0.016932364284824586,-0.0011603652533875542,5,2024Q4
2024-12-31,XLB,-0.005580619245344698,0.011825717029341317,5,2024Q4
2024-12-31,XLC,-0.0011700381819685912,0.002636939591891425,5,2024Q4
2024-12-31,XLE,0.02184920444609917,0.009013926021478784,5,2024Q4
2024-12-31,XLF,-0.0025077451753428015,0.0010369394750666119,5,2024Q4
2024-12-31,XLI,0.0022266118577594085,0.008228283124169213,5,2024Q4
2024-12-31,XLK,3.0640910995360926e-05,-0.001561672870813966,5,2024Q4
2024-12-31,XLP,-0.021465182584951004,1.3078096808564338e-05,5,2024Q4
2024-12-31,XLRE,-0.018604155544775125,0.00699731490514098,5,2024Q4
2024-12-31,XLU,-0.001590547146432808,0.008255940870362615,5,2024Q4
2024-12-31,XLV,0.014971097978839554,0.012275013820827083,5,2024Q4
2024-12-31,XLY,-0.011791128659303318,-0.0012934322556762449,5,2024Q4
2025-01-02,XLB,0.0031211936687642883,0.005515135893314345,6,2025Q1
2025-01-02,XLC,-0.008501295444070078,0.0015258632757690186,6,2025Q1
2025-01-02,XLE,0.00751320503876074,0.0063063089951718755,6,2025Q1
2025-01-02,XLF,-0.00248777967151792,-0.0028177089220092133,6,2025Q1
2025-01-02,XLI,0.0032808389308045527,0.0054737368085816815,6,2025Q1
2025-01-02,XLK,-6.187999958195967e-05,-0.0032585357067031143,6,2025Q1
2025-01-02,XLP,-0.02092808817994518,-0.006149175384547323,6,2025Q1
2025-01-02,XLRE,-0.011770510983383775,-0.0014864195307519265,6,2025Q1
2025-01-02,XLU,-0.011704645255681045,-0.0013738532152179992,6,2025Q1
2025-01-02,XLV,0.012196993412882495,0.005652865613225532,6,2025Q1
2025-01-02,XLY,-0.0010237972864131084,-0.0020288000454823625,6,2025Q1
2025-01-03,XLB,0.0206820175333724,0.005763825953784209,6,2025Q1
2025-01-03,XLC,-0.0017886016905812596,0.0014434251946284212,6,2025Q1
2025-01-03,XLE,0.029877635070189923,0.005676198885719387,6,2025Q1
2025-01-03,XLF,-0.006777322018205356,-0.003961129192319719,6,2025Q1
2025-01-03,XLI,0.008886566609139002,0.005494617664038562,6,2025Q1
2025-01-03,XLK,-0.010205474169748374,-0.0033406248675664305,6,2025Q1
2025-01-03,XLP,-0.006045593175737496,-0.0035368278480422772,6,2025Q1
2025-01-03,XLRE,-0.021286681851901523,-0.0010449652195902272,6,2025Q1
2025-01-03,XLU,-0.00010055776443262943,0.000549935921172335,6,2025Q1
2025-01-03,XLV,0.024253237752356105,0.002670715200277455,6,2025Q1
2025-01-03,XLY,-0.0030415317917253937,-0.0004279867170225172,6,2025Q1
2025-01-06,XLB,0.04030061530562723,0.006350651853994009,6,2025Q1
2025-01-06,XLC,-0.00776625471057435,0.0007868213375064298,6,2025Q1
2025-01-06,XLE,0.05998713275856027,0.010283111621087769,6,2025Q1
2025-01-06,XLF,0.007362399694993305,-0.0038146920026261395,6,2025Q1
2025-01-06,XLI,0.026787304415390678,0.006694785064085595,6,2025Q1
2025-01-06,XLK,-0.025079708207696227,-0.0025111837428651827,6,2025Q1
2025-01-06,XLP,0.010047170877657385,-0.0014451893260169673,6,2025Q1
2025-01-06,XLRE,0.008569064519340142,0.0008832669443264471,6,2025Q1
2025-01-06,XLU,0.0035225220406480684,0.00235511305778719,6,2025Q1
2025-01-06,XLV,0.04101622585881726,0.0020040322179755345,6,2025Q1
2025-01-06,XLY,0.002738948839703048,-0.001996612191865094,6,2025Q1
2025-01-07,XLB,0.041048185699653406,0.003941053405007568,6,2025Q1
2025-01-07,XLC,-0.012669316652222373,6.336597281014051e-06,6,2025Q1
2025-01-07,XLE,0.04823881665282048,-0.004179741225692646,6,2025Q1
2025-01-07,XLF,0.009285372246445434,-0.0035030283333364687,6,2025Q1
2025-01-07,XLI,0.027116017850434826,0.004339304589559154,6,2025Q1
2025-01-07,XLK,-0.01555959763616177,-0.003377457756355517,6,2025Q1
2025-01-07,XLP,0.0012306639965969923,-0.005209234384556464,6,2025Q1
2025-01-07,XLRE,0.01194115906805826,-0.0019313108093595445,6,2025Q1
2025-01-07,XLU,0.006337212809778392,-0.0009274845310698458,6,2025Q1
2025-01-07,XLV,0.013016387112257055,-0.0041947103069997155,6,2025Q1
2025-01-07,XLY,0.007613021440471046,-0.000814924129843054,6,2025Q1
2025-01-08,XLB,0.028639436796142892,0.005230371368333662,6,2025Q1
2025-01-08,XLC,-0.007226170579798463,-0.0009470297780676133,6,2025Q1
2025-01-08,XLE,0.045992231751543766,-0.0020591604710412893,6,2025Q1
2025-01-08,XLF,0.014835485215047628,-0.005632206385603845,6,2025Q1
2025-01-08,XLI,0.013015501374808558,0.0017344824179304464,6,2025Q1
2025-01-08,XLK,-0.01237945365562454,-0.0019575088494697794,6,2025Q1
2025-01-08,XLP,-0.02044281689828109,-0.00576721224884599,6,2025Q1
2025-01-08,XLRE,-0.004584831513286369,-0.002102536131558753,6,2025Q1
2025-01-08,XLU,0.004680712133638298,-0.0024562642901606313,6,2025Q1
2025-01-08,XLV,-0.004584157547033119,-0.003102598553293025,6,2025Q1
2025-01-08,XLY,0.013566027924130086,-0.0014709264941009906,6,2025Q1
2025-01-09,XLB,0.03912844492052092,0.005015336384375334,6,2025Q1
2025-01-09,XLC,-0.010947241042157052,-0.0009998468366668191,6,2025Q1
2025-01-09,XLE,0.05553714848640667,-0.0013714661555107926,6,2025Q1
2025-01-09,XLF,0.02357488717234335,-0.004910588073659432,6,2025Q1
2025-01-09,XLI,0.02729691444072113,-0.0007062721093467284,6,2025Q1
2025-01-09,XLK,-0.018099076131190106,-0.002179137251147329,6,2025Q1
2025-01-09,XLP,-0.011142697346126385,-0.005690424591687934,6,2025Q1
2025-01-09,XLRE,0.019764983755403476,-0.0018120046313418485,6,2025Q1
2025-01-09,XLU,0.03213754468375973,-0.0022556491689569385,6,2025Q1
2025-01-09,XLV,0.0013374694023606803,-0.003435769256230942,6,2025Q1
2025-01-09,XLY,0.009984455230890754,-0.0025472901929843974,6,2025Q1
2025-01-10,XLB,0.030943508689113663,0.0036852498789851527,6,2025Q1
2025-01-10,XLC,-0.01294967325749874,0.0008454618875407061,6,2025Q1
2025-01-10,XLE,0.033575533328361606,-0.0056819679115664,6,2025Q1
2025-01-10,XLF,0.032055551139229754,-0.0043670591995868206,6,2025Q1
2025-01-10,XLI,0.019443844481696004,0.0004639834514422888,6,2025Q1
2025-01-10,XLK,-0.006143153932924417,-0.004062463526150641,6,2025Q1
2025-01-10,XLP,-0.017651281597973245,-0.005252458266738738,6,2025Q1
2025-01-10,XLRE,0.019053484685637834,-0.0028049808776833764,6,2025Q1
2025-01-10,XLU,0.013692459023415093,-0.00885218331506136,6,2025Q1
2025-01-10,XLV,-0.0255735581777361,-0.007539215930950143,6,2025Q1
2025-01-10,XLY,0.008599387633391187,-0.00375181647348782,6,2025Q1
2025-01-13,XLB,0.013237646539753456,0.0024981703440706774,6,2025Q1
2025-01-13,XLC,-0.012007759756731406,0.0017987832008744273,6,2025Q1
2025-01-13,XLE,-0.0014660690667827048,-0.00435174501938509,6,2025Q1
2025-01-13,XLF,0.025480504248587055,-0.0055987507975016745,6,2025Q1
2025-01-13,XLI,0.020771099831982553,-0.0035107398873586316,6,2025Q1
2025-01-13,XLK,0.0019238902477740627,-0.000791129329966792,6,2025Q1
2025-01-13,XLP,-0.02247850600455692,-0.004721167286941901,6,2025Q1
2025-01-13,XLRE,0.0169279249909422,-0.001235421912616531,6,2025Q1
2025-01-13,XLU,0.03436426983267471,-0.003850614236609359,6,2025Q1
2025-01-13,XLV,-0.029903641153368632,-0.006011164122549862,6,2025Q1
2025-01-13,XLY,0.0025066943814424647,-0.003554346679474643,6,2025Q1
2025-01-14,XLB,-0.012425511174583459,-0.000636679729733135,6,2025Q1
2025-01-14,XLC,-0.0027124216686582603,0.002301769855027636,6,2025Q1
2025-01-14,XLE,-0.035514063981603394,-0.0029181290843055055,6,2025Q1
2025-01-14,XLF,0.0031137707923813984,-0.006479133911081533,6,2025Q1
2025-01-14,XLI,0.0015632360853718996,-0.0030138305049774235,6,2025Q1
2025-01-14,XLK,0.018190626531810805,0.001160452503702255,6,2025Q1
2025-01-14,XLP,-0.032109337379163216,-0.0036752748782678517,6,2025Q1
2025-01-14,XLRE,-0.014666561839230319,0.0003060288060957859,6,2025Q1
2025-01-14,XLU,-0.006769347655624536,-0.006673227670512213,6,2025Q1
2025-01-14,XLV,-0.026081640014428364,-0.006427061281789464,6,2025Q1
2025-01-14,XLY,-0.0037988906396377864,-0.0024523427519568056,6,2025Q1
2025-01-15,XLB,-0.003466975863230637,-0.0024723046740685916,6,2025Q1
2025-01-15,XLC,-0.003808048022011734,0.0012754366531164052,6,2025Q1
2025-01-15,XLE,-0.03262479671342977,-0.007852592582513368,6,2025Q1
2025-01-15,XLF,-0.003971394612338974,-0.007657062505620136,6,2025Q1
2025-01-15,XLI,0.018530135529833514,-0.0014797463575870755,6,2025Q1
2025-01-15,XLK,0.012398481876271017,-0.0018270575357005033,6,2025Q1
2025-01-15,XLP,-0.011967713882267583,-0.0030273606975184065,6,2025Q1
2025-01-15,XLRE,0.0022256246794125634,-0.0009854808050736418,6,2025Q1
2025-01-15,XLU,-0.003885016398724739,-0.004477834334815606,6,2025Q1
2025-01-15,XLV,-0.003658055498559687,-0.006592121481469738,6,2025Q1
2025-01-15,XLY,-0.010412404344813497,-2.8655842026304628e-05,6,2025Q1
2025-01-16,XLB,-0.01347180006171711,-0.0038433431391365976,6,2025Q1
2025-01-16,XLC,0.01237804134465148,0.0005284638573186571,6,2025Q1
2025-01-16,XLE,-0.04830051469900032,-0.006163547688884273,6,2025Q1
2025-01-16,XLF,-0.006721902502038635,-0.007341729773282945,6,2025Q1
2025-01-16,XLI,0.0026331823494996076,-0.0017676449262618904,6,2025Q1
2025-01-16,XLK,0.010576630186821312,-0.0003080791342990217,6,2025Q1
2025-01-16,XLP,-0.013278327333063,-0.005012123947962106,6,2025Q1
2025-01-16,XLRE,-0.01640630605862503,-0.004171091309892362,6,2025Q1
2025-01-16,XLU,-0.01794799873109021,-0.0034838426374694444,6,2025Q1
2025-01-16,XLV,-0.005068827079159899,-0.0059765702345411734,6,2025Q1
2025-01-16,XLY,-0.010082995824547414,-0.0005564747228944434,6,2025Q1
2025-01-17,XLB,0.005155836150749327,-0.006886712791423214,6,2025Q1
2025-01-17,XLC,0.03335328625882128,-0.002737864053903062,6,2025Q1
2025-01-17,XLE,-0.04130959108506482,-0.004578488095013146,6,2025Q1
2025-01-17,XLF,0.0204965222495348,-0.008642197450940366,6,2025Q1
2025-01-17,XLI,0.007385710387006306,-0.00298193587550824,6,2025Q1
2025-01-17,XLK,-0.030931000675572418,-0.0006171295129585039,6,2025Q1
2025-01-17,XLP,0.03286683270028057,-0.008273806444189595,6,2025Q1
2025-01-17,XLRE,0.018426201518471075,-0.006059958002084648,6,2025Q1
2025-01-17,XLU,-0.018089275824126005,-0.004298849709165172,6,2025Q1
2025-01-17,XLV,0.049579845539657885,-0.006048423973687538,6,2025Q1
2025-01-17,XLY,0.00616608939188823,-0.004556725285048733,6,2025Q1
2025-01-21,XLB,-0.010262334956407715,-0.005534983005526975,6,2025Q1
2025-01-21,XLC,0.0296169347825328,-0.0032358561799408605,6,2025Q1
2025-01-21,XLE,-0.04501356089713282,-0.004953171185233624,6,2025Q1
2025-01-21,XLF,0.010790426716183354,-0.00944002265851868,6,2025Q1
2025-01-21,XLI,-0.018940667578402515,-0.0022149658064894756,6,2025Q1
2025-01-21,XLK,-0.012689239763108762,-0.0014533945040657566,6,2025Q1
2025-01-21,XLP,0.012510844786425057,-0.008160801117685385,6,2025Q1
2025-01-21,XLRE,-0.01152199801618059,-0.007053414856503765,6,2025Q1
2025-01-21,XLU,-0.045785516379598934,-0.005658095422266676,6,2025Q1
2025-01-21,XLV,0.02577291749396693,-0.005529418456901694,6,2025Q1
2025-01-21,XLY,0.0005940065961071994,-0.005516858086311468,6,2025Q1
2025-01-22,XLB,0.006057078113590575,-0.005063868390067631,6,2025Q1
2025-01-22,XLC,0.03403270555151394,-0.002457256291189015,6,2025Q1
2025-01-22,XLE,-0.015028168853549628,-0.005276938508128022,6,2025Q1
2025-01-22,XLF,0.024893201125090192,-0.007739621724550632,6,2025Q1
2025-01-22,XLI,-0.009905386287007767,-0.001554876422661567,6,2025Q1
2025-01-22,XLK,-0.032342080362519066,0.0002621907771546962,6,2025Q1
2025-01-22,XLP,0.030038243068386317,-0.0063435903584347555,6,2025Q1
2025-01-22,XLRE,0.004471703633233681,-0.0038235353143149424,6,2025Q1
2025-01-22,XLU,-0.012538925913276988,-0.002029170330648257,6,2025Q1
2025-01-22,XLV,0.03211073698220801,-0.003566465345516426,6,2025Q1
2025-01-22,XLY,0.011590726403245766,-0.00643736485587565,6,2025Q1
2025-01-23,XLB,0.010077945809156552,-0.0032999677503662817,6,2025Q1
2025-01-23,XLC,0.03244561079918917,-0.0024741023965401897,6,2025Q1
2025-01-23,XLE,-0.014401336204251436,-0.002782702324751026,6,2025Q1
2025-01-23,XLF,0.028829013733924325,-0.008985925127474858,6,2025Q1
2025-01-23,XLI,-0.008792781172676234,-0.0009615782301820425,6,2025Q1
2025-01-23,XLK,-0.0321812377498516,0.0014190544482310715,6,2025Q1
2025-01-23,XLP,0.036498670793159715,-0.005674773545762353,6,2025Q1
2025-01-23,XLRE,0.009655445142431218,-0.0034692267311330844,6,2025Q1
2025-01-23,XLU,0.0032766439749797316,-0.0005053418479149942,6,2025Q1
2025-01-23,XLV,0.030350795956599286,-0.005248839509737927,6,2025Q1
2025-01-23,XLY,0.015416120145126944,-0.004453490001059286,6,2025Q1
2025-01-24,XLB,0.00775608014366469,-0.0047770496986332175,6,2025Q1
2025-01-24,XLC,0.029735190510262743,-0.0031014263526372246,6,2025Q1
2025-01-24,XLE,-0.030077119267158392,-0.0053587199329696335,6,2025Q1
2025-01-24,XLF,0.022308354402610808,-0.00939538646877928,6,2025Q1
2025-01-24,XLI,-0.009165577205503816,-0.001466482526368868,6,2025Q1
2025-01-24,XLK,-0.025362848191319953,1.9083858390344082e-05,6,2025Q1
2025-01-24,XLP,0.023979558818427726,-0.007550779817087874,6,2025Q1
2025-01-24,XLRE,0.006986870175979987,-0.005229317579504896,6,2025Q1
2025-01-24,XLU,-0.010138489309633791,-0.003937737190363106,6,2025Q1
2025-01-24,XLV,0.027855219091575734,-0.005755323408808251,6,2025Q1
2025-01-24,XLY,0.019506526753460207,-0.0016530264146973363,6,2025Q1
2025-01-27,XLB,0.0007604297445127361,-0.0027400669000448388,6,2025Q1
2025-01-27,XLC,0.019215590683768657,-0.003192110265997242,6,2025Q1
2025-01-27,XLE,-0.021345581297724237,-0.007785273814280186,6,2025Q1
2025-01-27,XLF,-0.00024825067812472845,-0.006684728305494168,6,2025Q1
2025-01-27,XLI,-0.013137399193232091,-0.0017004110244088718,6,2025Q1
2025-01-27,XLK,0.0032407224110927446,-0.004399525041241248,6,2025Q1
2025-01-27,XLP,-0.006329405530850374,-0.004518846970303154,6,2025Q1
2025-01-27,XLRE,-0.01186818529968059,-0.0060218703700302785,6,2025Q1
2025-01-27,XLU,0.0110403646516114,-0.005875413058944554,6,2025Q1
2025-01-27,XLV,0.0019239596131456205,-0.00346304307456132,6,2025Q1
2025-01-27,XLY,-0.006927625323668529,-0.0066330315579299455,6,2025Q1
2025-01-28,XLB,0.008813729421324634,-0.003196678855159188,6,2025Q1
2025-01-28,XLC,0.025238496822915124,-0.003252550516909274,6,2025Q1
2025-01-28,XLE,0.010566041223158074,-0.007585683037834333,6,2025Q1
2025-01-28,XLF,0.0010251171494306544,-0.007046787074896056,6,2025Q1
2025-01-28,XLI,-0.004436088195385435,-0.0026181632406645466,6,2025Q1
2025-01-28,XLK,-0.006852515138680237,-0.004879713098830484,6,2025Q1
2025-01-28,XLP,0.0027549696132036505,-0.002963094499049355,6,2025Q1
2025-01-28,XLRE,0.0021199764348621697,-0.006361474436929516,6,2025Q1
2025-01-28,XLU,0.017982508611845693,-0.006125355746753074,6,2025Q1
2025-01-28,XLV,0.00808152521908867,-0.004649882483173946,6,2025Q1
2025-01-28,XLY,0.0053960795284619945,-0.006923102730608486,6,2025Q1
2025-01-29,XLB,0.0013001542412516276,-0.004176250161507331,6,2025Q1
2025-01-29,XLC,0.002376095095361075,-0.002094996338949818,6,2025Q1
2025-01-29,XLE,0.0019039980043848992,-0.006846630088676232,6,2025Q1
2025-01-29,XLF,0.003795725847411724,-0.007220002148887642,6,2025Q1
2025-01-29,XLI,-0.008867058042563492,-0.00221686412846258,6,2025Q1
2025-01-29,XLK,0.006567606809816828,-0.0034462151054709374,6,2025Q1
2025-01-29,XLP,-0.0019779870517060427,-0.0029393010968667443,6,2025Q1
2025-01-29,XLRE,0.02113576043000087,-0.004000413316896598,6,2025Q1
2025-01-29,XLU,0.017496586626174482,-0.003947387478454133,6,2025Q1
2025-01-29,XLV,0.015149608534917425,-0.0038702212311563676,6,2025Q1
2025-01-29,XLY,-0.0116689145620551,-0.0070431889943069915,6,2025Q1
2025-01-30,XLB,-0.0027864033945508293,-0.0035053212929673557,6,2025Q1
2025-01-30,XLC,0.0075931752566467114,-0.0021064766035879447,6,2025Q1
2025-01-30,XLE,-0.019750877602994432,-0.0070045566267379206,6,2025Q1
2025-01-30,XLF,0.004451947533577361,-0.007075793319111181,6,2025Q1
2025-01-30,XLI,-0.013527318869542504,-0.0018466043026428686,6,2025Q1
2025-01-30,XLK,0.009341559329081095,-0.004065591071676575,6,2025Q1
2025-01-30,XLP,-0.005376568502326262,-0.004396840526220528,6,2025Q1
2025-01-30,XLRE,0.01257969154819416,-0.0033062505006591723,6,2025Q1
2025-01-30,XLU,-0.002626157450423161,-0.0019882800521710143,6,2025Q1
2025-01-30,XLV,-0.003608707713987247,-0.00312232963406163,6,2025Q1
2025-01-30,XLY,-0.015494636363863057,-0.00796965348902031,6,2025Q1
2025-01-31,XLB,-0.003886557062153684,-0.0036993363749995454,6,2025Q1
2025-01-31,XLC,0.005261019499560815,-0.0026316164078262357,6,2025Q1
2025-01-31,XLE,0.012242197450633041,-0.004311090304576889,6,2025Q1
2025-01-31,XLF,0.008544785435090407,-0.007541243833280675,6,2025Q1
2025-01-31,XLI,-0.005627897990238884,-0.0021600829087680025,6,2025Q1
2025-01-31,XLK,0.010453169225050463,-0.003929632856887345,6,2025Q1
2025-01-31,XLP,0.006429438031387624,-0.0031742900054241214,6,2025Q1
2025-01-31,XLRE,0.015023317087371701,-0.006154025328878381,6,2025Q1
2025-01-31,XLU,0.005083177160080776,-0.002971993739922374,6,2025Q1
2025-01-31,XLV,-0.001251138947204189,-0.003705942922502607,6,2025Q1
2025-01-31,XLY,-0.0266396657994874,-0.007766703756621595,6,2025Q1
2025-02-03,XLB,-0.013419177791108461,-0.0033088490079979586,6,2025Q1
2025-02-03,XLC,-0.005996067058982479,-0.0005429994213512571,6,2025Q1
2025-02-03,XLE,0.014462817234564884,-0.003984591795942169,6,2025Q1
2025-02-03,XLF,-0.008917761984291728,-0.003462187972979855,6,2025Q1
2025-02-03,XLI,-0.00030948968694977097,-0.003247223736904939,6,2025Q1
2025-02-03,XLK,0.025573634533602396,-0.003750088113220279,6,2025Q1
2025-02-03,XLP,-0.0049074582877166595,-0.0040453045557899405,6,2025Q1
2025-02-03,XLRE,0.00460096158679546,-0.006509267274650702,6,2025Q1
2025-02-03,XLU,-0.003031759738958417,-0.004493867044885903,6,2025Q1
2025-02-03,XLV,-0.019575979038243374,-0.005737309910470758,6,2025Q1
2025-02-03,XLY,-0.023847512200280474,-0.005539017905940322,6,2025Q1
2025-02-04,XLB,-0.004519734077662152,-0.003789474532736262,6,2025Q1
2025-02-04,XLC,-0.007314926434370261,-0.0032761325346328373,6,2025Q1
2025-02-04,XLE,0.00746147896882654,-0.006125737185239327,6,2025Q1
2025-02-04,XLF,0.0019557349437056004,-0.006506811384189714,6,2025Q1
2025-02-04,XLI,0.005738214309080947,-0.004134869549521424,6,2025Q1
2025-02-04,XLK,0.017296247472441406,-0.00394957686479045,6,2025Q1
2025-02-04,XLP,0.01944569446941924,-0.0038647253996387295,6,2025Q1
2025-02-04,XLRE,0.01614132406790114,-0.005437077795812102,6,2025Q1
2025-02-04,XLU,0.01706925769317902,-0.003702477521589795,6,2025Q1
2025-02-04,XLV,-0.012734810287695186,-0.0059787690399060525,6,2025Q1
2025-02-04,XLY,-0.04046472313327809,-0.007155831089943982,6,2025Q1
2025-02-05,XLB,-0.0036288834991801133,-0.003980501589361877,6,2025Q1
2025-02-05,XLC,0.010787349162238447,-0.004908295802519877,6,2025Q1
2025-02-05,XLE,-0.011765195600357048,-0.0028135013519687904,6,2025Q1
2025-02-05,XLF,-0.004768627833566352,-0.002319919327307742,6,2025Q1
2025-02-05,XLI,0.006017838383455376,-0.002988821393037783,6,2025Q1
2025-02-05,XLK,0.00838348318422677,-0.0036474407190439954,6,2025Q1
2025-02-05,XLP,0.019625825474970937,-0.00395870749182154,6,2025Q1
2025-02-05,XLRE,-0.0009576297501224795,-0.007079418997607501,6,2025Q1
2025-02-05,XLU,0.012394109721019952,-0.006093615289574453,6,2025Q1
2025-02-05,XLV,-0.016293080198405474,-0.004837419331502502,6,2025Q1
2025-02-05,XLY,-0.02227087818079454,-0.0073294809414312725,6,2025Q1
2025-02-06,XLB,0.0031026916273078076,-0.004168379692486778,6,2025Q1
2025-02-06,XLC,0.010984298720147834,-0.0035384658948843456,6,2025Q1
2025-02-06,XLE,0.007247082453293974,-0.0028739115529616633,6,2025Q1
2025-02-06,XLF,-0.013492064486785305,-0.00653065291460648,6,2025Q1
2025-02-06,XLI,-0.004535084611781093,-0.00443705566810275,6,2025Q1
2025-02-06,XLK,0.012814777784157405,-0.004027765564508279,6,2025Q1
2025-02-06,XLP,0.018913468455659554,-0.003771151632628533,6,2025Q1
2025-02-06,XLRE,-0.0030125069433246665,-0.006294927866717738,6,2025Q1
2025-02-06,XLU,0.008807580164118978,-0.0058630864637434,6,2025Q1
2025-02-06,XLV,-0.01058602872293668,-0.006250166351922788,6,2025Q1
2025-02-06,XLY,-0.01857610957809097,-0.007412611702930309,6,2025Q1
2025-02-07,XLB,0.002804787655818819,-0.0055297206928848035,6,2025Q1
2025-02-07,XLC,0.010150342424904979,-0.005317460007188958,6,2025Q1
2025-02-07,XLE,0.0021863296363764384,-0.0029737466860344547,6,2025Q1
2025-02-07,XLF,-0.015250208906289364,-0.00526589565631109,6,2025Q1
2025-02-07,XLI,-0.013262276905564141,-0.004764255652191025,6,2025Q1
2025-02-07,XLK,0.01584616253084259,-0.005293079016546046,6,2025Q1
2025-02-07,XLP,0.001014759477070637,-0.0032962110496867064,6,2025Q1
2025-02-07,XLRE,-0.012719868686983826,-0.0070969884656588,6,2025Q1
2025-02-07,XLU,-0.0025786163792640426,-0.005977718429221507,6,2025Q1
2025-02-07,XLV,-0.025995856252271965,-0.00688961301770171,6,2025Q1
2025-02-07,XLY,-0.008569373237908628,-0.008431108050921239,6,2025Q1
2025-02-10,XLB,0.014377041162033644,-0.00455222348569163,6,2025Q1
2025-02-10,XLC,0.004719746006601744,-0.0019172916683600767,6,2025Q1
2025-02-10,XLE,-0.002249611098998905,-0.0037607365283891235,6,2025Q1
2025-02-10,XLF,0.0038051877132647682,-0.0054173269125097085,6,2025Q1
2025-02-10,XLI,-0.010472732107152938,-0.004215871985479574,6,2025Q1
2025-02-10,XLK,0.01416812188009775,-0.002248496916080178,6,2025Q1
2025-02-10,XLP,0.0022986246942096056,-0.0038734936230490355,6,2025Q1
2025-02-10,XLRE,-0.006695273165750137,-0.009864710072369566,6,2025Q1
2025-02-10,XLU,-0.0002170726074706142,-0.0075711859275030945,6,2025Q1
2025-02-10,XLV,-0.023144708999836117,-0.007604192685443554,6,2025Q1
2025-02-10,XLY,-0.010889569675532673,-0.007134482132302577,6,2025Q1
2025-02-11,XLB,-0.005194461460617417,-0.0034092579208641217,6,2025Q1
2025-02-11,XLC,0.002599568070424274,-0.00195801504502261,6,2025Q1
2025-02-11,XLE,-0.004039708900648309,-0.0048824727647356165,6,2025Q1
2025-02-11,XLF,2.297286399932652e-05,-0.005915722230430742,6,2025Q1
2025-02-11,XLI,-0.01143427309963263,-0.004754765971180239,6,2025Q1
2025-02-11,XLK,0.012164931646763799,-0.0022342841560010224,6,2025Q1
2025-02-11,XLP,-0.0009275067371907753,-0.0028734178665892523,6,2025Q1
2025-02-11,XLRE,-0.011878699819892535,-0.00983443747656129,6,2025Q1
2025-02-11,XLU,-0.0016300319574460431,-0.006824664232351175,6,2025Q1
2025-02-11,XLV,-0.01005486502319286,-0.008292393835265203,6,2025Q1
2025-02-11,XLY,-0.0015956514757700102,-0.003934277077171432,6,2025Q1
2025-02-12,XLB,0.0006648617437676752,-0.0021650155647496175,6,2025Q1
2025-02-12,XLC,-0.0022610528316264755,-0.0010009691754111808,6,2025Q1
2025-02-12,XLE,0.03126722161823703,-0.0013316668233663781,6,2025Q1
2025-02-12,XLF,-0.011050732719202427,-0.007565304105890112,6,2025Q1
2025-02-12,XLI,-0.010836296774361154,-0.0046872823628470546,6,2025Q1
2025-02-12,XLK,0.012069675528177726,-0.002760762373643858,6,2025Q1
2025-02-12,XLP,-0.003192883354147913,-0.0024851101409516683,6,2025Q1
2025-02-12,XLRE,0.004594272076372308,-0.009175777143358422,6,2025Q1
2025-02-12,XLU,0.0009834516612332589,-0.006020328972603914,6,2025Q1
2025-02-12,XLV,-0.0020339670741937876,-0.006923464148768505,6,2025Q1
2025-02-12,XLY,-0.009176634445922982,-0.006066595729670633,6,2025Q1
2025-02-13,XLB,-0.007124724325956344,-0.0053232010611678066,6,2025Q1
2025-02-13,XLC,0.00029245803167765594,-0.0021077440986150883,6,2025Q1
2025-02-13,XLE,0.02965566297545086,-0.0015023723579585472,6,2025Q1
2025-02-13,XLF,-0.002318954570404652,-0.007336248351101316,6,2025Q1
2025-02-13,XLI,-0.0060627932173342725,-0.004208140248778128,6,2025Q1
2025-02-13,XLK,-0.0018814950287399101,-0.003246105439587572,6,2025Q1
2025-02-13,XLP,0.025390603101993592,-0.0033772495805251615,6,2025Q1
2025-02-13,XLRE,0.016056287209092468,-0.00821131961559915,6,2025Q1
2025-02-13,XLU,0.026631636573312467,-0.006687744655027464,6,2025Q1
2025-02-13,XLV,0.01632952991692782,-0.006872578794196644,6,2025Q1
2025-02-13,XLY,-0.022296861183686123,-0.007503481553598805,6,2025Q1
2025-02-14,XLB,-0.0004382771606751268,-0.0036071834068184313,6,2025Q1
2025-02-14,XLC,0.0006393162095515992,-0.0018207854444509826,6,2025Q1
2025-02-14,XLE,0.030255663414450518,-0.0004960532135065466,6,2025Q1
2025-02-14,XLF,0.004462318641423102,-0.005905870667382734,6,2025Q1
2025-02-14,XLI,-0.0036511929072031712,-0.005272765711770653,6,2025Q1
2025-02-14,XLK,-0.01476892213626102,-0.0027503752177280624,6,2025Q1
2025-02-14,XLP,0.04306332860454709,-0.0028546645128022996,6,2025Q1
2025-02-14,XLRE,0.029044685805815873,-0.008573825102426868,6,2025Q1
2025-02-14,XLU,0.030219997938925602,-0.006308895877801669,6,2025Q1
2025-02-14,XLV,0.0399606227861361,-0.007259416376692011,6,2025Q1
2025-02-14,XLY,-0.02105636555567525,-0.006677580649646605,6,2025Q1
2025-02-18,XLB,0.002492670891498072,-0.004411406507516476,6,2025Q1
2025-02-18,XLC,-0.0016509309422517715,-0.0012813820244835122,6,2025Q1
2025-02-18,XLE,0.010027964480204044,-0.001707044890407886,6,2025Q1
2025-02-18,XLF,0.0050163764898926155,-0.005083987850106404,6,2025Q1
2025-02-18,XLI,0.0014478985099627417,-0.005905292440936142,6,2025Q1
2025-02-18,XLK,-0.02815790812093122,0.0008229019025455536,6,2025Q1
2025-02-18,XLP,0.06158431912679352,-0.00303898138732445,6,2025Q1
2025-02-18,XLRE,0.04384588785036625,-0.008809179872040279,6,2025Q1
2025-02-18,XLU,0.02357551412494807,-0.004997542514985698,6,2025Q1
2025-02-18,XLV,0.05844781200052185,-0.006236050491486275,6,2025Q1
2025-02-18,XLY,-0.015700629495065677,-0.006944000795538943,6,2025Q1
2025-02-19,XLB,0.015434920828041765,-0.003533869628970503,6,2025Q1
2025-02-19,XLC,-0.0026819178399786203,-0.000489966279334413,6,2025Q1
2025-02-19,XLE,-0.001402789873871213,0.00019972061017112643,6,2025Q1
2025-02-19,XLF,0.004328009419616974,-0.003961254986459249,6,2025Q1
2025-02-19,XLI,0.0028361709956941095,-0.005907655316735883,6,2025Q1
2025-02-19,XLK,-0.01616058407419707,0.0011123833768582733,6,2025Q1
2025-02-19,XLP,0.03552151322927155,-0.002361832935235126,6,2025Q1
2025-02-19,XLRE,0.03875253943166734,-0.009229862085581613,6,2025Q1
2025-02-19,XLU,0.024272053128492233,-0.0050249287049931686,6,2025Q1
2025-02-19,XLV,0.039702879718032436,-0.006317415191162509,6,2025Q1
2025-02-19,XLY,-0.017291481896114846,-0.006543319018603904,6,2025Q1
2025-02-20,XLB,0.02254878865240839,-0.004582760003523765,6,2025Q1
2025-02-20,XLC,0.003968819869426432,-0.0021423505068034507,6,2025Q1
2025-02-20,XLE,0.006499815380718199,-0.0009722826795681113,6,2025Q1
2025-02-20,XLF,0.036439388422669694,-0.00937414292389576,6,2025Q1
2025-02-20,XLI,0.017343798696782375,-0.005608828035226111,6,2025Q1
2025-02-20,XLK,-0.03645992105108187,-0.000707513152680241,6,2025Q1
2025-02-20,XLP,0.05085488769673452,-0.0021385703502593075,6,2025Q1
2025-02-20,XLRE,0.047839743657521305,-0.007717939384512004,6,2025Q1
2025-02-20,XLU,0.013835187088907186,-0.006243604156043269,6,2025Q1
2025-02-20,XLV,0.04149873849077634,-0.005573906273654643,6,2025Q1
2025-02-20,XLY,-0.011379231993864036,-0.004306695050941564,6,2025Q1
2025-02-21,XLB,0.017435637057517828,-0.0062102288934916886,6,2025Q1
2025-02-21,XLC,-0.00030003000300016236,-0.005492152323889714,6,2025Q1
2025-02-21,XLE,0.010370783036733333,-0.007120069085936354,6,2025Q1
2025-02-21,XLF,0.0377782999974875,-0.010157458573467183,6,2025Q1
2025-02-21,XLI,0.020651093587555347,-0.0013796037438951105,6,2025Q1
2025-02-21,XLK,-0.030165719343680286,-0.005546578379377247,6,2025Q1
2025-02-21,XLP,0.02055252982100353,-0.0055357383063385735,6,2025Q1
2025-02-21,XLRE,0.031386420669062054,-0.010385280200028924,6,2025Q1
2025-02-21,XLU,-0.0034798920280714185,-0.008591774568568371,6,2025Q1
2025-02-21,XLV,0.02667396426182267,-0.007195980568979702,6,2025Q1
2025-02-21,XLY,-0.001525923003033114,-0.0036573535225891875,6,2025Q1
2025-02-24,XLB,0.011250810071538941,-0.005813922407695167,6,2025Q1
2025-02-24,XLC,0.0008034259130573762,-0.005152605951407352,6,2025Q1
2025-02-24,XLE,-0.011909866862217733,-0.006408925562649537,6,2025Q1
2025-02-24,XLF,0.037611572249256264,-0.009014537211366138,6,2025Q1
2025-02-24,XLI,0.023696630514938644,-0.0006280855778972253,6,2025Q1
2025-02-24,XLK,-0.03295732047893374,-0.00401533300455479,6,2025Q1
2025-02-24,XLP,0.035727987623341395,-0.004682120383015,6,2025Q1
2025-02-24,XLRE,0.04843581115174733,-0.011798624730003034,6,2025Q1
2025-02-24,XLU,0.015743660003491033,-0.00852413039435412,6,2025Q1
2025-02-24,XLV,0.03578198030134283,-0.005590183476865393,6,2025Q1
2025-02-24,XLY,-0.003188233845546895,-0.003324890006621407,6,2025Q1
2025-02-25,XLB,-0.002901458058273243,-0.00529496953670992,6,2025Q1
2025-02-25,XLC,0.014398391073464856,-0.007551775305313246,6,2025Q1
2025-02-25,XLE,-0.0005383677953603172,-0.0072435751545915205,6,2025Q1
2025-02-25,XLF,0.008839278845625409,-0.00907741581413806,6,2025Q1
2025-02-25,XLI,0.005900273418373181,-0.005503117095151157,6,2025Q1
2025-02-25,XLK,-0.014558080623303216,-0.007292520421586244,6,2025Q1
2025-02-25,XLP,0.011304858378874183,-0.002958136563807494,6,2025Q1
2025-02-25,XLRE,0.03274639242583721,-0.011273369431751942,6,2025Q1
2025-02-25,XLU,0.01125323045873583,-0.012136697953249658,6,2025Q1
2025-02-25,XLV,0.02454598465912161,-0.00301982984951038,6,2025Q1
2025-02-25,XLY,-0.008593892269699532,0.0001306159418882197,6,2025Q1
2025-02-26,XLB,0.012876363107263145,-0.004590218782059464,6,2025Q1
2025-02-26,XLC,0.01891499580143119,-0.007231104484764021,6,2025Q1
2025-02-26,XLE,-0.019174068903041297,-0.006514081190865594,6,2025Q1
2025-02-26,XLF,0.006723008283938459,-0.008644808135759964,6,2025Q1
2025-02-26,XLI,0.01079052713021833,-0.004680057280594443,6,2025Q1
2025-02-26,XLK,-0.02151346517377395,-0.004990888655149594,6,2025Q1
2025-02-26,XLP,0.024674899307273512,-0.006445839653052037,6,2025Q1
2025-02-26,XLRE,0.037124329286805424,-0.009262472088452392,6,2025Q1
2025-02-26,XLU,-0.009638322772315688,-0.009971593011804964,6,2025Q1
2025-02-26,XLV,0.03189191670813363,-0.006089193268286397,6,2025Q1
2025-02-26,XLY,0.00014786906898378582,0.0007487615936499028,6,2025Q1
2025-02-27,XLB,0.016206405909794386,-0.006743810419327039,6,2025Q1
2025-02-27,XLC,0.012338608451865185,-0.005167628556746826,6,2025Q1
2025-02-27,XLE,-0.019639846813234607,-0.00765062562153771,6,2025Q1
2025-02-27,XLF,-0.013134267177045467,-0.003704997940190978,6,2025Q1
2025-02-27,XLI,0.007489300492442119,-0.0073543825832666585,6,2025Q1
2025-02-27,XLK,-0.011119475312968752,-0.00513652562688361,6,2025Q1
2025-02-27,XLP,0.028410179946216307,-0.0065794184688576385,6,2025Q1
2025-02-27,XLRE,0.006623136160957888,-0.013043841369157882,6,2025Q1
2025-02-27,XLU,-0.006461290721501145,-0.012829277956034783,6,2025Q1
2025-02-27,XLV,0.03501695282727335,-0.006392504531330273,6,2025Q1
2025-02-27,XLY,-0.008941208433906445,-0.001775505750739647,6,2025Q1
2025-02-28,XLB,0.02014107217052108,-0.005220891716372687,6,2025Q1
2025-02-28,XLC,0.013966722304391888,-0.005418794073797518,6,2025Q1
2025-02-28,XLE,-0.008499341044024389,-0.006794229139227178,6,2025Q1
2025-02-28,XLF,-0.02791173011145376,-0.0011318987577548015,6,2025Q1
2025-02-28,XLI,0.015474331436212907,-0.0049983314677254686,6,2025Q1
2025-02-28,XLK,-0.0002622311933820898,-0.003806031010835558,6,2025Q1
2025-02-28,XLP,0.028083378114525215,-0.003932770028444338,6,2025Q1
2025-02-28,XLRE,0.014972447885470141,-0.00786822564145073,6,2025Q1
2025-02-28,XLU,0.006368893473288728,-0.011908812785280665,6,2025Q1
2025-02-28,XLV,0.0330815255479211,-0.003918861367882368,6,2025Q1
2025-02-28,XLY,-0.016916284352614497,0.0018081605890362116,6,2025Q1
2025-03-03,XLB,0.02834262217210992,-0.007493043334185515,6,2025Q1
2025-03-03,XLC,0.008134135108497476,-0.0036171069507154848,6,2025Q1
2025-03-03,XLE,0.04268515028164077,-0.010768306492262888,6,2025Q1
2025-03-03,XLF,-0.032173402243083626,-0.0030529910644045673,6,2025Q1
2025-03-03,XLI,0.023056642213546197,-0.0061073021505781925,6,2025Q1
2025-03-03,XLK,-0.00335406255467785,-0.002641710388298483,6,2025Q1
2025-03-03,XLP,0.029667077787484786,-0.00808620532254566,6,2025Q1
2025-03-03,XLRE,0.006176754934205442,-0.012654682611493396,6,2025Q1
2025-03-03,XLU,0.024723918773269404,-0.012161684212361468,6,2025Q1
2025-03-03,XLV,0.02695546227554535,0.0019515567738414147,6,2025Q1
2025-03-03,XLY,-0.024668318199774886,0.00128297502547412,6,2025Q1
2025-03-04,XLB,0.03082211331873297,-0.007171972820694151,6,2025Q1
2025-03-04,XLC,-0.001931215072447423,-0.004160905259491475,6,2025Q1
2025-03-04,XLE,0.04101423808484872,-0.0088939868428378,6,2025Q1
2025-03-04,XLF,-0.00997406966495007,-0.010097831979121221,6,2025Q1
2025-03-04,XLI,0.023778150476788773,-0.007557046816066995,6,2025Q1
2025-03-04,XLK,-0.009924287496317685,-0.004566813531956308,6,2025Q1
2025-03-04,XLP,0.02862639997807448,-0.01066347464211945,6,2025Q1
2025-03-04,XLRE,0.0037569655422879933,-0.01244730558086316,6,2025Q1
2025-03-04,XLU,0.0282271856084797,-0.012722196951278774,6,2025Q1
2025-03-04,XLV,0.02192652929324823,-0.00234579234459385,6,2025Q1
2025-03-04,XLY,-0.02060552486457179,-0.0005728437321282616,6,2025Q1
2025-03-05,XLB,0.006163159185554878,-0.005331707580707665,6,2025Q1
2025-03-05,XLC,-0.004239789795187021,-0.004282631925845785,6,2025Q1
2025-03-05,XLE,0.06575872331069799,-0.002816906446614995,6,2025Q1
2025-03-05,XLF,-0.008900357325426156,-0.007175463105207125,6,2025Q1
2025-03-05,XLI,0.013546285712923822,-0.0058734519242618875,6,2025Q1
2025-03-05,XLK,-0.003147995154204164,-0.004533014817858183,6,2025Q1
2025-03-05,XLP,0.008251718463779922,-0.011514340033590214,6,2025Q1
2025-03-05,XLRE,-0.003422168115318258,-0.010717346463725845,6,2025Q1
2025-03-05,XLU,0.037358446420225566,-0.012838954127394732,6,2025Q1
2025-03-05,XLV,0.007548941509366136,0.0012502979648528192,6,2025Q1
2025-03-05,XLY,-0.024166404065158242,-0.001041972393455469,6,2025Q1
2025-03-06,XLB,0.0062309992951108395,-0.0061122185295940145,6,2025Q1
2025-03-06,XLC,-0.01109480429674825,-0.011117823566052197,6,2025Q1
2025-03-06,XLE,0.05136678474091905,-0.01077345893194138,6,2025Q1
2025-03-06,XLF,-0.0025180460722862286,-0.009087329748087503,6,2025Q1
2025-03-06,XLI,0.007633820494391541,-0.010017297254321357,6,2025Q1
2025-03-06,XLK,0.0011514835765590314,-0.0035761886732756524,6,2025Q1
2025-03-06,XLP,-0.0022979540544029176,-0.018777410377022793,6,2025Q1
2025-03-06,XLRE,-3.225067100154355e-06,-0.021665208114869102,6,2025Q1
2025-03-06,XLU,0.05667861775687599,-0.019762812972379893,6,2025Q1
2025-03-06,XLV,0.0007301093967910788,-0.0034085145651287516,6,2025Q1
2025-03-06,XLY,-0.028101281589938854,-0.0033528067566647307,6,2025Q1
2025-03-07,XLB,0.001811631110105516,-0.006007555499726957,6,2025Q1
2025-03-07,XLC,-0.014229142834024211,-0.010490691298470672,6,2025Q1
2025-03-07,XLE,0.049413469616405026,-0.017252577432281042,6,2025Q1
2025-03-07,XLF,0.010548594561405444,-0.007692464486661576,6,2025Q1
2025-03-07,XLI,-0.0004766451889267609,-0.01010668931064395,6,2025Q1
2025-03-07,XLK,0.0017148000190635448,-0.0025846674571819543,6,2025Q1
2025-03-07,XLP,-0.01766606208246857,-0.018327277316202147,6,2025Q1
2025-03-07,XLRE,-0.00125337486863486,-0.019545121193001898,6,2025Q1
2025-03-07,XLU,0.0432060676006758,-0.01808361594869687,6,2025Q1
2025-03-07,XLV,-0.006376293107876241,-0.0055941217091135705,6,2025Q1
2025-03-07,XLY,-0.020849977421257493,-0.0026113076960698114,6,2025Q1
2025-03-10,XLB,0.0007233030800413154,-0.005881256239551248,6,2025Q1
2025-03-10,XLC,-0.017037521409820844,-0.00923111039330826,6,2025Q1
2025-03-10,XLE,0.023588805891290532,-0.02322584951239956,6,2025Q1
2025-03-10,XLF,0.010562378059411515,-0.007441567611546298,6,2025Q1
2025-03-10,XLI,-0.005741949041022654,-0.008059779268898904,6,2025Q1
2025-03-10,XLK,0.017814045897931452,-0.0028992424399169525,6,2025Q1
2025-03-10,XLP,-0.03603059934659203,-0.016954293074249584,6,2025Q1
2025-03-10,XLRE,-0.008866937234204508,-0.019571878670968528,6,2025Q1
2025-03-10,XLU,0.0018453911627949182,-0.017802914635510512,6,2025Q1
2025-03-10,XLV,-0.017814674830477384,-0.008020408136958743,6,2025Q1
2025-03-10,XLY,-0.018375578324541286,-0.003347653790120619,6,2025Q1
2025-03-11,XLB,0.009342366426960513,-0.004873721556222555,6,2025Q1
2025-03-11,XLC,-0.01374066583260658,-0.008329104189303197,6,2025Q1
2025-03-11,XLE,0.03614531316529379,-0.02470657267929196,6,2025Q1
2025-03-11,XLF,0.02065168500881187,-0.0057435630596038125,6,2025Q1
2025-03-11,XLI,0.004351994154238703,-0.00033735656427566246,6,2025Q1
2025-03-11,XLK,0.008820259974715805,-0.0033949580000885013,6,2025Q1
2025-03-11,XLP,-0.03028604765898335,-0.019670095696748706,6,2025Q1
2025-03-11,XLRE,-0.0019659088260877144,-0.019295064763518204,6,2025Q1
2025-03-11,XLU,0.006844620379877098,-0.016248564924848184,6,2025Q1
2025-03-11,XLV,-0.0038337107464376796,-0.011694291644139005,6,2025Q1
2025-03-11,XLY,-0.02388959875266472,-0.0033216312221330934,6,2025Q1
2025-03-12,XLB,0.01194806998683573,-0.004778460424559697,6,2025Q1
2025-03-12,XLC,-0.012507800439239602,-0.008515028711610143,6,2025Q1
2025-03-12,XLE,0.04275036553657041,-0.020639894211917864,6,2025Q1
2025-03-12,XLF,0.024859438172400328,-0.00731818614150899,6,2025Q1
2025-03-12,XLI,0.012274207631799428,0.0006711800965086867,6,2025Q1
2025-03-12,XLK,0.0004790577577438171,-0.005664095856882015,6,2025Q1
2025-03-12,XLP,-0.014152471000420608,-0.01854873021114918,6,2025Q1
2025-03-12,XLRE,-0.0027229149639331762,-0.017118408073054113,6,2025Q1
2025-03-12,XLU,0.008156550666127638,-0.016199957732854632,6,2025Q1
2025-03-12,XLV,0.0012644364550964404,-0.008848817411060994,6,2025Q1
2025-03-12,XLY,-0.01639983066009698,-0.002966505040968079,6,2025Q1
2025-03-13,XLB,-0.004542687451497329,-0.004464614273496351,6,2025Q1
2025-03-13,XLC,-0.004427792201725067,-0.009137063109628385,6,2025Q1
2025-03-13,XLE,0.04319247869994869,-0.02067368774358017,6,2025Q1
2025-03-13,XLF,0.021299748920164507,-0.0034588028624011388,6,2025Q1
2025-03-13,XLI,0.00694251561974113,0.001557820366079059,6,2025Q1
2025-03-13,XLK,0.0020290848601984823,-0.000311786760868049,6,2025Q1
2025-03-13,XLP,-0.025137773512409867,-0.016851046261790615,6,2025Q1
2025-03-13,XLRE,0.005472746007655793,-0.01788348034032723,6,2025Q1
2025-03-13,XLU,-0.0009554442817316655,-0.015432408619389739,6,2025Q1
2025-03-13,XLV,-0.003406505912933566,-0.010075158679019949,6,2025Q1
2025-03-13,XLY,-0.004020613559486463,0.00010449468199169224,6,2025Q1
2025-03-14,XLB,-0.004288670556619856,-0.005769891360595913,6,2025Q1
2025-03-14,XLC,0.008482338473253082,-0.005190121732195066,6,2025Q1
2025-03-14,XLE,0.028669808781318196,-0.019401136611724067,6,2025Q1
2025-03-14,XLF,0.017294599925385956,-0.002466421490550341,6,2025Q1
2025-03-14,XLI,0.006462288057507148,-0.0002445361196358486,6,2025Q1
2025-03-14,XLK,-0.0019853701658500977,-0.0011053586593594807,6,2025Q1
2025-03-14,XLP,-0.004342720500640662,-0.017733057403465608,6,2025Q1
2025-03-14,XLRE,-0.0006313271791520414,-0.018000567838207644,6,2025Q1
2025-03-14,XLU,-0.0036003453815259823,-0.018864154845772915,6,2025Q1
2025-03-14,XLV,0.009443949792044215,-0.010344112776484699,6,2025Q1
2025-03-14,XLY,0.0017340587452963074,5.49186259559791e-05,6,2025Q1
2025-03-17,XLB,-0.018191881943481203,-0.005706074636740974,6,2025Q1
2025-03-17,XLC,0.002379550460716917,-0.004058386446805036,6,2025Q1
2025-03-17,XLE,0.00598476072596088,-0.01846069276979474,6,2025Q1
2025-03-17,XLF,0.009374002777554846,-0.0046407879035466485,6,2025Q1
2025-03-17,XLI,-0.0020640325617542477,-0.0021056794027854765,6,2025Q1
2025-03-17,XLK,-0.0020068558134771486,-0.002136134712616175,6,2025Q1
2025-03-17,XLP,-0.027962140794726698,-0.018187339395168985,6,2025Q1
2025-03-17,XLRE,-0.0207538403253823,-0.018791058854601635,6,2025Q1
2025-03-17,XLU,-0.025224040190318986,-0.018542698393776806,6,2025Q1
2025-03-17,XLV,-0.009629904722401328,-0.011924422911877577,6,2025Q1
2025-03-17,XLY,0.024733449277220654,0.0024552465998352486,6,2025Q1
2025-03-18,XLB,-0.030226233599590202,-0.0018019734723159686,6,2025Q1
2025-03-18,XLC,0.016279726225606916,-0.005557382454390044,6,2025Q1
2025-03-18,XLE,-0.005046912542395532,-0.01723714953397623,6,2025Q1
2025-03-18,XLF,0.002815113723144469,-4.842869071862194e-05,6,2025Q1
2025-03-18,XLI,-0.005948114004878935,0.000812512749403996,6,2025Q1
2025-03-18,XLK,0.0034857723919630157,-0.0008585737488841425,6,2025Q1
2025-03-18,XLP,-0.03915576073987037,-0.01608470585491488,6,2025Q1
2025-03-18,XLRE,-0.04005180993942059,-0.020885620847900143,6,2025Q1
2025-03-18,XLU,-0.047735018472733315,-0.016844450706306253,6,2025Q1
2025-03-18,XLV,-0.03643074240161137,-0.013014770409383928,6,2025Q1
2025-03-18,XLY,0.03844721367144377,0.0018790800176880461,6,2025Q1
2025-03-19,XLB,-0.008537668418013955,-0.0030569084183006867,6,2025Q1
2025-03-19,XLC,0.01844572706998293,-0.005276592169952552,6,2025Q1
2025-03-19,XLE,0.0076593949720045185,-0.017359303436712797,6,2025Q1
2025-03-19,XLF,0.011748813676623726,-0.0022269116368524577,6,2025Q1
2025-03-19,XLI,-0.002798866152138202,-0.00625058378126843,6,2025Q1
2025-03-19,XLK,-0.009228313830068391,0.00045016976405129537,6,2025Q1
2025-03-19,XLP,-0.0006934879227735724,-0.014208992968032618,6,2025Q1
2025-03-19,XLRE,-0.013058044483923892,-0.01853798882692411,6,2025Q1
2025-03-19,XLU,-0.021702817654572604,-0.014968891939748801,6,2025Q1
2025-03-19,XLV,-0.01741237274440255,-0.018128913987774168,6,2025Q1
2025-03-19,XLY,0.027951469738163537,0.004152446743855276,6,2025Q1
2025-03-20,XLB,-0.0029271276175041328,-0.005757873142759868,6,2025Q1
2025-03-20,XLC,0.015878902900708702,-0.005874912281222216,6,2025Q1
2025-03-20,XLE,-0.00603164138379475,-0.0171548992290615,6,2025Q1
2025-03-20,XLF,0.008066603123810356,-0.008285632829431172,6,2025Q1
2025-03-20,XLI,-0.0033381949360596908,-0.00626161036291665,6,2025Q1
2025-03-20,XLK,-0.011575428747390704,0.00273103834428887,6,2025Q1
2025-03-20,XLP,0.015459448546336407,-0.01463918806347722,6,2025Q1
2025-03-20,XLRE,-0.01450065210621232,-0.017628969992840988,6,2025Q1
2025-03-20,XLU,-0.02615262416454589,-0.014648263199139288,6,2025Q1
2025-03-20,XLV,-0.016688327842037443,-0.016208480460744235,6,2025Q1
2025-03-20,XLY,0.030836749253508433,0.002444463117065843,6,2025Q1
2025-03-21,XLB,0.0061265822280405224,-0.007048746041742639,6,2025Q1
2025-03-21,XLC,-0.004305080868464595,-0.006783953851679921,6,2025Q1
2025-03-21,XLE,0.013779533534801436,-0.01750741822743156,6,2025Q1
2025-03-21,XLF,0.009697706613388535,-0.008812590268023317,6,2025Q1
2025-03-21,XLI,-0.0011267208325167477,-0.006597734754631232,6,2025Q1
2025-03-21,XLK,-0.020674886470247178,0.003909328595858094,6,2025Q1
2025-03-21,XLP,0.028366313576404623,-0.015143425214553655,6,2025Q1
2025-03-21,XLRE,0.012343238122416444,-0.017420442577030883,6,2025Q1
2025-03-21,XLU,0.004974518402937944,-0.01478295003776315,6,2025Q1
2025-03-21,XLV,0.0005640287864456806,-0.013804908360490978,6,2025Q1
2025-03-21,XLY,0.012675821123739328,0.0026946036530440852,6,2025Q1
2025-03-24,XLB,0.019117772044761172,3.628701924518387e-05,6,2025Q1
2025-03-24,XLC,0.002891433026267487,-0.002314003087436055,6,2025Q1
2025-03-24,XLE,0.03205080365713764,-0.007720397930856575,6,2025Q1
2025-03-24,XLF,0.018809107098993083,-0.0062155011576644865,6,2025Q1
2025-03-24,XLI,0.0016108099656703123,-0.0019628858231140888,6,2025Q1
2025-03-24,XLK,-0.025644977231666255,0.0026395201892791733,6,2025Q1
2025-03-24,XLP,0.0541781887708539,-0.009864186989933205,6,2025Q1
2025-03-24,XLRE,0.02630612823071976,-0.011738344579281803,6,2025Q1
2025-03-24,XLU,0.034287757498058014,-0.008102577712443916,6,2025Q1
2025-03-24,XLV,0.01784157137791964,-0.005082404931039887,6,2025Q1
2025-03-24,XLY,-0.007844096928847022,0.001367699789109841,6,2025Q1
2025-03-25,XLB,0.02263709143642101,-0.0003804762055682632,6,2025Q1
2025-03-25,XLC,-0.009140736240305203,-0.0037262971066024057,6,2025Q1
2025-03-25,XLE,0.033439000167451605,-0.009616339686682351,6,2025Q1
2025-03-25,XLF,0.011695818835710803,-0.006237721505316589,6,2025Q1
2025-03-25,XLI,0.005252723986325147,-0.0007147415881107597,6,2025Q1
2025-03-25,XLK,-0.022266903674221017,-0.0004357870462528921,6,2025Q1
2025-03-25,XLP,0.06470705489497575,-0.007079910595322205,6,2025Q1
2025-03-25,XLRE,0.038732615069609455,-0.010325558738053783,6,2025Q1
2025-03-25,XLU,0.0528709637594138,-0.006532366721629506,6,2025Q1
2025-03-25,XLV,0.011894250002352336,-0.0030279097856373205,6,2025Q1
2025-03-25,XLY,-0.005900174964923011,0.0020779389661816665,6,2025Q1
2025-03-26,XLB,0.010965164250367976,-0.00017957801976075782,6,2025Q1
2025-03-26,XLC,-0.015447654327625737,-0.005193785274827254,6,2025Q1
2025-03-26,XLE,0.010890196700220955,-0.012297458835353044,6,2025Q1
2025-03-26,XLF,0.004771422806514547,-0.005873113777777187,6,2025Q1
2025-03-26,XLI,0.0030412911843176182,-0.0010275580586934186,6,2025Q1
2025-03-26,XLK,-0.01134484660194246,0.004604747833615772,6,2025Q1
2025-03-26,XLP,0.027808871168279237,-0.01156051920330184,6,2025Q1
2025-03-26,XLRE,0.020401496129591856,-0.011817597755483897,6,2025Q1
2025-03-26,XLU,0.032858690481035846,-0.007291113945912609,6,2025Q1
2025-03-26,XLV,0.0041181239772090095,-0.0037076459462603243,6,2025Q1
2025-03-26,XLY,0.007551700322248833,0.0015006062796184627,6,2025Q1
2025-03-27,XLB,0.012483122136559777,-0.001846287938865458,6,2025Q1
2025-03-27,XLC,-0.008464818178655964,-0.003826611581935849,6,2025Q1
2025-03-27,XLE,-0.012433557132240147,-0.009379665500456068,6,2025Q1
2025-03-27,XLF,0.003951325064008082,-0.004410651822466345,6,2025Q1
2025-03-27,XLI,0.0005965424724732049,-0.0006279758679825924,6,2025Q1
2025-03-27,XLK,-0.023397667854662352,0.004943256720880334,6,2025Q1
2025-03-27,XLP,0.06854608253875705,-0.006911658939657014,6,2025Q1
2025-03-27,XLRE,0.03884905793722615,-0.010784662439232873,6,2025Q1
2025-03-27,XLU,0.07307921186182142,-0.007464432568178993,6,2025Q1
2025-03-27,XLV,0.04088040699525408,-0.003739226412083862,6,2025Q1
2025-03-27,XLY,-0.007058704447374886,0.0014401222374414494,6,2025Q1
2025-03-28,XLB,0.006363603642515203,-0.0056668022832409085,6,2025Q1
2025-03-28,XLC,0.001780386824774438,-0.007578037084892765,6,2025Q1
2025-03-28,XLE,-0.05722875024519736,-0.017333115087794355,6,2025Q1
2025-03-28,XLF,-0.011141620880253167,-0.001543207850525284,6,2025Q1
2025-03-28,XLI,-0.0031478744308787165,-0.0028218989837566436,6,2025Q1
2025-03-28,XLK,-0.02567183790612204,0.003100925816791034,6,2025Q1
2025-03-28,XLP,0.06641623952734432,-0.011354140869556936,6,2025Q1
2025-03-28,XLRE,0.03150250158186396,-0.016600832022777515,6,2025Q1
2025-03-28,XLU,0.04642484125013213,-0.011410690620759893,6,2025Q1
2025-03-28,XLV,0.026731167178267623,-0.008434547207588121,6,2025Q1
2025-03-28,XLY,0.018346613565029757,-0.0010554551756344608,6,2025Q1
2025-03-31,XLB,-0.010406957640334391,-0.004763625542725946,6,2025Q1
2025-03-31,XLC,0.003989858574655725,-0.0026566121499836336,6,2025Q1
2025-03-31,XLE,-0.0643145631643336,-0.007477591202390717,6,2025Q1
2025-03-31,XLF,-0.016497115826461406,-0.0023320166082109453,6,2025Q1
2025-03-31,XLI,-0.0060324473625631425,-0.00010863539685869187,6,2025Q1
2025-03-31,XLK,-0.013148533017288244,0.005357559396155142,6,2025Q1
2025-03-31,XLP,0.047892341876984545,-0.006026885947088125,6,2025Q1
2025-03-31,XLRE,0.006821938635452107,-0.011163999617822173,6,2025Q1
2025-03-31,XLU,0.02909385974755574,-0.006886594804956274,6,2025Q1
2025-03-31,XLV,0.01930357992333953,-0.004786670658422096,6,2025Q1
2025-03-31,XLY,0.01310681026863425,0.0021116895210433655,6,2025Q1
2025-04-01,XLB,-0.024435866354733826,0.0038626041220388625,7,2025Q2
2025-04-01,XLC,0.007407963012067809,0.0061629087363260565,7,2025Q2
2025-04-01,XLE,-0.07184692623984512,-0.008079606336560808,7,2025Q2
2025-04-01,XLF,-0.0022243452497884286,0.0022944940036592983,7,2025Q2
2025-04-01,XLI,-0.0017973868480384292,0.005467357356203776,7,2025Q2
2025-04-01,XLK,-0.020910332520630015,0.004379780370104642,7,2025Q2
2025-04-01,XLP,0.048449785890077424,0.008622487270585524,7,2025Q2
2025-04-01,XLRE,0.00034840388269330447,-0.0006816149574326131,7,2025Q2
2025-04-01,XLU,0.039566264980362975,0.0031997639234483356,7,2025Q2
2025-04-01,XLV,0.04268587629185294,0.011617616442978195,7,2025Q2
2025-04-01,XLY,-0.0012172447916034557,0.002166705036461048,7,2025Q2
2025-04-02,XLB,-0.04366530289250137,0.0028406301610087287,7,2025Q2
2025-04-02,XLC,-0.0039459914977133526,0.007428491038386049,7,2025Q2
2025-04-02,XLE,-0.09687431737048202,-0.007478439666296491,7,2025Q2
2025-04-02,XLF,-0.030247556999208225,0.0005313584599007378,7,2025Q2
2025-04-02,XLI,-0.019109939202538673,0.005121964409728426,7,2025Q2
2025-04-02,XLK,0.001104957031015652,0.0033533767253237307,7,2025Q2
2025-04-02,XLP,0.0006977099919137641,0.006672433942731019,7,2025Q2
2025-04-02,XLRE,-0.04003790090251991,-0.000998056799274235,7,2025Q2
2025-04-02,XLU,-0.015274418411111212,0.002097187390219879,7,2025Q2
2025-04-02,XLV,-0.010226717241526462,0.010937451240746182,7,2025Q2
2025-04-02,XLY,-0.010051979218182794,0.0012679268017760305,7,2025Q2
2025-04-03,XLB,-0.036396848767934586,-0.0028078270555480997,7,2025Q2
2025-04-03,XLC,0.0006436176456179332,-0.0031526986417974275,7,2025Q2
2025-04-03,XLE,-0.08993772694120139,-0.015624384260206542,7,2025Q2
2025-04-03,XLF,-0.014741938368733831,-0.0015224548382885602,7,2025Q2
2025-04-03,XLI,0.0038299651803177515,0.003392644800703938,7,2025Q2
2025-04-03,XLK,0.01817738759749843,0.0008541396360778633,7,2025Q2
2025-04-03,XLP,-0.009970587549778864,0.0014854809222258317,7,2025Q2
2025-04-03,XLRE,-0.03719217198903735,-0.008303704962620343,7,2025Q2
2025-04-03,XLU,-0.02201968044282543,-0.015140033539820366,7,2025Q2
2025-04-03,XLV,-0.034987592926130406,0.007963222762420267,7,2025Q2
2025-04-03,XLY,0.006197587278542804,-0.0005140360433470075,7,2025Q2
2025-04-04,XLB,-0.023079526222606672,-0.00474517559258163,7,2025Q2
2025-04-04,XLC,-0.010406684569492786,-0.002020742185227657,7,2025Q2
2025-04-04,XLE,-0.055070441912982604,0.0009165033224533083,7,2025Q2
2025-04-04,XLF,-0.0008386730246248142,0.004421688908302769,7,2025Q2
2025-04-04,XLI,0.008820774949918508,0.0028138095374323395,7,2025Q2
2025-04-04,XLK,0.030903035009139712,0.003213551008377377,7,2025Q2
2025-04-04,XLP,-0.03263231834408331,0.003649294281385714,7,2025Q2
2025-04-04,XLRE,-0.057747720010975834,-0.012901924360548064,7,2025Q2
2025-04-04,XLU,-0.03270385167357004,-0.017288141708387043,7,2025Q2
2025-04-04,XLV,-0.044967625610981665,0.0006494500472633826,7,2025Q2
2025-04-04,XLY,-0.018808667521684974,0.0017553532978710207,7,2025Q2
2025-04-07,XLB,-0.005715998581901749,-0.002186317054911146,7,2025Q2
2025-04-07,XLC,-0.01701630863038739,-0.0027819967658942535,7,2025Q2
2025-04-07,XLE,-0.05711945212969516,0.00418121437907968,7,2025Q2
2025-04-07,XLF,0.0005268522274248788,0.0028609288058214894,7,2025Q2
2025-04-07,XLI,0.012816859670053748,0.0029958389596544182,7,2025Q2
2025-04-07,XLK,0.022151376378334087,0.0007129332899789861,7,2025Q2
2025-04-07,XLP,-0.015104880473358895,0.01557378737699554,7,2025Q2
2025-04-07,XLRE,-0.022585215062606023,-0.007276914833209602,7,2025Q2
2025-04-07,XLU,-0.010285551923914671,-0.0035259221032887104,7,2025Q2
2025-04-07,XLV,-0.038609666581842284,0.005057082523935311,7,2025Q2
2025-04-07,XLY,-0.015507875749616984,0.0029171667039270413,7,2025Q2
2025-04-08,XLB,0.005483160491193795,-0.0047513946753890805,7,2025Q2
2025-04-08,XLC,-0.013413284743448939,-0.00211481888581308,7,2025Q2
2025-04-08,XLE,-0.0486987892407762,0.004342780336594937,7,2025Q2
2025-04-08,XLF,-0.006568170705005372,0.004610303371268119,7,2025Q2
2025-04-08,XLI,0.00245140667467858,0.0018886876644541265,7,2025Q2
2025-04-08,XLK,0.034888937543888776,0.0017779713731442823,7,2025Q2
2025-04-08,XLP,-0.021546556124467653,0.013638679595827626,7,2025Q2
2025-04-08,XLRE,-0.008409559284417112,-0.005148127959964371,7,2025Q2
2025-04-08,XLU,-0.020043927693981,-0.0048344611559020985,7,2025Q2
2025-04-08,XLV,-0.0474243562634018,0.00526952938448857,7,2025Q2
2025-04-08,XLY,-0.011617175638966248,0.004805469093585497,7,2025Q2
2025-04-09,XLB,0.034916335352231265,0.0023014877821356666,7,2025Q2
2025-04-09,XLC,-0.0019942156084364893,0.004300932728259015,7,2025Q2
2025-04-09,XLE,0.009553229491227944,-0.0003003808016099446,7,2025Q2
2025-04-09,XLF,0.027029372865744916,-0.0018720419750116453,7,2025Q2
2025-04-09,XLI,0.024968163902430618,0.006122422320270469,7,2025Q2
2025-04-09,XLK,-0.006957544336881449,0.0025730549305308433,7,2025Q2
2025-04-09,XLP,0.052567899058989065,0.01476854340928672,7,2025Q2
2025-04-09,XLRE,0.05740771695917646,-0.003903648270947674,7,2025Q2
2025-04-09,XLU,0.05514518275771696,0.0062276106868298835,7,2025Q2
2025-04-09,XLV,0.02404994227556312,0.010999558447194862,7,2025Q2
2025-04-09,XLY,-0.01593822657943933,0.0024811862923340296,7,2025Q2
2025-04-10,XLB,0.029384352418528215,0.0026726393947157138,7,2025Q2
2025-04-10,XLC,-0.00669292497928875,0.003967371893926626,7,2025Q2
2025-04-10,XLE,0.05522804466339659,0.006865631584717183,7,2025Q2
2025-04-10,XLF,0.012629987613328897,0.002084133471960664,7,2025Q2
2025-04-10,XLI,0.01116855216181345,0.006002587082423069,7,2025Q2
2025-04-10,XLK,-0.011257193673415045,0.007527374313344569,7,2025Q2
2025-04-10,XLP,0.028269528936679222,0.010845744413233162,7,2025Q2
2025-04-10,XLRE,0.050445835712715326,-0.007598830934768668,7,2025Q2
2025-04-10,XLU,0.027943855652919458,0.003528505489058002,7,2025Q2
2025-04-10,XLV,0.000959563707011668,0.009591743952318923,7,2025Q2
2025-04-10,XLY,-0.016793454530978025,0.006009093153227584,7,2025Q2
2025-04-11,XLB,0.025395851349524823,0.0028558689332821934,7,2025Q2
2025-04-11,XLC,0.0037141710983827902,0.004584692772637855,7,2025Q2
2025-04-11,XLE,0.04365418573918145,0.006096110708162504,7,2025Q2
2025-04-11,XLF,0.015714182648841835,0.00022315190817064626,7,2025Q2
2025-04-11,XLI,0.012265395808615298,0.006238723428569743,7,2025Q2
2025-04-11,XLK,-0.015215715818743814,0.00734683895294024,7,2025Q2
2025-04-11,XLP,0.04677947192256138,0.007618041568891598,7,2025Q2
2025-04-11,XLRE,0.05529843859649741,-0.004423471158217437,7,2025Q2
2025-04-11,XLU,0.0324597014999215,0.0036888902762190036,7,2025Q2
2025-04-11,XLV,0.006153091637833841,0.010712801101482022,7,2025Q2
2025-04-11,XLY,-0.011291715682898329,0.006794891538270711,7,2025Q2
2025-04-14,XLB,0.020912660509378456,0.0021226528407928547,7,2025Q2
2025-04-14,XLC,0.006780095627224814,0.003314962795316031,7,2025Q2
2025-04-14,XLE,0.05005828621900277,0.008570923803823386,7,2025Q2
2025-04-14,XLF,0.022229450703766473,0.0005985181730519476,7,2025Q2
2025-04-14,XLI,0.00351051015368109,0.005951353897803799,7,2025Q2
2025-04-14,XLK,-0.01645186299394963,0.0069010454207300434,7,2025Q2
2025-04-14,XLP,0.02838055301157183,0.0056726522614298025,7,2025Q2
2025-04-14,XLRE,0.03810584830307595,-0.0040737405521473905,7,2025Q2
2025-04-14,XLU,0.026007579157567906,-0.0032685226680894716,7,2025Q2
2025-04-14,XLV,-0.0031017375507788048,0.010311244674952,7,2025Q2
2025-04-14,XLY,0.0004164786705542767,0.006261477434547886,7,2025Q2
2025-04-15,XLB,0.012115153665239853,0.003926227683997349,7,2025Q2
2025-04-15,XLC,0.002119399727424587,0.004667907415526022,7,2025Q2
2025-04-15,XLE,0.03177756976049062,0.008985378845122082,7,2025Q2
2025-04-15,XLF,0.013593364928063179,0.0003014027087024429,7,2025Q2
2025-04-15,XLI,0.0028072612367595617,0.0064288893079333985,7,2025Q2
2025-04-15,XLK,-0.01011328349470575,0.004390002625650819,7,2025Q2
2025-04-15,XLP,0.01320600503208047,0.007996522743017709,7,2025Q2
2025-04-15,XLRE,0.019886837952804437,-0.0007700001613056315,7,2025Q2
2025-04-15,XLU,0.012441247144669654,0.000809335460667843,7,2025Q2
2025-04-15,XLV,-0.010161290504083542,0.011716092176371241,7,2025Q2
2025-04-15,XLY,0.011590789811057989,0.006447658942200203,7,2025Q2
2025-04-16,XLB,-0.0021016116255418993,0.0032099829285488443,7,2025Q2
2025-04-16,XLC,0.006183043244034181,0.005287992052756385,7,2025Q2
2025-04-16,XLE,-0.004373222435405388,0.00528522096302177,7,2025Q2
2025-04-16,XLF,-0.003041449865746282,0.00474012801201743,7,2025Q2
2025-04-16,XLI,-0.00469951423701187,0.007600091530554908,7,2025Q2
2025-04-16,XLK,0.019402155643923225,0.009975731933652981,7,2025Q2
2025-04-16,XLP,-0.028904054122094847,-0.005023689444318766,7,2025Q2
2025-04-16,XLRE,-0.02066983195868688,-0.003149896417566863,7,2025Q2
2025-04-16,XLU,-0.020910979476374658,-0.0014177660042125507,7,2025Q2
2025-04-16,XLV,-0.031935823513095096,0.010574406378007618,7,2025Q2
2025-04-16,XLY,0.013564580038156082,0.006926936270462865,7,2025Q2
2025-04-17,XLB,-0.02287086611496525,0.002607806557358182,7,2025Q2
2025-04-17,XLC,-2.49918683243866e-05,0.004307339776506207,7,2025Q2
2025-04-17,XLE,-0.035108515453034395,0.003516309358134019,7,2025Q2
2025-04-17,XLF,-0.01666112955491572,0.0033961647742767435,7,2025Q2
2025-04-17,XLI,-0.016419822304321485,0.008274038590072898,7,2025Q2
2025-04-17,XLK,0.034910780784612516,0.009323042961231395,7,2025Q2
2025-04-17,XLP,-0.05860968182408066,-0.004703077636560531,7,2025Q2
2025-04-17,XLRE,-0.04405101054278404,-0.005850712996727396,7,2025Q2
2025-04-17,XLU,-0.040371052223801884,-0.009412108183392656,7,2025Q2
2025-04-17,XLV,-0.02713437750248282,0.01092441671676857,7,2025Q2
2025-04-17,XLY,0.019774906893607724,0.007870671019955797,7,2025Q2
2025-04-21,XLB,-0.03107264471079607,0.0025681307327276833,7,2025Q2
2025-04-21,XLC,0.002223611620569166,0.005613506938107788,7,2025Q2
2025-04-21,XLE,-0.026585678184410932,0.002247319578370558,7,2025Q2
2025-04-21,XLF,-0.016740237342159237,0.003425682607775993,7,2025Q2
2025-04-21,XLI,-0.015203540379526537,0.00720875372102389,7,2025Q2
2025-04-21,XLK,0.035838696660831504,0.005778504434452908,7,2025Q2
2025-04-21,XLP,-0.07835549398302355,-0.004939661861795869,7,2025Q2
2025-04-21,XLRE,-0.04240487058307085,-0.006263295921238087,7,2025Q2
2025-04-21,XLU,-0.03559359697515285,-0.00907531871591302,7,2025Q2
2025-04-21,XLV,-0.026457462101221463,0.006627422476148091,7,2025Q2
2025-04-21,XLY,0.023485230386838696,0.00969093951704645,7,2025Q2
2025-04-22,XLB,-0.025782762752663668,0.002218095831975374,7,2025Q2
2025-04-22,XLC,0.0031453113032058333,0.004274215305894106,7,2025Q2
2025-04-22,XLE,-0.03487792912512089,0.0031187223487568025,7,2025Q2
2025-04-22,XLF,-0.019323208302717942,0.001426648944939678,7,2025Q2
2025-04-22,XLI,-0.006007678983941389,0.006809402735138616,7,2025Q2
2025-04-22,XLK,0.03511765587297333,0.007508048483294752,7,2025Q2
2025-04-22,XLP,-0.06350140125790338,-0.0066422379562155924,7,2025Q2
2025-04-22,XLRE,-0.034271111133008736,-0.006612355988290872,7,2025Q2
2025-04-22,XLU,-0.03467520151730685,-0.018402713192087007,7,2025Q2
2025-04-22,XLV,-0.020096495756904087,0.0072412866528294845,7,2025Q2
2025-04-22,XLY,0.018007078958269807,0.00934796197050451,7,2025Q2
2025-04-23,XLB,-0.006132473010099115,0.0009719567496945698,7,2025Q2
2025-04-23,XLC,0.002470941329246079,0.002123326519160347,7,2025Q2
2025-04-23,XLE,-0.04481909690816199,0.00463218534312809,7,2025Q2
2025-04-23,XLF,-0.01391648636570264,0.0010423609823683642,7,2025Q2
2025-04-23,XLI,0.004150244259832014,0.0074384829359741824,7,2025Q2
2025-04-23,XLK,0.02453007196799617,0.0038256415187656505,7,2025Q2
2025-04-23,XLP,-0.03497651807609681,-0.004939249413888515,7,2025Q2
2025-04-23,XLRE,-0.015201264489305366,-0.00401029308451043,7,2025Q2
2025-04-23,XLU,-0.028433378115514607,-0.01616133621667875,7,2025Q2
2025-04-23,XLV,-0.0007880113577838355,0.005140177968890339,7,2025Q2
2025-04-23,XLY,0.0007546177032549117,0.00873143232664671,7,2025Q2
2025-04-24,XLB,-0.018184093342530572,0.004272491300134306,7,2025Q2
2025-04-24,XLC,0.0014872250863120495,0.0034393146903998932,7,2025Q2
2025-04-24,XLE,-0.04262854891324008,0.0025807217032630426,7,2025Q2
2025-04-24,XLF,-0.011185166461522345,0.0004893878388825136,7,2025Q2
2025-04-24,XLI,0.00317698809860123,0.005754020791134045,7,2025Q2
2025-04-24,XLK,0.015545066269065044,0.0012478704638558746,7,2025Q2
2025-04-24,XLP,-0.02068419635735186,0.007071207944811144,7,2025Q2
2025-04-24,XLRE,-0.0010994744599956974,0.0008024601879368786,7,2025Q2
2025-04-24,XLU,-0.012879919398114614,-0.008813734118424218,7,2025Q2
2025-04-24,XLV,-0.02700677334665369,0.007119994370903753,7,2025Q2
2025-04-24,XLY,0.0002954239734187514,0.0062493602017962765,7,2025Q2
2025-04-25,XLB,-0.0013156935440594708,0.004453682438235733,7,2025Q2
2025-04-25,XLC,0.003153969912047083,0.0040670209460414615,7,2025Q2
2025-04-25,XLE,-0.0342513575040958,0.004644696983850974,7,2025Q2
2025-04-25,XLF,0.006959876699154766,0.001608687372050378,7,2025Q2
2025-04-25,XLI,0.013899922253514552,0.006444213970593315,7,2025Q2
2025-04-25,XLK,0.009771360146105357,0.0014624221244160201,7,2025Q2
2025-04-25,XLP,-0.02036854348532624,0.011045994010437614,7,2025Q2
2025-04-25,XLRE,0.0052672889101004206,0.0016108085250013855,7,2025Q2
2025-04-25,XLU,-0.009584448772357979,-0.005158337741830459,7,2025Q2
2025-04-25,XLV,-0.025798024338397285,0.00831723205369184,7,2025Q2
2025-04-25,XLY,-0.009892434331842503,0.003933031984003193,7,2025Q2
2025-04-28,XLB,-0.004497704838708039,0.0027146104139628567,7,2025Q2
2025-04-28,XLC,0.007950613870087997,0.002375765997788817,7,2025Q2
2025-04-28,XLE,-0.0527524594688592,0.0025924437205470455,7,2025Q2
2025-04-28,XLF,0.0033822942854522253,-0.001764194419679013,7,2025Q2
2025-04-28,XLI,0.01726764586654661,0.002467115183991821,7,2025Q2
2025-04-28,XLK,0.01223570997523793,0.0012767073720976183,7,2025Q2
2025-04-28,XLP,-0.011564020982432588,0.012815246523769839,7,2025Q2
2025-04-28,XLRE,0.003991343709171646,0.001582630691198117,7,2025Q2
2025-04-28,XLU,-0.012053701408305306,-0.004409384765460647,7,2025Q2
2025-04-28,XLV,-0.026301566475842586,0.004590346036812749,7,2025Q2
2025-04-28,XLY,-0.014787185846269812,0.0034701619806044065,7,2025Q2
2025-04-29,XLB,-0.005326163143840823,0.004674125512741163,7,2025Q2
2025-04-29,XLC,0.015186026946862663,0.002684883684549842,7,2025Q2
2025-04-29,XLE,-0.0347953793634479,0.005178941345533321,7,2025Q2
2025-04-29,XLF,0.001985829264230299,-0.0010147855381908196,7,2025Q2
2025-04-29,XLI,0.016403748747161773,0.002752605940769314,7,2025Q2
2025-04-29,XLK,0.013773597186024222,0.0017781933973380747,7,2025Q2
2025-04-29,XLP,-0.006727961509291447,0.009375102775294464,7,2025Q2
2025-04-29,XLRE,0.0035940169321395654,0.00040746889166998266,7,2025Q2
2025-04-29,XLU,0.007302641073748228,-0.007094131112085423,7,2025Q2
2025-04-29,XLV,-0.04362189389731164,0.006674964663375449,7,2025Q2
2025-04-29,XLY,-0.01571747940957602,0.0022450595945890006,7,2025Q2
2025-04-30,XLB,-0.019787234839275802,0.004271493337434536,7,2025Q2
2025-04-30,XLC,0.009140562678668918,0.0023764404389220546,7,2025Q2
2025-04-30,XLE,-0.011298671362555135,0.004877209811982733,7,2025Q2
2025-04-30,XLF,0.002231154021249182,-0.001882644549308989,7,2025Q2
2025-04-30,XLI,0.010409123900438022,0.0025440733278568302,7,2025Q2
2025-04-30,XLK,0.015893707791284406,0.0013599905934460854,7,2025Q2
2025-04-30,XLP,-0.016196949340760103,0.009310763045944807,7,2025Q2
2025-04-30,XLRE,-0.005624389859238743,-8.317653006066476e-05,7,2025Q2
2025-04-30,XLU,0.011527612399420573,-0.005641132184984899,7,2025Q2
2025-04-30,XLV,-0.048297663654182865,0.002066724329075031,7,2025Q2
2025-04-30,XLY,-0.002642693156788223,0.0024717235245748123,7,2025Q2
2025-05-01,XLB,-0.001982089029914258,0.004881177961471224,7,2025Q2
2025-05-01,XLC,0.0064423717738406605,0.00015663409174265384,7,2025Q2
2025-05-01,XLE,-0.0017753442175021394,0.0049790761129297634,7,2025Q2
2025-05-01,XLF,0.010969134076481035,-0.0010792126221004753,7,2025Q2
2025-05-01,XLI,0.016866418699429397,0.00252918439340035,7,2025Q2
2025-05-01,XLK,0.010823700537947456,0.0007665643096067544,7,2025Q2
2025-05-01,XLP,-0.008594968487621424,0.011252766854995943,7,2025Q2
2025-05-01,XLRE,-0.013248672260108396,0.00043035521430290625,7,2025Q2
2025-05-01,XLU,0.00045821241883881036,-0.007416175823931155,7,2025Q2
2025-05-01,XLV,-0.030096349620150065,0.004249517030529712,7,2025Q2
2025-05-01,XLY,0.0037784261204594216,0.0032205053602446265,7,2025Q2
2025-05-02,XLB,-8.664394603397074e-05,0.005755694514650933,7,2025Q2
2025-05-02,XLC,0.001806325116149643,0.0016532957217046695,7,2025Q2
2025-05-02,XLE,0.009759028653707924,0.0039798553033034995,7,2025Q2
2025-05-02,XLF,0.0062795312623749044,-0.002568316286029042,7,2025Q2
2025-05-02,XLI,0.01563858759052983,0.004449622985308912,7,2025Q2
2025-05-02,XLK,0.008840311071568685,0.0027531801634360312,7,2025Q2
2025-05-02,XLP,-0.0036997079775904496,0.010117571062679792,7,2025Q2
2025-05-02,XLRE,-0.003361882270975336,-0.004771591631286695,7,2025Q2
2025-05-02,XLU,0.010414085587083344,-0.006093907256529746,7,2025Q2
2025-05-02,XLV,-0.03795923508607524,0.004170147359319382,7,2025Q2
2025-05-02,XLY,0.009135098682012677,0.0033973922210294824,7,2025Q2
2025-05-05,XLB,-0.008234520905476161,0.005159359202848931,7,2025Q2
2025-05-05,XLC,-0.018696024605413974,0.004129718512618969,7,2025Q2
2025-05-05,XLE,0.016114189335234785,0.0007715216186717224,7,2025Q2
2025-05-05,XLF,-0.00564509225836507,-0.006022119223271769,7,2025Q2
2025-05-05,XLI,0.007391598214477879,0.0053444335552045525,7,2025Q2
2025-05-05,XLK,0.022239647909205962,0.0028015581383134883,7,2025Q2
2025-05-05,XLP,-0.0402139048789697,0.011468493944747023,7,2025Q2
2025-05-05,XLRE,-0.04006092204481004,0.0002990495221302529,7,2025Q2
2025-05-05,XLU,-0.0319291913269526,-0.003475217702386537,7,2025Q2
2025-05-05,XLV,-0.05035013212458572,0.009647863494406729,7,2025Q2
2025-05-05,XLY,0.03156573798511575,0.007300552273885169,7,2025Q2
2025-05-06,XLB,-0.021501693581820636,0.0047710673230506005,7,2025Q2
2025-05-06,XLC,-0.02416236164309593,0.0035028367676916868,7,2025Q2
2025-05-06,XLE,0.015022237347008138,0.0024263257647218024,7,2025Q2
2025-05-06,XLF,-0.011122811697505952,-0.005827927927354625,7,2025Q2
2025-05-06,XLI,0.008336067198980723,0.005844266904909154,7,2025Q2
2025-05-06,XLK,0.03850920908783695,0.004066811670414614,7,2025Q2
2025-05-06,XLP,-0.0675114687324978,0.01057751658280319,7,2025Q2
2025-05-06,XLRE,-0.06220107560545629,0.0027679703739429302,7,2025Q2
2025-05-06,XLU,-0.060983723904854625,-0.003449774297321284,7,2025Q2
2025-05-06,XLV,-0.06849206440980382,0.00709006592106836,7,2025Q2
2025-05-06,XLY,0.03957047562055349,0.006659621331382344,7,2025Q2
2025-05-07,XLB,-0.02224668666666063,0.00382377438181459,7,2025Q2
2025-05-07,XLC,-0.01386970711350255,0.0055350468377428075,7,2025Q2
2025-05-07,XLE,0.01123132513687719,0.0002258819240051886,7,2025Q2
2025-05-07,XLF,-0.016986080603109466,-0.005629490584222444,7,2025Q2
2025-05-07,XLI,0.000962980387202439,0.005719854971899893,7,2025Q2
2025-05-07,XLK,0.03777195961398783,0.0015060591176641804,7,2025Q2
2025-05-07,XLP,-0.07129523883010613,0.008485425538535695,7,2025Q2
2025-05-07,XLRE,-0.0668480366139349,0.0005004644214705015,7,2025Q2
2025-05-07,XLU,-0.06507418285481315,-0.0037874314996035946,7,2025Q2
2025-05-07,XLV,-0.09580251468773293,0.0008877925209895728,7,2025Q2
2025-05-07,XLY,0.038371448327437774,0.005567757438310781,7,2025Q2
2025-05-08,XLB,-0.023253089162232232,0.002463990522783109,7,2025Q2
2025-05-08,XLC,-0.01004106874722388,0.0037516498139867783,7,2025Q2
2025-05-08,XLE,0.004062622617219791,-0.00637957183109492,7,2025Q2
2025-05-08,XLF,-0.016471235375946414,-0.004924536051949534,7,2025Q2
2025-05-08,XLI,0.0003431389899248849,0.006355721270238548,7,2025Q2
2025-05-08,XLK,0.031149448202920205,-0.0005790084551445908,7,2025Q2
2025-05-08,XLP,-0.04790010620690033,0.01227926538927539,7,2025Q2
2025-05-08,XLRE,-0.04180784519485137,-0.0005094489687133214,7,2025Q2
2025-05-08,XLU,-0.03383986754602275,-0.003078728415020725,7,2025Q2
2025-05-08,XLV,-0.0723850028110028,0.005484183715426144,7,2025Q2
2025-05-08,XLY,0.025491833098227668,0.005899823536470415,7,2025Q2
2025-05-09,XLB,-0.02346481865823713,0.00475330088188293,7,2025Q2
2025-05-09,XLC,-0.005576522928692151,0.006176707096928827,7,2025Q2
2025-05-09,XLE,-0.015910273653392926,-0.009978712908345485,7,2025Q2
2025-05-09,XLF,-0.01821421346321772,-0.0037368321914421246,7,2025Q2
2025-05-09,XLI,0.00344011493135854,0.0045823433157480735,7,2025Q2
2025-05-09,XLK,0.026546355099345442,0.006268954190044165,7,2025Q2
2025-05-09,XLP,-0.03857444792616582,0.009074682482579633,7,2025Q2
2025-05-09,XLRE,-0.043298291708548486,-0.00011097081365668863,7,2025Q2
2025-05-09,XLU,-0.028733897891681126,-0.0032900841365088706,7,2025Q2
2025-05-09,XLV,-0.049821223794587643,0.00690573060667378,7,2025Q2
2025-05-09,XLY,0.022480166550041147,0.006226166357071739,7,2025Q2
2025-05-12,XLB,-0.011674886166604947,0.004782628243409987,7,2025Q2
2025-05-12,XLC,0.006672726915583516,0.006583400393021646,7,2025Q2
2025-05-12,XLE,-0.022826258583924286,-0.009756634866065048,7,2025Q2
2025-05-12,XLF,-0.005599938385595138,-0.0014328304539328537,7,2025Q2
2025-05-12,XLI,0.007953105367288549,0.005109925484520548,7,2025Q2
2025-05-12,XLK,0.009740041010247058,0.0016349134745437903,7,2025Q2
2025-05-12,XLP,-0.004546783580329894,0.009412667540291202,7,2025Q2
2025-05-12,XLRE,-0.009539080387982901,0.0009866780542139677,7,2025Q2
2025-05-12,XLU,0.014385785446013655,-0.0030147477102995817,7,2025Q2
2025-05-12,XLV,-0.03203801818022256,0.003962715472083717,7,2025Q2
2025-05-12,XLY,0.001730302406317108,0.003945287834111277,7,2025Q2
2025-05-13,XLB,0.0017229311416051551,0.006572608227705999,7,2025Q2
2025-05-13,XLC,0.004333929776948464,0.007433088484041423,7,2025Q2
2025-05-13,XLE,-0.03565810475071318,-0.009315638018435999,7,2025Q2
2025-05-13,XLF,-0.005151237529468222,-0.0015870846338809552,7,2025Q2
2025-05-13,XLI,0.0072417201120877905,0.0045822664350389525,7,2025Q2
2025-05-13,XLK,-0.005727493016065122,-0.0007705050359652018,7,2025Q2
2025-05-13,XLP,0.023033663871719456,0.010201717845197111,7,2025Q2
2025-05-13,XLRE,0.008984796727323774,0.0010634380207932257,7,2025Q2
2025-05-13,XLU,0.028930082419151626,-0.003961357284188952,7,2025Q2
2025-05-13,XLV,0.011219236963724732,0.013878596793799792,7,2025Q2
2025-05-13,XLY,-0.006757457339869211,0.005553627340378016,7,2025Q2
2025-05-14,XLB,0.01578722808510613,0.006207539595100883,7,2025Q2
2025-05-14,XLC,0.009837495774974725,0.007204224364925499,7,2025Q2
2025-05-14,XLE,-0.029486826227256957,-0.008653349064904297,7,2025Q2
2025-05-14,XLF,-0.004710279269016127,-0.001056285790660329,7,2025Q2
2025-05-14,XLI,0.013170741048307066,0.004124915823164966,7,2025Q2
2025-05-14,XLK,-0.01266515673592361,-0.0008445054649383295,7,2025Q2
2025-05-14,XLP,0.03483891379843551,0.010770910809598348,7,2025Q2
2025-05-14,XLRE,0.008786207689275516,0.0008901959793555672,7,2025Q2
2025-05-14,XLU,0.03276609800345698,-0.002057516225357447,7,2025Q2
2025-05-14,XLV,0.029871683580290576,0.01704511595523582,7,2025Q2
2025-05-14,XLY,-0.012587807575546672,0.005829356868873908,7,2025Q2
2025-05-15,XLB,0.009000303777884744,0.0055542095333507915,7,2025Q2
2025-05-15,XLC,0.008129236728325662,0.006437864086339205,7,2025Q2
2025-05-15,XLE,-0.032840014344338586,-0.00906135418145772,7,2025Q2
2025-05-15,XLF,-0.007994025177123443,-0.0003835618788427466,7,2025Q2
2025-05-15,XLI,0.006361928914726311,0.004063212625203776,7,2025Q2
2025-05-15,XLK,-0.009313898189574177,-0.0005048806484463919,7,2025Q2
2025-05-15,XLP,0.014453694274666806,0.008621776060995198,7,2025Q2
2025-05-15,XLRE,-0.008246092382009684,0.0005141795072037159,7,2025Q2
2025-05-15,XLU,0.0014927828666270182,0.0010465473277243118,7,2025Q2
2025-05-15,XLV,0.013171660481423708,0.01455646718970989,7,2025Q2
2025-05-15,XLY,-0.0017555571623094623,0.007837551331756057,7,2025Q2
2025-05-16,XLB,0.009887161187284166,0.0042815341087964615,7,2025Q2
2025-05-16,XLC,0.00977356008190533,0.0060242526553755315,7,2025Q2
2025-05-16,XLE,-0.015432774187288945,-0.007710339281541333,7,2025Q2
2025-05-16,XLF,-0.00445525653456047,-0.0012535390675852628,7,2025Q2
2025-05-16,XLI,0.004878032507778407,0.0024547529776166627,7,2025Q2
2025-05-16,XLK,-0.009003590686526008,-0.0013502094671007702,7,2025Q2
2025-05-16,XLP,0.019668671164582485,0.008313096813224998,7,2025Q2
2025-05-16,XLRE,-0.0072157932937541025,-0.0005132246922221878,7,2025Q2
2025-05-16,XLU,0.011766869631881671,0.0007652318535398673,7,2025Q2
2025-05-16,XLV,0.004732780289359639,0.011810096055036261,7,2025Q2
2025-05-16,XLY,-0.006855164926628521,0.006454758351744841,7,2025Q2
2025-05-19,XLB,0.0054179470769498694,0.0038717556612778213,7,2025Q2
2025-05-19,XLC,0.005631127325404939,0.006226800005538676,7,2025Q2
2025-05-19,XLE,-0.013573710080306944,-0.006380484256791705,7,2025Q2
2025-05-19,XLF,-0.007146856573422622,-0.0012399603727069714,7,2025Q2
2025-05-19,XLI,-0.0004341345841331057,0.002195005852134764,7,2025Q2
2025-05-19,XLK,-0.0037991301985257353,-0.0023420417748265714,7,2025Q2
2025-05-19,XLP,0.00658453123853231,0.007881447938289468,7,2025Q2
2025-05-19,XLRE,-0.012544790129530137,-0.0024184619686165175,7,2025Q2
2025-05-19,XLU,-0.004200397692374236,0.0015818126323530256,7,2025Q2
2025-05-19,XLV,-0.010227068137731443,0.00908460059006063,7,2025Q2
2025-05-19,XLY,0.004884634588345982,0.005431555237958704,7,2025Q2
2025-05-20,XLB,-0.004104798202454352,0.00347637171471895,7,2025Q2
2025-05-20,XLC,0.01030898305831185,0.005510754128749231,7,2025Q2
2025-05-20,XLE,-0.014572269135781357,-0.006335981752292663,7,2025Q2
2025-05-20,XLF,-0.005972243774082453,-0.002368614635319284,7,2025Q2
2025-05-20,XLI,0.0006362486295015124,0.0020135839113741886,7,2025Q2
2025-05-20,XLK,-0.0017630324078588,-0.0026999438626761074,7,2025Q2
2025-05-20,XLP,-0.0012911121453168528,0.007907778153604947,7,2025Q2
2025-05-20,XLRE,-0.004974066556744927,-0.0005503031545008501,7,2025Q2
2025-05-20,XLU,-0.018426696882157256,-0.0012375992885336564,7,2025Q2
2025-05-20,XLV,-0.015268725386831106,0.00999671663589899,7,2025Q2
2025-05-20,XLY,0.003312913907472126,0.004506745028212852,7,2025Q2
2025-05-21,XLB,-0.008031396250260947,0.007027618817318049,7,2025Q2
2025-05-21,XLC,-0.01124521130359657,0.00575790566819158,7,2025Q2
2025-05-21,XLE,-0.009776308853631344,-0.0052783054797758445,7,2025Q2
2025-05-21,XLF,-0.0012003092491437162,-0.002405523924944319,7,2025Q2
2025-05-21,XLI,-0.002358367490117752,0.0015082968476630967,7,2025Q2
2025-05-21,XLK,-0.002086247222020443,0.004399450084445193,7,2025Q2
2025-05-21,XLP,-0.006578741972859126,0.010937515097104217,7,2025Q2
2025-05-21,XLRE,0.010229888125094622,0.0006488479666967482,7,2025Q2
2025-05-21,XLU,-0.014427774053695774,0.000648501221099691,7,2025Q2
2025-05-21,XLV,-0.0064077712681114285,0.013728548905844566,7,2025Q2
2025-05-21,XLY,0.00335055066531309,0.0073934379375938325,7,2025Q2
2025-05-22,XLB,-0.00533111701477762,0.004638935812000698,7,2025Q2
2025-05-22,XLC,-0.003352942194315478,0.005668542841895928,7,2025Q2
2025-05-22,XLE,-0.013251588877817522,-0.005397269444635323,7,2025Q2
2025-05-22,XLF,0.0037286404984722132,-0.0023057878676863326,7,2025Q2
2025-05-22,XLI,2.4284823627374053e-05,0.004198887836092012,7,2025Q2
2025-05-22,XLK,-0.003958775794186131,0.006828857736047826,7,2025Q2
2025-05-22,XLP,0.008014681168952542,0.00963502491890485,7,2025Q2
2025-05-22,XLRE,0.016269083919723704,-0.00015759704368545477,7,2025Q2
2025-05-22,XLU,0.011917090979567613,0.0009125629186494344,7,2025Q2
2025-05-22,XLV,0.00520468485757597,0.018667144222287484,7,2025Q2
2025-05-22,XLY,-0.004970860052662118,0.007949604083197727,7,2025Q2
2025-05-23,XLB,-0.010065408983611857,0.004827610169002688,7,2025Q2
2025-05-23,XLC,-0.006416740520203135,0.005430052312068466,7,2025Q2
2025-05-23,XLE,-0.016044380435149108,-0.006750955828303513,7,2025Q2
2025-05-23,XLF,-0.004902893552718224,-0.002424363306479602,7,2025Q2
2025-05-23,XLI,-0.010631936929990093,0.0026057254662296653,7,2025Q2
2025-05-23,XLK,0.0035868046596552183,0.007578063030040409,7,2025Q2
2025-05-23,XLP,-0.007798037624332954,0.010296191257809369,7,2025Q2
2025-05-23,XLRE,0.004812931960351374,0.0005622612270599692,7,2025Q2
2025-05-23,XLU,-0.009667386400112665,0.0029965595763369085,7,2025Q2
2025-05-23,XLV,-0.005224376580968304,0.019435139269935064,7,2025Q2
2025-05-23,XLY,-0.0061569919347539415,0.00891680190188075,7,2025Q2
2025-05-27,XLB,-0.002163932530823809,0.0065687222112591846,7,2025Q2
2025-05-27,XLC,-0.010419056251582792,0.004698031321535876,7,2025Q2
2025-05-27,XLE,0.0022842775354043887,-0.005936388762088196,7,2025Q2
2025-05-27,XLF,-0.005411374153342141,-0.0014282767009080662,7,2025Q2
2025-05-27,XLI,-0.005356104629673952,0.004321184528534259,7,2025Q2
2025-05-27,XLK,0.009946593826555716,0.006587549089345396,7,2025Q2
2025-05-27,XLP,-0.00277000090251156,0.010390771211483761,7,2025Q2
2025-05-27,XLRE,-0.00036821254388219593,0.00024257801163320527,7,2025Q2
2025-05-27,XLU,0.0005818175958329785,0.004002414071222711,7,2025Q2
2025-05-27,XLV,-0.0017736632992000345,0.016370917749638548,7,2025Q2
2025-05-27,XLY,-0.014950405042365,0.006179135525276701,7,2025Q2
2025-05-28,XLB,0.00999871865167612,0.0039838440068776775,7,2025Q2
2025-05-28,XLC,-0.009433320707753046,0.0038583488552669156,7,2025Q2
2025-05-28,XLE,-0.010277765526490512,-0.005436657408277918,7,2025Q2
2025-05-28,XLF,-0.009998634290385722,-0.0051832476019026685,7,2025Q2
2025-05-28,XLI,-0.005396585035409185,0.002313552541903123,7,2025Q2
2025-05-28,XLK,0.010092298241117126,0.0067318725514078906,7,2025Q2
2025-05-28,XLP,-0.008571696175789567,0.01037170558691996,7,2025Q2
2025-05-28,XLRE,-0.002816666430043524,0.0010959761516013487,7,2025Q2
2025-05-28,XLU,-0.008612359770426625,-0.00017947344756227688,7,2025Q2
2025-05-28,XLV,-0.0001856324579769808,0.019268312160995203,7,2025Q2
2025-05-28,XLY,-0.013998522357287047,0.007099507625458037,7,2025Q2
2025-05-29,XLB,0.009047504872811807,0.004372729300953528,7,2025Q2
2025-05-29,XLC,0.00897787564420982,0.004138733165664025,7,2025Q2
2025-05-29,XLE,-0.00982537980468845,-0.005724111275599061,7,2025Q2
2025-05-29,XLF,-0.00901745156506839,-0.006658475342007073,7,2025Q2
2025-05-29,XLI,0.0018518583055739946,0.0020413791799754446,7,2025Q2
2025-05-29,XLK,0.01434322040478686,0.0065589950374569305,7,2025Q2
2025-05-29,XLP,-0.013365888387533609,0.00792246722330531,7,2025Q2
2025-05-29,XLRE,-0.003405255162015619,0.001286315108913078,7,2025Q2
2025-05-29,XLU,-0.008290628860698646,-0.001130767943307908,7,2025Q2
2025-05-29,XLV,0.0005820495719932595,0.018766573380387414,7,2025Q2
2025-05-29,XLY,-0.030762316470184903,0.008264092209756529,7,2025Q2
2025-05-30,XLB,0.0001357217644168962,0.004436874533233548,7,2025Q2
2025-05-30,XLC,0.006238538069296418,0.004361304673427394,7,2025Q2
2025-05-30,XLE,0.006516469668874647,-0.00569639248685119,7,2025Q2
2025-05-30,XLF,-0.010263092168597332,-0.007061400960585419,7,2025Q2
2025-05-30,XLI,-0.0017686858207490719,0.0022117201913030497,7,2025Q2
2025-05-30,XLK,0.015721125485844478,0.006693088568715245,7,2025Q2
2025-05-30,XLP,-0.03030565632043869,0.009480945617241693,7,2025Q2
2025-05-30,XLRE,-0.01294799071464392,0.0008996994861198251,7,2025Q2
2025-05-30,XLU,-0.025453659831960795,4.5171814748120876e-05,7,2025Q2
2025-05-30,XLV,-0.0034243123029347178,0.015480042340034894,7,2025Q2
2025-05-30,XLY,-0.02416647463405397,0.00899126870413419,7,2025Q2
2025-06-02,XLB,0.005741894122978541,0.004827909106300465,7,2025Q2
2025-06-02,XLC,0.0030589043201361132,0.003946170084224348,7,2025Q2
2025-06-02,XLE,-1.6203735760500493e-05,-0.005113226305467269,7,2025Q2
2025-06-02,XLF,-0.0113672344300364,-0.0070290635639650816,7,2025Q2
2025-06-02,XLI,0.0033834722463086386,0.0023098071034722786,7,2025Q2
2025-06-02,XLK,0.016486859667779852,0.0056586170688343275,7,2025Q2
2025-06-02,XLP,-0.027444873325447094,0.008898511254607873,7,2025Q2
2025-06-02,XLRE,-0.010084503264071953,0.0002793755631126688,7,2025Q2
2025-06-02,XLU,-0.030133845456497665,0.0017647666032784375,7,2025Q2
2025-06-02,XLV,-0.0009849821503660205,0.016893752447472783,7,2025Q2
2025-06-02,XLY,-0.013766078037925733,0.008943757303418112,7,2025Q2
2025-06-03,XLB,0.001722408925273644,0.004899545663673918,7,2025Q2
2025-06-03,XLC,0.01888080654668256,0.0035437633830930626,7,2025Q2
2025-06-03,XLE,0.005981168395009284,-0.005365053149198248,7,2025Q2
2025-06-03,XLF,-0.012117959829924252,-0.006333152779690941,7,2025Q2
2025-06-03,XLI,-0.008734904698732393,0.002520268595791722,7,2025Q2
2025-06-03,XLK,0.006966752651568875,0.0051835710503220795,7,2025Q2
2025-06-03,XLP,-0.02428680362520219,0.008383355307412459,7,2025Q2
2025-06-03,XLRE,0.0024426510518777977,0.0020178516200726063,7,2025Q2
2025-06-03,XLU,-0.030415737540121945,0.00216454433411292,7,2025Q2
2025-06-03,XLV,0.008193901573327222,0.016025860912649362,7,2025Q2
2025-06-03,XLY,-0.007131170215270322,0.008882360710553323,7,2025Q2
2025-06-04,XLB,-0.009452446562637662,0.0022894543537249775,7,2025Q2
2025-06-04,XLC,0.012597559843064543,0.0034457827435111655,7,2025Q2
2025-06-04,XLE,0.04384731298162059,0.004415734770701885,7,2025Q2
2025-06-04,XLF,-0.004977136254313619,-0.006444908333768407,7,2025Q2
2025-06-04,XLI,-0.0061914913708811525,0.0015328419951072438,7,2025Q2
2025-06-04,XLK,0.005837515890447786,0.003948564260811453,7,2025Q2
2025-06-04,XLP,-0.01811205168369412,0.00781399083737957,7,2025Q2
2025-06-04,XLRE,-0.0036054641676568355,-0.0009377270868878643,7,2025Q2
2025-06-04,XLU,-0.00972939736668288,-0.004046225915087783,7,2025Q2
2025-06-04,XLV,0.009344189765538191,0.01476887690717405,7,2025Q2
2025-06-04,XLY,-0.009809904957355897,0.007114140200949647,7,2025Q2
2025-06-05,XLB,-0.00821936527194822,0.0026494630153521734,7,2025Q2
2025-06-05,XLC,-0.006030604831485764,0.003753028472034619,7,2025Q2
2025-06-05,XLE,0.03961005213611535,0.005543372804015931,7,2025Q2
2025-06-05,XLF,-0.011132155763124318,-0.006393965849736493,7,2025Q2
2025-06-05,XLI,-0.017068207244163025,0.0008666666673726683,7,2025Q2
2025-06-05,XLK,0.009230788687179858,0.0037609702377140227,7,2025Q2
2025-06-05,XLP,-0.011533665838639351,0.008980996179275575,7,2025Q2
2025-06-05,XLRE,-0.006787534309455001,-0.00020423114089673897,7,2025Q2
2025-06-05,XLU,-0.004928380738481897,-0.003522150330426068,7,2025Q2
2025-06-05,XLV,0.00975423565523581,0.014979211895436708,7,2025Q2
2025-06-05,XLY,0.0022966594693618614,0.008388595978728158,7,2025Q2
2025-06-06,XLB,-0.0009850604351846481,0.0024548792159210034,7,2025Q2
2025-06-06,XLC,-0.007323980815789999,0.0032072297778193365,7,2025Q2
2025-06-06,XLE,0.059800056218532904,-0.0002212902646365752,7,2025Q2
2025-06-06,XLF,-0.02216924341426041,-0.006588284222549924,7,2025Q2
2025-06-06,XLI,-0.012159946333621274,0.0017491175653353821,7,2025Q2
2025-06-06,XLK,0.006970007404975109,0.003310458350313893,7,2025Q2
2025-06-06,XLP,-0.005364436076906398,0.005807170510678742,7,2025Q2
2025-06-06,XLRE,0.003810563686332924,0.0002798371157772667,7,2025Q2
2025-06-06,XLU,0.006404647416726861,-0.004426106851430592,7,2025Q2
2025-06-06,XLV,0.016594557472646376,0.013187675833443652,7,2025Q2
2025-06-06,XLY,0.0015451095054284103,0.008796342375271491,7,2025Q2
2025-06-09,XLB,-0.007831682461040823,0.0028094747706318523,7,2025Q2
2025-06-09,XLC,0.0039906594415388685,0.002642880152483016,7,2025Q2
2025-06-09,XLE,0.04609222242130118,0.0027478814508821972,7,2025Q2
2025-06-09,XLF,-0.014218354364157526,-0.006457320912722673,7,2025Q2
2025-06-09,XLI,-0.013082778586885446,0.0018163973103368788,7,2025Q2
2025-06-09,XLK,0.009651028733297151,0.003697699226785472,7,2025Q2
2025-06-09,XLP,-0.009415514375502143,0.006549922801365845,7,2025Q2
2025-06-09,XLRE,-0.003330427286972082,-0.000830067765572435,7,2025Q2
2025-06-09,XLU,-0.0006640043980647992,-0.004738317301871844,7,2025Q2
2025-06-09,XLV,0.006626105671067917,0.012553044920986477,7,2025Q2
2025-06-09,XLY,-0.004301307450006897,0.008054749370897963,7,2025Q2
2025-06-10,XLB,-0.009465706867290868,0.0015924591391428622,7,2025Q2
2025-06-10,XLC,-0.003211297362107346,0.0029413361663570715,7,2025Q2
2025-06-10,XLE,0.05152582524060478,-0.0033900227954424254,7,2025Q2
2025-06-10,XLF,-0.006856778629071969,-0.0067220724613645064,7,2025Q2
2025-06-10,XLI,-0.002033975241168662,0.0007132682344693476,7,2025Q2
2025-06-10,XLK,0.011070986844275543,0.0031961578876845576,7,2025Q2
2025-06-10,XLP,-0.005841272141558385,0.005544693454077805,7,2025Q2
2025-06-10,XLRE,-0.0019267696014195757,0.0005772780455990951,7,2025Q2
2025-06-10,XLU,0.0028955615440705573,0.003944498627950259,7,2025Q2
2025-06-10,XLV,-0.007085566302101887,0.010644449281698396,7,2025Q2
2025-06-10,XLY,-0.018981873275074057,0.00808379054825839,7,2025Q2
2025-06-11,XLB,-0.0051806696884608705,-0.00021663264772316376,7,2025Q2
2025-06-11,XLC,-0.0031483639635815353,0.0024032186466277465,7,2025Q2
2025-06-11,XLE,0.027262560716665107,-0.00707782698372607,7,2025Q2
2025-06-11,XLF,-0.008775559711712289,-0.007325138079354327,7,2025Q2
2025-06-11,XLI,-0.00755520801029963,-0.0006407227471723195,7,2025Q2
2025-06-11,XLK,0.011802738679292601,0.00305348407089559,7,2025Q2
2025-06-11,XLP,-0.006368040002797781,0.005774696320864079,7,2025Q2
2025-06-11,XLRE,0.0027090341258227957,-0.00150628894711031,7,2025Q2
2025-06-11,XLU,0.0021927638431453733,0.0035294058933751865,7,2025Q2
2025-06-11,XLV,-0.011971313151209584,0.008472177657190822,7,2025Q2
2025-06-11,XLY,-0.013460950261374727,0.006684389288328102,7,2025Q2
2025-06-12,XLB,-0.006823465769659975,0.001730369680923622,7,2025Q2
2025-06-12,XLC,0.008062025093655278,0.004169759963356022,7,2025Q2
2025-06-12,XLE,0.04328663985364978,-0.0017694822398330126,7,2025Q2
2025-06-12,XLF,0.0031362805991962395,-0.006632871726911706,7,2025Q2
2025-06-12,XLI,0.0053280083955559165,0.0015195456526742141,7,2025Q2
2025-06-12,XLK,0.007316581898922148,0.0033373990677986066,7,2025Q2
2025-06-12,XLP,0.004216290934223377,0.006156474156426428,7,2025Q2
2025-06-12,XLRE,0.006213360827451497,-0.0004971317598732527,7,2025Q2
2025-06-12,XLU,0.0021305316150257436,0.004705537637758114,7,2025Q2
2025-06-12,XLV,-0.01508730413474857,0.008743502791247013,7,2025Q2
2025-06-12,XLY,0.0015072084003855402,0.006875936564823594,7,2025Q2
2025-06-13,XLB,-0.010311859135457402,-0.00029299182587895706,7,2025Q2
2025-06-13,XLC,0.007494138659764227,0.003504277206840805,7,2025Q2
2025-06-13,XLE,-0.02877240915131829,-0.006744182203658722,7,2025Q2
2025-06-13,XLF,0.011937389107265828,-0.007200928907636463,7,2025Q2
2025-06-13,XLI,0.003205917424486726,0.0020145842450380452,7,2025Q2
2025-06-13,XLK,0.01023559701757537,0.0031847511463248476,7,2025Q2
2025-06-13,XLP,0.00015840069914818677,0.005683448377116176,7,2025Q2
2025-06-13,XLRE,-0.0012181341177117666,-0.0017730511282061613,7,2025Q2
2025-06-13,XLU,-0.007487140936813685,0.00554365476611834,7,2025Q2
2025-06-13,XLV,-0.0344396816965159,0.010191200302492322,7,2025Q2
2025-06-13,XLY,0.007286194835517179,0.0064749249160484445,7,2025Q2
2025-06-16,XLB,-0.012023101172457085,-0.00047438885269723884,7,2025Q2
2025-06-16,XLC,0.001726859564687544,0.0037326475840113666,7,2025Q2
2025-06-16,XLE,-0.04015904884110233,-0.005527687044229982,7,2025Q2
2025-06-16,XLF,0.013976787973543958,-0.0070000615391672735,7,2025Q2
2025-06-16,XLI,0.0031531904597628113,0.002378798226394613,7,2025Q2
2025-06-16,XLK,0.010478159153324285,0.0033643423431160176,7,2025Q2
2025-06-16,XLP,-0.005448600617316446,0.005256481582408542,7,2025Q2
2025-06-16,XLRE,0.0010673131196119456,-0.002632455489741935,7,2025Q2
2025-06-16,XLU,0.00023235308848490455,0.004836435087841186,7,2025Q2
2025-06-16,XLV,-0.021024448569093024,0.010201971382271304,7,2025Q2
2025-06-16,XLY,0.000532816175343287,0.006541780952009723,7,2025Q2
2025-06-17,XLB,-0.021091805394197194,-0.001035966135872065,7,2025Q2
2025-06-17,XLC,0.001258660826979563,0.004233128387636145,7,2025Q2
2025-06-17,XLE,-0.06251906275012131,-0.005781316344901421,7,2025Q2
2025-06-17,XLF,0.0072388131832732405,-0.006449227807670211,7,2025Q2
2025-06-17,XLI,-0.007420851991757571,0.002446772937621735,7,2025Q2
2025-06-17,XLK,0.017225915701165828,0.0033502203640640646,7,2025Q2
2025-06-17,XLP,-0.01965054580862835,0.006495811362472658,7,2025Q2
2025-06-17,XLRE,-0.028740974258462337,-0.0020078013673555323,7,2025Q2
2025-06-17,XLU,-0.014182570769893266,0.005413343977482627,7,2025Q2
2025-06-17,XLV,-0.012827705617439955,0.011877257883119193,7,2025Q2
2025-06-17,XLY,-0.003117344232083319,0.006837729235892385,7,2025Q2
2025-06-18,XLB,-0.015303495504121356,-0.0004703114591647755,7,2025Q2
2025-06-18,XLC,0.004454272768671164,0.004766563612411193,7,2025Q2
2025-06-18,XLE,-0.050606277367752917,-0.00790807430382629,7,2025Q2
2025-06-18,XLF,0.007109392214694532,-0.006158486460207507,7,2025Q2
2025-06-18,XLI,-0.0021433490673112843,0.0029954932521271426,7,2025Q2
2025-06-18,XLK,0.015000955499891777,0.004456975977128012,7,2025Q2
2025-06-18,XLP,-0.02738567766879163,0.005652760179768907,7,2025Q2
2025-06-18,XLRE,-0.04494655207022247,-0.0028583925857274613,7,2025Q2
2025-06-18,XLU,-0.016581056998439925,0.005873762493969055,7,2025Q2
2025-06-18,XLV,-0.01679790442222262,0.013743029607601062,7,2025Q2
2025-06-18,XLY,-0.002388095558203629,0.00771629545306501,7,2025Q2
2025-06-20,XLB,-0.01770432469866967,-0.0013674159575311946,7,2025Q2
2025-06-20,XLC,0.012349123356656166,0.0047083453845309115,7,2025Q2
2025-06-20,XLE,-0.07607188455014602,-0.010264420367426436,7,2025Q2
2025-06-20,XLF,-0.0033401696651311763,-0.007060726859495035,7,2025Q2
2025-06-20,XLI,-0.0036684096943695454,0.0019185145326289675,7,2025Q2
2025-06-20,XLK,0.007815032955818646,0.003900869644881481,7,2025Q2
2025-06-20,XLP,-0.04051531287985033,0.005961120351420583,7,2025Q2
2025-06-20,XLRE,-0.051687740119846115,-0.0031988366216117565,7,2025Q2
2025-06-20,XLU,-0.027905660104750707,0.005534726249322979,7,2025Q2
2025-06-20,XLV,-0.024684110186289576,0.012118730953683631,7,2025Q2
2025-06-20,XLY,0.002830815983970947,0.007688119042117352,7,2025Q2
2025-06-23,XLB,-0.0194857255320402,0.00014155685180698057,7,2025Q2
2025-06-23,XLC,0.015169997085866527,0.004445827683330053,7,2025Q2
2025-06-23,XLE,-0.043673726459702245,-0.002480808763480262,7,2025Q2
2025-06-23,XLF,0.0010071763837864456,-0.006569411304752048,7,2025Q2
2025-06-23,XLI,-0.004051225480853571,0.002143316766594401,7,2025Q2
2025-06-23,XLK,0.013121009520346893,0.0037497075061641346,7,2025Q2
2025-06-23,XLP,-0.03477518212584474,0.005798326655105278,7,2025Q2
2025-06-23,XLRE,-0.044708984427692555,-0.002665378850569867,7,2025Q2
2025-06-23,XLU,-0.02432275978272802,0.005545350596875729,7,2025Q2
2025-06-23,XLV,-0.00959250577791404,0.012966937764169992,7,2025Q2
2025-06-23,XLY,-0.015826582067169914,0.007213583395449427,7,2025Q2
2025-06-24,XLB,0.00969242630147904,0.0013722162463641868,7,2025Q2
2025-06-24,XLC,0.006128337608521495,0.006036200789972208,7,2025Q2
2025-06-24,XLE,-0.011436789093823618,0.0014059025566946694,7,2025Q2
2025-06-24,XLF,0.003024112394872658,-0.005525824262005248,7,2025Q2
2025-06-24,XLI,0.0024221767168546293,0.0032622177170081555,7,2025Q2
2025-06-24,XLK,-0.002827680228571161,0.0010664797470354074,7,2025Q2
2025-06-24,XLP,-0.009922104977069024,0.00656762482415785,7,2025Q2
2025-06-24,XLRE,-0.03116553726921123,-0.0014568880149638348,7,2025Q2
2025-06-24,XLU,-0.013624494412226795,0.005448932291730087,7,2025Q2
2025-06-24,XLV,0.00398739373893453,0.01229887912928471,7,2025Q2
2025-06-24,XLY,-0.005529616849461405,0.006300567658127911,7,2025Q2
2025-06-25,XLB,0.031142243731143937,-0.0006278147942658985,7,2025Q2
2025-06-25,XLC,-0.0006653688713404993,0.003756001284995694,7,2025Q2
2025-06-25,XLE,0.006314520415616531,0.0006097378708005833,7,2025Q2
2025-06-25,XLF,0.0015801562878980935,-0.005609774988763493,7,2025Q2
2025-06-25,XLI,0.008507086977382894,0.0003139420715883195,7,2025Q2
2025-06-25,XLK,-0.004831596939233851,-0.0013801930908860722,7,2025Q2
2025-06-25,XLP,0.0027198513827342286,0.004817468536487766,7,2025Q2
2025-06-25,XLRE,-0.008616319585321941,-0.0034323092890755627,7,2025Q2
2025-06-25,XLU,-0.012887797719647986,0.007269562720179771,7,2025Q2
2025-06-25,XLV,-0.011052461253665768,0.011879321053521996,7,2025Q2
2025-06-25,XLY,0.010712267001402598,0.0054466071257598565,7,2025Q2
2025-06-26,XLB,0.01888321859239306,0.0018874554281879548,7,2025Q2
2025-06-26,XLC,-0.006887166472710149,0.004121645132308483,7,2025Q2
2025-06-26,XLE,-0.007087366497418701,-0.0007804535918441421,7,2025Q2
2025-06-26,XLF,0.005017765407217434,-0.0034186077848457792,7,2025Q2
2025-06-26,XLI,0.006057626584049736,0.0016291295054971708,7,2025Q2
2025-06-26,XLK,0.0014451127421646337,-0.0009813970884223287,7,2025Q2
2025-06-26,XLP,0.0030572423894548173,0.006769542987251629,7,2025Q2
2025-06-26,XLRE,-0.0017557543030448652,0.0011942496617409618,7,2025Q2
2025-06-26,XLU,-0.013760199061690903,0.007632155775025335,7,2025Q2
2025-06-26,XLV,-0.012477898468556958,0.012220749484004537,7,2025Q2
2025-06-26,XLY,0.006821387899115683,0.004052118747334404,7,2025Q2
2025-06-27,XLB,0.020198945571827442,0.0022726384572378214,7,2025Q2
2025-06-27,XLC,-0.015698494443780464,0.003750141480815196,7,2025Q2
2025-06-27,XLE,0.0010502761743858002,0.002627438177594885,7,2025Q2
2025-06-27,XLF,0.004863721302929447,-0.002704375853624691,7,2025Q2
2025-06-27,XLI,0.004990789162491405,0.0030434783135035886,7,2025Q2
2025-06-27,XLK,0.007165541976348555,-0.00012886292311885066,7,2025Q2
2025-06-27,XLP,0.009983365872046068,0.007100232333302746,7,2025Q2
2025-06-27,XLRE,-0.0006286232011303294,0.001891011664770548,7,2025Q2
2025-06-27,XLU,-0.0010224886127858657,0.008120143453408552,7,2025Q2
2025-06-27,XLV,-0.006172854594439059,0.013038264843907793,7,2025Q2
2025-06-27,XLY,-0.010252694205905688,0.00481440888263195,7,2025Q2
2025-06-30,XLB,0.03491762365492668,0.0011915242036914706,7,2025Q2
2025-06-30,XLC,-0.020154678244818758,0.0029508504843484638,7,2025Q2
2025-06-30,XLE,0.03959682639219331,0.0011988072688064743,7,2025Q2
2025-06-30,XLF,-0.00708528866007152,-0.0038089220117687402,7,2025Q2
2025-06-30,XLI,0.0050534097055126015,0.003052793161841156,7,2025Q2
2025-06-30,XLK,0.008053771923701492,0.00024581869217605716,7,2025Q2
2025-06-30,XLP,0.0006629918142015967,0.005459258207754427,7,2025Q2
2025-06-30,XLRE,-0.0040301043942705395,0.0010150230684208685,7,2025Q2
2025-06-30,XLU,-0.010397971158904284,0.006999024392112038,7,2025Q2
2025-06-30,XLV,-0.0026946937554990225,0.011472925585371035,7,2025Q2
2025-06-30,XLY,-0.0025116761975190194,0.005616153103620738,7,2025Q2
2025-07-01,XLB,0.00849406785790241,0.004301187733420168,8,2025Q3
2025-07-01,XLC,-0.016873962671093756,0.004026152997318067,8,2025Q3
2025-07-01,XLE,0.020045544164788875,-0.00025058312962844667,8,2025Q3
2025-07-01,XLF,-0.015315379658555894,0.002134292911894733,8,2025Q3
2025-07-01,XLI,0.002391361653638846,0.002752544168965264,8,2025Q3
2025-07-01,XLK,0.0169558984773015,-8.363933174576274e-05,8,2025Q3
2025-07-01,XLP,-0.024527838451178896,0.005406935125911118,8,2025Q3
2025-07-01,XLRE,-0.01757229042314601,0.004525382321947914,8,2025Q3
2025-07-01,XLU,-0.010866207888636459,0.005693475245631836,8,2025Q3
2025-07-01,XLV,-0.019302045526239264,0.011913720762237222,8,2025Q3
2025-07-01,XLY,-0.007216678642067764,0.003006513861651049,8,2025Q3
2025-07-02,XLB,0.0005323479859549174,0.001772449984415418,8,2025Q3
2025-07-02,XLC,-0.01563499915494615,0.003008553153912779,8,2025Q3
2025-07-02,XLE,0.012051306964604658,-0.0018718333900184512,8,2025Q3
2025-07-02,XLF,-0.006944632178818022,0.0024241358216046246,8,2025Q3
2025-07-02,XLI,0.008758598449846833,0.002818007929056316,8,2025Q3
2025-07-02,XLK,0.00459315808677907,-0.00031176577632481225,8,2025Q3
2025-07-02,XLP,-0.022155373336326778,0.008100154918643871,8,2025Q3
2025-07-02,XLRE,-0.012723940965190694,0.004374814880796504,8,2025Q3
2025-07-02,XLU,0.007841359875220943,0.008942657930484859,8,2025Q3
2025-07-02,XLV,-0.0015628098800402057,0.012756357022900523,8,2025Q3
2025-07-02,XLY,-0.002473471258745974,0.0015796989636514642,8,2025Q3
2025-07-03,XLB,0.004392180425108472,0.0007558096929116958,8,2025Q3
2025-07-03,XLC,-0.01603883355651492,0.001185986655857931,8,2025Q3
2025-07-03,XLE,0.026880114205118155,-0.002585708589481631,8,2025Q3
2025-07-03,XLF,-0.016614038481208793,0.002712279091937976,8,2025Q3
2025-07-03,XLI,0.007970688440201434,0.0025990269051095628,8,2025Q3
2025-07-03,XLK,-0.001569234754724258,-0.0007162998276517517,8,2025Q3
2025-07-03,XLP,-0.01392021907762886,0.008452602832499496,8,2025Q3
2025-07-03,XLRE,-0.0027518886185244895,0.0042032822204216315,8,2025Q3
2025-07-03,XLU,0.010204071663411862,0.0058568689346238986,8,2025Q3
2025-07-03,XLV,0.0004626808477442568,0.00995266286828322,8,2025Q3
2025-07-03,XLY,0.0037450338105081693,-0.00014706991602103127,8,2025Q3
2025-07-07,XLB,-0.0009075010704286957,0.0005973602409647127,8,2025Q3
2025-07-07,XLC,-0.006186702675811118,0.0007205892286941474,8,2025Q3
2025-07-07,XLE,0.01608646473416031,-0.004308225533164194,8,2025Q3
2025-07-07,XLF,-0.009121722084123651,0.0028567842165186695,8,2025Q3
2025-07-07,XLI,0.0075165918893176364,0.002876684831653376,8,2025Q3
2025-07-07,XLK,-0.00382957689253427,-0.001317838874740252,8,2025Q3
2025-07-07,XLP,-0.0216338974009177,0.007191214543420348,8,2025Q3
2025-07-07,XLRE,0.002265969031756798,0.005376376752924182,8,2025Q3
2025-07-07,XLU,0.002735106494941908,0.007533097222381699,8,2025Q3
2025-07-07,XLV,-0.0016673892397360834,0.009481225314605287,8,2025Q3
2025-07-07,XLY,0.010974212732767885,0.0004944598679616034,8,2025Q3
2025-07-08,XLB,-0.02581076535587179,-0.0017670609824835372,8,2025Q3
2025-07-08,XLC,-0.010300023798947011,-0.0020636829971396944,8,2025Q3
2025-07-08,XLE,-0.02131763277977894,-0.016132835453777517,8,2025Q3
2025-07-08,XLF,-0.013627549163235941,-0.0019488903413212718,8,2025Q3
2025-07-08,XLI,0.00395044118841259,-0.0002370922673463833,8,2025Q3
2025-07-08,XLK,0.0034193299448814773,-0.005406055864038818,8,2025Q3
2025-07-08,XLP,-0.018636115226697503,0.0027843229984033354,8,2025Q3
2025-07-08,XLRE,-0.005557356460975216,-0.002561302238098914,8,2025Q3
2025-07-08,XLU,0.00757408638860646,0.001276845363254734,8,2025Q3
2025-07-08,XLV,-0.020461092244741352,0.0032768389712797847,8,2025Q3
2025-07-08,XLY,0.0035763586129200498,-0.0027151158119963427,8,2025Q3
2025-07-09,XLB,-0.026405873509810274,0.0007552215744853991,8,2025Q3
2025-07-09,XLC,-0.007261803126832778,-0.00020441030227674002,8,2025Q3
2025-07-09,XLE,-0.022173260461999744,-0.010163087091059089,8,2025Q3
2025-07-09,XLF,-0.007699133695551419,-0.0002662255546455198,8,2025Q3
2025-07-09,XLI,0.0031458825748373886,0.0005924159053689417,8,2025Q3
2025-07-09,XLK,0.0031567160521817073,-0.0048604900354918155,8,2025Q3
2025-07-09,XLP,-0.006071777833594472,0.005540628842971198,8,2025Q3
2025-07-09,XLRE,0.008439266569964632,0.0005404010128774758,8,2025Q3
2025-07-09,XLU,0.0013309159833532203,0.0014667679494206579,8,2025Q3
2025-07-09,XLV,-0.009408352538777587,0.005855722714693425,8,2025Q3
2025-07-09,XLY,0.002118585850721777,-0.0006193891592866837,8,2025Q3
2025-07-10,XLB,-0.028040680660570083,0.001739518977534804,8,2025Q3
2025-07-10,XLC,-0.003734787306757137,-0.0008838221606400892,8,2025Q3
2025-07-10,XLE,-0.026876546828894732,-0.010117949292969462,8,2025Q3
2025-07-10,XLF,-0.007341692306030989,-0.0014595156535133753,8,2025Q3
2025-07-10,XLI,0.0034846297049011543,-0.0006300831257729366,8,2025Q3
2025-07-10,XLK,0.012329376041682716,-0.002905304619813174,8,2025Q3
2025-07-10,XLP,-0.0035473458822024018,0.0048840606639610476,8,2025Q3
2025-07-10,XLRE,-0.0009037505926086098,-1.169837745804321e-05,8,2025Q3
2025-07-10,XLU,-0.0059695331172755495,0.0002978080787851905,8,2025Q3
2025-07-10,XLV,-0.029955796586427663,0.004217201109579784,8,2025Q3
2025-07-10,XLY,-0.008742268410096954,-0.0005206122485418084,8,2025Q3
2025-07-11,XLB,-0.020554566300573507,0.0016195432288156947,8,2025Q3
2025-07-11,XLC,-0.004652067822728423,-0.00040760631632467395,8,2025Q3
2025-07-11,XLE,-0.041916047997380024,-0.008800580025828971,8,2025Q3
2025-07-11,XLF,0.0009352552275916359,0.00011071318763278683,8,2025Q3
2025-07-11,XLI,0.0020387940674206906,-0.0006496961780001953,8,2025Q3
2025-07-11,XLK,0.013349021561632535,-0.003718720179966715,8,2025Q3
2025-07-11,XLP,-0.005360044357969773,0.004564623735759131,8,2025Q3
2025-07-11,XLRE,0.00014504771302892294,0.00011503495302892137,8,2025Q3
2025-07-11,XLU,0.009417110748877855,-0.0004231531504662537,8,2025Q3
2025-07-11,XLV,-0.03112996019065417,0.004316504118248877,8,2025Q3
2025-07-11,XLY,-0.0030081069228922175,-0.0004358510324546615,8,2025Q3
2025-07-14,XLB,-0.009963901897289906,0.0023889801069547313,8,2025Q3
2025-07-14,XLC,-0.0011067263560686769,-6.835204507361925e-05,8,2025Q3
2025-07-14,XLE,-0.041278369157406125,-0.007875192329766089,8,2025Q3
2025-07-14,XLF,-0.00938264604466399,0.0010855709466928872,8,2025Q3
2025-07-14,XLI,-0.008655654032553528,-0.0004424069230247358,8,2025Q3
2025-07-14,XLK,0.015528760799612407,-0.0015125519886607895,8,2025Q3
2025-07-14,XLP,-0.0063379267297258846,0.005917758318430585,8,2025Q3
2025-07-14,XLRE,-0.002753697339044958,0.0013261053741915841,8,2025Q3
2025-07-14,XLU,0.00864153690883418,0.0018180445030036678,8,2025Q3
2025-07-14,XLV,-0.035516627759126784,0.006344493053321196,8,2025Q3
2025-07-14,XLY,-0.0019734722865312193,5.862697626879637e-05,8,2025Q3
2025-07-15,XLB,0.02049765276725224,0.005215492789091049,8,2025Q3
2025-07-15,XLC,0.006841746552859851,0.001994991901004435,8,2025Q3
2025-07-15,XLE,-0.027030709099424732,0.002726257546100362,8,2025Q3
2025-07-15,XLF,0.009140489415868869,0.0037053356609839426,8,2025Q3
2025-07-15,XLI,-0.0031953424635744465,0.0014094913940545396,8,2025Q3
2025-07-15,XLK,-0.007311837939820709,-0.0016682010031496943,8,2025Q3
2025-07-15,XLP,0.008556634364547122,0.008731544184419798,8,2025Q3
2025-07-15,XLRE,0.023572816193101254,0.006642434280859066,8,2025Q3
2025-07-15,XLU,0.026520197256895583,0.005877967132376653,8,2025Q3
2025-07-15,XLV,-0.0037878526708354787,0.011542361334944651,8,2025Q3
2025-07-15,XLY,0.01845862653259278,0.0012982787965938633,8,2025Q3
2025-07-16,XLB,0.015994236932103778,0.004435200594780716,8,2025Q3
2025-07-16,XLC,0.004125836090755675,0.0015578802177573128,8,2025Q3
2025-07-16,XLE,-0.008108930580450924,0.007765864987055197,8,2025Q3
2025-07-16,XLF,0.004953535213253701,0.0027286593978865814,8,2025Q3
2025-07-16,XLI,0.006069027507142666,0.00046091773949607986,8,2025Q3
2025-07-16,XLK,-0.00989674865304524,-0.0025390000970617766,8,2025Q3
2025-07-16,XLP,0.00017524297205318007,0.007764071207648066,8,2025Q3
2025-07-16,XLRE,0.01009755960879799,0.004621146380801746,8,2025Q3
2025-07-16,XLU,0.013009802489754918,0.005488895346510595,8,2025Q3
2025-07-16,XLV,-0.0009574180234288576,0.010232137610798902,8,2025Q3
2025-07-16,XLY,0.016255561374458827,0.0010674230778238755,8,2025Q3
2025-07-17,XLB,0.0040620535259439094,0.004178699989136144,8,2025Q3
2025-07-17,XLC,0.008120376504430427,0.0016051089502441334,8,2025Q3
2025-07-17,XLE,-0.0012732897557843348,0.008053373739387928,8,2025Q3
2025-07-17,XLF,0.0005060466826323218,0.0033403681438991697,8,2025Q3
2025-07-17,XLI,0.0008427288981283088,0.000581366300600121,8,2025Q3
2025-07-17,XLK,-0.008894511401301486,-0.0037738609988415515,8,2025Q3
2025-07-17,XLP,-0.007076354621722736,0.0072194922963894625,8,2025Q3
2025-07-17,XLRE,0.015488582995397682,0.005103384715947697,8,2025Q3
2025-07-17,XLU,0.013272272125344875,0.006800862983273516,8,2025Q3
2025-07-17,XLV,0.012746776052588338,0.011150017760688176,8,2025Q3
2025-07-17,XLY,0.0015569685451743975,8.669201191995903e-05,8,2025Q3
2025-07-18,XLB,0.00866125542649332,0.0027685622774092193,8,2025Q3
2025-07-18,XLC,-0.001702952695499249,0.00335611758382957,8,2025Q3
2025-07-18,XLE,-0.001907398478716793,0.005634981147302354,8,2025Q3
2025-07-18,XLF,0.001960425066126481,0.0011310391067681828,8,2025Q3
2025-07-18,XLI,0.008137102763942083,0.001844105351874842,8,2025Q3
2025-07-18,XLK,-0.010953044409090618,-0.00335628943849251,8,2025Q3
2025-07-18,XLP,-0.007628275591474942,0.007795758081116157,8,2025Q3
2025-07-18,XLRE,0.00753616413700442,0.0034065690491390677,8,2025Q3
2025-07-18,XLU,-0.005975350945327529,0.006291111043732804,8,2025Q3
2025-07-18,XLV,0.02002479396120771,0.01154068257126654,8,2025Q3
2025-07-18,XLY,-0.0030165248749323137,4.8595775172416184e-05,8,2025Q3
2025-07-21,XLB,-0.009133895958458371,0.002006014662340355,8,2025Q3
2025-07-21,XLC,-0.018290527961320024,0.0036450133219110615,8,2025Q3
2025-07-21,XLE,0.022506553856113776,0.007804426583837095,8,2025Q3
2025-07-21,XLF,-1.4046214255047929e-05,0.0013769660909377305,8,2025Q3
2025-07-21,XLI,0.012560605593923135,0.0016116690073086598,8,2025Q3
2025-07-21,XLK,-0.002083696350519748,-0.0032628406017792336,8,2025Q3
2025-07-21,XLP,-0.015713701598840113,0.004838981382048227,8,2025Q3
2025-07-21,XLRE,-0.011803146278789312,0.0034852690518192226,8,2025Q3
2025-07-21,XLU,-0.017754393714207062,0.00399966961013409,8,2025Q3
2025-07-21,XLV,0.019045434667052996,0.011328491860763335,8,2025Q3
2025-07-21,XLY,0.0002668380629449185,0.0004150977297342253,8,2025Q3
2025-07-22,XLB,-0.023774448241858148,-0.001296781340396376,8,2025Q3
2025-07-22,XLC,-0.02630916893940194,0.0005265521863086992,8,2025Q3
2025-07-22,XLE,0.030538894769407188,-0.004002248793813938,8,2025Q3
2025-07-22,XLF,-0.007899241618615438,-0.0015641428664550842,8,2025Q3
2025-07-22,XLI,0.0012782904194106326,-0.0016050878885527145,8,2025Q3
2025-07-22,XLK,0.01022392047274745,-0.0032760650217869705,8,2025Q3
2025-07-22,XLP,-0.01544546253570489,0.002765964058981338,8,2025Q3
2025-07-22,XLRE,-0.009709090716116364,-0.0029262684857577514,8,2025Q3
2025-07-22,XLU,-0.01570330702835021,0.0010447064676878054,8,2025Q3
2025-07-22,XLV,-0.0034370875327938144,0.00472796918393201,8,2025Q3
2025-07-22,XLY,-0.013991231453108544,-0.002962870072653896,8,2025Q3
2025-07-23,XLB,-0.037146142629548295,-0.002602362503954677,8,2025Q3
2025-07-23,XLC,-0.0188358693912144,0.0010083428001331687,8,2025Q3
2025-07-23,XLE,0.009627695680892945,-0.00452175104559252,8,2025Q3
2025-07-23,XLF,-0.007927147883997843,-0.0011155034608097852,8,2025Q3
2025-07-23,XLI,-0.011647687588273059,-0.002284497404116501,8,2025Q3
2025-07-23,XLK,0.016471612328336604,-0.002974197329120554,8,2025Q3
2025-07-23,XLP,-0.014846120163593768,0.0018891863758681892,8,2025Q3
2025-07-23,XLRE,-0.01673024720783378,-0.001719489083169322,8,2025Q3
2025-07-23,XLU,0.009083358854812262,0.0004506322130965019,8,2025Q3
2025-07-23,XLV,-0.015658005684445975,0.0032078393833003746,8,2025Q3
2025-07-23,XLY,-0.01518121393078764,-0.0027158906412256146,8,2025Q3
2025-07-24,XLB,-0.03530819591833123,-0.0011908856433189092,8,2025Q3
2025-07-24,XLC,-0.007542375083217201,0.0010842497821938997,8,2025Q3
2025-07-24,XLE,0.001172109556663803,-0.0055465312347538565,8,2025Q3
2025-07-24,XLF,-0.009501717938398935,-0.0008235680243432412,8,2025Q3
2025-07-24,XLI,-0.00582485161055335,-0.0015035810090206524,8,2025Q3
2025-07-24,XLK,0.008853104740573214,-0.0040731418409676165,8,2025Q3
2025-07-24,XLP,-0.01573145403026399,0.0013349177275408953,8,2025Q3
2025-07-24,XLRE,-0.028562117513838303,-0.0014295428851096247,8,2025Q3
2025-07-24,XLU,0.019939891109477803,0.000810948376507518,8,2025Q3
2025-07-24,XLV,-0.035572051324696985,0.00508180313455735,8,2025Q3
2025-07-24,XLY,-0.0024606042573727116,-0.0024656360407303364,8,2025Q3
2025-07-25,XLB,-0.0370264083149725,-0.0020964520801810705,8,2025Q3
2025-07-25,XLC,0.010202707509762043,0.0009457965031270766,8,2025Q3
2025-07-25,XLE,0.006804242314260911,-0.007152112267069024,8,2025Q3
2025-07-25,XLF,-0.01403301543201474,-0.0007515077155443872,8,2025Q3
2025-07-25,XLI,-0.009732515844055989,-0.0019975345834471517,8,2025Q3
2025-07-25,XLK,0.0053612945395913325,-0.002884353655301225,8,2025Q3
2025-07-25,XLP,0.007698919471184951,0.0013126894693722075,8,2025Q3
2025-07-25,XLRE,-0.010914282111089357,-0.0013270313495914376,8,2025Q3
2025-07-25,XLU,0.03928498179643425,0.0003449400309200844,8,2025Q3
2025-07-25,XLV,-0.015059245504109642,0.0018331260382848955,8,2025Q3
2025-07-25,XLY,-0.014904144166674183,-0.0022278106503872542,8,2025Q3
2025-07-28,XLB,-0.025654892557754883,-0.0011453422371580538,8,2025Q3
2025-07-28,XLC,0.01952231622392253,-0.0004407484466904788,8,2025Q3
2025-07-28,XLE,-0.021478012798185953,-0.009350202070862687,8,2025Q3
2025-07-28,XLF,-0.012798985449727796,-0.0009166055560227431,8,2025Q3
2025-07-28,XLI,-0.012881389439354018,-0.0013589254944218609,8,2025Q3
2025-07-28,XLK,0.0022806890320902218,-0.004948567959770916,8,2025Q3
2025-07-28,XLP,0.007695188977368872,0.0017629748550214452,8,2025Q3
2025-07-28,XLRE,-0.0006913592176204242,0.0004547958207476105,8,2025Q3
2025-07-28,XLU,0.053306725658159304,0.0005929852753981096,8,2025Q3
2025-07-28,XLV,-0.0077937487733632516,0.005120445656931407,8,2025Q3
2025-07-28,XLY,-0.02432155536478653,-0.0021907491767748904,8,2025Q3
2025-07-29,XLB,-0.0126752438845259,-0.0016394735902714873,8,2025Q3
2025-07-29,XLC,0.022783569543556537,0.00018342706011394735,8,2025Q3
2025-07-29,XLE,-0.027197795746133235,-0.01069700729422664,8,2025Q3
2025-07-29,XLF,-0.00935771705023658,-0.0010549339045661055,8,2025Q3
2025-07-29,XLI,-0.0012248747152666661,-0.0014750581387552824,8,2025Q3
2025-07-29,XLK,-0.003557137702286939,-0.0025519474231894875,8,2025Q3
2025-07-29,XLP,0.0026075290802392015,0.0016940257532099836,8,2025Q3
2025-07-29,XLRE,-0.011214442196435415,-0.0022567653901344647,8,2025Q3
2025-07-29,XLU,0.03287547440558436,0.003203541791203459,8,2025Q3
2025-07-29,XLV,-0.002881298096134244,0.005852156125446976,8,2025Q3
2025-07-29,XLY,-0.01394509425024859,-0.0011749950225031208,8,2025Q3
2025-07-30,XLB,-0.012208578651892732,-0.002949926793883619,8,2025Q3
2025-07-30,XLC,0.01467234567922815,0.00021951811520742458,8,2025Q3
2025-07-30,XLE,-0.031111203020857237,-0.010310251928056107,8,2025Q3
2025-07-30,XLF,-0.011583577984499382,-0.0027196356411476664,8,2025Q3
2025-07-30,XLI,-0.004391552617476369,-0.0017859307304628833,8,2025Q3
2025-07-30,XLK,-0.0035104588637480116,-0.0027990205304811314,8,2025Q3
2025-07-30,XLP,0.016938961205916536,-0.00014249187212015237,8,2025Q3
2025-07-30,XLRE,-0.01443392946707378,-0.0054535165171567205,8,2025Q3
2025-07-30,XLU,0.0074595628928109114,0.0034639381855655622,8,2025Q3
2025-07-30,XLV,-0.024775881004955425,0.0020374127230444,8,2025Q3
2025-07-30,XLY,0.003812795618705511,-0.001731513303926558,8,2025Q3
2025-07-31,XLB,0.0017827963894871957,-0.0022637201640990316,8,2025Q3
2025-07-31,XLC,-0.0015723701111278743,-0.001363239601388429,8,2025Q3
2025-07-31,XLE,-0.03260469461112048,-0.011293128834281255,8,2025Q3
2025-07-31,XLF,-0.019363854958307503,-0.0034820713067136777,8,2025Q3
2025-07-31,XLI,-0.00882102223988357,-0.0012423384796369432,8,2025Q3
2025-07-31,XLK,0.001824370901776673,-0.0013743550731985556,8,2025Q3
2025-07-31,XLP,0.03056584239109128,0.00014451043795055325,8,2025Q3
2025-07-31,XLRE,0.004077822843977952,-0.0036048053379435802,8,2025Q3
2025-07-31,XLU,0.010003020556106357,0.007033215705853538,8,2025Q3
2025-07-31,XLV,-0.011156019156132624,0.005917278171635771,8,2025Q3
2025-07-31,XLY,0.008582602499363157,-0.001744027817165178,8,2025Q3
2025-08-01,XLB,-0.00607037392753762,-0.0006632436650443769,8,2025Q3
2025-08-01,XLC,-0.010637324869380294,0.0018119551141135826,8,2025Q3
2025-08-01,XLE,-0.03257768060155064,-0.009260225732962587,8,2025Q3
2025-08-01,XLF,-0.01611163557556261,0.0003091444264439258,8,2025Q3
2025-08-01,XLI,-0.0175872152963652,0.00323090029490809,8,2025Q3
2025-08-01,XLK,0.009559921430440044,0.0020574935837686654,8,2025Q3
2025-08-01,XLP,0.00407561637967091,0.0013320144552854238,8,2025Q3
2025-08-01,XLRE,-0.025835256957210673,-0.0035327186996669956,8,2025Q3
2025-08-01,XLU,-0.020437594959887617,0.008966269834830972,8,2025Q3
2025-08-01,XLV,-0.03226373876955935,0.007668642294992079,8,2025Q3
2025-08-01,XLY,0.010720524536424136,-0.001648182296358349,8,2025Q3
2025-08-04,XLB,-0.004339180679009402,-0.0003578418413887458,8,2025Q3
2025-08-04,XLC,-0.007340794985512433,0.0047087873987366885,8,2025Q3
2025-08-04,XLE,-0.020991748382682807,-0.00907674659637983,8,2025Q3
2025-08-04,XLF,-0.009066835105018267,0.00021022382043847844,8,2025Q3
2025-08-04,XLI,-0.012687167318640058,0.004615518458252013,8,2025Q3
2025-08-04,XLK,-0.0005486960485439063,0.004381691441670785,8,2025Q3
2025-08-04,XLP,0.015565541444137354,0.0048386242319669506,8,2025Q3
2025-08-04,XLRE,-0.022655389225234246,-0.0023718085683385034,8,2025Q3
2025-08-04,XLU,-0.02367320966375497,0.009550535417341452,8,2025Q3
2025-08-04,XLV,-0.02797529648448771,0.006698157850661661,8,2025Q3
2025-08-04,XLY,0.018682956809893625,0.00017237143014769193,8,2025Q3
2025-08-05,XLB,-0.014287033544903016,-0.0001080616377259994,8,2025Q3
2025-08-05,XLC,0.003860917919908058,0.003874374699520998,8,2025Q3
2025-08-05,XLE,-0.03338096807311641,-0.0060211826548662905,8,2025Q3
2025-08-05,XLF,-0.008740416796635841,0.00018513691654967293,8,2025Q3
2025-08-05,XLI,-0.016212972795659697,0.005975861092600263,8,2025Q3
2025-08-05,XLK,0.007660420073476892,0.005640832019758641,8,2025Q3
2025-08-05,XLP,0.0034016912585783654,0.0016029346335157315,8,2025Q3
2025-08-05,XLRE,-0.04019503817619341,-0.0019474065108185587,8,2025Q3
2025-08-05,XLU,-0.024713905740548436,0.008059927985383769,8,2025Q3
2025-08-05,XLV,-0.03332740267306378,0.006066772837423505,8,2025Q3
2025-08-05,XLY,0.012327513666295253,0.0005009374261677049,8,2025Q3
2025-08-06,XLB,0.020277284692829634,0.0009263779588459607,8,2025Q3
2025-08-06,XLC,0.012236960127443908,0.0031728076225045147,8,2025Q3
2025-08-06,XLE,-0.008278471774101792,-0.006985390791323987,8,2025Q3
2025-08-06,XLF,-0.003545857698499022,0.00014946689072530055,8,2025Q3
2025-08-06,XLI,-0.00886811156922307,0.005622675849085546,8,2025Q3
2025-08-06,XLK,0.0008584254396859503,0.005268259096247636,8,2025Q3
2025-08-06,XLP,-0.006763354966879742,0.0017873076132935359,8,2025Q3
2025-08-06,XLRE,-0.02106874089933375,0.00017717454676252154,8,2025Q3
2025-08-06,XLU,-0.009210185989294795,0.007899353390337881,8,2025Q3
2025-08-06,XLV,0.002163276726315111,0.00907096191631823,8,2025Q3
2025-08-06,XLY,0.009457948827735096,0.0006980060273821606,8,2025Q3
2025-08-07,XLB,0.004028581839356393,-0.0015039315307175396,8,2025Q3
2025-08-07,XLC,0.01654953375191015,-0.0004353401145899653,8,2025Q3
2025-08-07,XLE,-0.006222788985837724,-0.004724798029543876,8,2025Q3
2025-08-07,XLF,0.011838257293841803,-0.002129535334359213,8,2025Q3
2025-08-07,XLI,-0.017300181801920056,0.0019412413997402956,8,2025Q3
2025-08-07,XLK,-0.0032234563998181365,0.0031180350569386932,8,2025Q3
2025-08-07,XLP,-0.024342827481371843,-0.0029452184497028976,8,2025Q3
2025-08-07,XLRE,-0.032830438849713706,-0.006397201458117084,8,2025Q3
2025-08-07,XLU,-0.02794372111924559,0.00204825385988787,8,2025Q3
2025-08-07,XLV,0.018282127767474954,0.009637592490498373,8,2025Q3
2025-08-07,XLY,0.007667161026103209,-0.00227251922559079,8,2025Q3
2025-08-08,XLB,0.009190740759194904,-0.0030764243441108023,8,2025Q3
2025-08-08,XLC,0.025946156526000852,-0.001988360268340995,8,2025Q3
2025-08-08,XLE,-0.0024066658337109637,-0.006157817441464737,8,2025Q3
2025-08-08,XLF,0.0019401665057243722,-0.004198811233130408,8,2025Q3
2025-08-08,XLI,-0.012410231878120404,0.0006156933243867588,8,2025Q3
2025-08-08,XLK,-0.010651855862789827,-0.00011913651309359273,8,2025Q3
2025-08-08,XLP,-0.015401648978956461,-0.005189795006409077,8,2025Q3
2025-08-08,XLRE,-0.00788514543723462,-0.006747489467743076,8,2025Q3
2025-08-08,XLU,-0.016322566761172497,-0.002219142735518666,8,2025Q3
2025-08-08,XLV,0.03665671446479757,0.0011751447611204858,8,2025Q3
2025-08-08,XLY,0.013680688972643074,-0.002479611258576062,8,2025Q3
2025-08-11,XLB,0.003823013943041742,-0.0034178319513848915,8,2025Q3
2025-08-11,XLC,0.012613661072513382,-0.00061735430662628,8,2025Q3
2025-08-11,XLE,-0.0021096844012626903,-0.0057656268973073225,8,2025Q3
2025-08-11,XLF,0.001321642963764802,-0.003954584803642179,8,2025Q3
2025-08-11,XLI,-0.007015636449024587,5.620097845596768e-05,8,2025Q3
2025-08-11,XLK,-0.003464994077513772,0.00015114736484630022,8,2025Q3
2025-08-11,XLP,-0.017672458214040065,-0.005417902595480299,8,2025Q3
2025-08-11,XLRE,-0.013312134118600216,-0.006658536183784629,8,2025Q3
2025-08-11,XLU,-0.019287691749370728,-0.004004653180019994,8,2025Q3
2025-08-11,XLV,0.0313758089275884,-0.0024861918494050745,8,2025Q3
2025-08-11,XLY,0.013354652534977474,-0.0023302805063241325,8,2025Q3
2025-08-12,XLB,0.012879821317932527,-0.0024439969260098868,8,2025Q3
2025-08-12,XLC,0.00384624446800641,-0.0005794907585014329,8,2025Q3
2025-08-12,XLE,0.00944218565572641,-0.006019521699417981,8,2025Q3
2025-08-12,XLF,0.007149865064802641,-0.004780632951686413,8,2025Q3
2025-08-12,XLI,0.0009261947276801852,-7.921454963577112e-05,8,2025Q3
2025-08-12,XLK,-0.020089134289340227,-0.0007300071593245084,8,2025Q3
2025-08-12,XLP,0.005933422152424872,-0.005789242433799065,8,2025Q3
2025-08-12,XLRE,0.018843385161349535,-0.004661458192121828,8,2025Q3
2025-08-12,XLU,0.0021631307960191526,-0.0037369676894923386,8,2025Q3
2025-08-12,XLV,0.04693866948588299,-0.004822732179270892,8,2025Q3
2025-08-12,XLY,0.018197315760067334,-0.00403846753205978,8,2025Q3
2025-08-13,XLB,0.0010607939425073543,-0.0032720859005768684,8,2025Q3
2025-08-13,XLC,-0.000826692507648441,0.0006652736242690465,8,2025Q3
2025-08-13,XLE,0.012264938875736986,-0.00793992426602285,8,2025Q3
2025-08-13,XLF,0.012598333706222542,-0.003360731182124173,8,2025Q3
2025-08-13,XLI,0.0022500420897081375,0.0015602350018528426,8,2025Q3
2025-08-13,XLK,-0.02101727121638719,0.0009811161308340346,8,2025Q3
2025-08-13,XLP,0.017653684720182916,-0.00391466224460032,8,2025Q3
2025-08-13,XLRE,0.02212164338441669,-0.0013572594694088427,8,2025Q3
2025-08-13,XLU,0.007044009536945839,-0.0009423479438989759,8,2025Q3
2025-08-13,XLV,0.04209868610467926,-0.00346188869517076,8,2025Q3
2025-08-13,XLY,0.0006374148025568571,-0.0027838189914409918,8,2025Q3
2025-08-14,XLB,0.018573440349198722,-0.0022334888029341324,8,2025Q3
2025-08-14,XLC,0.0013553487778039663,0.0006147838010910074,8,2025Q3
2025-08-14,XLE,0.02415869095679557,-0.008824771374303635,8,2025Q3
2025-08-14,XLF,0.008726820021861426,-0.0041356796130696365,8,2025Q3
2025-08-14,XLI,0.011597204257887683,0.0013596373162382735,8,2025Q3
2025-08-14,XLK,-0.018368864008244,0.001246640115473797,8,2025Q3
2025-08-14,XLP,0.02165744511514356,-0.005165367554889525,8,2025Q3
2025-08-14,XLRE,0.029674627110617524,-0.002457072827816966,8,2025Q3
2025-08-14,XLU,0.01119757514809927,-0.00343323107397561,8,2025Q3
2025-08-14,XLV,0.03756671113014354,-0.008433307835206025,8,2025Q3
2025-08-14,XLY,-6.001050670101371e-05,-0.0026355816441967854,8,2025Q3
2025-08-15,XLB,0.020974674693996498,-0.0026213423710890584,8,2025Q3
2025-08-15,XLC,-0.004431191093833831,0.0005265353596763899,8,2025Q3
2025-08-15,XLE,0.02724802381449387,-0.007845672455941644,8,2025Q3
2025-08-15,XLF,0.018252724383791552,-0.0036075584907423798,8,2025Q3
2025-08-15,XLI,0.0150411005416482,0.0008512526822359997,8,2025Q3
2025-08-15,XLK,-0.015251003603092617,0.0009192447957590839,8,2025Q3
2025-08-15,XLP,0.0025802128300693727,-0.0054271730161274435,8,2025Q3
2025-08-15,XLRE,0.021531200748072354,-0.003038687563317323,8,2025Q3
2025-08-15,XLU,0.0019991420501632717,-0.002220985945813376,8,2025Q3
2025-08-15,XLV,0.011483291669292184,-0.009216700621281937,8,2025Q3
2025-08-15,XLY,0.014819907483827333,-0.002886080850690915,8,2025Q3
2025-08-18,XLB,0.025421604259805552,0.0019816334905801997,8,2025Q3
2025-08-18,XLC,0.007517659114415154,0.004448045299492802,8,2025Q3
2025-08-18,XLE,0.04032608354939404,-0.002723314621114142,8,2025Q3
2025-08-18,XLF,0.015766412767500904,0.0027580254248372234,8,2025Q3
2025-08-18,XLI,0.005130518921119154,0.005687466280699445,8,2025Q3
2025-08-18,XLK,-0.015384581479298443,0.0036405954793046276,8,2025Q3
2025-08-18,XLP,-0.009087021024523967,0.002041930234628256,8,2025Q3
2025-08-18,XLRE,0.030357149501862524,0.003999550421980999,8,2025Q3
2025-08-18,XLU,-0.0008212146588363334,0.005459577567644395,8,2025Q3
2025-08-18,XLV,0.003571479190272675,-0.003579833413436077,8,2025Q3
2025-08-18,XLY,0.012900937198250584,0.0006679912843065356,8,2025Q3
2025-08-19,XLB,0.012404383550811415,-0.0006676620818710161,8,2025Q3
2025-08-19,XLC,-0.0009194903906639684,0.0039096092404695085,8,2025Q3
2025-08-19,XLE,0.02866212000658086,-0.0054925286364293086,8,2025Q3
2025-08-19,XLF,0.011980347896770382,-0.001553818708009812,8,2025Q3
2025-08-19,XLI,0.0035963878167053487,0.004101988697523293,8,2025Q3
2025-08-19,XLK,-0.0029723612105378994,0.003018418729378903,8,2025Q3
2025-08-19,XLP,-0.035189651988356996,0.0006837002761406414,8,2025Q3
2025-08-19,XLRE,-0.00020251017420380713,0.0027782355035505827,8,2025Q3
2025-08-19,XLU,-0.017887879731256162,0.004354737530952363,8,2025Q3
2025-08-19,XLV,-0.006241354355349893,-0.0051461831844904025,8,2025Q3
2025-08-19,XLY,0.008388196956869987,-0.00024045196400209693,8,2025Q3
2025-08-20,XLB,0.009173591608814036,0.0020713813605387566,8,2025Q3
2025-08-20,XLC,-0.0011534774829002892,0.005940533916363773,8,2025Q3
2025-08-20,XLE,0.026629419889630634,-0.0029472755118366005,8,2025Q3
2025-08-20,XLF,0.003860099588297139,0.0017899124057462505,8,2025Q3
2025-08-20,XLI,-0.0005890678627553658,0.006165914591211159,8,2025Q3
2025-08-20,XLK,0.004350590766971418,0.00646009258989424,8,2025Q3
2025-08-20,XLP,-0.04279196837033428,0.005171639412555117,8,2025Q3
2025-08-20,XLRE,-0.004745666470752585,0.005357302023054413,8,2025Q3
2025-08-20,XLU,-0.023680350482040535,0.006920919113006135,8,2025Q3
2025-08-20,XLV,-0.017206475372584573,-0.0010183604364073962,8,2025Q3
2025-08-20,XLY,0.013759415542897724,0.0024066058716640465,8,2025Q3
2025-08-21,XLB,-0.001565716735360434,-0.00011523644947823383,8,2025Q3
2025-08-21,XLC,-0.0039039344489819605,0.006088297860096029,8,2025Q3
2025-08-21,XLE,0.01971327647563359,-0.0017434842725508153,8,2025Q3
2025-08-21,XLF,0.0007847347028830942,0.00031060734328971167,8,2025Q3
2025-08-21,XLI,-0.0028526656917353677,0.003964651427930315,8,2025Q3
2025-08-21,XLK,0.008432802720041987,0.005774408866640486,8,2025Q3
2025-08-21,XLP,-0.04783452055387272,0.005134368539933621,8,2025Q3
2025-08-21,XLRE,-0.011439968192949124,0.005308348520827988,8,2025Q3
2025-08-21,XLU,-0.03213762164400846,0.007277643147643138,8,2025Q3
2025-08-21,XLV,-0.025488152283672294,-0.001989503762362351,8,2025Q3
2025-08-21,XLY,0.013971722370804684,0.002219175846649309,8,2025Q3
2025-08-22,XLB,0.0014877411503013693,0.0021943489303257535,8,2025Q3
2025-08-22,XLC,0.0011216206327364642,0.005995837399650804,8,2025Q3
2025-08-22,XLE,0.025930476905263955,-0.002359048959049115,8,2025Q3
2025-08-22,XLF,0.00824311620214857,0.002878445518618639,8,2025Q3
2025-08-22,XLI,-0.0069759618788436395,0.004170226748774495,8,2025Q3
2025-08-22,XLK,0.0005172276847422719,0.005659582671312608,8,2025Q3
2025-08-22,XLP,-0.02008939310048019,0.004422055418317891,8,2025Q3
2025-08-22,XLRE,-0.0003056427047651855,0.0073019098522974415,8,2025Q3
2025-08-22,XLU,-0.019587794869163844,0.006814004126221783,8,2025Q3
2025-08-22,XLV,-0.004952814083091783,-5.394590029254116e-06,8,2025Q3
2025-08-22,XLY,-0.005431498704499216,0.0006425744014766441,8,2025Q3
2025-08-25,XLB,0.0025515888640406104,0.0006235297715043964,8,2025Q3
2025-08-25,XLC,0.0008231542561832894,0.005266138944682737,8,2025Q3
2025-08-25,XLE,0.0277538079963644,-0.0032552743016715743,8,2025Q3
2025-08-25,XLF,0.009620303929234186,0.0019127157942440203,8,2025Q3
2025-08-25,XLI,-0.00350138013161716,0.0033412445825045877,8,2025Q3
2025-08-25,XLK,-0.0043288378525134785,0.003813871528243062,8,2025Q3
2025-08-25,XLP,-0.0016336973395348897,0.0023306535077784714,8,2025Q3
2025-08-25,XLRE,-0.009393185334145127,0.004471737678117634,8,2025Q3
2025-08-25,XLU,-0.008683391629118686,0.00492007828516869,8,2025Q3
2025-08-25,XLV,0.013409600114572706,-0.0004035294269128828,8,2025Q3
2025-08-25,XLY,-0.007838235478972,0.0005491481979689078,8,2025Q3
2025-08-26,XLB,-0.00813406957536289,0.0007531368839874648,8,2025Q3
2025-08-26,XLC,0.020759562960567357,0.005502116238846912,8,2025Q3
2025-08-26,XLE,0.005147847879284018,-0.0008676210337784488,8,2025Q3
2025-08-26,XLF,-0.0009665007218966348,0.0026355909762862764,8,2025Q3
2025-08-26,XLI,-0.01980069305832932,0.0019828283892033794,8,2025Q3
2025-08-26,XLK,-0.0041860997305994685,0.003511756058936808,8,2025Q3
2025-08-26,XLP,0.0029460683533312215,0.004459252025359546,8,2025Q3
2025-08-26,XLRE,-0.010415039397086767,0.005122856604654274,8,2025Q3
2025-08-26,XLU,-0.014571221729823391,0.005449845255551963,8,2025Q3
2025-08-26,XLV,0.0011794794111293916,0.0005019171527968285,8,2025Q3
2025-08-26,XLY,-0.009609008434961708,0.0007385606762546033,8,2025Q3
2025-08-27,XLB,-0.012857787521260433,0.0006382286437032752,8,2025Q3
2025-08-27,XLC,0.02214081219784414,0.005624178287441021,8,2025Q3
2025-08-27,XLE,-0.005419888702499098,-0.0017294166105216683,8,2025Q3
2025-08-27,XLF,0.0013556626254054294,0.003244215353867262,8,2025Q3
2025-08-27,XLI,-0.014689780490749427,0.0031454656603274226,8,2025Q3
2025-08-27,XLK,-0.010695127829829842,0.003955081409601262,8,2025Q3
2025-08-27,XLP,-0.005460242285365791,0.004181252819576671,8,2025Q3
2025-08-27,XLRE,-0.014042722427390575,0.0027004885722821687,8,2025Q3
2025-08-27,XLU,-0.022026155943330905,0.0059338434812526535,8,2025Q3
2025-08-27,XLV,-0.0004923341549358806,0.000759626596950355,8,2025Q3
2025-08-27,XLY,0.0021813517570030694,0.001004541600063889,8,2025Q3
2025-08-28,XLB,0.000527061299631093,0.00026560272248739975,8,2025Q3
2025-08-28,XLC,0.03018501050973954,0.005798095889252286,8,2025Q3
2025-08-28,XLE,-0.025664698158185728,-0.001716375898260552,8,2025Q3
2025-08-28,XLF,-0.011895762696003898,0.0024516518724236607,8,2025Q3
2025-08-28,XLI,-0.013641040011102556,0.0033142895290727177,8,2025Q3
2025-08-28,XLK,-0.011217641145370383,0.003613589700639749,8,2025Q3
2025-08-28,XLP,0.010189215997892798,0.00508900190320006,8,2025Q3
2025-08-28,XLRE,0.004965342825247521,0.0029316547961721513,8,2025Q3
2025-08-28,XLU,-0.011117806414408404,0.007384675328388792,8,2025Q3
2025-08-28,XLV,0.013363673255008757,-0.0009329465339299273,8,2025Q3
2025-08-28,XLY,0.006688852908235288,0.0010329944240212697,8,2025Q3
2025-08-29,XLB,-0.00846079108594222,0.0029178305605726965,8,2025Q3
2025-08-29,XLC,0.02493269944528209,0.008179363527950212,8,2025Q3
2025-08-29,XLE,-0.04159405222813051,0.011185758032334195,8,2025Q3
2025-08-29,XLF,-0.022159325539777286,0.005490547582427745,8,2025Q3
2025-08-29,XLI,-0.010728111634715098,0.005303187290853414,8,2025Q3
2025-08-29,XLK,0.0032083831279337005,0.005245991759235143,8,2025Q3
2025-08-29,XLP,-0.008459664231421526,0.008463111356055736,8,2025Q3
2025-08-29,XLRE,-0.015550391376570771,0.005768230368421801,8,2025Q3
2025-08-29,XLU,-0.02602130117445256,0.008573952260593563,8,2025Q3
2025-08-29,XLV,-0.0028039095639438294,0.0016408334678780316,8,2025Q3
2025-08-29,XLY,0.0126089629981323,0.003229461946900748,8,2025Q3
2025-09-02,XLB,-0.02717625508780741,0.0013836141669968589,8,2025Q3
2025-09-02,XLC,0.022687159126775658,0.00736247206502498,8,2025Q3
2025-09-02,XLE,-0.04819113161226363,0.012450884073279827,8,2025Q3
2025-09-02,XLF,-0.020377170898288055,0.0037096677753939346,8,2025Q3
2025-09-02,XLI,-0.01777110125747805,0.0038088795992374195,8,2025Q3
2025-09-02,XLK,0.005611974009280596,0.0048366282356160474,8,2025Q3
2025-09-02,XLP,-0.014720180965192897,0.0056098758983255444,8,2025Q3
2025-09-02,XLRE,-0.008739291441550723,0.000844552850323298,8,2025Q3
2025-09-02,XLU,-0.025826352767183813,0.006896396894408359,8,2025Q3
2025-09-02,XLV,-0.008224479692439335,0.0006310928927057027,8,2025Q3
2025-09-02,XLY,0.008982457047823189,0.0032055603335757314,8,2025Q3
2025-09-03,XLB,-0.016015571024523778,0.002951788619499884,8,2025Q3
2025-09-03,XLC,0.0006404974301317257,0.008361404819473853,8,2025Q3
2025-09-03,XLE,-0.0061510445357206844,-0.0001770428434318978,8,2025Q3
2025-09-03,XLF,-0.019512626128445287,0.004218455890969929,8,2025Q3
2025-09-03,XLI,-0.002743600761288878,0.00717807191923976,8,2025Q3
2025-09-03,XLK,0.020513836040486844,0.0050349011091571074,8,2025Q3
2025-09-03,XLP,-0.021223002755029863,0.008076133302019301,8,2025Q3
2025-09-03,XLRE,-0.003996444475762528,0.005264322308065782,8,2025Q3
2025-09-03,XLU,-0.003733651991869147,0.009051732479401522,8,2025Q3
2025-09-03,XLV,-0.01008977722777571,0.0007249609686848875,8,2025Q3
2025-09-03,XLY,-0.004800336898487911,0.0034614013937013448,8,2025Q3
2025-09-04,XLB,0.0010160931107541238,0.001490808864620057,8,2025Q3
2025-09-04,XLC,0.007051233630443576,0.007789346293750681,8,2025Q3
2025-09-04,XLE,-0.012548763472558955,-7.643329780338291e-05,8,2025Q3
2025-09-04,XLF,-0.013664995648851708,0.004473529514934744,8,2025Q3
2025-09-04,XLI,-0.004462621217848239,0.003794156182703652,8,2025Q3
2025-09-04,XLK,0.018949035601496966,0.004600558464459779,8,2025Q3
2025-09-04,XLP,-0.013730096374676592,0.007428417305001704,8,2025Q3
2025-09-04,XLRE,0.005568104227403392,0.0021866318001680114,8,2025Q3
2025-09-04,XLU,0.0028937651160558797,0.007957626919897626,8,2025Q3
2025-09-04,XLV,0.0035529717587106102,-0.0005069847652938958,8,2025Q3
2025-09-04,XLY,-0.0035846271973247745,0.002339742472603386,8,2025Q3
2025-09-05,XLB,-0.018757675210662406,-0.0008718418988152953,8,2025Q3
2025-09-05,XLC,0.007480081799165372,0.006425469111145719,8,2025Q3
2025-09-05,XLE,-0.0015187339286590884,-0.004473933598709627,8,2025Q3
2025-09-05,XLF,-0.001957455749517667,0.0012991183030722207,8,2025Q3
2025-09-05,XLI,-0.011406240909189291,0.0022697714286225804,8,2025Q3
2025-09-05,XLK,0.0147976648061372,0.00554578804828999,8,2025Q3
2025-09-05,XLP,-0.02251391182689133,0.004215085251408048,8,2025Q3
2025-09-05,XLRE,-0.011682526987188968,0.0019800684678189205,8,2025Q3
2025-09-05,XLU,0.008607241888583195,0.004255649099836906,8,2025Q3
2025-09-05,XLV,-0.01419003048320433,-0.0017251761163446016,8,2025Q3
2025-09-05,XLY,-0.0007411577555234139,0.001793723796230055,8,2025Q3
2025-09-08,XLB,-0.03056945352568996,-0.0015551419215804943,8,2025Q3
2025-09-08,XLC,0.01778667950977919,0.005458874543087008,8,2025Q3
2025-09-08,XLE,-0.005538733797511464,-0.005413629617135019,8,2025Q3
2025-09-08,XLF,-0.007885685913743279,0.0008525688112813281,8,2025Q3
2025-09-08,XLI,-0.01194132494767941,0.0014230253812201245,8,2025Q3
2025-09-08,XLK,0.013440173536896749,0.005980088696841421,8,2025Q3
2025-09-08,XLP,-0.03313966208479524,0.003803808665667592,8,2025Q3
2025-09-08,XLRE,-0.009071588635567451,0.0020174819593850426,8,2025Q3
2025-09-08,XLU,0.018660981159491552,0.005395984681107729,8,2025Q3
2025-09-08,XLV,-0.02529204894358783,-0.0017809821800603928,8,2025Q3
2025-09-08,XLY,0.0012107000503758236,0.00147123838981407,8,2025Q3
2025-09-09,XLB,-0.013543992963066964,-0.00041572705402289386,8,2025Q3
2025-09-09,XLC,0.011544413120738728,0.005163808622926031,8,2025Q3
2025-09-09,XLE,0.010250516375815089,-0.0043780315551586605,8,2025Q3
2025-09-09,XLF,-0.010744889570672767,0.0010012296956378992,8,2025Q3
2025-09-09,XLI,-0.004353567021764926,0.0018207078647786744,8,2025Q3
2025-09-09,XLK,0.01162493517809371,0.004687858514822838,8,2025Q3
2025-09-09,XLP,-0.026884733851564535,0.005149347452838629,8,2025Q3
2025-09-09,XLRE,-0.010810157200184856,0.0020833170433420976,8,2025Q3
2025-09-09,XLU,-0.0034497322262494468,0.006085339321771738,8,2025Q3
2025-09-09,XLV,-0.026847150184444946,-0.0012445558598565849,8,2025Q3
2025-09-09,XLY,0.012666796383195456,0.00045054657177822147,8,2025Q3
2025-09-10,XLB,-0.008922879140613071,0.00037192153781863413,8,2025Q3
2025-09-10,XLC,0.02604332256088271,0.004378092860074338,8,2025Q3
2025-09-10,XLE,-0.0008113071444797448,0.005885512561354955,8,2025Q3
2025-09-10,XLF,0.006619503296940055,0.0016795146473310284,8,2025Q3
2025-09-10,XLI,-0.01214023037236911,0.0022547322080533625,8,2025Q3
2025-09-10,XLK,-0.005948633542011805,0.005810954813556907,8,2025Q3
2025-09-10,XLP,-0.00693392738931764,0.006311552840938959,8,2025Q3
2025-09-10,XLRE,-0.006625585765206443,0.0021441985697266287,8,2025Q3
2025-09-10,XLU,-0.013877477051091436,0.007194587055244752,8,2025Q3
2025-09-10,XLV,-0.011633366918356591,-0.0008789162042936308,8,2025Q3
2025-09-10,XLY,0.02667315837332307,0.0007021528672538866,8,2025Q3
2025-09-11,XLB,-0.025828900838326896,-0.000460562885910742,8,2025Q3
2025-09-11,XLC,0.014784622781253587,0.004774804172564791,8,2025Q3
2025-09-11,XLE,-0.000533084253931726,0.010416787539074622,8,2025Q3
2025-09-11,XLF,-0.005189609453758015,0.00291176179297728,8,2025Q3
2025-09-11,XLI,-0.007367658201157479,0.0015052679183808206,8,2025Q3
2025-09-11,XLK,0.011627020630020413,0.006033830328557656,8,2025Q3
2025-09-11,XLP,-0.02006934484592182,0.005019889083342733,8,2025Q3
2025-09-11,XLRE,-0.018323930954611378,0.002622061884222703,8,2025Q3
2025-09-11,XLU,-0.01479874975064821,0.005908346694968234,8,2025Q3
2025-09-11,XLV,-0.023144068913382165,-0.0005300415380155039,8,2025Q3
2025-09-11,XLY,0.005933450670254858,0.0006982657085425043,8,2025Q3
2025-09-12,XLB,-0.01883922830013074,-0.000861334570854835,8,2025Q3
2025-09-12,XLC,0.007986475078212152,0.005070990900983129,8,2025Q3
2025-09-12,XLE,-0.010470784128825184,0.009072698793377949,8,2025Q3
2025-09-12,XLF,-0.0012035373239212,0.0020224601917795235,8,2025Q3
2025-09-12,XLI,0.0005918020775064203,0.0019037793985322742,8,2025Q3
2025-09-12,XLK,0.020113189983140378,0.005825393719886906,8,2025Q3
2025-09-12,XLP,-0.02127103684257514,0.004962371678316424,8,2025Q3
2025-09-12,XLRE,-0.021374225034318295,0.001359041822946935,8,2025Q3
2025-09-12,XLU,-0.01600059812959087,0.00508319922753455,8,2025Q3
2025-09-12,XLV,-0.015505145949554877,-0.0015436968727648075,8,2025Q3
2025-09-12,XLY,0.001998173121407376,0.0010058887780478244,8,2025Q3
2025-09-15,XLB,-0.015240346266412463,0.0003975848617512633,8,2025Q3
2025-09-15,XLC,-0.01250188910655281,0.0056025197198989185,8,2025Q3
2025-09-15,XLE,-0.016107245178766494,0.009811512493417664,8,2025Q3
2025-09-15,XLF,-0.0030112254789556037,0.001690707564306774,8,2025Q3
2025-09-15,XLI,-0.004244344954140056,0.0023613261919305578,8,2025Q3
2025-09-15,XLK,0.025199921311745976,0.006177902279370629,8,2025Q3
2025-09-15,XLP,-0.02710849749298061,0.005824645349585364,8,2025Q3
2025-09-15,XLRE,-0.02386609436312337,0.001128072299754904,8,2025Q3
2025-09-15,XLU,-0.014806783059466477,0.0053956960121811556,8,2025Q3
2025-09-15,XLV,-0.011163377801936103,-6.583714664332423e-05,8,2025Q3
2025-09-15,XLY,-0.0111328429421792,0.0015188821829283695,8,2025Q3
2025-09-16,XLB,-0.011261165593726918,-0.0005280816804484209,8,2025Q3
2025-09-16,XLC,-0.005791749762219078,0.005553406035212469,8,2025Q3
2025-09-16,XLE,-0.011546639259604419,0.010066172426504363,8,2025Q3
2025-09-16,XLF,-0.0011295064159144719,0.0029005082748931573,8,2025Q3
2025-09-16,XLI,0.0031058031410726716,0.0035175649452734597,8,2025Q3
2025-09-16,XLK,0.023957452596234274,0.005841853683046914,8,2025Q3
2025-09-16,XLP,-0.022541670465943575,0.00670367530437258,8,2025Q3
2025-09-16,XLRE,-0.006052697005729191,-0.0011795395291913878,8,2025Q3
2025-09-16,XLU,0.01296379410938453,0.007085718453133747,8,2025Q3
2025-09-16,XLV,-0.004790606348300308,-0.001573897804435928,8,2025Q3
2025-09-16,XLY,-0.02245385851245152,0.0013785284095572878,8,2025Q3
2025-09-17,XLB,-0.02371165327599567,-0.0001543508198094789,8,2025Q3
2025-09-17,XLC,-0.014694246379265308,0.005037278095157728,8,2025Q3
2025-09-17,XLE,0.0009766113053997216,0.005639839823091149,8,2025Q3
2025-09-17,XLF,-0.011603538132637814,0.0022512281465525575,8,2025Q3
2025-09-17,XLI,0.004431474469808405,0.004093729055544996,8,2025Q3
2025-09-17,XLK,0.02309767968873211,0.0047227254228694796,8,2025Q3
2025-09-17,XLP,-0.024348402651507284,0.004973968454931231,8,2025Q3
2025-09-17,XLRE,-0.013857273137361181,-0.0008100392953167431,8,2025Q3
2025-09-17,XLU,0.019612482919403096,0.005428118937565368,8,2025Q3
2025-09-17,XLV,-0.00881649981773458,-0.00030495816405125406,8,2025Q3
2025-09-17,XLY,-0.011067695862654992,0.0009177270988934312,8,2025Q3
2025-09-18,XLB,-0.02720741280451444,0.0013516060678152658,8,2025Q3
2025-09-18,XLC,-0.009536017434474964,0.004975172972196785,8,2025Q3
2025-09-18,XLE,0.022408742117578706,0.0008982612261378994,8,2025Q3
2025-09-18,XLF,-0.005835849117479142,0.002863114762624833,8,2025Q3
2025-09-18,XLI,-0.003659346710562006,0.0032568224699726783,8,2025Q3
2025-09-18,XLK,0.013165653828827173,0.00555020800838095,8,2025Q3
2025-09-18,XLP,-0.015895934586758642,0.006466877530532026,8,2025Q3
2025-09-18,XLRE,-0.007670559746572603,0.0011912263232896213,8,2025Q3
2025-09-18,XLU,0.018322426843854656,0.004503077567167342,8,2025Q3
2025-09-18,XLV,-0.01793919018065049,-0.00013071419550862262,8,2025Q3
2025-09-18,XLY,-0.011357550956734186,0.0010868842119911492,8,2025Q3
2025-09-19,XLB,-0.019076455790305813,0.0006815928620707561,8,2025Q3
2025-09-19,XLC,-0.0075517848244299746,0.0028936442293163267,8,2025Q3
2025-09-19,XLE,0.042032785842775366,0.0007449631708200634,8,2025Q3
2025-09-19,XLF,-0.004356334999503497,0.0012721627803048143,8,2025Q3
2025-09-19,XLI,-0.000694040675362606,0.0024781180029489467,8,2025Q3
2025-09-19,XLK,0.002545784498943604,0.00522400292754699,8,2025Q3
2025-09-19,XLP,-0.015056031843593609,0.005436419874656214,8,2025Q3
2025-09-19,XLRE,0.0035494509707985067,0.0021778070102243564,8,2025Q3
2025-09-19,XLU,0.024727837582362078,0.0020083488177530836,8,2025Q3
2025-09-19,XLV,-0.010205489451732608,8.355650712990972e-05,8,2025Q3
2025-09-19,XLY,-0.004127086692415682,0.0004028524955069264,8,2025Q3
2025-09-22,XLB,-0.008429318834113131,0.0016091238286888938,8,2025Q3
2025-09-22,XLC,0.004485774160853495,0.004225221525344703,8,2025Q3
2025-09-22,XLE,0.03473762727930052,0.0021710014441179357,8,2025Q3
2025-09-22,XLF,0.007146175327748194,0.0015620057544969276,8,2025Q3
2025-09-22,XLI,0.0050655653059616945,0.002306580584762565,8,2025Q3
2025-09-22,XLK,-0.003504351021143881,0.005078945708532968,8,2025Q3
2025-09-22,XLP,0.0066628315427113005,0.007029668774524718,8,2025Q3
2025-09-22,XLRE,0.011698211164881123,0.0017286179232100787,8,2025Q3
2025-09-22,XLU,0.02656975383583382,0.0016739685264364496,8,2025Q3
2025-09-22,XLV,-0.0006041289544304052,-0.0009032367544012663,8,2025Q3
2025-09-22,XLY,0.007153623445363522,-8.799710538873271e-06,8,2025Q3
2025-09-23,XLB,-0.009584791504519075,0.0011875859029355353,8,2025Q3
2025-09-23,XLC,-0.004816028875108569,0.004756085339761056,8,2025Q3
2025-09-23,XLE,-0.0026840953253584043,0.0034556214473037204,8,2025Q3
2025-09-23,XLF,-0.0024320886160813515,0.00278891400689323,8,2025Q3
2025-09-23,XLI,0.003297525334830853,0.0036033668907003795,8,2025Q3
2025-09-23,XLK,0.0013743248609145997,0.006688731788602209,8,2025Q3
2025-09-23,XLP,-0.004222954731193385,0.004893041862034663,8,2025Q3
2025-09-23,XLRE,-0.0013829814732240209,0.002424407651304322,8,2025Q3
2025-09-23,XLU,0.013854335312434518,0.006391041631238251,8,2025Q3
2025-09-23,XLV,0.011806284593944616,-0.0013707116513080177,8,2025Q3
2025-09-23,XLY,0.0027511012116319122,0.001337472966316281,8,2025Q3
2025-09-24,XLB,-0.014489378080403514,0.00042303795084283765,8,2025Q3
2025-09-24,XLC,-0.01724914618431539,0.0037391792337128364,8,2025Q3
2025-09-24,XLE,-0.022187127692231856,0.003416915616836316,8,2025Q3
2025-09-24,XLF,-0.015221545907205924,0.0012203753320621082,8,2025Q3
2025-09-24,XLI,-0.0009372099394475697,0.003246503811561361,8,2025Q3
2025-09-24,XLK,0.010893728440948935,0.005907217440981456,8,2025Q3
2025-09-24,XLP,-0.014556448278941647,0.00361529738430256,8,2025Q3
2025-09-24,XLRE,0.0023534193944989568,0.0008020781748314947,8,2025Q3
2025-09-24,XLU,0.00975173130421636,0.005727738730716652,8,2025Q3
2025-09-24,XLV,0.04079213016043748,-0.0028493312115702445,8,2025Q3
2025-09-24,XLY,-0.004690454948233391,0.0008389279136324853,8,2025Q3
2025-09-25,XLB,0.00454689951199283,0.0012541607023742161,8,2025Q3
2025-09-25,XLC,-0.02193038823253013,0.0029705136585862647,8,2025Q3
2025-09-25,XLE,-0.046705606330444405,0.0067251789894318854,8,2025Q3
2025-09-25,XLF,-0.019218643154657378,0.0021416720712115014,8,2025Q3
2025-09-25,XLI,0.002731994000903404,0.004538223485845616,8,2025Q3
2025-09-25,XLK,0.012378123942605512,0.006131094877321673,8,2025Q3
2025-09-25,XLP,-0.014788461164003897,0.004588170446753357,8,2025Q3
2025-09-25,XLRE,-0.00636431446740926,0.0016890062227388185,8,2025Q3
2025-09-25,XLU,0.011941550700613757,0.005030733250040994,8,2025Q3
2025-09-25,XLV,0.050572016156054556,-0.0013797342215865229,8,2025Q3
2025-09-25,XLY,-0.0035123671189520866,0.00016882115799039842,8,2025Q3
2025-09-26,XLB,0.000315136608202371,0.0018384766982472943,8,2025Q3
2025-09-26,XLC,-0.02622922288091034,0.004392365067685497,8,2025Q3
2025-09-26,XLE,-0.044648078321439466,0.0077587697470122615,8,2025Q3
2025-09-26,XLF,-0.013765509715340851,0.0009309957496587999,8,2025Q3
2025-09-26,XLI,0.0008275301037439231,0.0025205114328990057,8,2025Q3
2025-09-26,XLK,0.009921183813092371,0.007201056283774617,8,2025Q3
2025-09-26,XLP,-0.010268281757789044,0.004537331914187736,8,2025Q3
2025-09-26,XLRE,-0.006390628926738806,0.003147172693961569,8,2025Q3
2025-09-26,XLU,0.013024583318119287,0.007796245514548154,8,2025Q3
2025-09-26,XLV,0.05761610970798281,-0.0009227616949624496,8,2025Q3
2025-09-26,XLY,-0.018883836952657607,0.0007592045650173122,8,2025Q3
2025-09-29,XLB,-0.0052205635001254524,-1.702348129048524e-05,8,2025Q3
2025-09-29,XLC,-0.029156458555585796,0.0027365474427000058,8,2025Q3
2025-09-29,XLE,-0.02246901667643808,0.0031020366882262007,8,2025Q3
2025-09-29,XLF,-0.01989236831810126,0.00010811839322165336,8,2025Q3
2025-09-29,XLI,0.0016418005457654594,0.0011053070192958386,8,2025Q3
2025-09-29,XLK,0.013985191559947374,0.00640325370054595,8,2025Q3
2025-09-29,XLP,-0.02027012715853216,0.0027070729572291428,8,2025Q3
2025-09-29,XLRE,-0.019098195760668513,-0.00010800047819446408,8,2025Q3
2025-09-29,XLU,0.01917942831853625,0.005138027778134055,8,2025Q3
2025-09-29,XLV,0.04853712180236336,-0.00226398683602637,8,2025Q3
2025-09-29,XLY,-0.01552055134231789,-0.0006018577498507044,8,2025Q3
2025-09-30,XLB,-0.006644866373966107,0.0001834772464704951,8,2025Q3
2025-09-30,XLC,-0.02392830148622327,0.001734925274128639,8,2025Q3
2025-09-30,XLE,-0.002734242471147841,0.0037529714405700864,8,2025Q3
2025-09-30,XLF,-0.006269542424035102,0.001148931550183678,8,2025Q3
2025-09-30,XLI,-0.00428354519456664,0.002408661208808791,8,2025Q3
2025-09-30,XLK,0.009139605993124356,0.0066038704337823525,8,2025Q3
2025-09-30,XLP,-0.006837618742529306,0.003783176200034916,8,2025Q3
2025-09-30,XLRE,-0.018654854692394474,0.002056196304914975,8,2025Q3
2025-09-30,XLU,0.02964250590237394,0.004964103666901575,8,2025Q3
2025-09-30,XLV,0.031945188925186496,-0.0009713780664328416,8,2025Q3
2025-09-30,XLY,-0.020854550311461995,-0.0008466392504497353,8,2025Q3
2025-10-01,XLB,0.006785978090475542,-0.00236357873133731,9,2025Q4
2025-10-01,XLC,-0.016653469704808854,-0.0009202096021715183,9,2025Q4
2025-10-01,XLE,-0.011112833613334705,0.0026263594334873055,9,2025Q4
2025-10-01,XLF,-0.00472373972203477,0.0008419042156214153,9,2025Q4
2025-10-01,XLI,0.004667139913086205,0.0011154818799228618,9,2025Q4
2025-10-01,XLK,0.014355329554575746,0.00328682512792894,9,2025Q4
2025-10-01,XLP,-0.012849945883579128,0.00011284579288750943,9,2025Q4
2025-10-01,XLRE,-0.026197556239172637,-0.0017596039883134198,9,2025Q4
2025-10-01,XLU,0.02426090276653059,0.002476982412727072,9,2025Q4
2025-10-01,XLV,0.0002775505751431151,-0.003909494364024497,9,2025Q4
2025-10-01,XLY,-0.026627982637114855,-0.0015719364878226927,9,2025Q4
2025-10-02,XLB,-0.01449180771298797,-0.002314990735922698,9,2025Q4
2025-10-02,XLC,-0.01603758335502037,-0.0012631903635708847,9,2025Q4
2025-10-02,XLE,-0.010587725807984394,0.0017843072265648096,9,2025Q4
2025-10-02,XLF,-0.003461221497297995,-0.0005840533176343478,9,2025Q4
2025-10-02,XLI,-0.008800323942180777,1.4726017563219902e-05,9,2025Q4
2025-10-02,XLK,0.011219078733872623,0.002781373866978674,9,2025Q4
2025-10-02,XLP,-0.001615858989093999,-0.0016171089833069427,9,2025Q4
2025-10-02,XLRE,-0.02151020717352592,-0.0018628677916389307,9,2025Q4
2025-10-02,XLU,0.027593764057513237,0.0023152659665174984,9,2025Q4
2025-10-02,XLV,0.004084830690326946,-0.0035437404517958374,9,2025Q4
2025-10-02,XLY,-0.020359214683950966,-0.0024132467842102904,9,2025Q4
2025-10-03,XLB,-0.009303845358113683,-0.0017349387864513872,9,2025Q4
2025-10-03,XLC,-0.0066518694450711235,-0.0013413681924998363,9,2025Q4
2025-10-03,XLE,-0.017309938291188987,0.003383808059208695,9,2025Q4
2025-10-03,XLF,-0.004846759055751049,-0.00015422898888630234,9,2025Q4
2025-10-03,XLI,-0.005015248021724927,0.0026624281743432027,9,2025Q4
2025-10-03,XLK,0.0019603361881921355,0.0036475546646483215,9,2025Q4
2025-10-03,XLP,0.025089795693558292,0.0002468547977047702,9,2025Q4
2025-10-03,XLRE,-0.009077257146116735,-0.0011441524347207117,9,2025Q4
2025-10-03,XLU,0.03870175893072081,0.0024074228697610286,9,2025Q4
2025-10-03,XLV,0.0054798198704288925,-0.002803593233932412,9,2025Q4
2025-10-03,XLY,-0.014107135411089766,-0.0008967103457293744,9,2025Q4
2025-10-06,XLB,0.0065037522887194665,-0.0004473524422636331,9,2025Q4
2025-10-06,XLC,-0.00251283330959573,0.00012793773338333145,9,2025Q4
2025-10-06,XLE,-0.01938554771378609,0.003553482906363304,9,2025Q4
2025-10-06,XLF,0.005400330848434831,-0.00025479168330369496,9,2025Q4
2025-10-06,XLI,0.0017831087456535721,0.0024770291206146285,9,2025Q4
2025-10-06,XLK,-0.0072088045377186605,0.0022636287877693595,9,2025Q4
2025-10-06,XLP,0.035009557885060105,0.003029670609633148,9,2025Q4
2025-10-06,XLRE,0.005325056234664283,-0.0004903894307025374,9,2025Q4
2025-10-06,XLU,0.035465826179042925,0.0027318378211388015,9,2025Q4
2025-10-06,XLV,0.0016156200937410548,-0.0017535124616054744,9,2025Q4
2025-10-06,XLY,-0.009168200577213459,-0.001459728505657932,9,2025Q4
2025-10-07,XLB,-0.0020367822080143982,-0.002518340782370076,9,2025Q4
2025-10-07,XLC,0.00021656217578391868,-0.0005720893321984411,9,2025Q4
2025-10-07,XLE,-0.02951967634064734,0.0018439402776801177,9,2025Q4
2025-10-07,XLF,-0.003953521526184334,-0.0018116681137152013,9,2025Q4
2025-10-07,XLI,-0.004793644638944161,0.0020035104427230488,9,2025Q4
2025-10-07,XLK,0.001072696274963869,0.003363994303213341,9,2025Q4
2025-10-07,XLP,0.01933382084091717,-0.000944207589454616,9,2025Q4
2025-10-07,XLRE,0.014812498193500834,-0.0012473865026451693,9,2025Q4
2025-10-07,XLU,0.03606517436989576,0.003891908935432528,9,2025Q4
2025-10-07,XLV,-0.0056754524753606095,-0.0033261022504068576,9,2025Q4
2025-10-07,XLY,0.0016181677561492025,-0.0015838791865933062,9,2025Q4
2025-10-08,XLB,-0.0020524737422820127,0.000349492764633198,9,2025Q4
2025-10-08,XLC,0.006326604278113712,-0.00057007650467852,9,2025Q4
2025-10-08,XLE,-0.022948707652976297,0.0035650339641943897,9,2025Q4
2025-10-08,XLF,-0.01417822072043351,-0.0008328764700761075,9,2025Q4
2025-10-08,XLI,-0.00711837488959588,0.0005002814426768308,9,2025Q4
2025-10-08,XLK,-0.0027338145327934216,0.002317466692530066,9,2025Q4
2025-10-08,XLP,0.029967005987019735,0.0008063770300277442,9,2025Q4
2025-10-08,XLRE,0.029416556599056842,-0.0006013429539256758,9,2025Q4
2025-10-08,XLU,0.03053035201124754,0.002606773755310919,9,2025Q4
2025-10-08,XLV,0.0033712861477811495,-0.0024264150743198536,9,2025Q4
2025-10-08,XLY,0.0016900753205044694,-0.0021380943938197694,9,2025Q4
2025-10-09,XLB,0.001177574034059936,0.0002105458282487154,9,2025Q4
2025-10-09,XLC,0.01026104763950153,-0.00017517869405368498,9,2025Q4
2025-10-09,XLE,-0.010195575349944419,0.0026372983348284876,9,2025Q4
2025-10-09,XLF,-0.011293331557455821,-9.03991469623427e-05,9,2025Q4
2025-10-09,XLI,-8.977556375389106e-05,0.0009119725696122132,9,2025Q4
2025-10-09,XLK,-0.007797204252025014,0.0014948866660717199,9,2025Q4
2025-10-09,XLP,0.03174257477945641,1.8201978271919876e-05,9,2025Q4
2025-10-09,XLRE,0.032211983137373945,0.00014141989812840395,9,2025Q4
2025-10-09,XLU,0.0211281971436994,0.002504853280616006,9,2025Q4
2025-10-09,XLV,0.0037065433159023664,-0.001238636499346306,9,2025Q4
2025-10-09,XLY,0.0066859421913444406,-0.001153412469351035,9,2025Q4
2025-10-10,XLB,-0.004043679120226296,-0.0014574824741014156,9,2025Q4
2025-10-10,XLC,0.002503436841507334,0.003096341004553087,9,2025Q4
2025-10-10,XLE,-0.008396678171616712,0.00013930041641239163,9,2025Q4
2025-10-10,XLF,-0.015914796200306114,-0.004763051310807804,9,2025Q4
2025-10-10,XLI,-0.003843584103898179,-0.0023292864152057746,9,2025Q4
2025-10-10,XLK,0.007209396820607283,0.0008490232902649798,9,2025Q4
2025-10-10,XLP,-0.008018625253823908,-0.0025470300332893353,9,2025Q4
2025-10-10,XLRE,0.016254770551417552,-0.0006843768615754926,9,2025Q4
2025-10-10,XLU,-0.013137141227716143,0.005974177398126334,9,2025Q4
2025-10-10,XLV,-0.00913438642096387,0.0036095182021249218,9,2025Q4
2025-10-10,XLY,0.004925015727683446,-0.0015426220633721144,9,2025Q4
2025-10-14,XLB,-0.01951653160321931,-0.002258126847639173,9,2025Q4
2025-10-14,XLC,0.00429608850548191,0.0016242034442646616,9,2025Q4
2025-10-14,XLE,-0.009976057211628975,-0.0005492175745604454,9,2025Q4
2025-10-14,XLF,-0.02326031108174409,-0.002571254883003231,9,2025Q4
2025-10-14,XLI,-0.0029788808340964756,-0.0011419965384559705,9,2025Q4
2025-10-14,XLK,0.010580968188701023,0.0028935119644771514,9,2025Q4
2025-10-14,XLP,-0.011152282671804015,-0.003737879411808109,9,2025Q4
2025-10-14,XLRE,0.011742681443310587,-0.0021241157571409374,9,2025Q4
2025-10-14,XLU,-0.025567634065995937,0.00214941373670247,9,2025Q4
2025-10-14,XLV,0.005919908088511727,0.0006023495529192135,9,2025Q4
2025-10-14,XLY,0.00688647983265267,-0.0006232799450347544,9,2025Q4
2025-10-15,XLB,-0.008350224102281034,-0.00168641561503686,9,2025Q4
2025-10-15,XLC,-0.0018741537489965765,0.0015061726467165415,9,2025Q4
2025-10-15,XLE,0.013191628644676268,-0.002266967514443982,9,2025Q4
2025-10-15,XLF,-0.019168001170893123,-0.002655116843634163,9,2025Q4
2025-10-15,XLI,-0.0021845448667907608,-0.0010028010997546963,9,2025Q4
2025-10-15,XLK,0.00023184285795130322,0.00286200276211701,9,2025Q4
2025-10-15,XLP,0.002483079245962694,-0.0043691485813141875,9,2025Q4
2025-10-15,XLRE,0.011320586554523837,-0.003092488626687603,9,2025Q4
2025-10-15,XLU,-0.030864533072657685,-0.0021820150606264538,9,2025Q4
2025-10-15,XLV,0.019895730730304484,-0.00030182698624770465,9,2025Q4
2025-10-15,XLY,0.007167176851722967,0.0008708330708138144,9,2025Q4
2025-10-16,XLB,-0.0017271088046502125,-0.0048484836266613,9,2025Q4
2025-10-16,XLC,-0.007372584928726278,0.0011292865353158918,9,2025Q4
2025-10-16,XLE,0.02643706801795931,-0.0005201681956729506,9,2025Q4
2025-10-16,XLF,-0.0017626109738371198,-0.0023843037647360626,9,2025Q4
2025-10-16,XLI,0.004144090546881474,-0.002428003848892093,9,2025Q4
2025-10-16,XLK,-0.000734310303202923,0.002204354356064215,9,2025Q4
2025-10-16,XLP,-0.008316656904804987,-0.006833858882327114,9,2025Q4
2025-10-16,XLRE,0.0006444951371651353,-0.005311872970329987,9,2025Q4
2025-10-16,XLU,-0.03380898286227385,-0.006220125763000512,9,2025Q4
2025-10-16,XLV,0.009306117181274942,-0.0018878707076428155,9,2025Q4
2025-10-16,XLY,0.008768043771403056,-0.00028783140935403494,9,2025Q4
2025-10-17,XLB,-0.0064976577533897295,-0.0025737103054009622,9,2025Q4
2025-10-17,XLC,-0.014048984328637326,0.002954245451713662,9,2025Q4
2025-10-17,XLE,0.00495187751446835,-0.0009625625055154598,9,2025Q4
2025-10-17,XLF,-0.0015331804259495208,-0.0005911606221526272,9,2025Q4
2025-10-17,XLI,0.0016021800721131019,0.00015771424362501755,9,2025Q4
2025-10-17,XLK,0.010713019296535009,0.0023148125185340753,9,2025Q4
2025-10-17,XLP,-0.027383192518794286,-0.0035395103544820436,9,2025Q4
2025-10-17,XLRE,-0.004846110599953768,-0.003344502936484346,9,2025Q4
2025-10-17,XLU,-0.02132181037864256,-0.004421594687411589,9,2025Q4
2025-10-17,XLV,-9.177498762791281e-05,-0.0022416418244576505,9,2025Q4
2025-10-17,XLY,-0.0055347547836956945,-0.00028528381012233055,9,2025Q4
2025-10-20,XLB,-0.020315886562974228,-0.004151823720424192,9,2025Q4
2025-10-20,XLC,-0.012851019208653947,-0.00016003417559093045,9,2025Q4
2025-10-20,XLE,-0.004768440647203942,-0.0040069933118024315,9,2025Q4
2025-10-20,XLF,-0.01053646845652123,-0.0015146759719342111,9,2025Q4
2025-10-20,XLI,-0.005979331478429328,-0.0005270418888880609,9,2025Q4
2025-10-20,XLK,0.016744297523274776,-0.00024884274766885824,9,2025Q4
2025-10-20,XLP,-0.026289153301950363,-0.005068030196243942,9,2025Q4
2025-10-20,XLRE,-0.01464515122721921,-0.006969306803171083,9,2025Q4
2025-10-20,XLU,-0.019673259919374297,-0.0013251806554043584,9,2025Q4
2025-10-20,XLV,-0.009853322708508694,-0.00788955362133375,9,2025Q4
2025-10-20,XLY,-0.00045079788411128696,-0.0017846521732073684,9,2025Q4
2025-10-21,XLB,-0.017848104532890208,-0.004812547039612909,9,2025Q4
2025-10-21,XLC,-0.024092168135029457,-0.0014945911261544857,9,2025Q4
2025-10-21,XLE,-0.01576339397845894,-0.004379813496380911,9,2025Q4
2025-10-21,XLF,-0.018561302966054294,-0.002188800722738778,9,2025Q4
2025-10-21,XLI,-0.024783404722546476,-2.4445954667310916e-05,9,2025Q4
2025-10-21,XLK,0.023743819651570908,-0.003549491112859097,9,2025Q4
2025-10-21,XLP,-0.034338342970989144,-0.0049478706276163565,9,2025Q4
2025-10-21,XLRE,-0.0367152229043648,-0.0073253704507379395,9,2025Q4
2025-10-21,XLU,-0.028789510948393326,-0.001452560870932081,9,2025Q4
2025-10-21,XLV,-0.021287162681355776,-0.009126755933683617,9,2025Q4
2025-10-21,XLY,-0.015255263409458708,-0.001964386166736543,9,2025Q4
2025-10-22,XLB,-0.04043114477128007,-0.004038421556076857,9,2025Q4
2025-10-22,XLC,-0.023714237853760034,-0.0023129062582041187,9,2025Q4
2025-10-22,XLE,-0.026943330734107374,-0.005802979066751531,9,2025Q4
2025-10-22,XLF,-0.035819967203950864,-0.002978062727968752,9,2025Q4
2025-10-22,XLI,-0.014878402339755015,-0.002049219501424021,9,2025Q4
2025-10-22,XLK,0.0359561233555763,-0.004158334090076724,9,2025Q4
2025-10-22,XLP,-0.0689639238576587,-0.006150003627818196,9,2025Q4
2025-10-22,XLRE,-0.07376390319813164,-0.005195217337519606,9,2025Q4
2025-10-22,XLU,-0.03265371434932307,-0.0023844283949959063,9,2025Q4
2025-10-22,XLV,-0.04290049065123147,-0.009214488051159755,9,2025Q4
2025-10-22,XLY,-0.021539091509036545,-0.0035421788563592253,9,2025Q4
2025-10-23,XLB,-0.04792729374386584,-0.0042253899393857085,9,2025Q4
2025-10-23,XLC,-0.02008263332349114,-0.0008535283585460586,9,2025Q4
2025-10-23,XLE,-0.028648039732875774,-0.004596205326303678,9,2025Q4
2025-10-23,XLF,-0.017913485470435142,-0.001092816450446957,9,2025Q4
2025-10-23,XLI,-0.012594689481009835,-0.0007052595640854877,9,2025Q4
2025-10-23,XLK,0.027074954226461,-0.0019919679178017407,9,2025Q4
2025-10-23,XLP,-0.047930043203385564,-0.0040789539065167225,9,2025Q4
2025-10-23,XLRE,-0.05013086606561179,-0.005434348380027414,9,2025Q4
2025-10-23,XLU,-0.018766235723272295,-0.0007429437830326088,9,2025Q4
2025-10-23,XLV,-0.02392776296734689,-0.007988648763325869,9,2025Q4
2025-10-23,XLY,-0.031394852601619894,-0.0018849086178594405,9,2025Q4
2025-10-24,XLB,-0.04462612547546829,-0.0024507023824372714,9,2025Q4
2025-10-24,XLC,-0.013506405799282084,-0.0011899886070681747,9,2025Q4
2025-10-24,XLE,-0.006420975495892156,-0.002085638995116032,9,2025Q4
2025-10-24,XLF,-0.02103559763931173,2.1273832568418217e-05,9,2025Q4
2025-10-24,XLI,-0.006133947576795862,-0.0003980042730721791,9,2025Q4
2025-10-24,XLK,0.01708195698015058,-0.003949091261301344,9,2025Q4
2025-10-24,XLP,-0.04263139576656405,-0.0043033756848776285,9,2025Q4
2025-10-24,XLRE,-0.0481339047428635,-0.003635936705889866,9,2025Q4
2025-10-24,XLU,-0.032159697863492265,-0.0030712610276408857,9,2025Q4
2025-10-24,XLV,-0.019291527929542696,-0.0077531592477165364,9,2025Q4
2025-10-24,XLY,0.002449208315591589,-0.0020110913818764823,9,2025Q4
2025-10-27,XLB,-0.04027546734773746,-0.001660033220539712,9,2025Q4
2025-10-27,XLC,-0.02769839941045149,-0.0007943818469629367,9,2025Q4
2025-10-27,XLE,0.0011868879902163787,-0.0007474668113026784,9,2025Q4
2025-10-27,XLF,-0.019353631746050537,0.0007089527279767504,9,2025Q4
2025-10-27,XLI,-0.006149516001622057,0.0027678762943512286,9,2025Q4
2025-10-27,XLK,0.01250519262445271,-0.005017055710749131,9,2025Q4
2025-10-27,XLP,-0.041912934280090686,-0.002665831156867934,9,2025Q4
2025-10-27,XLRE,-0.0419160649444521,-0.0005504277052064493,9,2025Q4
2025-10-27,XLU,-0.024398789658991782,-0.002944049812668548,9,2025Q4
2025-10-27,XLV,-0.010344690945910173,-0.002604978968350542,9,2025Q4
2025-10-27,XLY,0.00733555188292867,-9.691256092731805e-06,9,2025Q4
2025-10-28,XLB,-0.031847783269054464,-0.0016725469217580167,9,2025Q4
2025-10-28,XLC,-0.015134570792878832,-0.0017338654745331014,9,2025Q4
2025-10-28,XLE,0.015257766968861941,-0.001907135039851281,9,2025Q4
2025-10-28,XLF,0.006446991108878697,0.0011117968933408169,9,2025Q4
2025-10-28,XLI,0.003821270636128249,0.0019506260198469537,9,2025Q4
2025-10-28,XLK,-0.00935607158142504,-0.0064039392464568514,9,2025Q4
2025-10-28,XLP,-0.013906806769695135,-0.0009782385390874383,9,2025Q4
2025-10-28,XLRE,-0.0031360565443083743,-0.0025272130000108264,9,2025Q4
2025-10-28,XLU,0.0027801273242135105,-0.0005227037228888697,9,2025Q4
2025-10-28,XLV,0.014797412467170257,-0.006102825234831908,9,2025Q4
2025-10-28,XLY,0.004845771338217397,-0.0002728511081487429,9,2025Q4
2025-10-29,XLB,-0.010001581933897219,-0.001060881296054858,9,2025Q4
2025-10-29,XLC,-0.010408305781086202,-0.0018643924523810839,9,2025Q4
2025-10-29,XLE,0.007567590668035806,0.00011689834488882664,9,2025Q4
2025-10-29,XLF,0.02406212111339512,0.0005095144496804493,9,2025Q4
2025-10-29,XLI,0.002148598987224304,0.0018399686410689598,9,2025Q4
2025-10-29,XLK,-0.01545275679915259,-0.006260592769879936,9,2025Q4
2025-10-29,XLP,0.005914100889443108,-0.0004117644820083508,9,2025Q4
2025-10-29,XLRE,0.021159443209672446,-0.0025014161989706557,9,2025Q4
2025-10-29,XLU,0.00039790041111442687,0.00094384739261794,9,2025Q4
2025-10-29,XLV,0.02593966159110339,-0.0038109316729930632,9,2025Q4
2025-10-29,XLY,0.022257993605588222,-0.0002957459038308249,9,2025Q4
2025-10-30,XLB,-0.0018953038131876987,-0.0010399567494717783,9,2025Q4
2025-10-30,XLC,-0.002791460636327514,-0.0012023871779409004,9,2025Q4
2025-10-30,XLE,0.022918805481459636,-0.003364531642790095,9,2025Q4
2025-10-30,XLF,0.017449796107843807,-0.001018454446267377,9,2025Q4
2025-10-30,XLI,0.0004279627020985499,-0.0006197676973931869,9,2025Q4
2025-10-30,XLK,-0.023381232304980015,-0.00550228126603207,9,2025Q4
2025-10-30,XLP,0.0022387949928659445,-0.001100463502525703,9,2025Q4
2025-10-30,XLRE,0.010334224945668935,-0.0042116888747594314,9,2025Q4
2025-10-30,XLU,-4.0190609399970434e-05,-0.0016618297380427182,9,2025Q4
2025-10-30,XLV,0.025368712240430136,-0.00011761159515244349,9,2025Q4
2025-10-30,XLY,0.02144735114259866,-0.0029638918995564404,9,2025Q4
2025-10-31,XLB,0.01801047124110411,-9.737716728010887e-05,9,2025Q4
2025-10-31,XLC,-0.007257548626821486,-0.000801407078970699,9,2025Q4
2025-10-31,XLE,0.03225865885712842,-0.00438026139663751,9,2025Q4
2025-10-31,XLF,0.024088476288158467,-0.0010606478266985153,9,2025Q4
2025-10-31,XLI,0.005102595112138064,0.0006497305329975318,9,2025Q4
2025-10-31,XLK,-0.02537938510241533,-0.0055354669099539275,9,2025Q4
2025-10-31,XLP,0.021896692983550792,-0.0015370978456305392,9,2025Q4
2025-10-31,XLRE,0.02530602137476945,-0.0030517437275148474,9,2025Q4
2025-10-31,XLU,0.022881339895483133,-0.0020568565469637487,9,2025Q4
2025-10-31,XLV,0.029361819639971976,-0.0020343439278862237,9,2025Q4
2025-10-31,XLY,-0.0007037143499025733,-0.0009423717712575957,9,2025Q4
2025-11-03,XLB,0.020281047946461572,0.0003678062052077135,9,2025Q4
2025-11-03,XLC,5.134720013322269e-05,-0.0022424967965645375,9,2025Q4
2025-11-03,XLE,0.027854206991116626,-0.004490767180108458,9,2025Q4
2025-11-03,XLF,0.018504334120426624,-0.0015429626886697416,9,2025Q4
2025-11-03,XLI,0.0014851238908675235,-0.0013963285931313104,9,2025Q4
2025-11-03,XLK,-0.018351664789422406,-0.006734803852550469,9,2025Q4
2025-11-03,XLP,0.012690608669975734,-0.0010060382648013943,9,2025Q4
2025-11-03,XLRE,0.01282209673035506,-0.004030617290705096,9,2025Q4
2025-11-03,XLU,0.008501156135527155,-0.0026107951739631247,9,2025Q4
2025-11-03,XLV,0.02237201484942586,-0.00212435087840948,9,2025Q4
2025-11-03,XLY,-0.010515434936399504,-0.00025534170597846966,9,2025Q4
2025-11-04,XLB,0.02843133479096238,-0.0010786376570991413,9,2025Q4
2025-11-04,XLC,-0.0055839155162595855,-0.0013086710686811475,9,2025Q4
2025-11-04,XLE,0.023040794816666654,-0.006839134873168724,9,2025Q4
2025-11-04,XLF,0.01179088731202138,-0.003074358303869504,9,2025Q4
2025-11-04,XLI,-0.00039125507270010296,-0.0022458787559758264,9,2025Q4
2025-11-04,XLK,-0.012123014143442856,-0.007306746441054272,9,2025Q4
2025-11-04,XLP,0.005447329887976249,-0.0026295259705853974,9,2025Q4
2025-11-04,XLRE,-0.001551797668017496,-0.00564549699261725,9,2025Q4
2025-11-04,XLU,0.00021565624528552263,-0.006782008517917582,9,2025Q4
2025-11-04,XLV,0.041149713376535946,0.0008360232439653234,9,2025Q4
2025-11-04,XLY,-0.012978721786963021,-0.0020917335267820933,9,2025Q4
2025-11-05,XLB,0.03575184277960264,0.0005799055390163608,9,2025Q4
2025-11-05,XLC,-0.004960856551484261,-0.0006251374848425771,9,2025Q4
2025-11-05,XLE,0.04317958803001609,-0.00537366799360232,9,2025Q4
2025-11-05,XLF,0.015400490921785304,-0.002464976488111391,9,2025Q4
2025-11-05,XLI,0.00034325814870128646,-0.0019540733602247673,9,2025Q4
2025-11-05,XLK,-0.020628615104641757,-0.0063890441294063224,9,2025Q4
2025-11-05,XLP,0.02634839756411167,-0.0015696008922449886,9,2025Q4
2025-11-05,XLRE,0.005732960621049332,-0.004742469014404931,9,2025Q4
2025-11-05,XLU,0.006262819236050432,-0.0056403262979928745,9,2025Q4
2025-11-05,XLV,0.056782499860775104,-0.0004094142953729879,9,2025Q4
2025-11-05,XLY,-0.029407847661386044,0.00016069548086329827,9,2025Q4
2025-11-06,XLB,0.02081433984501113,-0.0008655600740426251,9,2025Q4
2025-11-06,XLC,-0.011936365184197273,-0.0010661355680109653,9,2025Q4
2025-11-06,XLE,0.04006649767550985,-0.006844984772437733,9,2025Q4
2025-11-06,XLF,-0.0016535791031946356,-0.003818128624724145,9,2025Q4
2025-11-06,XLI,-0.0062178276849464975,-0.003054068882693097,9,2025Q4
2025-11-06,XLK,-0.005909668146908298,-0.007516340415761224,9,2025Q4
2025-11-06,XLP,0.019540879727211635,-0.002775472967810882,9,2025Q4
2025-11-06,XLRE,0.002984631781324465,-0.0062459194860305135,9,2025Q4
2025-11-06,XLU,0.0009745710975974653,-0.006533650771504961,9,2025Q4
2025-11-06,XLV,0.037942259434607495,0.001124719332722017,9,2025Q4
2025-11-06,XLY,-0.02195053039343997,-0.004778493668964543,9,2025Q4
2025-11-07,XLB,0.003587662542506531,-0.004616456452459726,9,2025Q4
2025-11-07,XLC,-0.000396412258682699,-0.001714766251315425,9,2025Q4
2025-11-07,XLE,0.01683356626742527,-0.006679913144478189,9,2025Q4
2025-11-07,XLF,-0.017299927113716862,-0.004047589295407052,9,2025Q4
2025-11-07,XLI,-0.010427473480051797,-0.002540135852125914,9,2025Q4
2025-11-07,XLK,-0.007786718271591275,-0.005790336145082472,9,2025Q4
2025-11-07,XLP,0.008681178479811757,-0.005265887358638979,9,2025Q4
2025-11-07,XLRE,-0.006397086982832811,-0.005978495710115253,9,2025Q4
2025-11-07,XLU,0.006449574928832913,-0.005779323565409366,9,2025Q4
2025-11-07,XLV,0.04594472147186601,-0.00038784659555290654,9,2025Q4
2025-11-07,XLY,-0.02237318349180939,-0.0032745193196296843,9,2025Q4
2025-11-10,XLB,0.018532273000684607,-0.0012496434502907408,9,2025Q4
2025-11-10,XLC,0.018368691325647446,-0.0016780664596332926,9,2025Q4
2025-11-10,XLE,0.039203714962539715,-0.003790296064610851,9,2025Q4
2025-11-10,XLF,0.0011396093860781553,-0.0010039548634421973,9,2025Q4
2025-11-10,XLI,0.003135269509384142,-0.001981918623870993,9,2025Q4
2025-11-10,XLK,-0.024486508998160406,-0.008554091910280759,9,2025Q4
2025-11-10,XLP,0.04011157752704575,-0.003136674553736096,9,2025Q4
2025-11-10,XLRE,0.02140358216718674,-0.003325584234821186,9,2025Q4
2025-11-10,XLU,0.026437958179335808,-0.003426638546360457,9,2025Q4
2025-11-10,XLV,0.06739916136311797,2.4683813762916597e-05,9,2025Q4
2025-11-10,XLY,-0.029166833377444523,-0.0016004462220737866,9,2025Q4
2025-11-12,XLB,0.003024018264823347,-0.0028981389311318307,9,2025Q4
2025-11-12,XLC,0.00966622851084209,-0.0022554381914865903,9,2025Q4
2025-11-12,XLE,0.026264057042844402,-0.003954518085573023,9,2025Q4
2025-11-12,XLF,-0.008950548268055636,-0.002525552259854948,9,2025Q4
2025-11-12,XLI,0.004196282139592888,-0.00196357289744465,9,2025Q4
2025-11-12,XLK,-0.013695828022079803,-0.008860828822642702,9,2025Q4
2025-11-12,XLP,0.01988783590623644,-0.003284525586355209,9,2025Q4
2025-11-12,XLRE,0.009575769398807887,-0.004328328082345461,9,2025Q4
2025-11-12,XLU,0.014238335194676544,-0.00395689991768561,9,2025Q4
2025-11-12,XLV,0.027157393435921606,0.001317462982175374,9,2025Q4
2025-11-12,XLY,-0.02607902067152612,-0.0020317774456947713,9,2025Q4
2025-11-13,XLB,-0.0064834355274629996,-0.002440719634565624,9,2025Q4
2025-11-13,XLC,0.011520065718712336,-0.002160678098045252,9,2025Q4
2025-11-13,XLE,0.011126500775105352,0.0007743704291156914,9,2025Q4
2025-11-13,XLF,-0.006265328181920493,-0.0029970106961364896,9,2025Q4
2025-11-13,XLI,0.0015967995326093831,-0.0023193953161656958,9,2025Q4
2025-11-13,XLK,-0.021354558174439653,-0.009584322584510476,9,2025Q4
2025-11-13,XLP,0.02566836132638506,-0.004340255945265364,9,2025Q4
2025-11-13,XLRE,0.01776478424457284,-0.00459041696067326,9,2025Q4
2025-11-13,XLU,0.021588520207774686,-0.004465675864576114,9,2025Q4
2025-11-13,XLV,0.020388873094148163,0.006310732621870739,9,2025Q4
2025-11-13,XLY,-0.017693127872109415,-0.0026510932074302177,9,2025Q4
2025-11-14,XLB,0.014358045786999507,-0.0016726873071082366,9,2025Q4
2025-11-14,XLC,0.024318342177594432,-0.0016821000034011862,9,2025Q4
2025-11-14,XLE,-0.009056298825489084,0.002551359870789107,9,2025Q4
2025-11-14,XLF,0.004327122402001282,-0.002362535900946111,9,2025Q4
2025-11-14,XLI,0.0035415637277658174,-0.0010931084969328948,9,2025Q4
2025-11-14,XLK,-0.032684271574926926,-0.00534624261040071,9,2025Q4
2025-11-14,XLP,0.02748214572586749,-0.003737293192261921,9,2025Q4
2025-11-14,XLRE,0.017977427186719686,-0.002947043253441028,9,2025Q4
2025-11-14,XLU,0.012325963333363221,-0.003660453713727291,9,2025Q4
2025-11-14,XLV,0.037508380327631374,0.004310793301223842,9,2025Q4
2025-11-14,XLY,-0.004146021330249439,-0.0010885040744751033,9,2025Q4
2025-11-17,XLB,0.00792507033239942,-0.002778295313225396,9,2025Q4
2025-11-17,XLC,0.011862922603020465,-0.0009651826733014916,9,2025Q4
2025-11-17,XLE,-0.017547946045621376,0.0010712015057198826,9,2025Q4
2025-11-17,XLF,0.00395511990133679,-0.0017184321407608103,9,2025Q4
2025-11-17,XLI,-0.008051562730715278,-0.001658587825039736,9,2025Q4
2025-11-17,XLK,-0.018452463919104378,-0.005552179864925747,9,2025Q4
2025-11-17,XLP,-0.0016009103598157992,-0.0037659192764679895,9,2025Q4
2025-11-17,XLRE,0.002286116859749443,-0.003992089880177148,9,2025Q4
2025-11-17,XLU,-0.009174808902954523,-0.0015679183783816881,9,2025Q4
2025-11-17,XLV,0.01887049748470848,0.00571558298064959,9,2025Q4
2025-11-17,XLY,-0.005515025524544526,-0.0005423478681706753,9,2025Q4
2025-11-18,XLB,0.004143741853327665,-0.003174897341055534,9,2025Q4
2025-11-18,XLC,-0.0003636979778238736,0.00019577463956126865,9,2025Q4
2025-11-18,XLE,-0.049538957307599385,0.004364028722761182,9,2025Q4
2025-11-18,XLF,0.00014231909690964883,-0.0008167158818557793,9,2025Q4
2025-11-18,XLI,-0.008819806353438597,-0.0007692916300858335,9,2025Q4
2025-11-18,XLK,-0.017508723202768195,-0.004163035652795249,9,2025Q4
2025-11-18,XLP,-0.010182258299547886,-0.0031961300221387944,9,2025Q4
2025-11-18,XLRE,-0.01136739435290024,-0.002260261230203898,9,2025Q4
2025-11-18,XLU,-0.027229002368552413,0.002245359282903528,9,2025Q4
2025-11-18,XLV,0.01786706795123516,0.006287854830506455,9,2025Q4
2025-11-18,XLY,0.01701003239399479,-0.00016405339960640883,9,2025Q4
2025-11-19,XLB,0.011008178312544858,-0.002697080186218089,9,2025Q4
2025-11-19,XLC,0.0036783195311738126,0.0010054294178543197,9,2025Q4
2025-11-19,XLE,-0.03240636741719427,-0.00015631048868859615,9,2025Q4
2025-11-19,XLF,0.0012280828609629868,-0.0012116273871528042,9,2025Q4
2025-11-19,XLI,-0.009435489052825874,-0.00124386545149996,9,2025Q4
2025-11-19,XLK,-0.015729732264312624,-0.0029872526165603064,9,2025Q4
2025-11-19,XLP,0.005637648574851051,-0.003320070642114985,9,2025Q4
2025-11-19,XLRE,-0.0020329476118354783,-0.0009850067594652325,9,2025Q4
2025-11-19,XLU,-0.008549834694991931,0.00027803975120093045,9,2025Q4
2025-11-19,XLV,0.01424819298181279,0.008072593016208739,9,2025Q4
2025-11-19,XLY,0.02099317666631917,0.0007880811452743633,9,2025Q4
2025-11-20,XLB,0.011196380895535318,-0.0019832233969931693,9,2025Q4
2025-11-20,XLC,0.0019933241817491343,-3.6852527502405016e-05,9,2025Q4
2025-11-20,XLE,-0.029399529445939043,0.0007569648406569321,9,2025Q4
2025-11-20,XLF,-0.0038571179097930397,-0.0020472767564753544,9,2025Q4
2025-11-20,XLI,-0.007652717600316272,-0.0015183987265348692,9,2025Q4
2025-11-20,XLK,0.004406585687722453,-0.004566324677999104,9,2025Q4
2025-11-20,XLP,-0.01731620319542926,-0.003461909098482531,9,2025Q4
2025-11-20,XLRE,-0.01509071447864696,-0.0010259428702440788,9,2025Q4
2025-11-20,XLU,-0.017640493035179228,0.0023657571859093548,9,2025Q4
2025-11-20,XLV,-0.006149006442948801,0.005263011386365568,9,2025Q4
2025-11-20,XLY,0.02188783889451229,0.0017706614503550928,9,2025Q4
2025-11-21,XLB,0.0005444105131051646,-0.0030041304782900237,9,2025Q4
2025-11-21,XLC,-0.005866361367860451,-0.0008627588167696737,9,2025Q4
2025-11-21,XLE,-0.01098114237440262,-0.001805672542346389,9,2025Q4
2025-11-21,XLF,-0.008617805406842205,-0.0018631645462462644,9,2025Q4
2025-11-21,XLI,-0.020132680606193665,-0.001286321117091011,9,2025Q4
2025-11-21,XLK,0.015904050406928327,-0.002581311246236252,9,2025Q4
2025-11-21,XLP,-0.01438579635761017,-0.002562450642167301,9,2025Q4
2025-11-21,XLRE,-0.027583708545199315,-0.001124956152962531,9,2025Q4
2025-11-21,XLU,-0.028145237501593368,-5.74332276262879e-05,9,2025Q4
2025-11-21,XLV,-0.027831022197707167,-0.0002992481698124306,9,2025Q4
2025-11-21,XLY,0.016994761467106878,0.002239660769005089,9,2025Q4
2025-11-24,XLB,0.002241579993692122,-0.0015718890937435437,9,2025Q4
2025-11-24,XLC,0.0005035199175091876,0.00010494847249709288,9,2025Q4
2025-11-24,XLE,-0.008262661334784926,-0.0008164907739126281,9,2025Q4
2025-11-24,XLF,-0.000832800205468498,-0.0008028076908778657,9,2025Q4
2025-11-24,XLI,-0.0007407593498123255,0.0005383155734288278,9,2025Q4
2025-11-24,XLK,0.01514475064268006,-0.0014995065966446626,9,2025Q4
2025-11-24,XLP,0.0038462536372005918,-0.0015667537027659341,9,2025Q4
2025-11-24,XLRE,-0.018408337474812297,-0.0004373664914348982,9,2025Q4
2025-11-24,XLU,-0.03338641274297005,0.00035310837454200145,9,2025Q4
2025-11-24,XLV,-0.024937487418857596,-0.002409158191187891,9,2025Q4
2025-11-24,XLY,0.01556231710198408,0.001029249193272198,9,2025Q4
2025-11-25,XLB,0.00029775360243489146,-0.002392195421904913,9,2025Q4
2025-11-25,XLC,-0.005878759096033193,-0.0004646101676224503,9,2025Q4
2025-11-25,XLE,0.02319866225834799,-0.0016293024953147697,9,2025Q4
2025-11-25,XLF,0.006083097403917881,-0.001133442246472216,9,2025Q4
2025-11-25,XLI,0.0019333716151161973,0.0006403842727430437,9,2025Q4
2025-11-25,XLK,0.020839538783422373,-0.001485019467581045,9,2025Q4
2025-11-25,XLP,-0.0032761443767548304,-0.0017876250712692808,9,2025Q4
2025-11-25,XLRE,-0.01846851802329741,-0.0018699982585506964,9,2025Q4
2025-11-25,XLU,-0.026764943222240656,-0.0012078483749252788,9,2025Q4
2025-11-25,XLV,-0.0363815178642124,-0.011628107609890104,9,2025Q4
2025-11-25,XLY,0.010809948517314538,-0.0011053198785655484,9,2025Q4
2025-11-26,XLB,-0.01165467257665631,-0.0031790346004133985,9,2025Q4
2025-11-26,XLC,0.0046900481973326524,0.0006437409256176197,9,2025Q4
2025-11-26,XLE,0.02600037588846371,-0.0014241925308891715,9,2025Q4
2025-11-26,XLF,0.006479144659976566,-0.0021167051711214295,9,2025Q4
2025-11-26,XLI,0.007533619146922188,-0.0003789823486555643,9,2025Q4
2025-11-26,XLK,0.018759182309006084,-0.002729931808907623,9,2025Q4
2025-11-26,XLP,-0.01275915756669066,-0.0026499263133014294,9,2025Q4
2025-11-26,XLRE,-0.01826322573053274,-0.0021851280952406146,9,2025Q4
2025-11-26,XLU,-0.035488460386056575,-0.0007124612346318323,9,2025Q4
2025-11-26,XLV,-0.03546148267995308,-0.008765738900789183,9,2025Q4
2025-11-26,XLY,0.00643197048924149,-0.0010467587644942457,9,2025Q4
2025-11-28,XLB,-0.017012107000588195,-0.004543700770988518,9,2025Q4
2025-11-28,XLC,0.011713721737396376,-0.000870224694986271,9,2025Q4
2025-11-28,XLE,0.012002031850272932,-0.0015805956422237054,9,2025Q4
2025-11-28,XLF,0.0031973356197769753,-0.0032025100938230444,9,2025Q4
2025-11-28,XLI,0.002425303178797522,-0.0015319523206736283,9,2025Q4
2025-11-28,XLK,0.02102126073940669,-0.0030631467244996323,9,2025Q4
2025-11-28,XLP,-0.014830863714182185,-0.0018257246027251542,9,2025Q4
2025-11-28,XLRE,-0.019684269066549187,-0.00354401141478175,9,2025Q4
2025-11-28,XLU,-0.047832086754540315,-0.0006711491089317578,9,2025Q4
2025-11-28,XLV,-0.031212069963314826,-0.010991157681792709,9,2025Q4
2025-11-28,XLY,0.009321560682752139,-0.002133429750574908,9,2025Q4
2025-12-01,XLB,-0.029832689184633332,-0.003960418585607016,9,2025Q4
2025-12-01,XLC,0.007337667579159657,-0.0006092931223931756,9,2025Q4
2025-12-01,XLE,-0.010195457098689631,-0.001731241602707895,9,2025Q4
2025-12-01,XLF,0.006216012519780545,-0.002140989776559023,9,2025Q4
2025-12-01,XLI,0.01454044660074083,-0.0014134229520468534,9,2025Q4
2025-12-01,XLK,0.026176552105928508,-0.0036659923750981113,9,2025Q4
2025-12-01,XLP,-0.02360487302376324,-0.002732795706375886,9,2025Q4
2025-12-01,XLRE,-0.013457102875451654,-0.0033560824034017007,9,2025Q4
2025-12-01,XLU,-0.03962456160012251,-0.006127701209249485,9,2025Q4
2025-12-01,XLV,-0.029795934997316587,-0.009905698223377692,9,2025Q4
2025-12-01,XLY,-0.0075596717781778455,-0.0025694758267464745,9,2025Q4
2025-12-02,XLB,-0.020208134530315225,-0.0024687082473747396,9,2025Q4
2025-12-02,XLC,0.007851219747731397,-0.0005199837100491561,9,2025Q4
2025-12-02,XLE,0.011762652917894911,-0.0014911555122576934,9,2025Q4
2025-12-02,XLF,0.006111421852819321,-0.002281254303763408,9,2025Q4
2025-12-02,XLI,0.001057505015237492,-0.0016887801929355403,9,2025Q4
2025-12-02,XLK,0.021082011804340217,-0.003642788416164235,9,2025Q4
2025-12-02,XLP,-0.012117850176624367,-0.0013379963134756518,9,2025Q4
2025-12-02,XLRE,-0.014169738283171474,-0.0026729184345777746,9,2025Q4
2025-12-02,XLU,-0.029297988198806357,-0.003981334533650771,9,2025Q4
2025-12-02,XLV,-0.03072039711633545,-0.005774867495809821,9,2025Q4
2025-12-02,XLY,-0.004245716476250827,-0.0020348750982618824,9,2025Q4
2025-12-03,XLB,-0.011111963330820651,-0.003177861219833302,9,2025Q4
2025-12-03,XLC,0.011469534485369026,-0.00034854154409911836,9,2025Q4
2025-12-03,XLE,0.00039055203524540616,-0.0005593892101413766,9,2025Q4
2025-12-03,XLF,0.0009682240274877518,-0.0033961817068170015,9,2025Q4
2025-12-03,XLI,0.006615645653120783,-0.002534137234072672,9,2025Q4
2025-12-03,XLK,0.02037852662686568,-0.004340780297795221,9,2025Q4
2025-12-03,XLP,-0.013119153068895995,-0.001361599848082083,9,2025Q4
2025-12-03,XLRE,-0.01731183209040621,-0.0032227965844896884,9,2025Q4
2025-12-03,XLU,-0.029810206066010814,-0.005190783778216343,9,2025Q4
2025-12-03,XLV,-0.024338939505108015,-0.006410537631711296,9,2025Q4
2025-12-03,XLY,-0.003581743859858433,-0.0023614724752776227,9,2025Q4
2025-12-04,XLB,0.013022460155167392,-0.0024747784455000656,9,2025Q4
2025-12-04,XLC,0.0018247290631316915,-0.0005729661461782792,9,2025Q4
2025-12-04,XLE,-0.010237412240732935,-0.0007228325972224367,9,2025Q4
2025-12-04,XLF,0.0155650632119535,-0.0029001647059231257,9,2025Q4
2025-12-04,XLI,0.010562933210986447,-0.0010056342351901825,9,2025Q4
2025-12-04,XLK,0.009747048655895041,-0.004990610874989152,9,2025Q4
2025-12-04,XLP,-0.0025228813969158104,-0.0017820615592936328,9,2025Q4
2025-12-04,XLRE,-0.011862370585306814,-0.0027676264184857465,9,2025Q4
2025-12-04,XLU,-0.022312621964965307,-0.003942383380857315,9,2025Q4
2025-12-04,XLV,-0.009063594059529723,-0.004349405721726688,9,2025Q4
2025-12-04,XLY,0.002337925612666769,-0.0021595180199207318,9,2025Q4
2025-12-05,XLB,0.029773185808193436,-0.0018482613414621556,9,2025Q4
2025-12-05,XLC,0.0007796899905823107,-0.0006013424192618467,9,2025Q4
2025-12-05,XLE,-0.003197118439611346,0.0011649717855956535,9,2025Q4
2025-12-05,XLF,0.029390171319809588,-0.002530220353715924,9,2025Q4
2025-12-05,XLI,0.01970480012313025,-0.0022050740354390675,9,2025Q4
2025-12-05,XLK,-0.014118478798215817,-0.004903883176244738,9,2025Q4
2025-12-05,XLP,0.017966987019039204,-0.0021970793345246543,9,2025Q4
2025-12-05,XLRE,-0.00012363361752931734,-0.002568692348825743,9,2025Q4
2025-12-05,XLU,-0.005123050475243085,-0.0038776208086007606,9,2025Q4
2025-12-05,XLV,0.010951340761373163,-0.003253991359502818,9,2025Q4
2025-12-05,XLY,0.013833014836450386,-0.0016856926733042968,9,2025Q4
2025-12-08,XLB,0.041960552024213116,-0.0006924869548479264,9,2025Q4
2025-12-08,XLC,0.006908498059579826,-0.00012371317364209215,9,2025Q4
2025-12-08,XLE,-0.0008217877610154911,0.0003176683166994552,9,2025Q4
2025-12-08,XLF,0.032476914914948085,-0.0027479916593525374,9,2025Q4
2025-12-08,XLI,0.021082529706152653,-0.0007908333735771809,9,2025Q4
2025-12-08,XLK,-0.03186171218201461,-0.0051150203272690735,9,2025Q4
2025-12-08,XLP,0.027760888678013296,-0.0022754618656687527,9,2025Q4
2025-12-08,XLRE,0.008414863905738534,-0.0001944892696431437,9,2025Q4
2025-12-08,XLU,0.01594618061405073,-0.00255830649071075,9,2025Q4
2025-12-08,XLV,0.035081392468281236,-0.0022049234522447917,9,2025Q4
2025-12-08,XLY,0.03593966225551537,-0.0021110561235592263,9,2025Q4
2025-12-09,XLB,0.04321038354028739,0.00013022013774514093,9,2025Q4
2025-12-09,XLC,0.008338928622038444,-0.0008723546038676133,9,2025Q4
2025-12-09,XLE,-0.035251614227654215,0.00027001089589279636,9,2025Q4
2025-12-09,XLF,0.031630585258484056,-0.0016195486578306647,9,2025Q4
2025-12-09,XLI,0.024374666936403666,-0.0013377026381186509,9,2025Q4
2025-12-09,XLK,-0.030781847441747723,-0.0063963560853439036,9,2025Q4
2025-12-09,XLP,0.02264564185887219,-0.002279525062090882,9,2025Q4
2025-12-09,XLRE,0.007339627634192936,0.002135827794699844,9,2025Q4
2025-12-09,XLU,0.01288868546395261,-0.0026947945340240562,9,2025Q4
2025-12-09,XLV,0.03351236834858928,-0.002058827067328036,9,2025Q4
2025-12-09,XLY,0.03958531062293991,-0.002127442118610158,9,2025Q4
2025-12-10,XLB,0.04499138486534093,-0.0007719231159661253,9,2025Q4
2025-12-10,XLC,0.012754813987899793,-0.0006383013555541067,9,2025Q4
2025-12-10,XLE,-0.006798548699128992,0.0007488524842574673,9,2025Q4
2025-12-10,XLF,0.03724928111572323,-0.003063388619356748,9,2025Q4
2025-12-10,XLI,0.007305892036622019,-0.0007149829528641682,9,2025Q4
2025-12-10,XLK,-0.03928075396311714,-0.004852039176389421,9,2025Q4
2025-12-10,XLP,0.0417993748486174,-0.0015001316289168167,9,2025Q4
2025-12-10,XLRE,0.02721400764872528,0.001105401074693806,9,2025Q4
2025-12-10,XLU,0.02421968832594512,-0.0022570577199277336,9,2025Q4
2025-12-10,XLV,0.034362879569823646,-0.0029213693211294824,9,2025Q4
2025-12-10,XLY,0.030283957497544645,-0.0023972721801686697,9,2025Q4
2025-12-11,XLB,0.019536120101093846,-0.001984437213874674,9,2025Q4
2025-12-11,XLC,0.015517254373213052,0.000495492219855906,9,2025Q4
2025-12-11,XLE,-0.02138926830325405,-0.0004595238340559991,9,2025Q4
2025-12-11,XLF,0.012413748654463763,-0.001868769392583555,9,2025Q4
2025-12-11,XLI,-0.0018598695670389853,-0.0008847465711850051,9,2025Q4
2025-12-11,XLK,-0.02502679026937138,-0.005607655488548974,9,2025Q4
2025-12-11,XLP,0.023377202651405304,-0.002116602482004639,9,2025Q4
2025-12-11,XLRE,0.010584826817823134,0.001003081946790376,9,2025Q4
2025-12-11,XLU,0.0216807521768142,-0.003796681661819564,9,2025Q4
2025-12-11,XLV,0.020576681353620896,-0.0037846462463195273,9,2025Q4
2025-12-11,XLY,0.03640100451206607,-0.002996687498656668,9,2025Q4
2025-12-12,XLB,0.006588793177608299,-0.0003721899228266625,9,2025Q4
2025-12-12,XLC,0.0014587461870962937,0.0001186792946757608,9,2025Q4
2025-12-12,XLE,-0.028606859488265357,-0.000950929612026784,9,2025Q4
2025-12-12,XLF,-0.0002856733917181442,9.433733969146127e-05,9,2025Q4
2025-12-12,XLI,-0.0038982468182314767,-0.0009437754629481552,9,2025Q4
2025-12-12,XLK,0.008049224598856597,-0.006669261446629271,9,2025Q4
2025-12-12,XLP,-0.006342277126392348,-0.00020585456624890855,9,2025Q4
2025-12-12,XLRE,-0.008590602021761096,8.905829509109906e-05,9,2025Q4
2025-12-12,XLU,-0.002953477650763703,-0.002943769416916637,9,2025Q4
2025-12-12,XLV,0.007428206680768046,-0.002122657187726699,9,2025Q4
2025-12-12,XLY,0.011243901208373819,-0.0013711354791698916,9,2025Q4
2025-12-15,XLB,0.006166770356979212,-0.001020048498992104,9,2025Q4
2025-12-15,XLC,-0.005250877669926934,0.00029703464092948446,9,2025Q4
2025-12-15,XLE,-0.02770915971918464,-0.0008553045580317569,9,2025Q4
2025-12-15,XLF,-2.1854847603419714e-05,0.00017287502156049087,9,2025Q4
2025-12-15,XLI,-0.005640756006673131,5.214377288556308e-05,9,2025Q4
2025-12-15,XLK,0.014075437741338348,-0.004415774681532365,9,2025Q4
2025-12-15,XLP,-0.028122393468889784,1.2284458736798107e-05,9,2025Q4
2025-12-15,XLRE,-0.02362255485265763,0.0006385089352660836,9,2025Q4
2025-12-15,XLU,-0.02337602323411503,-0.0026831575616342203,9,2025Q4
2025-12-15,XLV,-0.011147865878203711,-0.004466083373222175,9,2025Q4
2025-12-15,XLY,-0.0010118558376044362,-0.00093948358519859,9,2025Q4
2025-12-16,XLB,0.003276768748066594,-0.0017195647227390145,9,2025Q4
2025-12-16,XLC,-0.007046134523829295,-0.00034174022848724246,9,2025Q4
2025-12-16,XLE,0.0023599308876085523,-0.0030102680336600894,9,2025Q4
2025-12-16,XLF,0.001068374409364914,-0.0016054070257876397,9,2025Q4
2025-12-16,XLI,-0.007430651474924499,-0.0017427828017050166,9,2025Q4
2025-12-16,XLK,0.010389563360861276,-0.004366181111048533,9,2025Q4
2025-12-16,XLP,-0.035715831319205416,-0.0005301512613930038,9,2025Q4
2025-12-16,XLRE,-0.02251443552649146,0.0002762067893542419,9,2025Q4
2025-12-16,XLU,-0.023148262230867744,-0.004450178771636656,9,2025Q4
2025-12-16,XLV,-0.007418586177183606,-0.00329207638161023,9,2025Q4
2025-12-16,XLY,-0.011421555427006513,-0.0009396836714448337,9,2025Q4
2025-12-17,XLB,-0.013885574843923276,-1.117246242952636e-05,9,2025Q4
2025-12-17,XLC,-0.008581869006369258,0.0006933222313416905,9,2025Q4
2025-12-17,XLE,-0.037425161212470526,0.0019028537145086067,9,2025Q4
2025-12-17,XLF,-0.008133831346042841,-0.0013101600132754364,9,2025Q4
2025-12-17,XLI,-0.002411149580245464,-0.0008128478079358817,9,2025Q4
2025-12-17,XLK,0.021303852055670758,-0.008186781717478733,9,2025Q4
2025-12-17,XLP,-0.04747832760283344,-0.0013106415334103866,9,2025Q4
2025-12-17,XLRE,-0.0353893469794363,-0.0006773222689227462,9,2025Q4
2025-12-17,XLU,-0.027099970936008022,-0.0033571540010148824,9,2025Q4
2025-12-17,XLV,-0.015199517588590394,-0.003349807938410506,9,2025Q4
2025-12-17,XLY,-0.01109371553572669,-0.0032638146792584926,9,2025Q4
2025-12-18,XLB,0.00035112407928061806,-0.0010314233666437111,9,2025Q4
2025-12-18,XLC,-0.0075802953018466734,-0.0007593026618617292,9,2025Q4
2025-12-18,XLE,-0.01887292570098631,0.0023449989954467993,9,2025Q4
2025-12-18,XLF,-0.0006571680273264047,-0.0022770174679912322,9,2025Q4
2025-12-18,XLI,-0.003116237463681726,-0.0019262190111367392,9,2025Q4
2025-12-18,XLK,0.014795903350180106,-0.00500862647626057,9,2025Q4
2025-12-18,XLP,-0.03258189099589803,-0.002404034043154686,9,2025Q4
2025-12-18,XLRE,-0.019471005932856,-0.002341132369405325,9,2025Q4
2025-12-18,XLU,-0.029722696164206752,-0.004421411708761388,9,2025Q4
2025-12-18,XLV,-0.0065549184806901195,-0.0064192553893477,9,2025Q4
2025-12-18,XLY,-0.022829591252974235,-0.0032356092867437225,9,2025Q4
2025-12-19,XLB,-0.002512046596710782,-0.0006776413446359718,9,2025Q4
2025-12-19,XLC,0.0010904229633719176,-0.0003471270163026205,9,2025Q4
2025-12-19,XLE,0.000436342460186534,-0.00021726962142931892,9,2025Q4
2025-12-19,XLF,-0.0019144799805730361,-0.00015085735406730798,9,2025Q4
2025-12-19,XLI,-0.004187040694741295,-0.0011332321315839894,9,2025Q4
2025-12-19,XLK,-0.0018843659710514604,-0.005564796151130156,9,2025Q4
2025-12-19,XLP,-0.017014003735338568,-0.0017736073240873825,9,2025Q4
2025-12-19,XLRE,-0.0032285839184897913,-0.00014093666757635827,9,2025Q4
2025-12-19,XLU,-0.005271953657435269,-0.002744542382744799,9,2025Q4
2025-12-19,XLV,-0.005052138406408169,-0.0039851665086502045,9,2025Q4
2025-12-19,XLY,-0.018874026864004745,-0.0011926001771027975,9,2025Q4
2025-12-22,XLB,-0.0018694990435550451,-0.00022692565063945117,9,2025Q4
2025-12-22,XLC,0.0107889552235243,-0.00026766093253047696,9,2025Q4
2025-12-22,XLE,0.013781215911597533,0.0003907024006755559,9,2025Q4
2025-12-22,XLF,-0.005714002057331857,-0.00029273265334935555,9,2025Q4
2025-12-22,XLI,-0.007194733078926596,0.00016405566809490207,9,2025Q4
2025-12-22,XLK,-0.001461034229874647,-0.005784378668379752,9,2025Q4
2025-12-22,XLP,0.00028360035006524953,-0.00124653842585617,9,2025Q4
2025-12-22,XLRE,0.010004088278936063,0.0002899971340319181,9,2025Q4
2025-12-22,XLU,0.008354284160952297,-0.0006755322445362926,9,2025Q4
2025-12-22,XLV,-0.000736394748640512,-0.00327095067913182,9,2025Q4
2025-12-22,XLY,-0.019367675880541335,-0.000944692127335042,9,2025Q4
2025-12-23,XLB,3.6410809244658005e-05,-0.000548224512185182,9,2025Q4
2025-12-23,XLC,0.011590722554177701,-0.0007985088536038502,9,2025Q4
2025-12-23,XLE,0.013498681331747142,0.0006988340213020793,9,2025Q4
2025-12-23,XLF,-0.0031273294075797597,-0.00042184587221133485,9,2025Q4
2025-12-23,XLI,-0.003132006517117425,0.0002092385404672017,9,2025Q4
2025-12-23,XLK,-0.004786709617130791,-0.005710647115327334,9,2025Q4
2025-12-23,XLP,0.01097284559326328,-0.0013698778278591825,9,2025Q4
2025-12-23,XLRE,0.013010540885105448,0.002270840657965718,9,2025Q4
2025-12-23,XLU,0.010422001606556264,-0.0017198983949033675,9,2025Q4
2025-12-23,XLV,0.007553694667149058,-0.002717465467326368,9,2025Q4
2025-12-23,XLY,-0.013811890693051554,-0.0007128378768714619,9,2025Q4
2025-12-24,XLB,0.016551726299707803,1.513840482410874e-05,9,2025Q4
2025-12-24,XLC,0.00036646398683604087,3.1180916198046585e-05,9,2025Q4
2025-12-24,XLE,0.0392918447939975,0.0002331436279750321,9,2025Q4
2025-12-24,XLF,-0.003911401677396786,-0.00021488113906728746,9,2025Q4
2025-12-24,XLI,0.01349114290404596,-4.3853797257717853e-05,9,2025Q4
2025-12-24,XLK,-0.0032270161299025046,-0.006118162189616605,9,2025Q4
2025-12-24,XLP,0.004939171577881041,-0.0016779717868176734,9,2025Q4
2025-12-24,XLRE,0.008959844331204558,-0.0018890380736248224,9,2025Q4
2025-12-24,XLU,0.019086364314263915,-0.0003449203574274059,9,2025Q4
2025-12-24,XLV,0.008582163137556553,-0.0041066822927738325,9,2025Q4
2025-12-24,XLY,-0.02414331030622907,-0.0005776439032173754,9,2025Q4
2025-12-26,XLB,0.01394495423450759,0.001397171550274463,9,2025Q4
2025-12-26,XLC,0.0018870566333859529,-0.00034563195865306155,9,2025Q4
2025-12-26,XLE,0.06461166604209745,-0.00034401779119780466,9,2025Q4
2025-12-26,XLF,0.012921301073605784,-0.0003099300335251569,9,2025Q4
2025-12-26,XLI,0.020544762419223206,-0.00012656016202033485,9,2025Q4
2025-12-26,XLK,-0.00928293586945339,-0.00863459168700058,9,2025Q4
2025-12-26,XLP,-0.007496943967949643,-0.001160332859243559,9,2025Q4
2025-12-26,XLRE,0.0015308121651225193,-0.0012347217217897276,9,2025Q4
2025-12-26,XLU,0.001881904809737489,-0.0005462438085647573,9,2025Q4
2025-12-26,XLV,-0.0027203469888810172,-0.004122317404670771,9,2025Q4
2025-12-26,XLY,-0.010586448372104873,-0.0001475452742806793,9,2025Q4
2025-12-29,XLB,0.03272128679634867,0.0004569734173537974,9,2025Q4
2025-12-29,XLC,-0.010507259984326223,-0.00010060921430402102,9,2025Q4
2025-12-29,XLE,0.017102635040090686,-0.0019271570638431405,9,2025Q4
2025-12-29,XLF,0.01376570744422434,-0.001671998227437077,9,2025Q4
2025-12-29,XLI,0.02707266249646878,-0.0002662275189334762,9,2025Q4
2025-12-29,XLK,-0.0004098421455136503,-0.008074813301718898,9,2025Q4
2025-12-29,XLP,-0.01610453974673698,-0.0011069699438671346,9,2025Q4
2025-12-29,XLRE,-0.004034204250274787,0.001257122588834374,9,2025Q4
2025-12-29,XLU,-0.00459048023436992,-0.0017247891798263478,9,2025Q4
2025-12-29,XLV,0.008876137982781529,-0.0013541422905344793,9,2025Q4
2025-12-29,XLY,-0.003936630568245114,-0.0024713002599983692,9,2025Q4
2025-12-30,XLB,0.01703326087747503,0.0013700866027152607,9,2025Q4
2025-12-30,XLC,-0.013885408002301536,-0.0006493647711883553,9,2025Q4
2025-12-30,XLE,4.0290767445050335e-05,-0.002026276810066839,9,2025Q4
2025-12-30,XLF,0.004051830484114616,-0.0015624622737219092,9,2025Q4
2025-12-30,XLI,0.01256141511511566,-0.0011888567574418734,9,2025Q4
2025-12-30,XLK,0.003961510824806336,-0.005430156342423748,9,2025Q4
2025-12-30,XLP,-0.023318583147350802,-0.0007925397628009707,9,2025Q4
2025-12-30,XLRE,-0.017984462953828384,0.0005616714104583584,9,2025Q4
2025-12-30,XLU,-0.029113287501175478,-0.0008023765749530778,9,2025Q4
2025-12-30,XLV,0.021824414053462693,0.0021528972938229182,9,2025Q4
2025-12-30,XLY,0.0007456923562727535,-0.0023095220350805796,9,2025Q4
2025-12-31,XLB,0.036278702924280815,0.0017563076837168758,9,2025Q4
2025-12-31,XLC,-0.013169073853234958,-0.0007282001017940882,9,2025Q4
2025-12-31,XLE,0.030023766357697212,-0.0016814928227908577,9,2025Q4
2025-12-31,XLF,0.00950139483083845,-0.0017409257428086659,9,2025Q4
2025-12-31,XLI,0.02142510307939771,-0.0006521294445437861,9,2025Q4
2025-12-31,XLK,-0.009254947163147564,-0.003315207502631306,9,2025Q4
2025-12-31,XLP,-0.0013466097542000899,-0.00040875679237685415,9,2025Q4
2025-12-31,XLRE,-0.008899854598169554,0.0036079984849458563,9,2025Q4
2025-12-31,XLU,-0.027527620605548475,-0.0008112890050319973,9,2025Q4
2025-12-31,XLV,0.010316690554227792,0.0027485941607575002,9,2025Q4
2025-12-31,XLY,0.018264185202224725,-0.001828449702242252,9,2025Q4
2026-01-02,XLB,0.030445660687884457,0.004693063294833303,10,2026Q1
2026-01-02,XLC,-0.007315170023385331,-0.0024837275657214105,10,2026Q1
2026-01-02,XLE,0.006388887984835501,0.0006679433540900425,10,2026Q1
2026-01-02,XLF,-0.0013910426208603166,0.0012934740674180089,10,2026Q1
2026-01-02,XLI,0.009048131803323312,0.0023849496433212144,10,2026Q1
2026-01-02,XLK,-0.00313452033375361,-0.00017751795556788966,10,2026Q1
2026-01-02,XLP,0.0041247711963579015,-0.002057612118071198,10,2026Q1
2026-01-02,XLRE,-0.012983264952186158,0.004330876989642291,10,2026Q1
2026-01-02,XLU,-0.03147147595185795,-0.0011706758380100766,10,2026Q1
2026-01-02,XLV,-0.004380214814609706,0.0045687236814229105,10,2026Q1
2026-01-02,XLY,0.03524902261252705,-0.00011644281423444709,10,2026Q1
2026-01-05,XLB,0.03083041999104119,0.004149100472450226,10,2026Q1
2026-01-05,XLC,-0.012516870108224332,-0.0016245741370451458,10,2026Q1
2026-01-05,XLE,-0.022547936175575267,0.004842350052478788,10,2026Q1
2026-01-05,XLF,-0.02578361552746844,0.0047919780036624095,10,2026Q1
2026-01-05,XLI,0.0099511150716185,0.0029968933899497162,10,2026Q1
2026-01-05,XLK,0.004186483963255494,0.0010358802780621494,10,2026Q1
2026-01-05,XLP,0.0257685861614958,-0.002764283691509317,10,2026Q1
2026-01-05,XLRE,-0.006118875724074879,0.001629185889389519,10,2026Q1
2026-01-05,XLU,-0.013628660757448507,0.0003189626606810473,10,2026Q1
2026-01-05,XLV,0.004274522949166304,0.004682549616118051,10,2026Q1
2026-01-05,XLY,0.024260612935758097,-0.0008805344753668162,10,2026Q1
2026-01-06,XLB,0.023061589012498773,0.001311530435924598,10,2026Q1
2026-01-06,XLC,-0.006583254366723912,-0.002265380399899324,10,2026Q1
2026-01-06,XLE,0.026965274606852718,0.002750954229989484,10,2026Q1
2026-01-06,XLF,-0.041308325134570945,0.004319073011925727,10,2026Q1
2026-01-06,XLI,0.009449286437767768,0.002521446807217195,10,2026Q1
2026-01-06,XLK,-0.0039923704685427275,0.00036053513289323465,10,2026Q1
2026-01-06,XLP,0.04415278220782737,-0.0014888359703360303,10,2026Q1
2026-01-06,XLRE,0.002817957821499073,0.0007628081229090794,10,2026Q1
2026-01-06,XLU,-0.004231423289872027,-0.00011741745140626087,10,2026Q1
2026-01-06,XLV,-0.011372587389350874,0.005132964756761451,10,2026Q1
2026-01-06,XLY,0.02310226143775962,-0.0009671317428407626,10,2026Q1
2026-01-07,XLB,0.04321334971527313,-0.002449777042402878,10,2026Q1
2026-01-07,XLC,-0.004974320832792478,-0.0033689587821706833,10,2026Q1
2026-01-07,XLE,0.06379243088438358,0.0011977517172638858,10,2026Q1
2026-01-07,XLF,-0.02738539410704066,0.0007343855131515572,10,2026Q1
2026-01-07,XLI,0.032208500535956475,-0.0001351326991676118,10,2026Q1
2026-01-07,XLK,-0.013620033413233368,-0.0006257122299915578,10,2026Q1
2026-01-07,XLP,0.07208735752196982,-0.005611923010939953,10,2026Q1
2026-01-07,XLRE,0.030009883184890507,0.0015601390848206946,10,2026Q1
2026-01-07,XLU,0.029917360108564273,0.0007911853314113689,10,2026Q1
2026-01-07,XLV,-0.012405080451401651,0.0031005475295154804,10,2026Q1
2026-01-07,XLY,0.010035129809297993,-0.001580400606601439,10,2026Q1
2026-01-08,XLB,0.026777508665574157,-0.008840905796590517,10,2026Q1
2026-01-08,XLC,-0.014769684137680206,-0.0027286946743597905,10,2026Q1
2026-01-08,XLE,0.0188118803089683,-0.008458054448534291,10,2026Q1
2026-01-08,XLF,-0.03132963755417917,0.0011566886602233863,10,2026Q1
2026-01-08,XLI,0.031065952194324842,0.0008900383133072389,10,2026Q1
2026-01-08,XLK,0.004498791906955457,-8.284103601964533e-05,10,2026Q1
2026-01-08,XLP,0.04614265534154516,0.0030552369078751715,10,2026Q1
2026-01-08,XLRE,0.027197936589984595,1.5774069613388054e-05,10,2026Q1
2026-01-08,XLU,0.03462128099231854,0.0014520331029330951,10,2026Q1
2026-01-08,XLV,-0.011295533793850399,0.0014799733553520365,10,2026Q1
2026-01-08,XLY,-0.005749115411703309,0.0004371540296597696,10,2026Q1
2026-01-09,XLB,0.012175131760179037,-0.009185972668764692,10,2026Q1
2026-01-09,XLC,-0.019765790680155937,-0.0020981475132666174,10,2026Q1
2026-01-09,XLE,0.025327853993357907,-0.0040012814063177535,10,2026Q1
2026-01-09,XLF,-0.01967504517409402,0.001838103257822312,10,2026Q1
2026-01-09,XLI,0.03416454668876945,0.0018454863592119097,10,2026Q1
2026-01-09,XLK,-0.00015413897215110772,0.000838254748094711,10,2026Q1
2026-01-09,XLP,0.039560600324906714,0.0009311709765774893,10,2026Q1
2026-01-09,XLRE,0.045694494471419045,0.002111150903027391,10,2026Q1
2026-01-09,XLU,0.02417328377589656,0.0030591321934300324,10,2026Q1
2026-01-09,XLV,-0.006508021438426215,0.00417411107681019,10,2026Q1
2026-01-09,XLY,-0.013487779193613214,5.202164793554861e-05,10,2026Q1
2026-01-12,XLB,0.018487823024319616,-0.000989274461585195,10,2026Q1
2026-01-12,XLC,-0.009419492555551412,-0.002569755019757265,10,2026Q1
2026-01-12,XLE,0.0524794743942969,-0.002735726427910052,10,2026Q1
2026-01-12,XLF,-0.012511545217210318,0.0006205125276380081,10,2026Q1
2026-01-12,XLI,0.027495429988586784,0.0018370121954599465,10,2026Q1
2026-01-12,XLK,-0.00843250109569016,0.0009189047299857834,10,2026Q1
2026-01-12,XLP,0.05247796721144016,0.00029923251335964773,10,2026Q1
2026-01-12,XLRE,0.04449150543581215,-0.0006017328769212897,10,2026Q1
2026-01-12,XLU,0.03421351971009856,0.0031972290860668023,10,2026Q1
2026-01-12,XLV,0.012708127962027582,0.004473778929083719,10,2026Q1
2026-01-12,XLY,-0.018077385397454293,0.000549688696083764,10,2026Q1
2026-01-13,XLB,0.022530349195228894,0.00023424337584083488,10,2026Q1
2026-01-13,XLC,-0.007269899914254974,-0.0030160180757857996,10,2026Q1
2026-01-13,XLE,0.04929855961215912,-0.0009306687188745692,10,2026Q1
2026-01-13,XLF,-0.0021342659024926602,0.0006808496322400852,10,2026Q1
2026-01-13,XLI,0.026392911669052666,0.001843322397182444,10,2026Q1
2026-01-13,XLK,-0.006163227342998345,0.0002923273428148815,10,2026Q1
2026-01-13,XLP,0.02846200195602111,-0.0011344808725843258,10,2026Q1
2026-01-13,XLRE,0.027212330398816098,-0.0017026528927169397,10,2026Q1
2026-01-13,XLU,0.01603184494694898,0.0022281362393133664,10,2026Q1
2026-01-13,XLV,0.021762105421861522,0.0025309021328472417,10,2026Q1
2026-01-13,XLY,-0.01055846015703732,0.000620644856818538,10,2026Q1
2026-01-14,XLB,0.01779382886075065,-0.0028415569759482643,10,2026Q1
2026-01-14,XLC,-0.0013446643332982733,-0.003880572529968875,10,2026Q1
2026-01-14,XLE,0.01968518261727259,-0.003970287692248349,10,2026Q1
2026-01-14,XLF,-0.004279897966438906,-0.00019137352745648414,10,2026Q1
2026-01-14,XLI,0.009486629799792423,0.001636049872436684,10,2026Q1
2026-01-14,XLK,0.003242910072098537,-0.0007400703114419868,10,2026Q1
2026-01-14,XLP,0.0024853975377259196,-0.001148469674774273,10,2026Q1
2026-01-14,XLRE,-0.004041149239992214,-0.003501387782692613,10,2026Q1
2026-01-14,XLU,-0.008656590768265415,-0.0013393595442669156,10,2026Q1
2026-01-14,XLV,0.004722889664383612,0.0023965749081747726,10,2026Q1
2026-01-14,XLY,0.005025541932954347,-0.002219824958070665,10,2026Q1
2026-01-15,XLB,0.02497728790271836,-0.0032087811931685558,10,2026Q1
2026-01-15,XLC,0.010802036512542967,-0.0027609109004135255,10,2026Q1
2026-01-15,XLE,0.037534508333423755,-0.009614341094689878,10,2026Q1
2026-01-15,XLF,-0.019562041684796805,0.0004962313739476834,10,2026Q1
2026-01-15,XLI,-0.005061858591927315,0.001164564545148152,10,2026Q1
2026-01-15,XLK,0.0018045483224460312,-0.0004063123847419445,10,2026Q1
2026-01-15,XLP,0.010903987808531301,-0.0007368971100401914,10,2026Q1
2026-01-15,XLRE,-0.006443163971076804,-0.00269345613205491,10,2026Q1
2026-01-15,XLU,-0.019728843613558533,-0.0008689052238427022,10,2026Q1
2026-01-15,XLV,0.007661148908894466,0.001484137229452448,10,2026Q1
2026-01-15,XLY,0.007852685412985672,-0.002244115903270891,10,2026Q1
2026-01-16,XLB,0.026185125321380953,0.0005966614748517535,10,2026Q1
2026-01-16,XLC,0.021028320572243908,-0.0015630401772449547,10,2026Q1
2026-01-16,XLE,0.03053519466300858,-0.005092207012245769,10,2026Q1
2026-01-16,XLF,-0.0204669146922154,0.0018908684655653627,10,2026Q1
2026-01-16,XLI,-0.016645864456447113,0.0023826297640752933,10,2026Q1
2026-01-16,XLK,0.0016119038809010444,-0.00017617364708143743,10,2026Q1
2026-01-16,XLP,0.006612782790713423,0.000689793784065132,10,2026Q1
2026-01-16,XLRE,-0.02500116064519431,0.00017324109305535398,10,2026Q1
2026-01-16,XLU,-0.013531331048896367,0.0017016725067883931,10,2026Q1
2026-01-16,XLV,0.01360645803368743,0.003112058598311207,10,2026Q1
2026-01-16,XLY,-0.001383470565049505,-0.002096928773775677,10,2026Q1
2026-01-20,XLB,0.01071233261988902,-0.0027496326604404047,10,2026Q1
2026-01-20,XLC,0.0037959509674259095,-0.002833645223081485,10,2026Q1
2026-01-20,XLE,0.017055091761312813,-0.009519458404811491,10,2026Q1
2026-01-20,XLF,-0.030191701692911077,0.0010361195508741931,10,2026Q1
2026-01-20,XLI,-0.017076221743725917,-0.0007378802682863764,10,2026Q1
2026-01-20,XLK,0.017349422691654404,-0.00024009080108927726,10,2026Q1
2026-01-20,XLP,-0.016718850064081803,0.0010328845679482973,10,2026Q1
2026-01-20,XLRE,-0.030055491602467566,-0.0015957505290126745,10,2026Q1
2026-01-20,XLU,-0.015491893513243982,-0.000781153932892455,10,2026Q1
2026-01-20,XLV,-0.026110552874920145,0.002692965331621282,10,2026Q1
2026-01-20,XLY,0.003537475178077676,-0.0025774792570420766,10,2026Q1
2026-01-21,XLB,-0.0002000290615191691,-0.011087040361803724,10,2026Q1
2026-01-21,XLC,0.0038750854966542736,-0.0037609758344653074,10,2026Q1
2026-01-21,XLE,0.012047466199786028,-0.01678340498455347,10,2026Q1
2026-01-21,XLF,-0.023410820369611618,0.0006488222646915485,10,2026Q1
2026-01-21,XLI,-0.027963754446202693,0.000960244627794318,10,2026Q1
2026-01-21,XLK,0.023069416458228797,-0.0001448416334301375,10,2026Q1
2026-01-21,XLP,-0.01607480454257204,3.909255074405465e-05,10,2026Q1
2026-01-21,XLRE,-0.031466372548709654,-0.001907515580963381,10,2026Q1
2026-01-21,XLU,-0.007413249746285544,-0.0012801632984585217,10,2026Q1
2026-01-21,XLV,-0.03957812881264067,0.002251586746057613,10,2026Q1
2026-01-21,XLY,-0.011571424519599027,-0.002975649862747214,10,2026Q1
2026-01-22,XLB,0.0023488633498205402,-0.010987690480182888,10,2026Q1
2026-01-22,XLC,0.02310742294125334,-0.0034862901851136488,10,2026Q1
2026-01-22,XLE,0.025368956633815554,-0.014329224672884913,10,2026Q1
2026-01-22,XLF,-0.012176005609621843,0.0007795624074924711,10,2026Q1
2026-01-22,XLI,-0.005168963375869806,0.0005496469138249928,10,2026Q1
2026-01-22,XLK,0.006391315283748034,-0.0001656198205885718,10,2026Q1
2026-01-22,XLP,-0.009045903830940616,-0.000783481627458744,10,2026Q1
2026-01-22,XLRE,-0.0017535239434991468,-0.00046780498467955366,10,2026Q1
2026-01-22,XLU,0.007172316710937654,-0.00024243208102788395,10,2026Q1
2026-01-22,XLV,-0.03558349756194734,0.0019265748737365511,10,2026Q1
2026-01-22,XLY,-0.01900623530530976,-0.0028852208884138386,10,2026Q1
2026-01-23,XLB,-0.01798385590848428,-0.012895909041934286,10,2026Q1
2026-01-23,XLC,0.0227003357282487,-0.0037572113103501387,10,2026Q1
2026-01-23,XLE,0.03383711266371403,-0.013931009798552713,10,2026Q1
2026-01-23,XLF,0.0029964730086697866,0.0020502537085665216,10,2026Q1
2026-01-23,XLI,0.0034536077144950994,0.0004164840434452554,10,2026Q1
2026-01-23,XLK,-0.012315102116406296,0.00013046098793257363,10,2026Q1
2026-01-23,XLP,0.0032613118893358717,-0.003559742007401111,10,2026Q1
2026-01-23,XLRE,0.00038818549817776216,-0.000794710089363698,10,2026Q1
2026-01-23,XLU,0.012236955149578899,0.0004145034553285215,10,2026Q1
2026-01-23,XLV,-0.021374485663528064,0.0017405883244901459,10,2026Q1
2026-01-23,XLY,-0.019893586169608568,-0.0030302444422905185,10,2026Q1
2026-01-26,XLB,-0.01146419390725506,-0.013803170931289176,10,2026Q1
2026-01-26,XLC,0.012264389694897515,-0.003892691785454189,10,2026Q1
2026-01-26,XLE,0.012994312622309545,-0.015596355746298814,10,2026Q1
2026-01-26,XLF,0.007739561877095014,0.0014366736789395418,10,2026Q1
2026-01-26,XLI,0.015294164023600398,0.0002662791341402017,10,2026Q1
2026-01-26,XLK,-0.009482113713969231,0.00022816118663067267,10,2026Q1
2026-01-26,XLP,0.016909214519300608,-0.0007501213667710227,10,2026Q1
2026-01-26,XLRE,-0.010176368834225014,-0.000960437282201394,10,2026Q1
2026-01-26,XLU,-0.009700335031071483,-0.0002285802085375654,10,2026Q1
2026-01-26,XLV,-0.019112267934438987,0.0008780840859459341,10,2026Q1
2026-01-26,XLY,-0.006730098458703315,-0.0027380480705593473,10,2026Q1
2026-01-27,XLB,0.022975260069088455,-0.008187292780210137,10,2026Q1
2026-01-27,XLC,0.015755126506681316,-0.0031293061391009444,10,2026Q1
2026-01-27,XLE,0.04883525174040959,-0.014372109921603806,10,2026Q1
2026-01-27,XLF,0.018569497764166387,0.004084898406875354,10,2026Q1
2026-01-27,XLI,0.03207610142344186,4.367642747836207e-05,10,2026Q1
2026-01-27,XLK,-0.03175471702813348,-4.176675037064685e-05,10,2026Q1
2026-01-27,XLP,0.0411572803519491,0.0018615468174459858,10,2026Q1
2026-01-27,XLRE,-0.002097168902500224,-0.007023393816366174,10,2026Q1
2026-01-27,XLU,0.004194641673906263,-0.0009363074402299402,10,2026Q1
2026-01-27,XLV,-0.00011496669385868685,0.001803047444991362,10,2026Q1
2026-01-27,XLY,-0.005286562224422808,-0.0026699213139807425,10,2026Q1
2026-01-28,XLB,0.05211139355397476,-0.01191656951801326,10,2026Q1
2026-01-28,XLC,0.013700820239761269,-0.003493214976158663,10,2026Q1
2026-01-28,XLE,0.06881701025959153,-0.014676940545302587,10,2026Q1
2026-01-28,XLF,0.03157789534544353,0.0023037373104413017,10,2026Q1
2026-01-28,XLI,0.04525744566188883,0.0005299062433164861,10,2026Q1
2026-01-28,XLK,-0.061176282650004965,-0.0001666007625275251,10,2026Q1
2026-01-28,XLP,0.0700023895061952,0.004743475400774508,10,2026Q1
2026-01-28,XLRE,0.028205235253691674,-0.004448384973147324,10,2026Q1
2026-01-28,XLU,0.00750288012478284,-0.0003825586304395935,10,2026Q1
2026-01-28,XLV,0.02441894833836189,0.002455176939144506,10,2026Q1
2026-01-28,XLY,-0.00044182485290211737,-0.003008767806353284,10,2026Q1
2026-01-29,XLB,0.033658578756267654,-0.009935620892508218,10,2026Q1
2026-01-29,XLC,-0.006227054435150814,0.0027311684910453875,10,2026Q1
2026-01-29,XLE,0.05731528039950662,-0.014436175520345424,10,2026Q1
2026-01-29,XLF,0.018803303312756925,0.0008925209119748706,10,2026Q1
2026-01-29,XLI,0.03879182366160949,0.0009019140830314337,10,2026Q1
2026-01-29,XLK,-0.052871686103812765,0.00043236507029718375,10,2026Q1
2026-01-29,XLP,0.08198075092234591,0.005145515631878574,10,2026Q1
2026-01-29,XLRE,0.020274484001614468,-0.004771497038245073,10,2026Q1
2026-01-29,XLU,0.018350478133142833,-0.0004944321341619113,10,2026Q1
2026-01-29,XLV,0.030289706047907372,0.0011445550783273893,10,2026Q1
2026-01-29,XLY,-0.006706962955094653,-0.003152827797936627,10,2026Q1
2026-01-30,XLB,0.04741472268828972,-0.007546904967605239,10,2026Q1
2026-01-30,XLC,-0.03402506435848929,0.003456905839809025,10,2026Q1
2026-01-30,XLE,0.0450459565280108,-0.01412222029206783,10,2026Q1
2026-01-30,XLF,0.017295263008096695,0.0013104317418488884,10,2026Q1
2026-01-30,XLI,0.0487352843194393,-0.00016731317540710417,10,2026Q1
2026-01-30,XLK,-0.01716219821624365,0.0020271869257196978,10,2026Q1
2026-01-30,XLP,0.054998490847711246,0.007242171849281621,10,2026Q1
2026-01-30,XLRE,0.015467726914462077,-0.0042417484804112586,10,2026Q1
2026-01-30,XLU,0.004263090359174937,-0.002450278660831277,10,2026Q1
2026-01-30,XLV,0.021144437478078704,0.0015825482949458527,10,2026Q1
2026-01-30,XLY,-0.024293168200790416,-0.00214076916549831,10,2026Q1
2026-02-02,XLB,0.05305617775992888,-0.00301311321241279,10,2026Q1
2026-02-02,XLC,-0.021214632931203847,0.002439798828860362,10,2026Q1
2026-02-02,XLE,0.07382775261005381,-0.019305093818366655,10,2026Q1
2026-02-02,XLF,0.00043373962692339063,0.0011000910092875745,10,2026Q1
2026-02-02,XLI,0.038928705498268434,-0.00013486510484399676,10,2026Q1
2026-02-02,XLK,-0.011049355687128948,0.001910782171318114,10,2026Q1
2026-02-02,XLP,0.03677403709479965,0.0031115348635844197,10,2026Q1
2026-02-02,XLRE,0.03359362150678191,-0.004132123897803477,10,2026Q1
2026-02-02,XLU,0.022277800919322854,-0.0007431859156414531,10,2026Q1
2026-02-02,XLV,0.00614598354733531,0.0016477051197621208,10,2026Q1
2026-02-02,XLY,-0.0341389384016485,-0.0022894182654973495,10,2026Q1
2026-02-03,XLB,0.039833561842756326,-0.013249743180682937,10,2026Q1
2026-02-03,XLC,-0.005115108195093088,0.0004225334829232317,10,2026Q1
2026-02-03,XLE,0.03320917532675005,-0.013207894422787385,10,2026Q1
2026-02-03,XLF,-0.0033825594790999336,-5.356612457009275e-05,10,2026Q1
2026-02-03,XLI,0.0256625467956908,-0.0006572861203261392,10,2026Q1
2026-02-03,XLK,-0.0004481862514915669,0.0020803525180267523,10,2026Q1
2026-02-03,XLP,0.011150071892235047,-0.005940182122989973,10,2026Q1
2026-02-03,XLRE,0.04598652837308159,-0.005835881462478645,10,2026Q1
2026-02-03,XLU,0.01844548337789731,-0.0034075966166289377,10,2026Q1
2026-02-03,XLV,0.0042256482335452095,-0.0006374390257384955,10,2026Q1
2026-02-03,XLY,-0.025741469787320947,-0.0029450975498035267,10,2026Q1
2026-02-04,XLB,0.02493100741546206,-0.011043884820143401,10,2026Q1
2026-02-04,XLC,-0.008922448393322124,0.0020253492588379125,10,2026Q1
2026-02-04,XLE,0.032287824153150346,-0.01097199355822728,10,2026Q1
2026-02-04,XLF,-0.0310180900152236,0.0012140929499172258,10,2026Q1
2026-02-04,XLI,0.023765522625976088,0.001814859349153518,10,2026Q1
2026-02-04,XLK,0.02670564351801974,0.0036262373767481336,10,2026Q1
2026-02-04,XLP,0.00780000986435847,-0.006645737321982599,10,2026Q1
2026-02-04,XLRE,0.023911558968122026,-0.00491995972297197,10,2026Q1
2026-02-04,XLU,0.026642318017687794,-0.0015841397991869922,10,2026Q1
2026-02-04,XLV,-0.0069987645039399915,0.0023638574090386506,10,2026Q1
2026-02-04,XLY,-0.027892513293576338,-0.0019594604845169297,10,2026Q1
2026-02-05,XLB,0.04075211405323409,-0.014593218172520009,10,2026Q1
2026-02-05,XLC,-0.01889652476297521,0.0025754122953832795,10,2026Q1
2026-02-05,XLE,0.028515051618777543,-0.010383493875061529,10,2026Q1
2026-02-05,XLF,-0.03541089462894398,0.0006915273939548275,10,2026Q1
2026-02-05,XLI,0.020627635726681914,-0.0044455760692254,10,2026Q1
2026-02-05,XLK,0.021008840455801314,0.003006752212519774,10,2026Q1
2026-02-05,XLP,0.02095956553929379,-0.006636318166527301,10,2026Q1
2026-02-05,XLRE,0.03439036170045817,-0.005336919204654039,10,2026Q1
2026-02-05,XLU,0.04449749091110533,-0.0027135206596914435,10,2026Q1
2026-02-05,XLV,0.002105104428479221,0.0028517315689350663,10,2026Q1
2026-02-05,XLY,-0.017130181196970184,-0.003258585203616656,10,2026Q1
2026-02-06,XLB,0.047788202836555604,-0.012708176665817496,10,2026Q1
2026-02-06,XLC,0.002650028097905821,0.0031190202698852805,10,2026Q1
2026-02-06,XLE,0.033500808894178724,-0.012036559169809296,10,2026Q1
2026-02-06,XLF,-0.03525820050068429,5.2071971085812345e-05,10,2026Q1
2026-02-06,XLI,0.018560127348694277,-0.009579314568012887,10,2026Q1
2026-02-06,XLK,0.0017190367525544703,0.003148069210583411,10,2026Q1
2026-02-06,XLP,0.030696613545450835,-0.005668075350629423,10,2026Q1
2026-02-06,XLRE,0.04880447498055951,-0.004971912135106367,10,2026Q1
2026-02-06,XLU,0.08550789176046514,-0.0011908546170981682,10,2026Q1
2026-02-06,XLV,0.012589901818345739,0.0002816422346535452,10,2026Q1
2026-02-06,XLY,-0.0024967511759632632,-0.0012171978007083262,10,2026Q1
2026-02-09,XLB,0.02596089274129698,-0.013518383393499827,10,2026Q1
2026-02-09,XLC,-0.005222954883507325,0.001831692780493101,10,2026Q1
2026-02-09,XLE,0.018046097143313733,-0.01344008710453661,10,2026Q1
2026-02-09,XLF,-0.01626267579936247,-9.432415512695676e-06,10,2026Q1
2026-02-09,XLI,0.023940121013830473,-0.004918424399744044,10,2026Q1
2026-02-09,XLK,-0.01100147211336966,0.0016886281855189394,10,2026Q1
2026-02-09,XLP,0.02480243435327567,-0.008022185376259676,10,2026Q1
2026-02-09,XLRE,0.05599538871676646,-0.004645769430845924,10,2026Q1
2026-02-09,XLU,0.08269272082348234,-0.002562393522335722,10,2026Q1
2026-02-09,XLV,0.022712379504893465,-0.0005294174531569093,10,2026Q1
2026-02-09,XLY,0.0031497910987315914,-0.0001984155494739594,10,2026Q1
2026-02-10,XLB,0.010502396866033492,-0.016099151997809907,10,2026Q1
2026-02-10,XLC,-0.017006100025011572,-0.0009954529596368058,10,2026Q1
2026-02-10,XLE,0.03081981136037959,-0.017751627211241676,10,2026Q1
2026-02-10,XLF,-0.009503776081316029,-0.0031018912821997413,10,2026Q1
2026-02-10,XLI,0.014921008495271004,-0.007070860954306352,10,2026Q1
2026-02-10,XLK,-0.0030813403936071904,-5.116872866230398e-05,10,2026Q1
2026-02-10,XLP,0.018635672469188402,-0.010813037365512281,10,2026Q1
2026-02-10,XLRE,0.02032815669179311,-0.006521514717699514,10,2026Q1
2026-02-10,XLU,0.040323847275718916,-0.005476559233458663,10,2026Q1
2026-02-10,XLV,0.02348809574627919,-0.003818095248030445,10,2026Q1
2026-02-10,XLY,-0.0026473395998528604,-0.002713621716262448,10,2026Q1
2026-02-11,XLB,-0.003923435063903025,-0.014848809399680904,10,2026Q1
2026-02-11,XLC,-0.0028957973181739094,8.302923284553266e-06,10,2026Q1
2026-02-11,XLE,0.01444755983451651,-0.015210108898421346,10,2026Q1
2026-02-11,XLF,-0.00037708146987480706,-0.0013671042615003362,10,2026Q1
2026-02-11,XLI,0.019389145880780778,-0.00618456362061054,10,2026Q1
2026-02-11,XLK,-0.008494875845006966,0.00021312744471371314,10,2026Q1
2026-02-11,XLP,0.002551954851050642,-0.008629034861370122,10,2026Q1
2026-02-11,XLRE,0.0201556677956104,-0.005191834523033654,10,2026Q1
2026-02-11,XLU,0.044898234022059724,-0.004318077465165722,10,2026Q1
2026-02-11,XLV,0.017273873403086948,-0.0023560664184207733,10,2026Q1
2026-02-11,XLY,-0.002097735292565295,-0.0008024406434893345,10,2026Q1
2026-02-12,XLB,-0.009516906940520542,-0.014662329365288211,10,2026Q1
2026-02-12,XLC,0.006863961053158674,-0.001010545379200034,10,2026Q1
2026-02-12,XLE,0.004695211778725339,-0.015092588066560806,10,2026Q1
2026-02-12,XLF,0.003499251393864755,-0.0059664050696412,10,2026Q1
2026-02-12,XLI,0.013955799797335189,-0.006151423601985356,10,2026Q1
2026-02-12,XLK,1.863462162954299e-05,0.0010542229395966716,10,2026Q1
2026-02-12,XLP,-0.02677417748678801,-0.0063137677414348455,10,2026Q1
2026-02-12,XLRE,0.004117541434033978,-0.005284293891226947,10,2026Q1
2026-02-12,XLU,0.011889773300385542,-0.0020174572840944965,10,2026Q1
2026-02-12,XLV,-0.006721219758121455,-0.0029956827882846697,10,2026Q1
2026-02-12,XLY,-0.0006110580692977319,-0.002362389353964452,10,2026Q1
2026-02-13,XLB,-0.007504132893124238,-0.01288863175913947,10,2026Q1
2026-02-13,XLC,0.0058687102200649655,-0.0011334451331614227,10,2026Q1
2026-02-13,XLE,0.013780650680830009,-0.013775653360677403,10,2026Q1
2026-02-13,XLF,-0.018750958025779974,-0.0049187440183248434,10,2026Q1
2026-02-13,XLI,0.002850640617065636,-0.004501836078330095,10,2026Q1
2026-02-13,XLK,-0.008390752517498767,0.0005035174073844618,10,2026Q1
2026-02-13,XLP,-0.006971606034844813,-0.008939053651296684,10,2026Q1
2026-02-13,XLRE,0.0015899750894630138,-0.002826476846116635,10,2026Q1
2026-02-13,XLU,0.0029322071992146093,-0.012381838662861976,10,2026Q1
2026-02-13,XLV,0.004579093202442985,-0.003923228219892826,10,2026Q1
2026-02-13,XLY,-0.011181487345957364,-0.001823913478945089,10,2026Q1
2026-02-17,XLB,0.0059336920727517395,-0.014165056781706873,10,2026Q1
2026-02-17,XLC,0.008794588292281746,-0.0018586349604947246,10,2026Q1
2026-02-17,XLE,0.01852625197743385,-0.01412742972710543,10,2026Q1
2026-02-17,XLF,-0.029961674601912236,-0.00311626743731334,10,2026Q1
2026-02-17,XLI,0.00426215476738756,-0.003314597028972543,10,2026Q1
2026-02-17,XLK,-0.0005676582939395658,0.0007376081083324304,10,2026Q1
2026-02-17,XLP,0.010870290367983815,-0.012687837413288995,10,2026Q1
2026-02-17,XLRE,-0.01136927151654843,-0.0035283570402458806,10,2026Q1
2026-02-17,XLU,0.011090007405294644,-0.012484326610326477,10,2026Q1
2026-02-17,XLV,-0.0034128014457681655,-0.0047468362735232465,10,2026Q1
2026-02-17,XLY,-0.0005576244725473689,-0.003352694715136889,10,2026Q1
2026-02-18,XLB,-0.009241342091390603,-0.014979316822715395,10,2026Q1
2026-02-18,XLC,0.006672346746405378,-0.0016127257254844036,10,2026Q1
2026-02-18,XLE,-0.008352839003217483,-0.013831660137271627,10,2026Q1
2026-02-18,XLF,-0.02368659012553076,-0.0033399747955273496,10,2026Q1
2026-02-18,XLI,-0.006796505642518547,-0.0037481170044723934,10,2026Q1
2026-02-18,XLK,0.0049073552761353945,-0.0017817712088116935,10,2026Q1
2026-02-18,XLP,0.001021944837444444,-0.0023165792672561573,10,2026Q1
2026-02-18,XLRE,-0.007919649813618701,-0.003568689797657747,10,2026Q1
2026-02-18,XLU,0.028373004395491508,-0.0038728044365252913,10,2026Q1
2026-02-18,XLV,-0.008980996680832298,-0.003715961458179105,10,2026Q1
2026-02-18,XLY,-0.00939758603721974,-0.004830131769875064,10,2026Q1
2026-02-19,XLB,-0.0038239733469895842,-0.007962191921362393,10,2026Q1
2026-02-19,XLC,0.00668058289183171,-0.0011600827609929906,10,2026Q1
2026-02-19,XLE,-0.009397768042401444,-0.011255922898605185,10,2026Q1
2026-02-19,XLF,-0.0003304325862614199,-0.0024100526160840607,10,2026Q1
2026-02-19,XLI,-0.005000331264303437,-0.002390354892446955,10,2026Q1
2026-02-19,XLK,-0.0013361148586343852,0.000691097553352802,10,2026Q1
2026-02-19,XLP,0.006531786396914319,0.002661211793121484,10,2026Q1
2026-02-19,XLRE,0.0029118617214689557,-0.003697619163714147,10,2026Q1
2026-02-19,XLU,0.01616353646061941,-0.006619296004430305,10,2026Q1
2026-02-19,XLV,-0.006024418606932702,-0.003962711824295455,10,2026Q1
2026-02-19,XLY,-7.350061953670384e-05,-0.004184102088508645,10,2026Q1
2026-02-20,XLB,0.013486607965869424,-0.00699415600016115,10,2026Q1
2026-02-20,XLC,0.015691683908426124,-0.0016521287878900593,10,2026Q1
2026-02-20,XLE,0.023940066431689888,-0.013405352572409752,10,2026Q1
2026-02-20,XLF,-0.015204693614233045,-0.0025226092023703465,10,2026Q1
2026-02-20,XLI,0.004481814409848739,-0.005411972808414794,10,2026Q1
2026-02-20,XLK,-0.010058638915623086,-0.00012123626372723432,10,2026Q1
2026-02-20,XLP,0.029110689530335354,0.0024604276815476506,10,2026Q1
2026-02-20,XLRE,0.01141754463273037,-0.00659878823339809,10,2026Q1
2026-02-20,XLU,0.03520763040896291,-0.011797024503983532,10,2026Q1
2026-02-20,XLV,0.026543002408128236,-0.0041885279588370124,10,2026Q1
2026-02-20,XLY,-3.378510491092168e-05,-0.004726737314047733,10,2026Q1
2026-02-23,XLB,-0.00037126541958087955,-0.006948466982205036,10,2026Q1
2026-02-23,XLC,0.015910878799383354,-0.0002536735757014858,10,2026Q1
2026-02-23,XLE,0.028423076022188853,-0.010891502994422313,10,2026Q1
2026-02-23,XLF,0.00538885882088902,-0.002951846483961515,10,2026Q1
2026-02-23,XLI,0.017432661243402814,-0.008237853019528635,10,2026Q1
2026-02-23,XLK,0.001516461373718636,0.0027835144262710145,10,2026Q1
2026-02-23,XLP,-0.008769429606089951,-0.007279192107706929,10,2026Q1
2026-02-23,XLRE,0.0012613651267820991,-0.003698343689360585,10,2026Q1
2026-02-23,XLU,0.008934394767279752,-0.01072103710977325,10,2026Q1
2026-02-23,XLV,-0.00591017179981701,-0.0015874902313394825,10,2026Q1
2026-02-23,XLY,-0.002107640630455432,-0.0020130595018020554,10,2026Q1
2026-02-24,XLB,-0.01639855674112467,-0.006661467571621917,10,2026Q1
2026-02-24,XLC,0.025709005180393874,-0.0022956803618316554,10,2026Q1
2026-02-24,XLE,0.03598446227568264,-0.011409903375208613,10,2026Q1
2026-02-24,XLF,0.01472471057774638,-0.0026711141315181597,10,2026Q1
2026-02-24,XLI,0.001511589214262421,-0.012970337658240795,10,2026Q1
2026-02-24,XLK,-0.009883783910892063,-0.0004894205107630867,10,2026Q1
2026-02-24,XLP,-0.012073468338145377,-0.008491010169333887,10,2026Q1
2026-02-24,XLRE,0.009527109513331133,-0.006178709220757228,10,2026Q1
2026-02-24,XLU,0.007458900123663237,-0.013491273767697803,10,2026Q1
2026-02-24,XLV,0.0030553493583371782,-0.002885712090658076,10,2026Q1
2026-02-24,XLY,-0.010174047786076779,-0.003266968106876978,10,2026Q1
2026-02-25,XLB,-0.009914744030479317,-0.009182735413439795,10,2026Q1
2026-02-25,XLC,0.031227019524909472,-0.0024085557831250437,10,2026Q1
2026-02-25,XLE,0.03562722883743985,-0.009846496263305986,10,2026Q1
2026-02-25,XLF,0.00443714950486096,-0.005430792062852224,10,2026Q1
2026-02-25,XLI,0.013677428667811298,-0.008354177795647028,10,2026Q1
2026-02-25,XLK,-0.010595914913781868,-0.0007707503625879796,10,2026Q1
2026-02-25,XLP,-0.009213814388240205,-0.0018579572381168031,10,2026Q1
2026-02-25,XLRE,0.018936849668998446,-0.005790488842084907,10,2026Q1
2026-02-25,XLU,0.009670029326556695,-0.013317134065391457,10,2026Q1
2026-02-25,XLV,0.0066283409336398424,-0.0027538503914726715,10,2026Q1
2026-02-25,XLY,0.005592059879399924,-0.0028497091494178455,10,2026Q1
2026-02-26,XLB,-0.029351926619567537,-0.01000877736057579,10,2026Q1
2026-02-26,XLC,0.026327590237416487,-0.005175466365357347,10,2026Q1
2026-02-26,XLE,0.03756785471129809,-0.01229776929332377,10,2026Q1
2026-02-26,XLF,-0.012599006583628669,-0.010680977822173952,10,2026Q1
2026-02-26,XLI,-0.014667726771194212,-0.014608601199143532,10,2026Q1
2026-02-26,XLK,0.005705362238575873,0.0014840298597855867,10,2026Q1
2026-02-26,XLP,-0.027233648556555634,-0.01226490156761162,10,2026Q1
2026-02-26,XLRE,0.004944666948126453,-0.010524907973999617,10,2026Q1
2026-02-26,XLU,0.005656751505957347,-0.01597727777095487,10,2026Q1
2026-02-26,XLV,-0.010705570159382893,-0.005350256144924207,10,2026Q1
2026-02-26,XLY,0.007319790837091,-0.00594246884054701,10,2026Q1
2026-02-27,XLB,-0.046627014396262045,-0.013965684023041422,10,2026Q1
2026-02-27,XLC,0.014842057104433981,-0.003892681330228568,10,2026Q1
2026-02-27,XLE,0.03146368756944751,-0.012884295425184203,10,2026Q1
2026-02-27,XLF,0.003118181628764538,-0.009337908518435873,10,2026Q1
2026-02-27,XLI,-0.020805877510297388,-0.014667596386386499,10,2026Q1
2026-02-27,XLK,0.009246108282478738,0.002118425352435738,10,2026Q1
2026-02-27,XLP,-0.027154839000243736,-0.008291524064265313,10,2026Q1
2026-02-27,XLRE,-0.0018297686714805472,-0.0038563727571349314,10,2026Q1
2026-02-27,XLU,-0.0009017325467459703,-0.013013570938259339,10,2026Q1
2026-02-27,XLV,-0.026976540043032515,-0.0010190328155598202,10,2026Q1
2026-02-27,XLY,-0.0008686007757765513,-0.005003022864753119,10,2026Q1
2026-03-02,XLB,-0.04940504493397824,-0.012859519486829764,10,2026Q1
2026-03-02,XLC,0.009185596223563297,0.0004818956082733081,10,2026Q1
2026-03-02,XLE,-0.0008071085545987566,-0.010067655847096239,10,2026Q1
2026-03-02,XLF,-0.007092769723259784,-0.0029658160030624427,10,2026Q1
2026-03-02,XLI,-0.03267851845631231,-0.013087145757027983,10,2026Q1
2026-03-02,XLK,0.013392221200692167,0.0022373903911940543,10,2026Q1
2026-03-02,XLP,-0.019071548067308708,-0.00055651789630712,10,2026Q1
2026-03-02,XLRE,-0.009586937748057855,0.0037119231547534117,10,2026Q1
2026-03-02,XLU,0.0008382004789680986,-0.009045450910542794,10,2026Q1
2026-03-02,XLV,-0.015119352647836592,7.609695146848202e-05,10,2026Q1
2026-03-02,XLY,0.0046244842889535676,0.0008548162847993534,10,2026Q1
2026-03-03,XLB,-0.03503104149987757,-0.006706903362185861,10,2026Q1
2026-03-03,XLC,-0.00028681501218474903,0.0003150317678319388,10,2026Q1
2026-03-03,XLE,-0.011647317942754642,-0.011727703400708995,10,2026Q1
2026-03-03,XLF,-0.017826445476812558,-0.0021436251556024846,10,2026Q1
2026-03-03,XLI,-0.02626364687199567,-0.0065463516307151725,10,2026Q1
2026-03-03,XLK,0.021066469614344996,0.0034046823907017357,10,2026Q1
2026-03-03,XLP,-0.01839246069628342,0.0025418303237292237,10,2026Q1
2026-03-03,XLRE,-0.013218864273734865,-0.008478983788670309,10,2026Q1
2026-03-03,XLU,-0.006204820726926075,-0.009548236963043069,10,2026Q1
2026-03-03,XLV,-0.01827406653701158,-0.0012697216925667333,10,2026Q1
2026-03-03,XLY,0.005329651273539238,-0.0004740017637494837,10,2026Q1
2026-03-04,XLB,-0.027217355553657896,-0.00393510347321214,10,2026Q1
2026-03-04,XLC,-0.0022243307404120616,-0.002068282669549313,10,2026Q1
2026-03-04,XLE,0.026903718910019303,-0.012379659957164406,10,2026Q1
2026-03-04,XLF,-0.02327222712605459,-0.00467162954299678,10,2026Q1
2026-03-04,XLI,-0.02398018098623922,-0.004714323224206105,10,2026Q1
2026-03-04,XLK,0.01706338527980178,0.00031354908243168094,10,2026Q1
2026-03-04,XLP,-0.016641725025242304,0.005788836479113201,10,2026Q1
2026-03-04,XLRE,-0.018005813679363936,-0.008855428378450624,10,2026Q1
2026-03-04,XLU,-0.010426295573991662,-0.010263168190714307,10,2026Q1
2026-03-04,XLV,-0.013898797725362955,-0.000690311133362852,10,2026Q1
2026-03-04,XLY,-0.006487279965645687,-0.002977140794433912,10,2026Q1
2026-03-05,XLB,-0.00024108466581307386,-0.0014452581271907883,10,2026Q1
2026-03-05,XLC,-0.004381256828513536,-0.0020055297464911647,10,2026Q1
2026-03-05,XLE,0.040619893632675486,-0.007213092968711438,10,2026Q1
2026-03-05,XLF,-0.024464200540190273,-0.0029522866078539075,10,2026Q1
2026-03-05,XLI,-0.017253986089761253,-0.005440839445861097,10,2026Q1
2026-03-05,XLK,0.005690526210700431,-0.0010560165233894322,10,2026Q1
2026-03-05,XLP,0.008801801895203964,0.004681921750586971,10,2026Q1
2026-03-05,XLRE,-0.005304698269289476,0.000555587272967996,10,2026Q1
2026-03-05,XLU,0.013854565075139491,-0.00954625062920269,10,2026Q1
2026-03-05,XLV,-0.0019815388479158536,-0.0011846872541367225,10,2026Q1
2026-03-05,XLY,-0.02077409343411607,-0.0032132677839053106,10,2026Q1
2026-03-06,XLB,0.0015687698422115481,-0.0013327671022100624,10,2026Q1
2026-03-06,XLC,-0.010619349741251338,-0.000175665165200221,10,2026Q1
2026-03-06,XLE,0.03498164709349483,-0.010960600065327604,10,2026Q1
2026-03-06,XLF,-0.018214882244021346,-0.0023544032949003417,10,2026Q1
2026-03-06,XLI,-0.016122238442206283,-0.002732137559530103,10,2026Q1
2026-03-06,XLK,0.011437307859812562,-0.0043277246091896985,10,2026Q1
2026-03-06,XLP,0.002882356955842935,0.005418680794606494,10,2026Q1
2026-03-06,XLRE,8.450197799270143e-05,0.002416910009086511,10,2026Q1
2026-03-06,XLU,0.019713284367349204,-0.010505321299335813,10,2026Q1
2026-03-06,XLV,-0.0040505792665306295,0.003724698742621515,10,2026Q1
2026-03-06,XLY,-0.016276373069650796,-0.0027985321052073184,10,2026Q1
2026-03-09,XLB,0.0018205330658771501,0.0009069309984786949,10,2026Q1
2026-03-09,XLC,-0.005346143549473159,-0.002346892454005099,10,2026Q1
2026-03-09,XLE,0.04167687081069893,-0.011480447011107944,10,2026Q1
2026-03-09,XLF,-0.006842037914442489,-0.002279818999646846,10,2026Q1
2026-03-09,XLI,-0.014925135010056878,-0.003180855391281872,10,2026Q1
2026-03-09,XLK,0.006610872931217315,-0.006722627478643077,10,2026Q1
2026-03-09,XLP,0.0021072485455324586,0.004943706181871309,10,2026Q1
2026-03-09,XLRE,0.004316239280177325,0.00022112538365421427,10,2026Q1
2026-03-09,XLU,0.022374227582795392,-0.010632768111227382,10,2026Q1
2026-03-09,XLV,-0.007445432664543561,0.00015162110099544248,10,2026Q1
2026-03-09,XLY,-0.0072340747838715025,-0.003369096410597246,10,2026Q1
2026-03-10,XLB,0.0022188696919981377,0.0026150260897213813,10,2026Q1
2026-03-10,XLC,-0.007687679923825352,-0.0025840980806254264,10,2026Q1
2026-03-10,XLE,0.061774320760173085,-0.0060952797819822015,10,2026Q1
2026-03-10,XLF,-0.0005518231189702849,-0.0017044559702754421,10,2026Q1
2026-03-10,XLI,-0.011267255389564634,-0.0021245312911590776,10,2026Q1
2026-03-10,XLK,0.007862064188784657,-0.00502146522674216,10,2026Q1
2026-03-10,XLP,-0.0024630154557816475,0.00477710963419929,10,2026Q1
2026-03-10,XLRE,0.004776359017731213,-0.00015182089538800375,10,2026Q1
2026-03-10,XLU,0.021678459305007447,-0.010895687236043523,10,2026Q1
2026-03-10,XLV,-0.013482515886082846,0.0011057164026024872,10,2026Q1
2026-03-10,XLY,-0.0015739450522029852,-0.003836040715154722,10,2026Q1
2026-03-11,XLB,-0.00525665391862451,0.005384898914900115,10,2026Q1
2026-03-11,XLC,-0.006516343043482031,-0.0005113479123289758,10,2026Q1
2026-03-11,XLE,0.04747819095105199,-0.012717117785901339,10,2026Q1
2026-03-11,XLF,0.008533485809731123,0.0036134613346411716,10,2026Q1
2026-03-11,XLI,-0.0033985633595332576,0.0018483758928754647,10,2026Q1
2026-03-11,XLK,0.004441831208860103,-0.004564989482105643,10,2026Q1
2026-03-11,XLP,-0.0010217047530050039,0.009808476161641053,10,2026Q1
2026-03-11,XLRE,0.01283472115077966,0.0017738884367960958,10,2026Q1
2026-03-11,XLU,0.03415975365600632,0.0025705393882532197,10,2026Q1
2026-03-11,XLV,-0.015326220332260276,0.0029598051668289624,10,2026Q1
2026-03-11,XLY,-0.009246713154262287,-0.0002024179034471721,10,2026Q1
2026-03-12,XLB,-0.014756036689039354,0.006729445193464282,10,2026Q1
2026-03-12,XLC,-0.004568654743101752,0.0022992479253283638,10,2026Q1
2026-03-12,XLE,0.02539577055809361,-0.011900328983727363,10,2026Q1
2026-03-12,XLF,0.012265642586689163,0.004944973763172053,10,2026Q1
2026-03-12,XLI,0.009035444476695909,0.00455811968512482,10,2026Q1
2026-03-12,XLK,0.01026912726216378,-0.003920421142614792,10,2026Q1
2026-03-12,XLP,-0.009711239601924992,0.01355703171446693,10,2026Q1
2026-03-12,XLRE,0.006550901994759273,0.0029841878906795793,10,2026Q1
2026-03-12,XLU,0.014344789242081157,-0.00781500654158517,10,2026Q1
2026-03-12,XLV,-0.010713327977687315,0.0006673466441666058,10,2026Q1
2026-03-12,XLY,0.0008799013199571881,0.003775692024265093,10,2026Q1
